status,state,candidate_id,event_id,swing_id,duplicate_timestamp,gap_timestamp,gap_start,gap_end,direction,affected_break_or_swing_id,exclusion_reason
ATR_UNAVAILABLE,SEEK_CONFIRMATION,01cff91c9f9754bc6397defa10cc10adb95e22b6417d6c0bf20f49eaf90dae92,,,,,,,,01cff91c9f9754bc6397defa10cc10adb95e22b6417d6c0bf20f49eaf90dae92,ATR_UNAVAILABLE
ATR_UNAVAILABLE,SEEK_CONFIRMATION,02700fd0c3012ee0b15972e4540fae295474706ede1642da9b941d28402a235e,,,,,,,,02700fd0c3012ee0b15972e4540fae295474706ede1642da9b941d28402a235e,ATR_UNAVAILABLE
ATR_UNAVAILABLE,SEEK_CONFIRMATION,03f8e60fe46e3fb097b89408518b270f3635a23b4f2732fb4c8c14aad3da2371,,,,,,,,03f8e60fe46e3fb097b89408518b270f3635a23b4f2732fb4c8c14aad3da2371,ATR_UNAVAILABLE
ATR_UNAVAILABLE,SEEK_CONFIRMATION,059ac72aa8632493484d4cc8dc345ae71388630ce0563ebf47ddc904cc75365d,,,,,,,,059ac72aa8632493484d4cc8dc345ae71388630ce0563ebf47ddc904cc75365d,ATR_UNAVAILABLE
ATR_UNAVAILABLE,SEEK_CONFIRMATION,0706103cd2b2ef90ce7fa2d80d4d002cc158d3a305f9725425df7af03c9442c6,,,,,,,,0706103cd2b2ef90ce7fa2d80d4d002cc158d3a305f9725425df7af03c9442c6,ATR_UNAVAILABLE
ATR_UNAVAILABLE,SEEK_CONFIRMATION,095474b326ea4973d3922bf9b39c34501b6a25087e2e8877748d652d1345bf77,,,,,,,,095474b326ea4973d3922bf9b39c34501b6a25087e2e8877748d652d1345bf77,ATR_UNAVAILABLE
ATR_UNAVAILABLE,SEEK_CONFIRMATION,0f28ffb25867573e2aae4cc9aa9c09b1ed178a02b28ff3ba92bb4c60b2a0137e,,,,,,,,0f28ffb25867573e2aae4cc9aa9c09b1ed178a02b28ff3ba92bb4c60b2a0137e,ATR_UNAVAILABLE
ATR_UNAVAILABLE,SEEK_CONFIRMATION,1125d5286ec8a7a13140ff7fc4ca4c245990caa7573f54898084c514fbcac0ee,,,,,,,,1125d5286ec8a7a13140ff7fc4ca4c245990caa7573f54898084c514fbcac0ee,ATR_UNAVAILABLE
ATR_UNAVAILABLE,SEEK_CONFIRMATION,12ec6735abcedf4b04fd65c14e00b2fe6dc592a57c6a73e7c80e8b1f9f186c53,,,,,,,,12ec6735abcedf4b04fd65c14e00b2fe6dc592a57c6a73e7c80e8b1f9f186c53,ATR_UNAVAILABLE
ATR_UNAVAILABLE,SEEK_CONFIRMATION,13e6e9a885b65dcf60f6fe63143ddd8a2b24e1b946103d79b981c5e82438ad2e,,,,,,,,13e6e9a885b65dcf60f6fe63143ddd8a2b24e1b946103d79b981c5e82438ad2e,ATR_UNAVAILABLE
ATR_UNAVAILABLE,SEEK_CONFIRMATION,175d80a9b429e136a8f4fe3e4cd73a68f2caf311e8083f7b1aa0bd19d817b150,,,,,,,,175d80a9b429e136a8f4fe3e4cd73a68f2caf311e8083f7b1aa0bd19d817b150,ATR_UNAVAILABLE
ATR_UNAVAILABLE,SEEK_CONFIRMATION,185b36067fd360578e1727ed0f7a9ba6da71796aebdc288ecd89eb7153bb0f47,,,,,,,,185b36067fd360578e1727ed0f7a9ba6da71796aebdc288ecd89eb7153bb0f47,ATR_UNAVAILABLE
ATR_UNAVAILABLE,SEEK_CONFIRMATION,1a76d9dfab6fb2f8d036030733e9ba7cf120b7fc9fb9f0addcab67ad7d9d91f1,,,,,,,,1a76d9dfab6fb2f8d036030733e9ba7cf120b7fc9fb9f0addcab67ad7d9d91f1,ATR_UNAVAILABLE
ATR_UNAVAILABLE,SEEK_CONFIRMATION,1ecf3606e9a7c4650b76f2ff460df075c3a044bcdf97d41e133cc1bc0d813a31,,,,,,,,1ecf3606e9a7c4650b76f2ff460df075c3a044bcdf97d41e133cc1bc0d813a31,ATR_UNAVAILABLE
ATR_UNAVAILABLE,SEEK_CONFIRMATION,1f8099757df6cd2c974d50a21356470ca42627cfd8134eae5fc4edf6f4834035,,,,,,,,1f8099757df6cd2c974d50a21356470ca42627cfd8134eae5fc4edf6f4834035,ATR_UNAVAILABLE
ATR_UNAVAILABLE,SEEK_CONFIRMATION,210ea265ede92bc737e8e860e057b00be511023eb0c9fce86417545c010662d6,,,,,,,,210ea265ede92bc737e8e860e057b00be511023eb0c9fce86417545c010662d6,ATR_UNAVAILABLE
ATR_UNAVAILABLE,SEEK_CONFIRMATION,22e4dbd7c6f52f267d2f93681bbded9e873a65f01135677956936aaabc4f555b,,,,,,,,22e4dbd7c6f52f267d2f93681bbded9e873a65f01135677956936aaabc4f555b,ATR_UNAVAILABLE
ATR_UNAVAILABLE,SEEK_CONFIRMATION,235cc704bff1bbc13e96489f106a1940237a7fec60ebded294493b9e7eb20d23,,,,,,,,235cc704bff1bbc13e96489f106a1940237a7fec60ebded294493b9e7eb20d23,ATR_UNAVAILABLE
ATR_UNAVAILABLE,SEEK_CONFIRMATION,2543ca0c3b9d79ad0bbf08c1ab9f009f3bc685edcc41bcda45edf8f28f6d76db,,,,,,,,2543ca0c3b9d79ad0bbf08c1ab9f009f3bc685edcc41bcda45edf8f28f6d76db,ATR_UNAVAILABLE
ATR_UNAVAILABLE,SEEK_CONFIRMATION,25aa42233ac12ac205ee7fe0af95f69cf6c6a91045392f25c9889a76f16239d9,,,,,,,,25aa42233ac12ac205ee7fe0af95f69cf6c6a91045392f25c9889a76f16239d9,ATR_UNAVAILABLE
ATR_UNAVAILABLE,SEEK_CONFIRMATION,2a81d17cf2a4891725871c34280c68d10f4398506605456c7a88e1d7b8402cbc,,,,,,,,2a81d17cf2a4891725871c34280c68d10f4398506605456c7a88e1d7b8402cbc,ATR_UNAVAILABLE
ATR_UNAVAILABLE,SEEK_CONFIRMATION,2f6e208ca84d248bcae14a257ea48ee42e97f7e246de620f5abbd8b5620a9fe9,,,,,,,,2f6e208ca84d248bcae14a257ea48ee42e97f7e246de620f5abbd8b5620a9fe9,ATR_UNAVAILABLE
ATR_UNAVAILABLE,SEEK_CONFIRMATION,303d04cc95cc7d46b3d5d5d54e83ba4f5f6f9bd2fb6977e67acd9ee9fca7e825,,,,,,,,303d04cc95cc7d46b3d5d5d54e83ba4f5f6f9bd2fb6977e67acd9ee9fca7e825,ATR_UNAVAILABLE
ATR_UNAVAILABLE,SEEK_CONFIRMATION,308305e54254afb6e7354ecc33ef099fc5e8d622eb9f8e25342b8b5b0673f7a7,,,,,,,,308305e54254afb6e7354ecc33ef099fc5e8d622eb9f8e25342b8b5b0673f7a7,ATR_UNAVAILABLE
ATR_UNAVAILABLE,SEEK_CONFIRMATION,354023bd93508fa9e0862ded529ce44d3b1d74935708c803649b8ca6e594b0e9,,,,,,,,354023bd93508fa9e0862ded529ce44d3b1d74935708c803649b8ca6e594b0e9,ATR_UNAVAILABLE
ATR_UNAVAILABLE,SEEK_CONFIRMATION,368960c55d4a20248db0096794ccd9d2ba7ae6c57026a4c6b6dad599aaa1ae2c,,,,,,,,368960c55d4a20248db0096794ccd9d2ba7ae6c57026a4c6b6dad599aaa1ae2c,ATR_UNAVAILABLE
ATR_UNAVAILABLE,SEEK_CONFIRMATION,36974349ab73a191b61e476e9deeb14d45cba0638a74692e49903f47fa81a4f7,,,,,,,,36974349ab73a191b61e476e9deeb14d45cba0638a74692e49903f47fa81a4f7,ATR_UNAVAILABLE
ATR_UNAVAILABLE,SEEK_CONFIRMATION,39b7771eb62258d92605af72b55de96b99dfddbe8555edfe4c4a602f8f3e5f3b,,,,,,,,39b7771eb62258d92605af72b55de96b99dfddbe8555edfe4c4a602f8f3e5f3b,ATR_UNAVAILABLE
ATR_UNAVAILABLE,SEEK_CONFIRMATION,3d3dc93cd7e5ac3a4e94a57f68887adf664bd750c92437a5cf5fe5e223944080,,,,,,,,3d3dc93cd7e5ac3a4e94a57f68887adf664bd750c92437a5cf5fe5e223944080,ATR_UNAVAILABLE
ATR_UNAVAILABLE,SEEK_CONFIRMATION,3d9c261ebfa4b7c1b4ed755ce1389a1a89103ccbb424b5882d4eda8e6471d6ff,,,,,,,,3d9c261ebfa4b7c1b4ed755ce1389a1a89103ccbb424b5882d4eda8e6471d6ff,ATR_UNAVAILABLE
ATR_UNAVAILABLE,SEEK_CONFIRMATION,3e4dba2a0732dca8ab7a043320a1af800a1c10d48f5390008d8efac2923ae11f,,,,,,,,3e4dba2a0732dca8ab7a043320a1af800a1c10d48f5390008d8efac2923ae11f,ATR_UNAVAILABLE
ATR_UNAVAILABLE,SEEK_CONFIRMATION,3e73d17406810b9d8b3d8f14dc06a82d9ee215ca6dda919cf4b9e923b17eba86,,,,,,,,3e73d17406810b9d8b3d8f14dc06a82d9ee215ca6dda919cf4b9e923b17eba86,ATR_UNAVAILABLE
ATR_UNAVAILABLE,SEEK_CONFIRMATION,41f91e6378b5e80a1de7d6424030f01312e52a58a6233e4ebf0d7d828f09817e,,,,,,,,41f91e6378b5e80a1de7d6424030f01312e52a58a6233e4ebf0d7d828f09817e,ATR_UNAVAILABLE
ATR_UNAVAILABLE,SEEK_CONFIRMATION,42b4591c8f2d86821a7387c7e44d7b81d9c95de026cc3d1b65b1723524a2c731,,,,,,,,42b4591c8f2d86821a7387c7e44d7b81d9c95de026cc3d1b65b1723524a2c731,ATR_UNAVAILABLE
ATR_UNAVAILABLE,SEEK_CONFIRMATION,42c1276f05081cc12dd850aacc37b946a872c08c8cff0b01cd8fc5bec8390a01,,,,,,,,42c1276f05081cc12dd850aacc37b946a872c08c8cff0b01cd8fc5bec8390a01,ATR_UNAVAILABLE
ATR_UNAVAILABLE,SEEK_CONFIRMATION,433dbcc689c5675cb12c9a685c1a5bb1858121e40287fe140ba4baff92d49bcc,,,,,,,,433dbcc689c5675cb12c9a685c1a5bb1858121e40287fe140ba4baff92d49bcc,ATR_UNAVAILABLE
ATR_UNAVAILABLE,SEEK_CONFIRMATION,4507f08975c6f1ac7947f111f1f90b83b922ba6c650d720efbc1188a34c8237f,,,,,,,,4507f08975c6f1ac7947f111f1f90b83b922ba6c650d720efbc1188a34c8237f,ATR_UNAVAILABLE
ATR_UNAVAILABLE,SEEK_CONFIRMATION,4613944fa6f87da8eb76c5ca52cf02e7bb19ef71b8018580301d0060688f558b,,,,,,,,4613944fa6f87da8eb76c5ca52cf02e7bb19ef71b8018580301d0060688f558b,ATR_UNAVAILABLE
ATR_UNAVAILABLE,SEEK_CONFIRMATION,48d03cabbac600f5e8848af94828aa0c3534df459705db733c2d66b9783b7ba5,,,,,,,,48d03cabbac600f5e8848af94828aa0c3534df459705db733c2d66b9783b7ba5,ATR_UNAVAILABLE
ATR_UNAVAILABLE,SEEK_CONFIRMATION,4b2df3dd0c18d5eab83e1e5780677568531656c117fa00bea96d43873d07c0a6,,,,,,,,4b2df3dd0c18d5eab83e1e5780677568531656c117fa00bea96d43873d07c0a6,ATR_UNAVAILABLE
ATR_UNAVAILABLE,SEEK_CONFIRMATION,4d1a0e8a10aa9246a4f06e0fbe71f410e5f5815156e38ac4febe5395e771ab8a,,,,,,,,4d1a0e8a10aa9246a4f06e0fbe71f410e5f5815156e38ac4febe5395e771ab8a,ATR_UNAVAILABLE
ATR_UNAVAILABLE,SEEK_CONFIRMATION,4e1d3fe7d9448a310083715add453e64aca8142ebba438a27be4d054b5e4993d,,,,,,,,4e1d3fe7d9448a310083715add453e64aca8142ebba438a27be4d054b5e4993d,ATR_UNAVAILABLE
ATR_UNAVAILABLE,SEEK_CONFIRMATION,4f85ea2d805c4ff269307de1b59d39199728a6dcbca559be6e20a8bcd058907f,,,,,,,,4f85ea2d805c4ff269307de1b59d39199728a6dcbca559be6e20a8bcd058907f,ATR_UNAVAILABLE
ATR_UNAVAILABLE,SEEK_CONFIRMATION,51d9760b2b59377bf359f54e11a1d843f1d617c50de5d459fe202ae390b5413a,,,,,,,,51d9760b2b59377bf359f54e11a1d843f1d617c50de5d459fe202ae390b5413a,ATR_UNAVAILABLE
ATR_UNAVAILABLE,SEEK_CONFIRMATION,52752517eb5aeaac8e6f91b945865e54a1abd7ab965c534df661907157356053,,,,,,,,52752517eb5aeaac8e6f91b945865e54a1abd7ab965c534df661907157356053,ATR_UNAVAILABLE
ATR_UNAVAILABLE,SEEK_CONFIRMATION,52b539ba440ed796394aa993f9c64a49fd06addf16dc761a1e80d125035c0e85,,,,,,,,52b539ba440ed796394aa993f9c64a49fd06addf16dc761a1e80d125035c0e85,ATR_UNAVAILABLE
ATR_UNAVAILABLE,SEEK_CONFIRMATION,5475b29c4058048e875270c80aa6c1024b8f55c321cfe4bfce26bc1dcfa8e614,,,,,,,,5475b29c4058048e875270c80aa6c1024b8f55c321cfe4bfce26bc1dcfa8e614,ATR_UNAVAILABLE
ATR_UNAVAILABLE,SEEK_CONFIRMATION,57865d34b79c9242106ac272584ff5cc032f0a563a76d0e61409947d3ce50b74,,,,,,,,57865d34b79c9242106ac272584ff5cc032f0a563a76d0e61409947d3ce50b74,ATR_UNAVAILABLE
ATR_UNAVAILABLE,SEEK_CONFIRMATION,57dc734643d6bd95af7a606b5cf17998a126bd6906cfafd1ef8adb0754575746,,,,,,,,57dc734643d6bd95af7a606b5cf17998a126bd6906cfafd1ef8adb0754575746,ATR_UNAVAILABLE
ATR_UNAVAILABLE,SEEK_CONFIRMATION,58b222ab50283edc719cc1955e9ffb3150215215f31fd258fcf0b4b2385511f0,,,,,,,,58b222ab50283edc719cc1955e9ffb3150215215f31fd258fcf0b4b2385511f0,ATR_UNAVAILABLE
ATR_UNAVAILABLE,SEEK_CONFIRMATION,5d58b1cbbe60503b38774ea047bc67a62653b2335fb9371ef616e9341da1d053,,,,,,,,5d58b1cbbe60503b38774ea047bc67a62653b2335fb9371ef616e9341da1d053,ATR_UNAVAILABLE
ATR_UNAVAILABLE,SEEK_CONFIRMATION,6559ebb3b311e627ca28995f36018dd60952e238083af2e9b164ec1337961030,,,,,,,,6559ebb3b311e627ca28995f36018dd60952e238083af2e9b164ec1337961030,ATR_UNAVAILABLE
ATR_UNAVAILABLE,SEEK_CONFIRMATION,6704f6e9a6a47179fa289a80031645a647b50e383c5ddafc38e5472e7827aea1,,,,,,,,6704f6e9a6a47179fa289a80031645a647b50e383c5ddafc38e5472e7827aea1,ATR_UNAVAILABLE
ATR_UNAVAILABLE,SEEK_CONFIRMATION,681bc0376622254d4e9875214a3761ca578b23aa450903fb82f63aec498956c8,,,,,,,,681bc0376622254d4e9875214a3761ca578b23aa450903fb82f63aec498956c8,ATR_UNAVAILABLE
ATR_UNAVAILABLE,SEEK_CONFIRMATION,69506d1f7c821292a11c25f96621dec8f43ceda326b24bed747c62a2ac7f0e25,,,,,,,,69506d1f7c821292a11c25f96621dec8f43ceda326b24bed747c62a2ac7f0e25,ATR_UNAVAILABLE
ATR_UNAVAILABLE,SEEK_CONFIRMATION,6a386bc4f5a2a30c8fc03fce9c6c410e6445b022b0b9b2f429eb726f556dde95,,,,,,,,6a386bc4f5a2a30c8fc03fce9c6c410e6445b022b0b9b2f429eb726f556dde95,ATR_UNAVAILABLE
ATR_UNAVAILABLE,SEEK_CONFIRMATION,6ac3fa43ca91ada5fb896e5bb8f96aeb36a0fc6f858bfc048c28f4c14bbea5c0,,,,,,,,6ac3fa43ca91ada5fb896e5bb8f96aeb36a0fc6f858bfc048c28f4c14bbea5c0,ATR_UNAVAILABLE
ATR_UNAVAILABLE,SEEK_CONFIRMATION,6f15c44e3479d3333b03365f985e1f6aa992734f42e09c16161cb64c92b7f193,,,,,,,,6f15c44e3479d3333b03365f985e1f6aa992734f42e09c16161cb64c92b7f193,ATR_UNAVAILABLE
ATR_UNAVAILABLE,SEEK_CONFIRMATION,6f2762d3b7a9a5d50b95f96304c0d2352f6d57b441756d02fbf2ec5c080bca3d,,,,,,,,6f2762d3b7a9a5d50b95f96304c0d2352f6d57b441756d02fbf2ec5c080bca3d,ATR_UNAVAILABLE
ATR_UNAVAILABLE,SEEK_CONFIRMATION,6fd8d0a4c2ed56811f95af8dfc6211a903169f245228c9adf8e4c1b57c166584,,,,,,,,6fd8d0a4c2ed56811f95af8dfc6211a903169f245228c9adf8e4c1b57c166584,ATR_UNAVAILABLE
ATR_UNAVAILABLE,SEEK_CONFIRMATION,738abfb79dc93b27acf2c7a4cfc6a16389e0e88a132637b2e48d1ebc3adbf1d9,,,,,,,,738abfb79dc93b27acf2c7a4cfc6a16389e0e88a132637b2e48d1ebc3adbf1d9,ATR_UNAVAILABLE
ATR_UNAVAILABLE,SEEK_CONFIRMATION,7a0836892f432c1128d10d84cf507138f3dd930f2f3e4d0e5c9e0b0164cb022b,,,,,,,,7a0836892f432c1128d10d84cf507138f3dd930f2f3e4d0e5c9e0b0164cb022b,ATR_UNAVAILABLE
ATR_UNAVAILABLE,SEEK_CONFIRMATION,7ff755f722ff2a7be0714cc3b0382143f237a8a643285c21af08e164594f3913,,,,,,,,7ff755f722ff2a7be0714cc3b0382143f237a8a643285c21af08e164594f3913,ATR_UNAVAILABLE
ATR_UNAVAILABLE,SEEK_CONFIRMATION,85d45e782a7b270e6dedbe560f2ecc3531b1440b66d3e79b7d4af0d14086b73d,,,,,,,,85d45e782a7b270e6dedbe560f2ecc3531b1440b66d3e79b7d4af0d14086b73d,ATR_UNAVAILABLE
ATR_UNAVAILABLE,SEEK_CONFIRMATION,8733e8adb99bbe82168f5043193f481e3c1564dcc27d5d156e345bc1ac0e44ec,,,,,,,,8733e8adb99bbe82168f5043193f481e3c1564dcc27d5d156e345bc1ac0e44ec,ATR_UNAVAILABLE
ATR_UNAVAILABLE,SEEK_CONFIRMATION,8931049e37deb3a032401c96e871fea1a8f2e5dc1bb865344c15a5a3c183385b,,,,,,,,8931049e37deb3a032401c96e871fea1a8f2e5dc1bb865344c15a5a3c183385b,ATR_UNAVAILABLE
ATR_UNAVAILABLE,SEEK_CONFIRMATION,89b7aa71f99e53df4bf247e265d96e333c197d2e9defdb51f415d5611dc80796,,,,,,,,89b7aa71f99e53df4bf247e265d96e333c197d2e9defdb51f415d5611dc80796,ATR_UNAVAILABLE
ATR_UNAVAILABLE,SEEK_CONFIRMATION,8b08fb11baae4ffedefcf68bfb253f8b7a52fff181d1c62533db5ad1544d7dc1,,,,,,,,8b08fb11baae4ffedefcf68bfb253f8b7a52fff181d1c62533db5ad1544d7dc1,ATR_UNAVAILABLE
ATR_UNAVAILABLE,SEEK_CONFIRMATION,8e0b0b7727736cb9bec72da231df416da797641e7f2b3adf1165e8c8611c36d7,,,,,,,,8e0b0b7727736cb9bec72da231df416da797641e7f2b3adf1165e8c8611c36d7,ATR_UNAVAILABLE
ATR_UNAVAILABLE,SEEK_CONFIRMATION,8ee0d568c883c097a3caf04ff69422cf4e1153ee569d41011625c331c04a28d2,,,,,,,,8ee0d568c883c097a3caf04ff69422cf4e1153ee569d41011625c331c04a28d2,ATR_UNAVAILABLE
ATR_UNAVAILABLE,SEEK_CONFIRMATION,905555fc4668a364d0b447656e226e458fb45f90c6e24444a934b61303fb4a21,,,,,,,,905555fc4668a364d0b447656e226e458fb45f90c6e24444a934b61303fb4a21,ATR_UNAVAILABLE
ATR_UNAVAILABLE,SEEK_CONFIRMATION,911685716d6aa8927d996e9c6b6d70b3f84dde659d50eaf44c8dc5cfc3ea1b43,,,,,,,,911685716d6aa8927d996e9c6b6d70b3f84dde659d50eaf44c8dc5cfc3ea1b43,ATR_UNAVAILABLE
ATR_UNAVAILABLE,SEEK_CONFIRMATION,911df7062fd41887d950df3340d5486be53cd5475fceb49763dab576b490d494,,,,,,,,911df7062fd41887d950df3340d5486be53cd5475fceb49763dab576b490d494,ATR_UNAVAILABLE
ATR_UNAVAILABLE,SEEK_CONFIRMATION,93b3e7bea631688fdd2b4f82c428b295d8ebeda0cf05fd3c53a5d4fc4fd03900,,,,,,,,93b3e7bea631688fdd2b4f82c428b295d8ebeda0cf05fd3c53a5d4fc4fd03900,ATR_UNAVAILABLE
ATR_UNAVAILABLE,SEEK_CONFIRMATION,97c17ff3e4fcb70490eabf68eaaac86c3bbd5c7b7c78bcba472653d0355ce5f9,,,,,,,,97c17ff3e4fcb70490eabf68eaaac86c3bbd5c7b7c78bcba472653d0355ce5f9,ATR_UNAVAILABLE
ATR_UNAVAILABLE,SEEK_CONFIRMATION,9858ab49e2718b1fc5844f1140e87118f5f55c5bf093a799a90935eda59cc9ed,,,,,,,,9858ab49e2718b1fc5844f1140e87118f5f55c5bf093a799a90935eda59cc9ed,ATR_UNAVAILABLE
ATR_UNAVAILABLE,SEEK_CONFIRMATION,98827b5d1e31cb2c11c6c3fbc4258729e3f4a5eb51de045f226388b329d47e01,,,,,,,,98827b5d1e31cb2c11c6c3fbc4258729e3f4a5eb51de045f226388b329d47e01,ATR_UNAVAILABLE
ATR_UNAVAILABLE,SEEK_CONFIRMATION,9e768838694b9a797e9ae0ffb390d4626c1928f74787bb2bfdaff45e70be7b89,,,,,,,,9e768838694b9a797e9ae0ffb390d4626c1928f74787bb2bfdaff45e70be7b89,ATR_UNAVAILABLE
ATR_UNAVAILABLE,SEEK_CONFIRMATION,a43d8ce1742073602ee85c773844c2261c9ba055a407a6c1b1b3bc5f56007d4b,,,,,,,,a43d8ce1742073602ee85c773844c2261c9ba055a407a6c1b1b3bc5f56007d4b,ATR_UNAVAILABLE
ATR_UNAVAILABLE,SEEK_CONFIRMATION,a4c1f0576fbd168cb84f58633e5778fc251068416243316ca9b66ca793d9bd75,,,,,,,,a4c1f0576fbd168cb84f58633e5778fc251068416243316ca9b66ca793d9bd75,ATR_UNAVAILABLE
ATR_UNAVAILABLE,SEEK_CONFIRMATION,a64623c20d2fd443fd0f0b49c2e8aab3634bab8961f75e10546a0d0ae91cf765,,,,,,,,a64623c20d2fd443fd0f0b49c2e8aab3634bab8961f75e10546a0d0ae91cf765,ATR_UNAVAILABLE
ATR_UNAVAILABLE,SEEK_CONFIRMATION,a8b87c63307e34bcce52e47e95574d732889c0b282f17fe37c5c6bc193de13c1,,,,,,,,a8b87c63307e34bcce52e47e95574d732889c0b282f17fe37c5c6bc193de13c1,ATR_UNAVAILABLE
ATR_UNAVAILABLE,SEEK_CONFIRMATION,b3f9d5c55626d42fbbf9e9f49e994974674553426f6f188fc11be9e2abc25029,,,,,,,,b3f9d5c55626d42fbbf9e9f49e994974674553426f6f188fc11be9e2abc25029,ATR_UNAVAILABLE
ATR_UNAVAILABLE,SEEK_CONFIRMATION,b6dfb19a58c485f00ae181795820e4d1b8469bae2750d7f6c892f9020fb291d1,,,,,,,,b6dfb19a58c485f00ae181795820e4d1b8469bae2750d7f6c892f9020fb291d1,ATR_UNAVAILABLE
ATR_UNAVAILABLE,SEEK_CONFIRMATION,b6e005436e83d40ffbd9474f94b8752a4035ec9d4c8dbfd9c2ca8100b443ea77,,,,,,,,b6e005436e83d40ffbd9474f94b8752a4035ec9d4c8dbfd9c2ca8100b443ea77,ATR_UNAVAILABLE
ATR_UNAVAILABLE,SEEK_CONFIRMATION,b7da8eeed21befeeb2e8a20b5fff04f8620f230e4228ecb5da5949f61f615108,,,,,,,,b7da8eeed21befeeb2e8a20b5fff04f8620f230e4228ecb5da5949f61f615108,ATR_UNAVAILABLE
ATR_UNAVAILABLE,SEEK_CONFIRMATION,ba42476e06877ace70a214d3453e782fba1a4fbd5f6248d73dec63cfada874e5,,,,,,,,ba42476e06877ace70a214d3453e782fba1a4fbd5f6248d73dec63cfada874e5,ATR_UNAVAILABLE
ATR_UNAVAILABLE,SEEK_CONFIRMATION,ba9858939a4a9a6da6e6d345663cdb318486e3c9f3a3781e98cc45e507ffad84,,,,,,,,ba9858939a4a9a6da6e6d345663cdb318486e3c9f3a3781e98cc45e507ffad84,ATR_UNAVAILABLE
ATR_UNAVAILABLE,SEEK_CONFIRMATION,bf90fb7395bba74c308852919febb66b71dd33eeb0eddadb6bc5c96f40f4b906,,,,,,,,bf90fb7395bba74c308852919febb66b71dd33eeb0eddadb6bc5c96f40f4b906,ATR_UNAVAILABLE
ATR_UNAVAILABLE,SEEK_CONFIRMATION,c1431befe6ff0141bca135e9dd993467921416d459dace0d51a0c10a6b33157d,,,,,,,,c1431befe6ff0141bca135e9dd993467921416d459dace0d51a0c10a6b33157d,ATR_UNAVAILABLE
ATR_UNAVAILABLE,SEEK_CONFIRMATION,c383e1ed4e59be7bd0b5586580cfb6a036d06bf3cbfebd854d4e97a476007038,,,,,,,,c383e1ed4e59be7bd0b5586580cfb6a036d06bf3cbfebd854d4e97a476007038,ATR_UNAVAILABLE
ATR_UNAVAILABLE,SEEK_CONFIRMATION,c3b4ae4f7c9088ba95e6345ac59645c347e72f0a689070fb055f85b7a4695ca2,,,,,,,,c3b4ae4f7c9088ba95e6345ac59645c347e72f0a689070fb055f85b7a4695ca2,ATR_UNAVAILABLE
ATR_UNAVAILABLE,SEEK_CONFIRMATION,c4ed80e80e8ac2f0d75bb673b8e59112ceac61bdbac3f4be40771530a5fe4a0c,,,,,,,,c4ed80e80e8ac2f0d75bb673b8e59112ceac61bdbac3f4be40771530a5fe4a0c,ATR_UNAVAILABLE
ATR_UNAVAILABLE,SEEK_CONFIRMATION,c611941527bcbf74b67715432e98ce571499e72202d5e127984bd46cb65d0a0d,,,,,,,,c611941527bcbf74b67715432e98ce571499e72202d5e127984bd46cb65d0a0d,ATR_UNAVAILABLE
ATR_UNAVAILABLE,SEEK_CONFIRMATION,c81555f3cb19974091250e1faa0936ed4f70aa9a67cf2720ec5eac96201e814a,,,,,,,,c81555f3cb19974091250e1faa0936ed4f70aa9a67cf2720ec5eac96201e814a,ATR_UNAVAILABLE
ATR_UNAVAILABLE,SEEK_CONFIRMATION,ca7c712d2d7da25f16e22ba02c31208108fc712ef8bd922996a5b72d26740cca,,,,,,,,ca7c712d2d7da25f16e22ba02c31208108fc712ef8bd922996a5b72d26740cca,ATR_UNAVAILABLE
ATR_UNAVAILABLE,SEEK_CONFIRMATION,cb6aec40176c524a61dbc7390bf3093f634eac1543f04520fec19a32458ce1d5,,,,,,,,cb6aec40176c524a61dbc7390bf3093f634eac1543f04520fec19a32458ce1d5,ATR_UNAVAILABLE
ATR_UNAVAILABLE,SEEK_CONFIRMATION,ccdfc57e1a33eb19e061d1a1dad712edc8c123dc9596ec37a5102dff79d19ddf,,,,,,,,ccdfc57e1a33eb19e061d1a1dad712edc8c123dc9596ec37a5102dff79d19ddf,ATR_UNAVAILABLE
ATR_UNAVAILABLE,SEEK_CONFIRMATION,d0197a5b622f2c224464b5b006a77a816ee22d52e3f418a929ca8dc0771a1843,,,,,,,,d0197a5b622f2c224464b5b006a77a816ee22d52e3f418a929ca8dc0771a1843,ATR_UNAVAILABLE
ATR_UNAVAILABLE,SEEK_CONFIRMATION,d3ca282bc84459dcc91001147c47c27b95613a7d3318ae1488ebbf9cddf8d678,,,,,,,,d3ca282bc84459dcc91001147c47c27b95613a7d3318ae1488ebbf9cddf8d678,ATR_UNAVAILABLE
ATR_UNAVAILABLE,SEEK_CONFIRMATION,d6b60fe4be2aaab606a28e2123a51a2e526f7de787eb8699f4f5a1be1190e032,,,,,,,,d6b60fe4be2aaab606a28e2123a51a2e526f7de787eb8699f4f5a1be1190e032,ATR_UNAVAILABLE
ATR_UNAVAILABLE,SEEK_CONFIRMATION,d6f22d28cff56be4d6c2278811a203b0b82da66b488378e0326dec20a8445127,,,,,,,,d6f22d28cff56be4d6c2278811a203b0b82da66b488378e0326dec20a8445127,ATR_UNAVAILABLE
ATR_UNAVAILABLE,SEEK_CONFIRMATION,d75855532651bb8985ecca79bf1a4af17614356b83fb73dbf513f9817024b0a6,,,,,,,,d75855532651bb8985ecca79bf1a4af17614356b83fb73dbf513f9817024b0a6,ATR_UNAVAILABLE
ATR_UNAVAILABLE,SEEK_CONFIRMATION,d8a7aa1e8e3e762bfa0d37b2ffc2d96340122ae3c36c12e53ff991c12ec9b85a,,,,,,,,d8a7aa1e8e3e762bfa0d37b2ffc2d96340122ae3c36c12e53ff991c12ec9b85a,ATR_UNAVAILABLE
ATR_UNAVAILABLE,SEEK_CONFIRMATION,d8cc325c72463db8818021454c71d4c889e33ad1ee582bf34b9ac47be2ad6d08,,,,,,,,d8cc325c72463db8818021454c71d4c889e33ad1ee582bf34b9ac47be2ad6d08,ATR_UNAVAILABLE
ATR_UNAVAILABLE,SEEK_CONFIRMATION,d9efd0caafa0d444172f254da1a02a48e469cb50117abcc02c032edbb82e4cfb,,,,,,,,d9efd0caafa0d444172f254da1a02a48e469cb50117abcc02c032edbb82e4cfb,ATR_UNAVAILABLE
ATR_UNAVAILABLE,SEEK_CONFIRMATION,dc73e6ee762af0278e4e940e02f35b90b2b0e6d0c591afcbc2f279bfe08ac9d5,,,,,,,,dc73e6ee762af0278e4e940e02f35b90b2b0e6d0c591afcbc2f279bfe08ac9d5,ATR_UNAVAILABLE
ATR_UNAVAILABLE,SEEK_CONFIRMATION,dc98dff5b32d8082b658acb99ddfe27a1b6d741d7a4b4d19c3216e95da7412ec,,,,,,,,dc98dff5b32d8082b658acb99ddfe27a1b6d741d7a4b4d19c3216e95da7412ec,ATR_UNAVAILABLE
ATR_UNAVAILABLE,SEEK_CONFIRMATION,dd6f15cab951fe5828cf25c425a8fd26a0dff6ab117d28ea0ac74aa0ca54447f,,,,,,,,dd6f15cab951fe5828cf25c425a8fd26a0dff6ab117d28ea0ac74aa0ca54447f,ATR_UNAVAILABLE
ATR_UNAVAILABLE,SEEK_CONFIRMATION,dd700083ceadf81618af2d1b1faebf9a6cb2a17b7c6a9e9210772019cddcc145,,,,,,,,dd700083ceadf81618af2d1b1faebf9a6cb2a17b7c6a9e9210772019cddcc145,ATR_UNAVAILABLE
ATR_UNAVAILABLE,SEEK_CONFIRMATION,e29a7ecff9299c4eafe66eb0a24bc96b43224e130d648a15b94ec6567a250edf,,,,,,,,e29a7ecff9299c4eafe66eb0a24bc96b43224e130d648a15b94ec6567a250edf,ATR_UNAVAILABLE
ATR_UNAVAILABLE,SEEK_CONFIRMATION,e574946da738b2b6bfa9b79cb25c0fd991b18671643b9ccd888eccfc17c7b361,,,,,,,,e574946da738b2b6bfa9b79cb25c0fd991b18671643b9ccd888eccfc17c7b361,ATR_UNAVAILABLE
ATR_UNAVAILABLE,SEEK_CONFIRMATION,e5c10829fa4904b7e373b9f7e614178747519037309a65a406a16b57067f272e,,,,,,,,e5c10829fa4904b7e373b9f7e614178747519037309a65a406a16b57067f272e,ATR_UNAVAILABLE
ATR_UNAVAILABLE,SEEK_CONFIRMATION,e683250b39c2453ee5c5e8bc68f8f2c4898d3c11176ac67acee9dc73e1dda04b,,,,,,,,e683250b39c2453ee5c5e8bc68f8f2c4898d3c11176ac67acee9dc73e1dda04b,ATR_UNAVAILABLE
ATR_UNAVAILABLE,SEEK_CONFIRMATION,e9d807409ca0205b1b51c47b0836c440e8bf1e126626c64cf99001b988179cc4,,,,,,,,e9d807409ca0205b1b51c47b0836c440e8bf1e126626c64cf99001b988179cc4,ATR_UNAVAILABLE
ATR_UNAVAILABLE,SEEK_CONFIRMATION,ea08d273f291b9b03a6a2429e0de3cd88b794566b721775f4f64ec3cd68dd858,,,,,,,,ea08d273f291b9b03a6a2429e0de3cd88b794566b721775f4f64ec3cd68dd858,ATR_UNAVAILABLE
ATR_UNAVAILABLE,SEEK_CONFIRMATION,ea609b129c569801cf8450657cabbaa4a622b6d852b798b3eeb0c2378a58fadf,,,,,,,,ea609b129c569801cf8450657cabbaa4a622b6d852b798b3eeb0c2378a58fadf,ATR_UNAVAILABLE
ATR_UNAVAILABLE,SEEK_CONFIRMATION,eb23d6f5f591bb646db8ecdd3fc2c74d7fc17193c8d76ca8fdd0507cb2b1219d,,,,,,,,eb23d6f5f591bb646db8ecdd3fc2c74d7fc17193c8d76ca8fdd0507cb2b1219d,ATR_UNAVAILABLE
ATR_UNAVAILABLE,SEEK_CONFIRMATION,ecf640adcd3d98c3184f722be1099ddfe942e9d5307f15bcc034ff5f94d061c6,,,,,,,,ecf640adcd3d98c3184f722be1099ddfe942e9d5307f15bcc034ff5f94d061c6,ATR_UNAVAILABLE
ATR_UNAVAILABLE,SEEK_CONFIRMATION,eee5adc67b2acbaeadd38f0df5e703623bf0301a21d642f9abc17ea404f0ca39,,,,,,,,eee5adc67b2acbaeadd38f0df5e703623bf0301a21d642f9abc17ea404f0ca39,ATR_UNAVAILABLE
ATR_UNAVAILABLE,SEEK_CONFIRMATION,f0a039a90fc368f1c8b094c8ec5dfec0c0c25975f54ec96c3f6f37dc0cdd3d4a,,,,,,,,f0a039a90fc368f1c8b094c8ec5dfec0c0c25975f54ec96c3f6f37dc0cdd3d4a,ATR_UNAVAILABLE
ATR_UNAVAILABLE,SEEK_CONFIRMATION,f7634f29094a549007c6be5b31f66ac1cb32c0a18433d8fc0d240cb4b8f29bba,,,,,,,,f7634f29094a549007c6be5b31f66ac1cb32c0a18433d8fc0d240cb4b8f29bba,ATR_UNAVAILABLE
ATR_UNAVAILABLE,SEEK_CONFIRMATION,f7a644ce7b2f39afeb17336a00973b35e1ce12e6e706e1752a4a381b05c30394,,,,,,,,f7a644ce7b2f39afeb17336a00973b35e1ce12e6e706e1752a4a381b05c30394,ATR_UNAVAILABLE
CONFIRMATION_NOT_FOUND_WITHIN_12_BARS,SEEK_RETEST,04f3468066bfe630bf36a567b4f6013473d0ca3ac194952ad43112453528cc6c,,,,,,,,04f3468066bfe630bf36a567b4f6013473d0ca3ac194952ad43112453528cc6c,CONFIRMATION_NOT_FOUND_WITHIN_12_BARS
CONFIRMATION_NOT_FOUND_WITHIN_12_BARS,SEEK_RETEST,080cdacc7d325f562793cbdb6588518690f2423781d1bd01ca36822f348fd949,,,,,,,,080cdacc7d325f562793cbdb6588518690f2423781d1bd01ca36822f348fd949,CONFIRMATION_NOT_FOUND_WITHIN_12_BARS
CONFIRMATION_NOT_FOUND_WITHIN_12_BARS,SEEK_RETEST,0b6d84fac4815c813ebc91a0532f0d7ff0122ff6faaa949281efb8bde7b965dd,,,,,,,,0b6d84fac4815c813ebc91a0532f0d7ff0122ff6faaa949281efb8bde7b965dd,CONFIRMATION_NOT_FOUND_WITHIN_12_BARS
CONFIRMATION_NOT_FOUND_WITHIN_12_BARS,SEEK_RETEST,0f2eee75d2c2e04035b60b785dfacb6a8925e7fe5e2b21e2fec2773c8cc63839,,,,,,,,0f2eee75d2c2e04035b60b785dfacb6a8925e7fe5e2b21e2fec2773c8cc63839,CONFIRMATION_NOT_FOUND_WITHIN_12_BARS
CONFIRMATION_NOT_FOUND_WITHIN_12_BARS,SEEK_RETEST,119a4ba0154af03e2d93f16ff3a0405bb3fb6253d3b7ef724b1db2324c874173,,,,,,,,119a4ba0154af03e2d93f16ff3a0405bb3fb6253d3b7ef724b1db2324c874173,CONFIRMATION_NOT_FOUND_WITHIN_12_BARS
CONFIRMATION_NOT_FOUND_WITHIN_12_BARS,SEEK_RETEST,13dd4b3451e9a025b2a2958e272bea50cecc012ffa0fb6471ca46a6767977fb3,,,,,,,,13dd4b3451e9a025b2a2958e272bea50cecc012ffa0fb6471ca46a6767977fb3,CONFIRMATION_NOT_FOUND_WITHIN_12_BARS
CONFIRMATION_NOT_FOUND_WITHIN_12_BARS,SEEK_RETEST,1c1a586d05146753d8cb3bfab9f72fe4fc64ff2914c5f5b759a782d61716fe99,,,,,,,,1c1a586d05146753d8cb3bfab9f72fe4fc64ff2914c5f5b759a782d61716fe99,CONFIRMATION_NOT_FOUND_WITHIN_12_BARS
CONFIRMATION_NOT_FOUND_WITHIN_12_BARS,SEEK_RETEST,1eb7407dc5089b1cfc6e587487f1d17bf6be34919ac9b0fc04c97038b5ea38c4,,,,,,,,1eb7407dc5089b1cfc6e587487f1d17bf6be34919ac9b0fc04c97038b5ea38c4,CONFIRMATION_NOT_FOUND_WITHIN_12_BARS
CONFIRMATION_NOT_FOUND_WITHIN_12_BARS,SEEK_RETEST,2321c2d3047d32eef243a1cb444436ecc00647a42fc8e8f0c5d173b9a437ef5c,,,,,,,,2321c2d3047d32eef243a1cb444436ecc00647a42fc8e8f0c5d173b9a437ef5c,CONFIRMATION_NOT_FOUND_WITHIN_12_BARS
CONFIRMATION_NOT_FOUND_WITHIN_12_BARS,SEEK_RETEST,2d5d5fd98ae730d95d32b87af28d7aa520116385f295ced452723a9913a93250,,,,,,,,2d5d5fd98ae730d95d32b87af28d7aa520116385f295ced452723a9913a93250,CONFIRMATION_NOT_FOUND_WITHIN_12_BARS
CONFIRMATION_NOT_FOUND_WITHIN_12_BARS,SEEK_RETEST,2f26de9fd7791ef4d87bef4b92e0b4eb0cb1fb9e7c34b3e6c96e83c4da0a204d,,,,,,,,2f26de9fd7791ef4d87bef4b92e0b4eb0cb1fb9e7c34b3e6c96e83c4da0a204d,CONFIRMATION_NOT_FOUND_WITHIN_12_BARS
CONFIRMATION_NOT_FOUND_WITHIN_12_BARS,SEEK_RETEST,30a50eb05c261a75bc38b636531ef5ecec5672e7c4893f7f37617ccda00cdea0,,,,,,,,30a50eb05c261a75bc38b636531ef5ecec5672e7c4893f7f37617ccda00cdea0,CONFIRMATION_NOT_FOUND_WITHIN_12_BARS
CONFIRMATION_NOT_FOUND_WITHIN_12_BARS,SEEK_RETEST,36ac2209edd65e76b1b4f07830a02e8fb6bffa726c88005ef6ead466493a98ce,,,,,,,,36ac2209edd65e76b1b4f07830a02e8fb6bffa726c88005ef6ead466493a98ce,CONFIRMATION_NOT_FOUND_WITHIN_12_BARS
CONFIRMATION_NOT_FOUND_WITHIN_12_BARS,SEEK_RETEST,3ade3f69e139c64ab4260e59d33dd191dfcda85951ffe092f18eb2f406eb7288,,,,,,,,3ade3f69e139c64ab4260e59d33dd191dfcda85951ffe092f18eb2f406eb7288,CONFIRMATION_NOT_FOUND_WITHIN_12_BARS
CONFIRMATION_NOT_FOUND_WITHIN_12_BARS,SEEK_RETEST,42b3f23b3c0f9840ba2f4d3d600942fcf34c76f52106d746dd186e8b09d9fda6,,,,,,,,42b3f23b3c0f9840ba2f4d3d600942fcf34c76f52106d746dd186e8b09d9fda6,CONFIRMATION_NOT_FOUND_WITHIN_12_BARS
CONFIRMATION_NOT_FOUND_WITHIN_12_BARS,SEEK_RETEST,4545e39d255acfa582267de6e4d9f5dbc27e7a6eb881d40b610936f260f9003e,,,,,,,,4545e39d255acfa582267de6e4d9f5dbc27e7a6eb881d40b610936f260f9003e,CONFIRMATION_NOT_FOUND_WITHIN_12_BARS
CONFIRMATION_NOT_FOUND_WITHIN_12_BARS,SEEK_RETEST,47d8f132326eeeca4ccc61eb414feae96d332edaeae907f5bc65f5d02a22757b,,,,,,,,47d8f132326eeeca4ccc61eb414feae96d332edaeae907f5bc65f5d02a22757b,CONFIRMATION_NOT_FOUND_WITHIN_12_BARS
CONFIRMATION_NOT_FOUND_WITHIN_12_BARS,SEEK_RETEST,4f8b76eabe76c64edb65df13a369842e9c328d666a958a2ab6e2c31296ac66ce,,,,,,,,4f8b76eabe76c64edb65df13a369842e9c328d666a958a2ab6e2c31296ac66ce,CONFIRMATION_NOT_FOUND_WITHIN_12_BARS
CONFIRMATION_NOT_FOUND_WITHIN_12_BARS,SEEK_RETEST,556be1071dd0238beee0d92f8dfbb03f2f1b85d6f4231d252ee8667e1fc66c87,,,,,,,,556be1071dd0238beee0d92f8dfbb03f2f1b85d6f4231d252ee8667e1fc66c87,CONFIRMATION_NOT_FOUND_WITHIN_12_BARS
CONFIRMATION_NOT_FOUND_WITHIN_12_BARS,SEEK_RETEST,5cb111dfa2f6997d382dd4ba38ae22675379dadd3d7c4ee6df5840d4d1057d2d,,,,,,,,5cb111dfa2f6997d382dd4ba38ae22675379dadd3d7c4ee6df5840d4d1057d2d,CONFIRMATION_NOT_FOUND_WITHIN_12_BARS
CONFIRMATION_NOT_FOUND_WITHIN_12_BARS,SEEK_RETEST,5f20de4af050d828e879a521aa60a85e04849a3c06b6b4fbde49c760ff7f124f,,,,,,,,5f20de4af050d828e879a521aa60a85e04849a3c06b6b4fbde49c760ff7f124f,CONFIRMATION_NOT_FOUND_WITHIN_12_BARS
CONFIRMATION_NOT_FOUND_WITHIN_12_BARS,SEEK_RETEST,64c07d9cb1d39f2bb3c47e7251ae4b56097b0a0e2dd47cbf8846235597cac909,,,,,,,,64c07d9cb1d39f2bb3c47e7251ae4b56097b0a0e2dd47cbf8846235597cac909,CONFIRMATION_NOT_FOUND_WITHIN_12_BARS
CONFIRMATION_NOT_FOUND_WITHIN_12_BARS,SEEK_RETEST,6c261ce840b6752814800be22128b849f8fc6df6908c478b13018cdaa63054ba,,,,,,,,6c261ce840b6752814800be22128b849f8fc6df6908c478b13018cdaa63054ba,CONFIRMATION_NOT_FOUND_WITHIN_12_BARS
CONFIRMATION_NOT_FOUND_WITHIN_12_BARS,SEEK_RETEST,6fae6f32de087cef3573e72b7946bc30372bba2b8e03f563cfe91040d334bfa1,,,,,,,,6fae6f32de087cef3573e72b7946bc30372bba2b8e03f563cfe91040d334bfa1,CONFIRMATION_NOT_FOUND_WITHIN_12_BARS
CONFIRMATION_NOT_FOUND_WITHIN_12_BARS,SEEK_RETEST,74d89579a9ee361894ebc4dff25ede7f63ce15b015273e19bbee0002a9799d3b,,,,,,,,74d89579a9ee361894ebc4dff25ede7f63ce15b015273e19bbee0002a9799d3b,CONFIRMATION_NOT_FOUND_WITHIN_12_BARS
CONFIRMATION_NOT_FOUND_WITHIN_12_BARS,SEEK_RETEST,754dad05278d7effede04497530a568b90437a3ff48a770ce77698c261cbf0e6,,,,,,,,754dad05278d7effede04497530a568b90437a3ff48a770ce77698c261cbf0e6,CONFIRMATION_NOT_FOUND_WITHIN_12_BARS
CONFIRMATION_NOT_FOUND_WITHIN_12_BARS,SEEK_RETEST,7a41fa6b7dc5f6f234e544c12fbf8362becf1ad1db65a7dede5de5b47358c96e,,,,,,,,7a41fa6b7dc5f6f234e544c12fbf8362becf1ad1db65a7dede5de5b47358c96e,CONFIRMATION_NOT_FOUND_WITHIN_12_BARS
CONFIRMATION_NOT_FOUND_WITHIN_12_BARS,SEEK_RETEST,7a4f75185ed43edde969620a0b62bdd8db82a9f99e26a272705fb3360cabd2ce,,,,,,,,7a4f75185ed43edde969620a0b62bdd8db82a9f99e26a272705fb3360cabd2ce,CONFIRMATION_NOT_FOUND_WITHIN_12_BARS
CONFIRMATION_NOT_FOUND_WITHIN_12_BARS,SEEK_RETEST,7d8f58e5f1b0ce004612dab4ecc5fff1808c6e06ddfa4fa0a91c615db6643142,,,,,,,,7d8f58e5f1b0ce004612dab4ecc5fff1808c6e06ddfa4fa0a91c615db6643142,CONFIRMATION_NOT_FOUND_WITHIN_12_BARS
CONFIRMATION_NOT_FOUND_WITHIN_12_BARS,SEEK_RETEST,8159e04e4ae62dd433fc4d92dcd570f3df1bda8d579a7b8e94996030b0728e2b,,,,,,,,8159e04e4ae62dd433fc4d92dcd570f3df1bda8d579a7b8e94996030b0728e2b,CONFIRMATION_NOT_FOUND_WITHIN_12_BARS
CONFIRMATION_NOT_FOUND_WITHIN_12_BARS,SEEK_RETEST,85940c68775f834101a1f374e731bf666c0024c3d33e17874794ebbca685e8ff,,,,,,,,85940c68775f834101a1f374e731bf666c0024c3d33e17874794ebbca685e8ff,CONFIRMATION_NOT_FOUND_WITHIN_12_BARS
CONFIRMATION_NOT_FOUND_WITHIN_12_BARS,SEEK_RETEST,8ea2e3657ad0f25b1a59456cf700dca9355c89c93cf0c75838e1c11d1c1471e2,,,,,,,,8ea2e3657ad0f25b1a59456cf700dca9355c89c93cf0c75838e1c11d1c1471e2,CONFIRMATION_NOT_FOUND_WITHIN_12_BARS
CONFIRMATION_NOT_FOUND_WITHIN_12_BARS,SEEK_RETEST,97426dc2d231dbcbabd8faee4de6a23fdc0b246884c7b1949a84239c89e86710,,,,,,,,97426dc2d231dbcbabd8faee4de6a23fdc0b246884c7b1949a84239c89e86710,CONFIRMATION_NOT_FOUND_WITHIN_12_BARS
CONFIRMATION_NOT_FOUND_WITHIN_12_BARS,SEEK_RETEST,97ab8ff22ee8bd8e0f848c08febe020d133b1630cac90b0a3f8f80b47aadb3c6,,,,,,,,97ab8ff22ee8bd8e0f848c08febe020d133b1630cac90b0a3f8f80b47aadb3c6,CONFIRMATION_NOT_FOUND_WITHIN_12_BARS
CONFIRMATION_NOT_FOUND_WITHIN_12_BARS,SEEK_RETEST,9821079d866bdb7f4540630cd105921485297e5379c77c767488948bcdc30c23,,,,,,,,9821079d866bdb7f4540630cd105921485297e5379c77c767488948bcdc30c23,CONFIRMATION_NOT_FOUND_WITHIN_12_BARS
CONFIRMATION_NOT_FOUND_WITHIN_12_BARS,SEEK_RETEST,986a561272c38fdf0c033301a10d428e3a4ac38339f3e9337ac6e04c325e0f74,,,,,,,,986a561272c38fdf0c033301a10d428e3a4ac38339f3e9337ac6e04c325e0f74,CONFIRMATION_NOT_FOUND_WITHIN_12_BARS
CONFIRMATION_NOT_FOUND_WITHIN_12_BARS,SEEK_RETEST,9b8345c6f6bfc65a134a64b88fd6595634fac3005bff8bd7b83a2285410e9bda,,,,,,,,9b8345c6f6bfc65a134a64b88fd6595634fac3005bff8bd7b83a2285410e9bda,CONFIRMATION_NOT_FOUND_WITHIN_12_BARS
CONFIRMATION_NOT_FOUND_WITHIN_12_BARS,SEEK_RETEST,9ea38d33c9f3b7b78eb3e09cbf63dbd5e971eef14057fad5496929154dc8abe5,,,,,,,,9ea38d33c9f3b7b78eb3e09cbf63dbd5e971eef14057fad5496929154dc8abe5,CONFIRMATION_NOT_FOUND_WITHIN_12_BARS
CONFIRMATION_NOT_FOUND_WITHIN_12_BARS,SEEK_RETEST,9f25f71f61b65756e2b0a56d6ed0bafd04599506000346e7ccf342919d3b6503,,,,,,,,9f25f71f61b65756e2b0a56d6ed0bafd04599506000346e7ccf342919d3b6503,CONFIRMATION_NOT_FOUND_WITHIN_12_BARS
CONFIRMATION_NOT_FOUND_WITHIN_12_BARS,SEEK_RETEST,a106d1d10b007c6155a30ecb46900c817e0a94afad9b89e29ed7766d421868e9,,,,,,,,a106d1d10b007c6155a30ecb46900c817e0a94afad9b89e29ed7766d421868e9,CONFIRMATION_NOT_FOUND_WITHIN_12_BARS
CONFIRMATION_NOT_FOUND_WITHIN_12_BARS,SEEK_RETEST,b24ad37635ae83c1627dd2911e72e819a11c0079c8d39cb7795e9b2a1c47c116,,,,,,,,b24ad37635ae83c1627dd2911e72e819a11c0079c8d39cb7795e9b2a1c47c116,CONFIRMATION_NOT_FOUND_WITHIN_12_BARS
CONFIRMATION_NOT_FOUND_WITHIN_12_BARS,SEEK_RETEST,bd64274bac1e3bc1e47db71b0c3847661505ef083f19458c3c3743c80c2104ed,,,,,,,,bd64274bac1e3bc1e47db71b0c3847661505ef083f19458c3c3743c80c2104ed,CONFIRMATION_NOT_FOUND_WITHIN_12_BARS
CONFIRMATION_NOT_FOUND_WITHIN_12_BARS,SEEK_RETEST,bdd483b2a0d1b92affc09aa3a3580866d601eca2e0b8cd3b97103c83df8b7db7,,,,,,,,bdd483b2a0d1b92affc09aa3a3580866d601eca2e0b8cd3b97103c83df8b7db7,CONFIRMATION_NOT_FOUND_WITHIN_12_BARS
CONFIRMATION_NOT_FOUND_WITHIN_12_BARS,SEEK_RETEST,be935a37b7007648e71ae9cc29070890b9ae746a31d6040306d706c87db713d4,,,,,,,,be935a37b7007648e71ae9cc29070890b9ae746a31d6040306d706c87db713d4,CONFIRMATION_NOT_FOUND_WITHIN_12_BARS
CONFIRMATION_NOT_FOUND_WITHIN_12_BARS,SEEK_RETEST,c0fe864f38a4ed926e63b3aea26a9d558e32e25080b5e7a926f2c80a20d2d63b,,,,,,,,c0fe864f38a4ed926e63b3aea26a9d558e32e25080b5e7a926f2c80a20d2d63b,CONFIRMATION_NOT_FOUND_WITHIN_12_BARS
CONFIRMATION_NOT_FOUND_WITHIN_12_BARS,SEEK_RETEST,ca8ddd3358a2f1f8011bc3f585c64ae42f5cfafd330f3d5137d3c843eaae07da,,,,,,,,ca8ddd3358a2f1f8011bc3f585c64ae42f5cfafd330f3d5137d3c843eaae07da,CONFIRMATION_NOT_FOUND_WITHIN_12_BARS
CONFIRMATION_NOT_FOUND_WITHIN_12_BARS,SEEK_RETEST,cf0b7ed556b8e93e8f92cdfb81e241fe8501ad1badcc6ffca8628608eb6f2378,,,,,,,,cf0b7ed556b8e93e8f92cdfb81e241fe8501ad1badcc6ffca8628608eb6f2378,CONFIRMATION_NOT_FOUND_WITHIN_12_BARS
CONFIRMATION_NOT_FOUND_WITHIN_12_BARS,SEEK_RETEST,d6c82478c70027073b80f6971c0f249e365b34e2a4310cbd053933b06dfb53a3,,,,,,,,d6c82478c70027073b80f6971c0f249e365b34e2a4310cbd053933b06dfb53a3,CONFIRMATION_NOT_FOUND_WITHIN_12_BARS
CONFIRMATION_NOT_FOUND_WITHIN_12_BARS,SEEK_RETEST,d91cf7a7b76b893b1c25685439513f672d5c280bf0f562b356d3386f6f3ceb07,,,,,,,,d91cf7a7b76b893b1c25685439513f672d5c280bf0f562b356d3386f6f3ceb07,CONFIRMATION_NOT_FOUND_WITHIN_12_BARS
CONFIRMATION_NOT_FOUND_WITHIN_12_BARS,SEEK_RETEST,da1a32a007dac754001dbd4eb24697fada9211d80e58eb4aff05f816a755a022,,,,,,,,da1a32a007dac754001dbd4eb24697fada9211d80e58eb4aff05f816a755a022,CONFIRMATION_NOT_FOUND_WITHIN_12_BARS
CONFIRMATION_NOT_FOUND_WITHIN_12_BARS,SEEK_RETEST,da41651076899ce1027fe4f580519986fe3a8c0ce4079b47596f09638feeb4de,,,,,,,,da41651076899ce1027fe4f580519986fe3a8c0ce4079b47596f09638feeb4de,CONFIRMATION_NOT_FOUND_WITHIN_12_BARS
CONFIRMATION_NOT_FOUND_WITHIN_12_BARS,SEEK_RETEST,e68313aca25b15770962494b28354149abe9717c0371e2e94ba3c2b649dad801,,,,,,,,e68313aca25b15770962494b28354149abe9717c0371e2e94ba3c2b649dad801,CONFIRMATION_NOT_FOUND_WITHIN_12_BARS
CONFIRMATION_NOT_FOUND_WITHIN_12_BARS,SEEK_RETEST,e9e88bc45515177fc75910ab951a3860339996aeebb381847b32510c1e347a07,,,,,,,,e9e88bc45515177fc75910ab951a3860339996aeebb381847b32510c1e347a07,CONFIRMATION_NOT_FOUND_WITHIN_12_BARS
CONFIRMATION_NOT_FOUND_WITHIN_12_BARS,SEEK_RETEST,fa6cf9c73b332519c6a958b7604e0716a6e1b20684efa955f49aff30af15384e,,,,,,,,fa6cf9c73b332519c6a958b7604e0716a6e1b20684efa955f49aff30af15384e,CONFIRMATION_NOT_FOUND_WITHIN_12_BARS
CONFIRMATION_NOT_FOUND_WITHIN_12_BARS,SEEK_RETEST,ff6d3fae2983d0a94cf18399c572ea2d57e426b72848635d167254c88b5a385c,,,,,,,,ff6d3fae2983d0a94cf18399c572ea2d57e426b72848635d167254c88b5a385c,CONFIRMATION_NOT_FOUND_WITHIN_12_BARS
DATA_INCOMPLETE_GAP,SEEK_RETEST,000b8d159bee8519478e7ed45fbf4f18e588295d36ca7ac3e9a0ff55d7d7853e,,,,2022-12-29T01:00:00,2022-12-28T23:00:00,2022-12-29T01:00:00,,000b8d159bee8519478e7ed45fbf4f18e588295d36ca7ac3e9a0ff55d7d7853e,DATA_INCOMPLETE_GAP
DATA_INCOMPLETE_GAP,SEEK_RETEST,01078f01c504c16c321cd9ef3b0eef86dbb669226812318f60606b2a119824a0,,,,2021-06-25T01:00:00,2021-06-24T23:00:00,2021-06-25T01:00:00,,01078f01c504c16c321cd9ef3b0eef86dbb669226812318f60606b2a119824a0,DATA_INCOMPLETE_GAP
DATA_INCOMPLETE_GAP,SEEK_RETEST,0112b65de09027974b7fe01357f810d359a8e799ffea74b347f9dd19f2bea07a,,,,2022-05-05T01:00:00,2022-05-04T23:00:00,2022-05-05T01:00:00,,0112b65de09027974b7fe01357f810d359a8e799ffea74b347f9dd19f2bea07a,DATA_INCOMPLETE_GAP
DATA_INCOMPLETE_GAP,SEEK_RETEST,014108011c7b5d7dddfe71917756762b6a540814f411d4092e8f144b74be6dcc,,,,2020-04-15T01:00:00,2020-04-14T23:00:00,2020-04-15T01:00:00,,014108011c7b5d7dddfe71917756762b6a540814f411d4092e8f144b74be6dcc,DATA_INCOMPLETE_GAP
DATA_INCOMPLETE_GAP,SEEK_RETEST,019ad94ccadd9a75c6a2f455ace4f7b04db22c36d11a8e847059fedb21d92899,,,,2021-02-23T01:00:00,2021-02-22T23:00:00,2021-02-23T01:00:00,,019ad94ccadd9a75c6a2f455ace4f7b04db22c36d11a8e847059fedb21d92899,DATA_INCOMPLETE_GAP
DATA_INCOMPLETE_GAP,SEEK_RETEST,02879a658103028fed069c0e4f2c3cd52849ee84e4015260c787317df9d4a957,,,,2022-04-13T01:00:00,2022-04-12T23:00:00,2022-04-13T01:00:00,,02879a658103028fed069c0e4f2c3cd52849ee84e4015260c787317df9d4a957,DATA_INCOMPLETE_GAP
DATA_INCOMPLETE_GAP,SEEK_RETEST,0344ca7032c73aae7a04f07199d2063929048d7d11db336199728da946aae53c,,,,2020-07-03T01:00:00,2020-07-02T23:00:00,2020-07-03T01:00:00,,0344ca7032c73aae7a04f07199d2063929048d7d11db336199728da946aae53c,DATA_INCOMPLETE_GAP
DATA_INCOMPLETE_GAP,SEEK_RETEST,044835ee105bded0a7f10ca7eaf4ac4accde1f0fd34c60243be6a9524915fb46,,,,2022-04-06T01:00:00,2022-04-05T23:00:00,2022-04-06T01:00:00,,044835ee105bded0a7f10ca7eaf4ac4accde1f0fd34c60243be6a9524915fb46,DATA_INCOMPLETE_GAP
DATA_INCOMPLETE_GAP,SEEK_RETEST,04a097ff9cfc74986f3122ee9e05f209da0f7bf668ecb6f70b0dfa87e347bcb6,,,,2022-01-04T01:00:00,2022-01-03T23:00:00,2022-01-04T01:00:00,,04a097ff9cfc74986f3122ee9e05f209da0f7bf668ecb6f70b0dfa87e347bcb6,DATA_INCOMPLETE_GAP
DATA_INCOMPLETE_GAP,SEEK_RETEST,05057224f9f91ead57d98d4d4b5e79928f00933fdd62ec0aaa6a91be6839a0db,,,,2020-11-25T01:00:00,2020-11-24T23:00:00,2020-11-25T01:00:00,,05057224f9f91ead57d98d4d4b5e79928f00933fdd62ec0aaa6a91be6839a0db,DATA_INCOMPLETE_GAP
DATA_INCOMPLETE_GAP,SEEK_RETEST,05be4ebb10764f7751394f951023194177e85192fc9cf187e8f4b1c1abeacead,,,,2021-04-01T01:00:00,2021-03-31T23:00:00,2021-04-01T01:00:00,,05be4ebb10764f7751394f951023194177e85192fc9cf187e8f4b1c1abeacead,DATA_INCOMPLETE_GAP
DATA_INCOMPLETE_GAP,SEEK_RETEST,070cab89f37087c79682e3dd7be7d7b29ba4400e547ccc561157d8407b3744dd,,,,2021-03-05T01:00:00,2021-03-04T23:00:00,2021-03-05T01:00:00,,070cab89f37087c79682e3dd7be7d7b29ba4400e547ccc561157d8407b3744dd,DATA_INCOMPLETE_GAP
DATA_INCOMPLETE_GAP,SEEK_RETEST,08f90728186760fed47319f4e266af5da95c0f9c703fca8685754ee226a279ea,,,,2021-02-09T01:00:00,2021-02-08T23:00:00,2021-02-09T01:00:00,,08f90728186760fed47319f4e266af5da95c0f9c703fca8685754ee226a279ea,DATA_INCOMPLETE_GAP
DATA_INCOMPLETE_GAP,SEEK_RETEST,090847c25a04e94a840a65dc0cf045634586cfa50794a0a9169d71af47f4f5e4,,,,2020-12-08T01:00:00,2020-12-07T23:00:00,2020-12-08T01:00:00,,090847c25a04e94a840a65dc0cf045634586cfa50794a0a9169d71af47f4f5e4,DATA_INCOMPLETE_GAP
DATA_INCOMPLETE_GAP,SEEK_RETEST,091abd9d5486fdc7d08971f0337b48a1c783e9920dd69949ccc325f212738a24,,,,2022-03-09T01:00:00,2022-03-08T23:00:00,2022-03-09T01:00:00,,091abd9d5486fdc7d08971f0337b48a1c783e9920dd69949ccc325f212738a24,DATA_INCOMPLETE_GAP
DATA_INCOMPLETE_GAP,SEEK_RETEST,09db465cc057bdf7d3c888b38856853847ac40b1a93b5abd3e569cda4ee4a935,,,,2021-03-18T00:00:00,2021-03-17T22:00:00,2021-03-18T00:00:00,,09db465cc057bdf7d3c888b38856853847ac40b1a93b5abd3e569cda4ee4a935,DATA_INCOMPLETE_GAP
DATA_INCOMPLETE_GAP,SEEK_RETEST,0a773efd1d75d04eb8884589da37c7f581bb16610f9111d1ca484f1230d05fc6,,,,2022-03-24T00:00:00,2022-03-23T22:00:00,2022-03-24T00:00:00,,0a773efd1d75d04eb8884589da37c7f581bb16610f9111d1ca484f1230d05fc6,DATA_INCOMPLETE_GAP
DATA_INCOMPLETE_GAP,SEEK_RETEST,0aa9d53f776f21af2daf2c3f4c3fce84810dd5981d75b9d51cfd6f0b44a051cc,,,,2020-09-11T01:00:00,2020-09-10T23:00:00,2020-09-11T01:00:00,,0aa9d53f776f21af2daf2c3f4c3fce84810dd5981d75b9d51cfd6f0b44a051cc,DATA_INCOMPLETE_GAP
DATA_INCOMPLETE_GAP,SEEK_RETEST,0abfa56ee381ff50d0a213267f59c78dc9a0318158792ccb0df334d0d2c925c4,,,,2020-07-31T01:00:00,2020-07-30T23:00:00,2020-07-31T01:00:00,,0abfa56ee381ff50d0a213267f59c78dc9a0318158792ccb0df334d0d2c925c4,DATA_INCOMPLETE_GAP
DATA_INCOMPLETE_GAP,SEEK_RETEST,0c07383d04865892c14e34d08589a1f54d005ae71569adb363c07ba1f6312f71,,,,2021-12-29T01:00:00,2021-12-28T23:00:00,2021-12-29T01:00:00,,0c07383d04865892c14e34d08589a1f54d005ae71569adb363c07ba1f6312f71,DATA_INCOMPLETE_GAP
DATA_INCOMPLETE_GAP,SEEK_RETEST,0cae652913b6d6e4b01ebdf48ecb2659fd16cac79671b85a9c7b1ba0697bf0d0,,,,2021-03-23T00:00:00,2021-03-22T22:00:00,2021-03-23T00:00:00,,0cae652913b6d6e4b01ebdf48ecb2659fd16cac79671b85a9c7b1ba0697bf0d0,DATA_INCOMPLETE_GAP
DATA_INCOMPLETE_GAP,SEEK_RETEST,0cb2386e05a2aa90db14c9a2a4dbfe26a836a953fa5d8261a78c6a8a5f62a707,,,,2022-12-09T01:00:00,2022-12-08T23:00:00,2022-12-09T01:00:00,,0cb2386e05a2aa90db14c9a2a4dbfe26a836a953fa5d8261a78c6a8a5f62a707,DATA_INCOMPLETE_GAP
DATA_INCOMPLETE_GAP,SEEK_RETEST,0f15bf665689a6221e67be78ea9a1c69f30372fb4a587bd1b9d7a46eeb944925,,,,2022-11-25T01:00:00,2022-11-24T21:00:00,2022-11-25T01:00:00,,0f15bf665689a6221e67be78ea9a1c69f30372fb4a587bd1b9d7a46eeb944925,DATA_INCOMPLETE_GAP
DATA_INCOMPLETE_GAP,SEEK_RETEST,0ff7aac6972d7fd6b85d58b1f89e5a0056b6ef0df3347c8c47c1ab6630b5a5f2,,,,2022-12-07T01:00:00,2022-12-06T23:00:00,2022-12-07T01:00:00,,0ff7aac6972d7fd6b85d58b1f89e5a0056b6ef0df3347c8c47c1ab6630b5a5f2,DATA_INCOMPLETE_GAP
DATA_INCOMPLETE_GAP,SEEK_RETEST,110463e2980f461a80f1c0fbbec8d575c297ca09e9133f37e73a5948789655b0,,,,2022-07-28T01:00:00,2022-07-27T23:00:00,2022-07-28T01:00:00,,110463e2980f461a80f1c0fbbec8d575c297ca09e9133f37e73a5948789655b0,DATA_INCOMPLETE_GAP
DATA_INCOMPLETE_GAP,SEEK_RETEST,11490747b77369ae13f980bc9285e38a8859e5bcce5f19391cd1cc559383fe2f,,,,2022-10-20T01:00:00,2022-10-19T23:00:00,2022-10-20T01:00:00,,11490747b77369ae13f980bc9285e38a8859e5bcce5f19391cd1cc559383fe2f,DATA_INCOMPLETE_GAP
DATA_INCOMPLETE_GAP,SEEK_RETEST,11fd55711692cb2e30f9540cc58eb0ca95f46f87dd5d6c44d7e65b4850731acf,,,,2020-01-16T01:00:00,2020-01-15T23:00:00,2020-01-16T01:00:00,,11fd55711692cb2e30f9540cc58eb0ca95f46f87dd5d6c44d7e65b4850731acf,DATA_INCOMPLETE_GAP
DATA_INCOMPLETE_GAP,SEEK_RETEST,1277224263bc634661d1a37afead3b1f244ac6ad8e4c342f327a77c29fa53082,,,,2020-06-11T01:00:00,2020-06-10T23:00:00,2020-06-11T01:00:00,,1277224263bc634661d1a37afead3b1f244ac6ad8e4c342f327a77c29fa53082,DATA_INCOMPLETE_GAP
DATA_INCOMPLETE_GAP,SEEK_RETEST,13bb655981451547a3a7c78edda5b784f6be580d0b4a504048b7b96aba64aa3c,,,,2022-01-14T01:00:00,2022-01-13T23:00:00,2022-01-14T01:00:00,,13bb655981451547a3a7c78edda5b784f6be580d0b4a504048b7b96aba64aa3c,DATA_INCOMPLETE_GAP
DATA_INCOMPLETE_GAP,SEEK_RETEST,14680495bcdb7a79e654ab95cc814b6195c1358ecc1889d5ae69646393e37a57,,,,2021-03-31T01:00:00,2021-03-30T23:00:00,2021-03-31T01:00:00,,14680495bcdb7a79e654ab95cc814b6195c1358ecc1889d5ae69646393e37a57,DATA_INCOMPLETE_GAP
DATA_INCOMPLETE_GAP,SEEK_RETEST,15a65899d24dd85fd5b7eea74b2ed4c04a2a4f539abcbafec2065a38f072a460,,,,2020-09-16T01:00:00,2020-09-15T23:00:00,2020-09-16T01:00:00,,15a65899d24dd85fd5b7eea74b2ed4c04a2a4f539abcbafec2065a38f072a460,DATA_INCOMPLETE_GAP
DATA_INCOMPLETE_GAP,SEEK_RETEST,174e5af7e45f22dd7ebfa1de1378b6f0bdf14d4a598a67ee398ad2bf960a1062,,,,2020-08-14T01:00:00,2020-08-13T23:00:00,2020-08-14T01:00:00,,174e5af7e45f22dd7ebfa1de1378b6f0bdf14d4a598a67ee398ad2bf960a1062,DATA_INCOMPLETE_GAP
DATA_INCOMPLETE_GAP,SEEK_RETEST,176617dd842c19751431562687e2d1d9afc138dd1a3cbe7719e07368bbe4e302,,,,2020-09-25T01:00:00,2020-09-24T23:00:00,2020-09-25T01:00:00,,176617dd842c19751431562687e2d1d9afc138dd1a3cbe7719e07368bbe4e302,DATA_INCOMPLETE_GAP
DATA_INCOMPLETE_GAP,SEEK_RETEST,17b75107db79af72d6b615cb6d3289f1d484db767ad6307f6a208b87ee426ce3,,,,2021-11-30T01:00:00,2021-11-29T23:00:00,2021-11-30T01:00:00,,17b75107db79af72d6b615cb6d3289f1d484db767ad6307f6a208b87ee426ce3,DATA_INCOMPLETE_GAP
DATA_INCOMPLETE_GAP,SEEK_RETEST,181009ffbfd145f0335aff67bd99282bf50d04c1ada5a5e81d3b5ef89227749d,,,,2022-02-17T01:00:00,2022-02-16T23:00:00,2022-02-17T01:00:00,,181009ffbfd145f0335aff67bd99282bf50d04c1ada5a5e81d3b5ef89227749d,DATA_INCOMPLETE_GAP
DATA_INCOMPLETE_GAP,SEEK_RETEST,184eb6c818fc924ebcdcd5978d0e2c09e07bcc6e57fe1fdc64daedd61f1c9f5d,,,,2021-04-13T01:00:00,2021-04-12T23:00:00,2021-04-13T01:00:00,,184eb6c818fc924ebcdcd5978d0e2c09e07bcc6e57fe1fdc64daedd61f1c9f5d,DATA_INCOMPLETE_GAP
DATA_INCOMPLETE_GAP,SEEK_RETEST,1982a079fb35c8ff8aae4b88c547750bf403869504eb52cc63ab416f8bdace7a,,,,2021-02-17T01:00:00,2021-02-16T23:00:00,2021-02-17T01:00:00,,1982a079fb35c8ff8aae4b88c547750bf403869504eb52cc63ab416f8bdace7a,DATA_INCOMPLETE_GAP
DATA_INCOMPLETE_GAP,SEEK_RETEST,1a0810939133cafd85dca7219ab4ef94cdf2d7de94daf58195b8104dfc7ae6ae,,,,2020-09-02T01:00:00,2020-09-01T23:00:00,2020-09-02T01:00:00,,1a0810939133cafd85dca7219ab4ef94cdf2d7de94daf58195b8104dfc7ae6ae,DATA_INCOMPLETE_GAP
DATA_INCOMPLETE_GAP,SEEK_RETEST,1a203630fe5a4889073b5562f3545b95b3eb15af35b9746b6e4fe0115a186aa9,,,,2022-08-31T01:00:00,2022-08-30T23:00:00,2022-08-31T01:00:00,,1a203630fe5a4889073b5562f3545b95b3eb15af35b9746b6e4fe0115a186aa9,DATA_INCOMPLETE_GAP
DATA_INCOMPLETE_GAP,SEEK_RETEST,1a23140f7291beb8cd10e800bb2bfbe6bf7d1a9e83f4415bfcb911120bf8ad0a,,,,2020-11-20T01:00:00,2020-11-19T23:00:00,2020-11-20T01:00:00,,1a23140f7291beb8cd10e800bb2bfbe6bf7d1a9e83f4415bfcb911120bf8ad0a,DATA_INCOMPLETE_GAP
DATA_INCOMPLETE_GAP,SEEK_RETEST,1b25068e3234717f6091ebb65d43eb8469d95b2222296da606184052bf282863,,,,2021-11-05T00:00:00,2021-11-04T22:00:00,2021-11-05T00:00:00,,1b25068e3234717f6091ebb65d43eb8469d95b2222296da606184052bf282863,DATA_INCOMPLETE_GAP
DATA_INCOMPLETE_GAP,SEEK_RETEST,1b3ef2604b7d3b94bb4b7c22657d25a78fa29b1db86993857470b59b4b46267b,,,,2022-01-25T01:00:00,2022-01-24T23:00:00,2022-01-25T01:00:00,,1b3ef2604b7d3b94bb4b7c22657d25a78fa29b1db86993857470b59b4b46267b,DATA_INCOMPLETE_GAP
DATA_INCOMPLETE_GAP,SEEK_RETEST,1ce0590128d1f7b67f6af3df984770a1f58ccae4a43b86b371228d1208653913,,,,2020-05-15T01:00:00,2020-05-14T23:00:00,2020-05-15T01:00:00,,1ce0590128d1f7b67f6af3df984770a1f58ccae4a43b86b371228d1208653913,DATA_INCOMPLETE_GAP
DATA_INCOMPLETE_GAP,SEEK_RETEST,1d9c618d3568074d3b107f3668311f502a58a82c57e6df87124868321a3e9ef2,,,,2021-01-15T01:00:00,2021-01-14T23:00:00,2021-01-15T01:00:00,,1d9c618d3568074d3b107f3668311f502a58a82c57e6df87124868321a3e9ef2,DATA_INCOMPLETE_GAP
DATA_INCOMPLETE_GAP,SEEK_RETEST,1e458a028d6f156ff899083282499f92d9262b841d790ccb53a2e669adc43860,,,,2021-05-04T01:00:00,2021-05-03T23:00:00,2021-05-04T01:00:00,,1e458a028d6f156ff899083282499f92d9262b841d790ccb53a2e669adc43860,DATA_INCOMPLETE_GAP
DATA_INCOMPLETE_GAP,SEEK_RETEST,20091830e5ccaa05ae36ea399dd00d372c9d355aa7f6d5f69e80483ec32c2c1e,,,,2021-06-09T01:00:00,2021-06-08T23:00:00,2021-06-09T01:00:00,,20091830e5ccaa05ae36ea399dd00d372c9d355aa7f6d5f69e80483ec32c2c1e,DATA_INCOMPLETE_GAP
DATA_INCOMPLETE_GAP,SEEK_RETEST,20838eff60fd397cf5f5f12f291aa2c3686a096254bee03e3c16e94153a69901,,,,2021-06-03T01:00:00,2021-06-02T23:00:00,2021-06-03T01:00:00,,20838eff60fd397cf5f5f12f291aa2c3686a096254bee03e3c16e94153a69901,DATA_INCOMPLETE_GAP
DATA_INCOMPLETE_GAP,SEEK_RETEST,20b553a0ee10dca68b0797db3eec79b8f401316326d3de334e17e1a14f1d872a,,,,2022-08-05T01:00:00,2022-08-04T23:00:00,2022-08-05T01:00:00,,20b553a0ee10dca68b0797db3eec79b8f401316326d3de334e17e1a14f1d872a,DATA_INCOMPLETE_GAP
DATA_INCOMPLETE_GAP,SEEK_RETEST,226c773e632a87313e8623a22616c331e7008cc3a0ba2e1b5b4b37ee2a14e796,,,,2022-06-15T01:00:00,2022-06-14T23:00:00,2022-06-15T01:00:00,,226c773e632a87313e8623a22616c331e7008cc3a0ba2e1b5b4b37ee2a14e796,DATA_INCOMPLETE_GAP
DATA_INCOMPLETE_GAP,SEEK_RETEST,23a952f96acc7174fb8eb0f2330d3f5a4476475d202e9cd0b8610dda7e36eb8d,,,,2022-09-09T01:00:00,2022-09-08T23:00:00,2022-09-09T01:00:00,,23a952f96acc7174fb8eb0f2330d3f5a4476475d202e9cd0b8610dda7e36eb8d,DATA_INCOMPLETE_GAP
DATA_INCOMPLETE_GAP,SEEK_RETEST,23bc2e4a92abcac656c5c8708ccb1bee627da73c2e2cafd5933e32af2fec3b2d,,,,2020-09-10T01:00:00,2020-09-09T23:00:00,2020-09-10T01:00:00,,23bc2e4a92abcac656c5c8708ccb1bee627da73c2e2cafd5933e32af2fec3b2d,DATA_INCOMPLETE_GAP
DATA_INCOMPLETE_GAP,SEEK_RETEST,23e9c01ca1ba14d83826034867c8adb6438c5ca8aac5bdcddac6c7fb015ad8be,,,,2020-05-22T01:00:00,2020-05-21T23:00:00,2020-05-22T01:00:00,,23e9c01ca1ba14d83826034867c8adb6438c5ca8aac5bdcddac6c7fb015ad8be,DATA_INCOMPLETE_GAP
DATA_INCOMPLETE_GAP,SEEK_RETEST,240f4d4ff306f5a537dcfe9759bc5f8181e12d8a4cf031b7781dc576c42e7989,,,,2021-05-20T01:00:00,2021-05-19T23:00:00,2021-05-20T01:00:00,,240f4d4ff306f5a537dcfe9759bc5f8181e12d8a4cf031b7781dc576c42e7989,DATA_INCOMPLETE_GAP
DATA_INCOMPLETE_GAP,SEEK_RETEST,24210ef2aa1d37b7ecf26e3b82e2579d693da128ab605fda0425121f211e236f,,,,2021-06-24T01:00:00,2021-06-23T23:00:00,2021-06-24T01:00:00,,24210ef2aa1d37b7ecf26e3b82e2579d693da128ab605fda0425121f211e236f,DATA_INCOMPLETE_GAP
DATA_INCOMPLETE_GAP,SEEK_RETEST,2439fc44f02e05841607bb6518f9c38782eea05636023cf31677e6dbea59f226,,,,2020-03-12T00:00:00,2020-03-11T22:00:00,2020-03-12T00:00:00,,2439fc44f02e05841607bb6518f9c38782eea05636023cf31677e6dbea59f226,DATA_INCOMPLETE_GAP
DATA_INCOMPLETE_GAP,SEEK_RETEST,25a6e371e0fc8be7dfa594c208bd43eaae2a2c78491463ffa5d3725e207bb14c,,,,2021-03-12T01:00:00,2021-03-11T23:00:00,2021-03-12T01:00:00,,25a6e371e0fc8be7dfa594c208bd43eaae2a2c78491463ffa5d3725e207bb14c,DATA_INCOMPLETE_GAP
DATA_INCOMPLETE_GAP,SEEK_RETEST,27a5a9b19deafe0f54703f0981497464cc6863913d5edcb6c1908567a4183fa5,,,,2021-01-13T01:00:00,2021-01-12T23:00:00,2021-01-13T01:00:00,,27a5a9b19deafe0f54703f0981497464cc6863913d5edcb6c1908567a4183fa5,DATA_INCOMPLETE_GAP
DATA_INCOMPLETE_GAP,SEEK_RETEST,28d14b2a0422f0f0277628caad0fcc5794906071385f734b42159d925b8fe6dc,,,,2021-09-08T01:00:00,2021-09-07T23:00:00,2021-09-08T01:00:00,,28d14b2a0422f0f0277628caad0fcc5794906071385f734b42159d925b8fe6dc,DATA_INCOMPLETE_GAP
DATA_INCOMPLETE_GAP,SEEK_RETEST,297461c5ca517d7d0b86d741170bad6bed12334f11ff9739ecc1f839025673bd,,,,2022-03-01T01:00:00,2022-02-28T23:00:00,2022-03-01T01:00:00,,297461c5ca517d7d0b86d741170bad6bed12334f11ff9739ecc1f839025673bd,DATA_INCOMPLETE_GAP
DATA_INCOMPLETE_GAP,SEEK_RETEST,2af7d70b7c0f5d12b1d482f6df8b53388f39a3dfaaf36b86727ee68484cd5029,,,,2020-11-18T01:00:00,2020-11-17T23:00:00,2020-11-18T01:00:00,,2af7d70b7c0f5d12b1d482f6df8b53388f39a3dfaaf36b86727ee68484cd5029,DATA_INCOMPLETE_GAP
DATA_INCOMPLETE_GAP,SEEK_RETEST,2b0b3ebcb2cd46a210a16834fb30cb8b8b27c7a3bf3dad7dde0bee8100033b64,,,,2020-10-13T01:00:00,2020-10-12T23:00:00,2020-10-13T01:00:00,,2b0b3ebcb2cd46a210a16834fb30cb8b8b27c7a3bf3dad7dde0bee8100033b64,DATA_INCOMPLETE_GAP
DATA_INCOMPLETE_GAP,SEEK_RETEST,2b37ed2745a2855a0ee8a86ecf7b4aa92ff362d1f98397ef059d4328ceab61da,,,,2020-05-27T01:00:00,2020-05-26T23:00:00,2020-05-27T01:00:00,,2b37ed2745a2855a0ee8a86ecf7b4aa92ff362d1f98397ef059d4328ceab61da,DATA_INCOMPLETE_GAP
DATA_INCOMPLETE_GAP,SEEK_RETEST,2b420decaf24541fac06d765b403daadf5359ab7862c3a2f890b78df7403bde9,,,,2022-08-10T01:00:00,2022-08-09T23:00:00,2022-08-10T01:00:00,,2b420decaf24541fac06d765b403daadf5359ab7862c3a2f890b78df7403bde9,DATA_INCOMPLETE_GAP
DATA_INCOMPLETE_GAP,SEEK_RETEST,2b4a1075040a9faa2d0d2da22f2141e278f2a6a3c3211d655cbc560bcce7eba1,,,,2021-02-19T01:00:00,2021-02-18T23:00:00,2021-02-19T01:00:00,,2b4a1075040a9faa2d0d2da22f2141e278f2a6a3c3211d655cbc560bcce7eba1,DATA_INCOMPLETE_GAP
DATA_INCOMPLETE_GAP,SEEK_RETEST,2b9d90229cb615edcc011a24d7b691ff307e88ff0752fdf52bc1b3d6f16e6fef,,,,2020-10-06T01:00:00,2020-10-05T23:00:00,2020-10-06T01:00:00,,2b9d90229cb615edcc011a24d7b691ff307e88ff0752fdf52bc1b3d6f16e6fef,DATA_INCOMPLETE_GAP
DATA_INCOMPLETE_GAP,SEEK_RETEST,2bdf2a3eacf6ada94ebb54beff5f02ff62e3005c1c0a62478c7538de46660a30,,,,2020-03-11T00:00:00,2020-03-10T22:00:00,2020-03-11T00:00:00,,2bdf2a3eacf6ada94ebb54beff5f02ff62e3005c1c0a62478c7538de46660a30,DATA_INCOMPLETE_GAP
DATA_INCOMPLETE_GAP,SEEK_RETEST,2c1a661f084038805b41622f8def9938ba14a57b803f51ee9a7a2926ee979ded,,,,2022-05-18T01:00:00,2022-05-17T23:00:00,2022-05-18T01:00:00,,2c1a661f084038805b41622f8def9938ba14a57b803f51ee9a7a2926ee979ded,DATA_INCOMPLETE_GAP
DATA_INCOMPLETE_GAP,SEEK_RETEST,2cdb8b4dc5185626117bae0603d1715da07225de9bf09e646aed005d253d647f,,,,2020-10-21T01:00:00,2020-10-20T23:00:00,2020-10-21T01:00:00,,2cdb8b4dc5185626117bae0603d1715da07225de9bf09e646aed005d253d647f,DATA_INCOMPLETE_GAP
DATA_INCOMPLETE_GAP,SEEK_RETEST,2da176859f07fe9271d684c2b47fee7f3356b24168255f8dfdbedf312b26626e,,,,2022-01-21T01:00:00,2022-01-20T23:00:00,2022-01-21T01:00:00,,2da176859f07fe9271d684c2b47fee7f3356b24168255f8dfdbedf312b26626e,DATA_INCOMPLETE_GAP
DATA_INCOMPLETE_GAP,SEEK_RETEST,2dff901d6c2351fd08f6f7e8be8c2433a3535f6c31134a053e33d6802f40756f,,,,2022-08-09T01:00:00,2022-08-08T23:00:00,2022-08-09T01:00:00,,2dff901d6c2351fd08f6f7e8be8c2433a3535f6c31134a053e33d6802f40756f,DATA_INCOMPLETE_GAP
DATA_INCOMPLETE_GAP,SEEK_RETEST,2e0442d11b5899e0c60c6ad7d32e98fb939f31e72b6dad3ecae58a9e48f857e9,,,,2022-12-15T01:00:00,2022-12-14T23:00:00,2022-12-15T01:00:00,,2e0442d11b5899e0c60c6ad7d32e98fb939f31e72b6dad3ecae58a9e48f857e9,DATA_INCOMPLETE_GAP
DATA_INCOMPLETE_GAP,SEEK_RETEST,2e265717ef06d20694c9c0a5cde6f513a9cb6f1c681d4212de521ad34120b492,,,,2022-03-29T01:00:00,2022-03-28T23:00:00,2022-03-29T01:00:00,,2e265717ef06d20694c9c0a5cde6f513a9cb6f1c681d4212de521ad34120b492,DATA_INCOMPLETE_GAP
DATA_INCOMPLETE_GAP,SEEK_RETEST,2e8868b50adb461af8e7d0e47d2ad7c9afd2042c14cbe90b1d514728b63abdf1,,,,2022-05-10T01:00:00,2022-05-09T23:00:00,2022-05-10T01:00:00,,2e8868b50adb461af8e7d0e47d2ad7c9afd2042c14cbe90b1d514728b63abdf1,DATA_INCOMPLETE_GAP
DATA_INCOMPLETE_GAP,SEEK_RETEST,2f447b93341600effe56c7b76dae1bdebf4fce96137d0d86eb4389775d3d2a22,,,,2021-10-01T01:00:00,2021-09-30T23:00:00,2021-10-01T01:00:00,,2f447b93341600effe56c7b76dae1bdebf4fce96137d0d86eb4389775d3d2a22,DATA_INCOMPLETE_GAP
DATA_INCOMPLETE_GAP,SEEK_RETEST,2f8210e71a271aa8953317baf98dc01331c60d7721355d5940f5f18d6af15d8b,,,,2020-04-28T01:00:00,2020-04-27T23:00:00,2020-04-28T01:00:00,,2f8210e71a271aa8953317baf98dc01331c60d7721355d5940f5f18d6af15d8b,DATA_INCOMPLETE_GAP
DATA_INCOMPLETE_GAP,SEEK_RETEST,2fd4a4b397b272aa6079187f0a51283fe07c62a0fb35bf9243055fdf72e44687,,,,2020-10-07T01:00:00,2020-10-06T23:00:00,2020-10-07T01:00:00,,2fd4a4b397b272aa6079187f0a51283fe07c62a0fb35bf9243055fdf72e44687,DATA_INCOMPLETE_GAP
DATA_INCOMPLETE_GAP,SEEK_RETEST,3042160e355b26e5268f2c12f87a1eb1c756f4d8d79062d7e13b8adcd828cdbe,,,,2021-04-14T01:00:00,2021-04-13T23:00:00,2021-04-14T01:00:00,,3042160e355b26e5268f2c12f87a1eb1c756f4d8d79062d7e13b8adcd828cdbe,DATA_INCOMPLETE_GAP
DATA_INCOMPLETE_GAP,SEEK_RETEST,307f523608208eafb3f8140f4d92718ddb37295f571af6884a93b75717d896e2,,,,2022-07-13T01:00:00,2022-07-12T23:00:00,2022-07-13T01:00:00,,307f523608208eafb3f8140f4d92718ddb37295f571af6884a93b75717d896e2,DATA_INCOMPLETE_GAP
DATA_INCOMPLETE_GAP,SEEK_RETEST,32133cbb79e56a36b9921154c1d853bb0de9646337c556795381c2021b4b81fa,,,,2022-01-05T01:00:00,2022-01-04T23:00:00,2022-01-05T01:00:00,,32133cbb79e56a36b9921154c1d853bb0de9646337c556795381c2021b4b81fa,DATA_INCOMPLETE_GAP
DATA_INCOMPLETE_GAP,SEEK_RETEST,33047ed216f5bb76ecf4e9bbcdfd889614df9ce2589bc3f13f92c5f549f67e37,,,,2022-12-28T01:00:00,2022-12-27T23:00:00,2022-12-28T01:00:00,,33047ed216f5bb76ecf4e9bbcdfd889614df9ce2589bc3f13f92c5f549f67e37,DATA_INCOMPLETE_GAP
DATA_INCOMPLETE_GAP,SEEK_RETEST,3382fce088ae05d65b2c5fead230eeeb4dfb3606e51f9156d59efc4d82bccdac,,,,2022-04-21T01:00:00,2022-04-20T23:00:00,2022-04-21T01:00:00,,3382fce088ae05d65b2c5fead230eeeb4dfb3606e51f9156d59efc4d82bccdac,DATA_INCOMPLETE_GAP
DATA_INCOMPLETE_GAP,SEEK_RETEST,339dca03723bab4068dd9941c50647117ecad58907c5bcda1044b666cf385f83,,,,2020-12-23T01:00:00,2020-12-22T23:00:00,2020-12-23T01:00:00,,339dca03723bab4068dd9941c50647117ecad58907c5bcda1044b666cf385f83,DATA_INCOMPLETE_GAP
DATA_INCOMPLETE_GAP,SEEK_RETEST,345da2d3f059933d11c4a47ad386421d6f11618b00583468bab19973780a1b3e,,,,2022-03-23T00:00:00,2022-03-22T22:00:00,2022-03-23T00:00:00,,345da2d3f059933d11c4a47ad386421d6f11618b00583468bab19973780a1b3e,DATA_INCOMPLETE_GAP
DATA_INCOMPLETE_GAP,SEEK_RETEST,3469bd360f523969795b659d37cbb3f2db7cff4de47d3b4676095cf9505767a2,,,,2022-09-08T01:00:00,2022-09-07T23:00:00,2022-09-08T01:00:00,,3469bd360f523969795b659d37cbb3f2db7cff4de47d3b4676095cf9505767a2,DATA_INCOMPLETE_GAP
DATA_INCOMPLETE_GAP,SEEK_RETEST,358bc7645dc47303dd8860a82296ff5f48f3e88990c1c73439f940312fa6539b,,,,2021-02-05T01:00:00,2021-02-04T23:00:00,2021-02-05T01:00:00,,358bc7645dc47303dd8860a82296ff5f48f3e88990c1c73439f940312fa6539b,DATA_INCOMPLETE_GAP
DATA_INCOMPLETE_GAP,SEEK_RETEST,359673dabb157c57fbec564d9bfbc96496913b0bac3ec3bcbcd0d9844f273b1a,,,,2022-04-29T01:00:00,2022-04-28T23:00:00,2022-04-29T01:00:00,,359673dabb157c57fbec564d9bfbc96496913b0bac3ec3bcbcd0d9844f273b1a,DATA_INCOMPLETE_GAP
DATA_INCOMPLETE_GAP,SEEK_RETEST,36896a4a11e15bdd0380703637cbcf00bb7b2055ea1e51b2f0a8060524db3236,,,,2021-04-27T01:00:00,2021-04-26T23:00:00,2021-04-27T01:00:00,,36896a4a11e15bdd0380703637cbcf00bb7b2055ea1e51b2f0a8060524db3236,DATA_INCOMPLETE_GAP
DATA_INCOMPLETE_GAP,SEEK_RETEST,3746168db7c545924fa45037e22500f8f268470565cfc3c975eefd364e09fd1e,,,,2022-02-24T01:00:00,2022-02-23T23:00:00,2022-02-24T01:00:00,,3746168db7c545924fa45037e22500f8f268470565cfc3c975eefd364e09fd1e,DATA_INCOMPLETE_GAP
DATA_INCOMPLETE_GAP,SEEK_RETEST,374f02c1f5b3a499ffffb13137fe9fbdce012c0b71a71a70ad61e03d77446907,,,,2022-04-14T01:00:00,2022-04-13T23:00:00,2022-04-14T01:00:00,,374f02c1f5b3a499ffffb13137fe9fbdce012c0b71a71a70ad61e03d77446907,DATA_INCOMPLETE_GAP
DATA_INCOMPLETE_GAP,SEEK_RETEST,38e5f2209c2a7e17fd8ec7c14a38f62d02b6782922bf399129b65724086cddb7,,,,2022-10-26T01:00:00,2022-10-25T23:00:00,2022-10-26T01:00:00,,38e5f2209c2a7e17fd8ec7c14a38f62d02b6782922bf399129b65724086cddb7,DATA_INCOMPLETE_GAP
DATA_INCOMPLETE_GAP,SEEK_RETEST,3950804432dc39c8827b685adc7681c9febde78e787682c314ef780c8ab069d1,,,,2022-07-12T01:00:00,2022-07-11T23:00:00,2022-07-12T01:00:00,,3950804432dc39c8827b685adc7681c9febde78e787682c314ef780c8ab069d1,DATA_INCOMPLETE_GAP
DATA_INCOMPLETE_GAP,SEEK_RETEST,3971b66778a64d08c076eb19f88dfb609df128162f22cad2587024b6e01e896c,,,,2022-09-14T01:00:00,2022-09-13T23:00:00,2022-09-14T01:00:00,,3971b66778a64d08c076eb19f88dfb609df128162f22cad2587024b6e01e896c,DATA_INCOMPLETE_GAP
DATA_INCOMPLETE_GAP,SEEK_RETEST,398c2b7346ff9bf2e4f7519ccc30da6a2e4b5db4f3eabf0dfb271e01135ef8ea,,,,2022-07-01T01:00:00,2022-06-30T23:00:00,2022-07-01T01:00:00,,398c2b7346ff9bf2e4f7519ccc30da6a2e4b5db4f3eabf0dfb271e01135ef8ea,DATA_INCOMPLETE_GAP
DATA_INCOMPLETE_GAP,SEEK_RETEST,3a4aa0862010aa20f219f2f1696fda2f6ce5a1e6b449da4a3e3782db7445482a,,,,2020-09-08T01:00:00,2020-09-07T19:00:00,2020-09-08T01:00:00,,3a4aa0862010aa20f219f2f1696fda2f6ce5a1e6b449da4a3e3782db7445482a,DATA_INCOMPLETE_GAP
DATA_INCOMPLETE_GAP,SEEK_RETEST,3b14445e0642b4f8d327751fe72c4b707637019c4945da2b57d9b7dac530d2d1,,,,2020-12-17T01:00:00,2020-12-16T23:00:00,2020-12-17T01:00:00,,3b14445e0642b4f8d327751fe72c4b707637019c4945da2b57d9b7dac530d2d1,DATA_INCOMPLETE_GAP
DATA_INCOMPLETE_GAP,SEEK_RETEST,3bb635a5e06cfa69dbd8be0bb7c0a36ffd945966a5d5821168494954691d7e9b,,,,2022-02-22T01:00:00,2022-02-21T21:00:00,2022-02-22T01:00:00,,3bb635a5e06cfa69dbd8be0bb7c0a36ffd945966a5d5821168494954691d7e9b,DATA_INCOMPLETE_GAP
DATA_INCOMPLETE_GAP,SEEK_RETEST,3bbca3782692a226e2d02969a9b725c2f03af96ff338bcf956d4b7f2790d7240,,,,2020-07-23T01:00:00,2020-07-22T23:00:00,2020-07-23T01:00:00,,3bbca3782692a226e2d02969a9b725c2f03af96ff338bcf956d4b7f2790d7240,DATA_INCOMPLETE_GAP
DATA_INCOMPLETE_GAP,SEEK_RETEST,3c8c159d1521663c15258e3bc8b89409b6f8410ed0f2a2f68aab389071cd9152,,,,2022-02-18T01:00:00,2022-02-17T23:00:00,2022-02-18T01:00:00,,3c8c159d1521663c15258e3bc8b89409b6f8410ed0f2a2f68aab389071cd9152,DATA_INCOMPLETE_GAP
DATA_INCOMPLETE_GAP,SEEK_RETEST,3d61a2dbb92abe0fec33545fe34390b6beed215c6cfdac2ac6b241b0d38983de,,,,2020-01-08T01:00:00,2020-01-07T23:00:00,2020-01-08T01:00:00,,3d61a2dbb92abe0fec33545fe34390b6beed215c6cfdac2ac6b241b0d38983de,DATA_INCOMPLETE_GAP
DATA_INCOMPLETE_GAP,SEEK_RETEST,3d6a05bfaa1b7976e9a3ba16633ded23029d4b4172dc9c1d305bdfe0f8f21a35,,,,2022-10-12T01:00:00,2022-10-11T23:00:00,2022-10-12T01:00:00,,3d6a05bfaa1b7976e9a3ba16633ded23029d4b4172dc9c1d305bdfe0f8f21a35,DATA_INCOMPLETE_GAP
DATA_INCOMPLETE_GAP,SEEK_RETEST,3e3787abc07c882ac2b4cc6ffe233007bda81f64200f985f3de3d015f7e777ac,,,,2020-06-03T01:00:00,2020-06-02T23:00:00,2020-06-03T01:00:00,,3e3787abc07c882ac2b4cc6ffe233007bda81f64200f985f3de3d015f7e777ac,DATA_INCOMPLETE_GAP
DATA_INCOMPLETE_GAP,SEEK_RETEST,3ead0b22275c2199436055792d45b293c034cf870dfd76caf81b2523bbee5574,,,,2020-04-30T01:00:00,2020-04-29T23:00:00,2020-04-30T01:00:00,,3ead0b22275c2199436055792d45b293c034cf870dfd76caf81b2523bbee5574,DATA_INCOMPLETE_GAP
DATA_INCOMPLETE_GAP,SEEK_RETEST,40ea0c81f192806d36e2f432c677a4fa5825e186ac94ae7a16c3775d9ddacf9d,,,,2021-08-24T01:00:00,2021-08-23T23:00:00,2021-08-24T01:00:00,,40ea0c81f192806d36e2f432c677a4fa5825e186ac94ae7a16c3775d9ddacf9d,DATA_INCOMPLETE_GAP
DATA_INCOMPLETE_GAP,SEEK_RETEST,419dab76b44af23c75954811ef43855c05c526cfed8beaa3ac9bca05f45ae356,,,,2021-12-07T01:00:00,2021-12-06T23:00:00,2021-12-07T01:00:00,,419dab76b44af23c75954811ef43855c05c526cfed8beaa3ac9bca05f45ae356,DATA_INCOMPLETE_GAP
DATA_INCOMPLETE_GAP,SEEK_RETEST,41e3f926aece400b82f43f19a76e07f149eb51979c54e776b563d9b6495a41c8,,,,2021-12-16T01:00:00,2021-12-15T23:00:00,2021-12-16T01:00:00,,41e3f926aece400b82f43f19a76e07f149eb51979c54e776b563d9b6495a41c8,DATA_INCOMPLETE_GAP
DATA_INCOMPLETE_GAP,SEEK_RETEST,42011514ee4474f394e0a41f4a7b1ed292c17fdfd3f00577e58dafae1b00a768,,,,2020-08-20T01:00:00,2020-08-19T23:00:00,2020-08-20T01:00:00,,42011514ee4474f394e0a41f4a7b1ed292c17fdfd3f00577e58dafae1b00a768,DATA_INCOMPLETE_GAP
DATA_INCOMPLETE_GAP,SEEK_RETEST,421d6acd4edcb762ccf5e8a18b502940fa7950f64c966d968603a244074c6480,,,,2020-06-05T01:00:00,2020-06-04T23:00:00,2020-06-05T01:00:00,,421d6acd4edcb762ccf5e8a18b502940fa7950f64c966d968603a244074c6480,DATA_INCOMPLETE_GAP
DATA_INCOMPLETE_GAP,SEEK_RETEST,426aad4de6134666e0758d90108f2ba7c9020f6f32d1536cefaa68f0f6b89c26,,,,2022-08-03T01:00:00,2022-08-02T23:00:00,2022-08-03T01:00:00,,426aad4de6134666e0758d90108f2ba7c9020f6f32d1536cefaa68f0f6b89c26,DATA_INCOMPLETE_GAP
DATA_INCOMPLETE_GAP,SEEK_RETEST,4285761ccb500cabde4da51829fe5021664ebe877de24ff48344fb8d4ef689b0,,,,2022-12-23T01:00:00,2022-12-22T23:00:00,2022-12-23T01:00:00,,4285761ccb500cabde4da51829fe5021664ebe877de24ff48344fb8d4ef689b0,DATA_INCOMPLETE_GAP
DATA_INCOMPLETE_GAP,SEEK_RETEST,4373485fb304fcee672e0007b2af4b39f76d626614fb4efc4967feb0d16af773,,,,2022-06-14T01:00:00,2022-06-13T23:00:00,2022-06-14T01:00:00,,4373485fb304fcee672e0007b2af4b39f76d626614fb4efc4967feb0d16af773,DATA_INCOMPLETE_GAP
DATA_INCOMPLETE_GAP,SEEK_RETEST,444a5777e666c60fef712adbb528ba755fc0f8d27caa90174ea8df33251fa76a,,,,2022-05-17T01:00:00,2022-05-16T23:00:00,2022-05-17T01:00:00,,444a5777e666c60fef712adbb528ba755fc0f8d27caa90174ea8df33251fa76a,DATA_INCOMPLETE_GAP
DATA_INCOMPLETE_GAP,SEEK_RETEST,44598b7290bb304db7a2aeb3c453f80f98c131c55c9e427f11a50ec7df132dec,,,,2020-08-19T01:00:00,2020-08-18T23:00:00,2020-08-19T01:00:00,,44598b7290bb304db7a2aeb3c453f80f98c131c55c9e427f11a50ec7df132dec,DATA_INCOMPLETE_GAP
DATA_INCOMPLETE_GAP,SEEK_RETEST,46b8e3cbfc3b92e0157e39b524a0557920e886c9f6d45d4ac1fec3406a8f1e8d,,,,2022-06-17T01:00:00,2022-06-16T23:00:00,2022-06-17T01:00:00,,46b8e3cbfc3b92e0157e39b524a0557920e886c9f6d45d4ac1fec3406a8f1e8d,DATA_INCOMPLETE_GAP
DATA_INCOMPLETE_GAP,SEEK_RETEST,48c821aa1e1a262cec63c0099f3bd8454fab67671a476b5f264f96cdc4db1565,,,,2021-06-17T01:00:00,2021-06-16T23:00:00,2021-06-17T01:00:00,,48c821aa1e1a262cec63c0099f3bd8454fab67671a476b5f264f96cdc4db1565,DATA_INCOMPLETE_GAP
DATA_INCOMPLETE_GAP,SEEK_RETEST,48cf8ba45abec13e2a09393e927a1b18fcba313acc2131f6f0da90e5e9e191b7,,,,2020-04-30T01:00:00,2020-04-29T23:00:00,2020-04-30T01:00:00,,48cf8ba45abec13e2a09393e927a1b18fcba313acc2131f6f0da90e5e9e191b7,DATA_INCOMPLETE_GAP
DATA_INCOMPLETE_GAP,SEEK_RETEST,497593e45474e7ed0b3ead5b17707c3dfe7cad2f6632b0647e825e9465ede287,,,,2022-12-01T01:00:00,2022-11-30T23:00:00,2022-12-01T01:00:00,,497593e45474e7ed0b3ead5b17707c3dfe7cad2f6632b0647e825e9465ede287,DATA_INCOMPLETE_GAP
DATA_INCOMPLETE_GAP,SEEK_RETEST,4a3806d0f69fd46830201358a37243d7bcd96506bd90f84b6a4d48d9796025f8,,,,2021-01-14T01:00:00,2021-01-13T23:00:00,2021-01-14T01:00:00,,4a3806d0f69fd46830201358a37243d7bcd96506bd90f84b6a4d48d9796025f8,DATA_INCOMPLETE_GAP
DATA_INCOMPLETE_GAP,SEEK_RETEST,4b1c6b0d0c21780cc2dd4af3e55d3cca6c59def4c1b9bdd04e3e94c119a6b487,,,,2020-10-27T00:00:00,2020-10-26T22:00:00,2020-10-27T00:00:00,,4b1c6b0d0c21780cc2dd4af3e55d3cca6c59def4c1b9bdd04e3e94c119a6b487,DATA_INCOMPLETE_GAP
DATA_INCOMPLETE_GAP,SEEK_RETEST,4c2d8ddf863892870951a13ef22e90cdedf96612879a7a9ff3cf65d44c47e5cc,,,,2021-12-02T01:00:00,2021-12-01T23:00:00,2021-12-02T01:00:00,,4c2d8ddf863892870951a13ef22e90cdedf96612879a7a9ff3cf65d44c47e5cc,DATA_INCOMPLETE_GAP
DATA_INCOMPLETE_GAP,SEEK_RETEST,4c570592b841c153303f83c169bffdbc13e74150b775b0c3107181662f784515,,,,2020-07-15T01:00:00,2020-07-14T23:00:00,2020-07-15T01:00:00,,4c570592b841c153303f83c169bffdbc13e74150b775b0c3107181662f784515,DATA_INCOMPLETE_GAP
DATA_INCOMPLETE_GAP,SEEK_RETEST,4ecff0cfd3b409cf344ee1353ed7a96d41b5a75c2e3f252e1c1fe9c718ba3b9d,,,,2020-03-13T00:00:00,2020-03-12T22:00:00,2020-03-13T00:00:00,,4ecff0cfd3b409cf344ee1353ed7a96d41b5a75c2e3f252e1c1fe9c718ba3b9d,DATA_INCOMPLETE_GAP
DATA_INCOMPLETE_GAP,SEEK_RETEST,4f950f3ca3bb6ec87b6bf8ea4f85470e56988e9d1c20c5a6de8accd91ec5a5ec,,,,2021-12-15T01:00:00,2021-12-14T23:00:00,2021-12-15T01:00:00,,4f950f3ca3bb6ec87b6bf8ea4f85470e56988e9d1c20c5a6de8accd91ec5a5ec,DATA_INCOMPLETE_GAP
DATA_INCOMPLETE_GAP,SEEK_RETEST,4fce3d1ad37b3c83d19f6a0218c444eaa4c33972f16e60b65edfeedd39829b08,,,,2021-10-20T01:00:00,2021-10-19T23:00:00,2021-10-20T01:00:00,,4fce3d1ad37b3c83d19f6a0218c444eaa4c33972f16e60b65edfeedd39829b08,DATA_INCOMPLETE_GAP
DATA_INCOMPLETE_GAP,SEEK_RETEST,50e7b0d11a7a14051659f34b77bee195b829d312720ccebeedc3c2405d4a4ed8,,,,2022-09-15T01:00:00,2022-09-14T23:00:00,2022-09-15T01:00:00,,50e7b0d11a7a14051659f34b77bee195b829d312720ccebeedc3c2405d4a4ed8,DATA_INCOMPLETE_GAP
DATA_INCOMPLETE_GAP,SEEK_RETEST,5193b1dc6f4b40ee19f280d3623de9dde577f59d9f95ddfeeafa5d69e458d9b3,,,,2022-05-06T01:00:00,2022-05-05T23:00:00,2022-05-06T01:00:00,,5193b1dc6f4b40ee19f280d3623de9dde577f59d9f95ddfeeafa5d69e458d9b3,DATA_INCOMPLETE_GAP
DATA_INCOMPLETE_GAP,SEEK_RETEST,51ffbf4629ffa1b1e35be6c4b6004a2fc4024eb29b968364fa0346563fb29338,,,,2020-03-17T00:00:00,2020-03-16T22:00:00,2020-03-17T00:00:00,,51ffbf4629ffa1b1e35be6c4b6004a2fc4024eb29b968364fa0346563fb29338,DATA_INCOMPLETE_GAP
DATA_INCOMPLETE_GAP,SEEK_RETEST,526bbc2c55378e0946104c410eeb1cd65d5626e0aa98ed08555ad92f95ec7190,,,,2020-01-09T01:00:00,2020-01-08T23:00:00,2020-01-09T01:00:00,,526bbc2c55378e0946104c410eeb1cd65d5626e0aa98ed08555ad92f95ec7190,DATA_INCOMPLETE_GAP
DATA_INCOMPLETE_GAP,SEEK_RETEST,52be3a18fb29fdc9dcb0c08c5948794a131924d8fca7fcfb27de6d3dab05f74a,,,,2021-03-24T00:00:00,2021-03-23T22:00:00,2021-03-24T00:00:00,,52be3a18fb29fdc9dcb0c08c5948794a131924d8fca7fcfb27de6d3dab05f74a,DATA_INCOMPLETE_GAP
DATA_INCOMPLETE_GAP,SEEK_RETEST,534a6c36c142526fb723a8c334aa6ebc65f2b288ba85cf84baa958ff62a2f3ca,,,,2022-09-27T01:00:00,2022-09-26T23:00:00,2022-09-27T01:00:00,,534a6c36c142526fb723a8c334aa6ebc65f2b288ba85cf84baa958ff62a2f3ca,DATA_INCOMPLETE_GAP
DATA_INCOMPLETE_GAP,SEEK_RETEST,5353e16e8b373c5af2b71b7d340eab1dbcdcca6cf11a0fd32492e72f07190d2a,,,,2022-08-24T01:00:00,2022-08-23T23:00:00,2022-08-24T01:00:00,,5353e16e8b373c5af2b71b7d340eab1dbcdcca6cf11a0fd32492e72f07190d2a,DATA_INCOMPLETE_GAP
DATA_INCOMPLETE_GAP,SEEK_RETEST,5564ef91b6e49e4c8765a35bc5f94dade90d7a9918c53e0dcfa359877b8ae223,,,,2020-09-15T01:00:00,2020-09-14T23:00:00,2020-09-15T01:00:00,,5564ef91b6e49e4c8765a35bc5f94dade90d7a9918c53e0dcfa359877b8ae223,DATA_INCOMPLETE_GAP
DATA_INCOMPLETE_GAP,SEEK_RETEST,556945fc5a6c2d8e851ac618f18b83c42f0b2c97a0c882465d36558918715898,,,,2021-03-30T01:00:00,2021-03-29T23:00:00,2021-03-30T01:00:00,,556945fc5a6c2d8e851ac618f18b83c42f0b2c97a0c882465d36558918715898,DATA_INCOMPLETE_GAP
DATA_INCOMPLETE_GAP,SEEK_RETEST,57184f78c05968a2305e5496045f89ee57f43a04923288a4a8a74f6bcf2e2af0,,,,2020-09-24T01:00:00,2020-09-23T23:00:00,2020-09-24T01:00:00,,57184f78c05968a2305e5496045f89ee57f43a04923288a4a8a74f6bcf2e2af0,DATA_INCOMPLETE_GAP
DATA_INCOMPLETE_GAP,SEEK_RETEST,5929ba9c47066c2169653949244e65a546a9ad13d72dac1a90c4bce2aee63b47,,,,2022-07-22T01:00:00,2022-07-21T23:00:00,2022-07-22T01:00:00,,5929ba9c47066c2169653949244e65a546a9ad13d72dac1a90c4bce2aee63b47,DATA_INCOMPLETE_GAP
DATA_INCOMPLETE_GAP,SEEK_RETEST,5985a05481ef2c6d4e0bcec440ec2bdd98de65eb04dece965d9086019a026cb9,,,,2020-02-18T01:00:00,2020-02-17T19:00:00,2020-02-18T01:00:00,,5985a05481ef2c6d4e0bcec440ec2bdd98de65eb04dece965d9086019a026cb9,DATA_INCOMPLETE_GAP
DATA_INCOMPLETE_GAP,SEEK_RETEST,5a3142cbf079b27c57c01c9819b67571631c00900a37e0dc621c873232b3e143,,,,2021-07-06T01:00:00,2021-07-05T19:00:00,2021-07-06T01:00:00,,5a3142cbf079b27c57c01c9819b67571631c00900a37e0dc621c873232b3e143,DATA_INCOMPLETE_GAP
DATA_INCOMPLETE_GAP,SEEK_RETEST,5a679656f56aa451c26b5988a680983c28f4c63c970924f40a39966862c6ff4d,,,,2022-09-16T01:00:00,2022-09-15T23:00:00,2022-09-16T01:00:00,,5a679656f56aa451c26b5988a680983c28f4c63c970924f40a39966862c6ff4d,DATA_INCOMPLETE_GAP
DATA_INCOMPLETE_GAP,SEEK_RETEST,5a7ea21ed997e1b5aa7779e45a937d20a3bf47f70d3aab0fdf99b07418d31754,,,,2022-05-11T01:00:00,2022-05-10T23:00:00,2022-05-11T01:00:00,,5a7ea21ed997e1b5aa7779e45a937d20a3bf47f70d3aab0fdf99b07418d31754,DATA_INCOMPLETE_GAP
DATA_INCOMPLETE_GAP,SEEK_RETEST,5bf3c1120646dee96543e8f0c2217f146fa3966bbfecfc3704f09ceca6da878b,,,,2022-07-19T01:00:00,2022-07-18T23:00:00,2022-07-19T01:00:00,,5bf3c1120646dee96543e8f0c2217f146fa3966bbfecfc3704f09ceca6da878b,DATA_INCOMPLETE_GAP
DATA_INCOMPLETE_GAP,SEEK_RETEST,5c1a0f8b9a91663f318bffc903878673b188f4b18908a33d34080b52ff02efdc,,,,2021-05-18T01:00:00,2021-05-17T23:00:00,2021-05-18T01:00:00,,5c1a0f8b9a91663f318bffc903878673b188f4b18908a33d34080b52ff02efdc,DATA_INCOMPLETE_GAP
DATA_INCOMPLETE_GAP,SEEK_RETEST,5cf4cb8377c614b50f61bdfe7925182e90037271774bb96c267f97207147bbf8,,,,2022-06-22T01:00:00,2022-06-21T23:00:00,2022-06-22T01:00:00,,5cf4cb8377c614b50f61bdfe7925182e90037271774bb96c267f97207147bbf8,DATA_INCOMPLETE_GAP
DATA_INCOMPLETE_GAP,SEEK_RETEST,5da26b9f0d290922f5ab8fa02b76e286ee3807aa09d2d726d9dc7aa7c1e49a78,,,,2022-11-15T01:00:00,2022-11-14T23:00:00,2022-11-15T01:00:00,,5da26b9f0d290922f5ab8fa02b76e286ee3807aa09d2d726d9dc7aa7c1e49a78,DATA_INCOMPLETE_GAP
DATA_INCOMPLETE_GAP,SEEK_RETEST,5f47de7a8b7205d5d3c63004a8052f3b189ee64d3c9c6a15db419f7711f818af,,,,2020-11-27T01:00:00,2020-11-26T19:00:00,2020-11-27T01:00:00,,5f47de7a8b7205d5d3c63004a8052f3b189ee64d3c9c6a15db419f7711f818af,DATA_INCOMPLETE_GAP
DATA_INCOMPLETE_GAP,SEEK_RETEST,60a1979c5d32028be97386b03f3d3a60f11063ad464174c2d032693acdb0f75e,,,,2022-02-10T01:00:00,2022-02-09T23:00:00,2022-02-10T01:00:00,,60a1979c5d32028be97386b03f3d3a60f11063ad464174c2d032693acdb0f75e,DATA_INCOMPLETE_GAP
DATA_INCOMPLETE_GAP,SEEK_RETEST,6137c1999f3f70707b392f177a9d004332b4eb9f910c7e67bcb75cfc2fdab6fe,,,,2020-08-26T01:00:00,2020-08-25T23:00:00,2020-08-26T01:00:00,,6137c1999f3f70707b392f177a9d004332b4eb9f910c7e67bcb75cfc2fdab6fe,DATA_INCOMPLETE_GAP
DATA_INCOMPLETE_GAP,SEEK_RETEST,61b770ba174aea9aa9addd76fc86cc0a45472d89977c493c3a521bad4be78ab0,,,,2022-12-08T01:00:00,2022-12-07T23:00:00,2022-12-08T01:00:00,,61b770ba174aea9aa9addd76fc86cc0a45472d89977c493c3a521bad4be78ab0,DATA_INCOMPLETE_GAP
DATA_INCOMPLETE_GAP,SEEK_RETEST,61df2d7fc1d48581ca449d4b63dc0d584d6693f1dd40b4dcb18f8b87fddf7840,,,,2022-12-22T01:00:00,2022-12-21T23:00:00,2022-12-22T01:00:00,,61df2d7fc1d48581ca449d4b63dc0d584d6693f1dd40b4dcb18f8b87fddf7840,DATA_INCOMPLETE_GAP
DATA_INCOMPLETE_GAP,SEEK_RETEST,62355bed2c5a902f2a25cdafa84cda5c8680ad8c872a9e8c2e097b757f0e6c01,,,,2020-08-05T01:00:00,2020-08-04T23:00:00,2020-08-05T01:00:00,,62355bed2c5a902f2a25cdafa84cda5c8680ad8c872a9e8c2e097b757f0e6c01,DATA_INCOMPLETE_GAP
DATA_INCOMPLETE_GAP,SEEK_RETEST,62c77692a36d26bc3eb79f01a925b3a9a95e25652b753b4a172e7a46c90a8e61,,,,2021-07-23T01:00:00,2021-07-22T23:00:00,2021-07-23T01:00:00,,62c77692a36d26bc3eb79f01a925b3a9a95e25652b753b4a172e7a46c90a8e61,DATA_INCOMPLETE_GAP
DATA_INCOMPLETE_GAP,SEEK_RETEST,63005f3401280cf37a0935824fcce3b45b2d842fbeeee781c373a4c7f75dac21,,,,2022-07-14T01:00:00,2022-07-13T23:00:00,2022-07-14T01:00:00,,63005f3401280cf37a0935824fcce3b45b2d842fbeeee781c373a4c7f75dac21,DATA_INCOMPLETE_GAP
DATA_INCOMPLETE_GAP,SEEK_RETEST,640498f63068e3ad9832a405d5a10cd0e89566d7e2abbcdcac9ffdb487a5b154,,,,2021-07-30T01:00:00,2021-07-29T23:00:00,2021-07-30T01:00:00,,640498f63068e3ad9832a405d5a10cd0e89566d7e2abbcdcac9ffdb487a5b154,DATA_INCOMPLETE_GAP
DATA_INCOMPLETE_GAP,SEEK_RETEST,64fd4792c090a1b0bf34e4aa2c93e63404ad40743f3897995faec970e7be48fd,,,,2021-07-13T01:00:00,2021-07-12T23:00:00,2021-07-13T01:00:00,,64fd4792c090a1b0bf34e4aa2c93e63404ad40743f3897995faec970e7be48fd,DATA_INCOMPLETE_GAP
DATA_INCOMPLETE_GAP,SEEK_RETEST,652de5c06bddaf25cbd164a3843afcaa0c423c18116e2c61f1d6774b9ff3bd2a,,,,2020-11-05T01:00:00,2020-11-04T23:00:00,2020-11-05T01:00:00,,652de5c06bddaf25cbd164a3843afcaa0c423c18116e2c61f1d6774b9ff3bd2a,DATA_INCOMPLETE_GAP
DATA_INCOMPLETE_GAP,SEEK_RETEST,6702f0453a947bbb486571256f3359c08e0c319d39f2d1f40fbca1ede79d3191,,,,2021-09-14T01:00:00,2021-09-13T23:00:00,2021-09-14T01:00:00,,6702f0453a947bbb486571256f3359c08e0c319d39f2d1f40fbca1ede79d3191,DATA_INCOMPLETE_GAP
DATA_INCOMPLETE_GAP,SEEK_RETEST,6a7828fd790adc32676b65fb2afe73b03dc162d94af8b485c2d200779129643c,,,,2021-06-09T01:00:00,2021-06-08T23:00:00,2021-06-09T01:00:00,,6a7828fd790adc32676b65fb2afe73b03dc162d94af8b485c2d200779129643c,DATA_INCOMPLETE_GAP
DATA_INCOMPLETE_GAP,SEEK_RETEST,6c6539ae00b294ee0dc4606b7e6e4f79069d1b359df3f6dc4ca21c7027edf075,,,,2021-03-19T00:00:00,2021-03-18T22:00:00,2021-03-19T00:00:00,,6c6539ae00b294ee0dc4606b7e6e4f79069d1b359df3f6dc4ca21c7027edf075,DATA_INCOMPLETE_GAP
DATA_INCOMPLETE_GAP,SEEK_RETEST,6c917eb1c692ad152efd9a53af7773e0d17591734873e718cb3967f6491605f6,,,,2020-02-05T01:00:00,2020-02-04T23:00:00,2020-02-05T01:00:00,,6c917eb1c692ad152efd9a53af7773e0d17591734873e718cb3967f6491605f6,DATA_INCOMPLETE_GAP
DATA_INCOMPLETE_GAP,SEEK_RETEST,6d11c893a5d9936bbbaf87a75a7a9fe7f1bfc73063bff2e445b6ebc6b4a131b3,,,,2020-02-28T01:00:00,2020-02-27T23:00:00,2020-02-28T01:00:00,,6d11c893a5d9936bbbaf87a75a7a9fe7f1bfc73063bff2e445b6ebc6b4a131b3,DATA_INCOMPLETE_GAP
DATA_INCOMPLETE_GAP,SEEK_RETEST,6de6f2f721f4b7f2240632e8239eb5755840bc7b8527f0f9b4d8beab2eddb8e2,,,,2020-06-04T01:00:00,2020-06-03T23:00:00,2020-06-04T01:00:00,,6de6f2f721f4b7f2240632e8239eb5755840bc7b8527f0f9b4d8beab2eddb8e2,DATA_INCOMPLETE_GAP
DATA_INCOMPLETE_GAP,SEEK_RETEST,6e2577e3ed5425161179c1be2fa94f3888ac43fe4ff9d61ff316cbeb7580dd4d,,,,2020-12-09T01:00:00,2020-12-08T23:00:00,2020-12-09T01:00:00,,6e2577e3ed5425161179c1be2fa94f3888ac43fe4ff9d61ff316cbeb7580dd4d,DATA_INCOMPLETE_GAP
DATA_INCOMPLETE_GAP,SEEK_RETEST,6fdc64c6673d9426adad79e7d93490bfc1404f6b7e8911be4902f17b12771f15,,,,2022-06-01T01:00:00,2022-05-31T23:00:00,2022-06-01T01:00:00,,6fdc64c6673d9426adad79e7d93490bfc1404f6b7e8911be4902f17b12771f15,DATA_INCOMPLETE_GAP
DATA_INCOMPLETE_GAP,SEEK_RETEST,6fdd02047f4720d1ddf81b51fb161459e4ab4f78f1bdcba1454cafa1b75578e8,,,,2022-10-13T01:00:00,2022-10-12T23:00:00,2022-10-13T01:00:00,,6fdd02047f4720d1ddf81b51fb161459e4ab4f78f1bdcba1454cafa1b75578e8,DATA_INCOMPLETE_GAP
DATA_INCOMPLETE_GAP,SEEK_RETEST,701b0b825ca6b8423d31276c38f5fd3792dcde81e3c5a9a523303b28f12676f3,,,,2020-04-14T01:00:00,2020-04-13T23:00:00,2020-04-14T01:00:00,,701b0b825ca6b8423d31276c38f5fd3792dcde81e3c5a9a523303b28f12676f3,DATA_INCOMPLETE_GAP
DATA_INCOMPLETE_GAP,SEEK_RETEST,714f549019e34f603a642c09c15ab6767da6defd78d8e5ee8c0b1def0c695a7c,,,,2021-08-25T01:00:00,2021-08-24T23:00:00,2021-08-25T01:00:00,,714f549019e34f603a642c09c15ab6767da6defd78d8e5ee8c0b1def0c695a7c,DATA_INCOMPLETE_GAP
DATA_INCOMPLETE_GAP,SEEK_RETEST,72202325b347d2f4217e73f84ace23869877392b984b6efb0b507592f452c8ea,,,,2021-04-21T01:00:00,2021-04-20T23:00:00,2021-04-21T01:00:00,,72202325b347d2f4217e73f84ace23869877392b984b6efb0b507592f452c8ea,DATA_INCOMPLETE_GAP
DATA_INCOMPLETE_GAP,SEEK_RETEST,74e22099763702c62738b1648ca98cea2d98afa96d77e122494b42dad7eb5cad,,,,2021-10-26T01:00:00,2021-10-25T23:00:00,2021-10-26T01:00:00,,74e22099763702c62738b1648ca98cea2d98afa96d77e122494b42dad7eb5cad,DATA_INCOMPLETE_GAP
DATA_INCOMPLETE_GAP,SEEK_RETEST,74f9b5e16ecabc44814667a4285033d15226795a24b9e6d8188ca03a8139fb11,,,,2020-12-04T01:00:00,2020-12-03T23:00:00,2020-12-04T01:00:00,,74f9b5e16ecabc44814667a4285033d15226795a24b9e6d8188ca03a8139fb11,DATA_INCOMPLETE_GAP
DATA_INCOMPLETE_GAP,SEEK_RETEST,76a04447fbc8c6b5f58632c1f1474bfb2774039d64af9514b0907a604893783c,,,,2020-03-31T01:00:00,2020-03-30T23:00:00,2020-03-31T01:00:00,,76a04447fbc8c6b5f58632c1f1474bfb2774039d64af9514b0907a604893783c,DATA_INCOMPLETE_GAP
DATA_INCOMPLETE_GAP,SEEK_RETEST,76a3d6fd6c0b54389fb6d471ec50455a6d3aaa029d6d1c72bdc36dc5e6f7b3ce,,,,2021-01-07T01:00:00,2021-01-06T23:00:00,2021-01-07T01:00:00,,76a3d6fd6c0b54389fb6d471ec50455a6d3aaa029d6d1c72bdc36dc5e6f7b3ce,DATA_INCOMPLETE_GAP
DATA_INCOMPLETE_GAP,SEEK_RETEST,7a5369649b4ec6126217c767e804f3f6b725e0ac2a169012711a2ed17bfcd124,,,,2021-05-12T01:00:00,2021-05-11T23:00:00,2021-05-12T01:00:00,,7a5369649b4ec6126217c767e804f3f6b725e0ac2a169012711a2ed17bfcd124,DATA_INCOMPLETE_GAP
DATA_INCOMPLETE_GAP,SEEK_RETEST,7b6a4f4d21327525700a8504fb2ba4cadeeb7a8fc69d8253a08f352e47e5e64d,,,,2022-12-30T01:00:00,2022-12-29T23:00:00,2022-12-30T01:00:00,,7b6a4f4d21327525700a8504fb2ba4cadeeb7a8fc69d8253a08f352e47e5e64d,DATA_INCOMPLETE_GAP
DATA_INCOMPLETE_GAP,SEEK_RETEST,7bfa2a204181c81577dd1e080a7a49156d88d0215652a4956815d9f1fd8f58d8,,,,2022-11-01T00:00:00,2022-10-31T22:00:00,2022-11-01T00:00:00,,7bfa2a204181c81577dd1e080a7a49156d88d0215652a4956815d9f1fd8f58d8,DATA_INCOMPLETE_GAP
DATA_INCOMPLETE_GAP,SEEK_RETEST,7cab418bb533f2ae9096f5a9912a0d25920709faf861abe05576463332fc21a1,,,,2020-12-18T01:00:00,2020-12-17T23:00:00,2020-12-18T01:00:00,,7cab418bb533f2ae9096f5a9912a0d25920709faf861abe05576463332fc21a1,DATA_INCOMPLETE_GAP
DATA_INCOMPLETE_GAP,SEEK_RETEST,7ced108829cd5470d8db7e91ac517434277c4b4f0f92a1aef3a6c9b086d6ab8f,,,,2021-07-14T01:00:00,2021-07-13T23:00:00,2021-07-14T01:00:00,,7ced108829cd5470d8db7e91ac517434277c4b4f0f92a1aef3a6c9b086d6ab8f,DATA_INCOMPLETE_GAP
DATA_INCOMPLETE_GAP,SEEK_RETEST,7d39f316879a32b326cd0820a95feadd67471fccfbca7ad81762f59e183b7ea9,,,,2021-01-22T01:00:00,2021-01-21T23:00:00,2021-01-22T01:00:00,,7d39f316879a32b326cd0820a95feadd67471fccfbca7ad81762f59e183b7ea9,DATA_INCOMPLETE_GAP
DATA_INCOMPLETE_GAP,SEEK_RETEST,7d7787056e463de52faa1e8ca83d6659e660e24630022653a61acc26d83cc9a2,,,,2021-03-25T00:00:00,2021-03-24T22:00:00,2021-03-25T00:00:00,,7d7787056e463de52faa1e8ca83d6659e660e24630022653a61acc26d83cc9a2,DATA_INCOMPLETE_GAP
DATA_INCOMPLETE_GAP,SEEK_RETEST,7f55dd49277189f1cf99c5920524e74131af52c3ac02c8191d6634e6d4999dfe,,,,2022-05-24T01:00:00,2022-05-23T23:00:00,2022-05-24T01:00:00,,7f55dd49277189f1cf99c5920524e74131af52c3ac02c8191d6634e6d4999dfe,DATA_INCOMPLETE_GAP
DATA_INCOMPLETE_GAP,SEEK_RETEST,7f60455433431537a6f0ba7e50ffba2535384ddbf522c8722a4bc20ac8b6f7c8,,,,2021-08-18T01:00:00,2021-08-17T23:00:00,2021-08-18T01:00:00,,7f60455433431537a6f0ba7e50ffba2535384ddbf522c8722a4bc20ac8b6f7c8,DATA_INCOMPLETE_GAP
DATA_INCOMPLETE_GAP,SEEK_RETEST,810e2abef2a909f8ae8b9d7cbd16b7438ee5c522675d237e33545967fc00a9f6,,,,2021-08-13T01:00:00,2021-08-12T23:00:00,2021-08-13T01:00:00,,810e2abef2a909f8ae8b9d7cbd16b7438ee5c522675d237e33545967fc00a9f6,DATA_INCOMPLETE_GAP
DATA_INCOMPLETE_GAP,SEEK_RETEST,82b741c8d5511488ffafd791f131d0626d03806cf0fed071cbc0bb3378784168,,,,2022-12-22T01:00:00,2022-12-21T23:00:00,2022-12-22T01:00:00,,82b741c8d5511488ffafd791f131d0626d03806cf0fed071cbc0bb3378784168,DATA_INCOMPLETE_GAP
DATA_INCOMPLETE_GAP,SEEK_RETEST,833f69486c6c88e836b42db822e7af146fde054c667816e28ded0a849b66fe71,,,,2021-10-22T01:00:00,2021-10-21T23:00:00,2021-10-22T01:00:00,,833f69486c6c88e836b42db822e7af146fde054c667816e28ded0a849b66fe71,DATA_INCOMPLETE_GAP
DATA_INCOMPLETE_GAP,SEEK_RETEST,8389d20b4cde38397698d72a4cb6932c69054cb530aff65cd68a379bf0af4b91,,,,2021-11-04T00:00:00,2021-11-03T22:00:00,2021-11-04T00:00:00,,8389d20b4cde38397698d72a4cb6932c69054cb530aff65cd68a379bf0af4b91,DATA_INCOMPLETE_GAP
DATA_INCOMPLETE_GAP,SEEK_RETEST,84847b4987220fa1ee44b62df4d7f77a1c8621a571c114f5958012e0a1b36027,,,,2020-08-27T01:00:00,2020-08-26T23:00:00,2020-08-27T01:00:00,,84847b4987220fa1ee44b62df4d7f77a1c8621a571c114f5958012e0a1b36027,DATA_INCOMPLETE_GAP
DATA_INCOMPLETE_GAP,SEEK_RETEST,857e1d99004732a31d262335be0c3b6fb77babef7011e48bc3d7b552977c02fd,,,,2022-05-06T01:00:00,2022-05-05T23:00:00,2022-05-06T01:00:00,,857e1d99004732a31d262335be0c3b6fb77babef7011e48bc3d7b552977c02fd,DATA_INCOMPLETE_GAP
DATA_INCOMPLETE_GAP,SEEK_RETEST,85d032e9e331effbcd1bcec78d65d2074e43811c6b626d86a026c1683c03f8ec,,,,2020-07-08T01:00:00,2020-07-07T23:00:00,2020-07-08T01:00:00,,85d032e9e331effbcd1bcec78d65d2074e43811c6b626d86a026c1683c03f8ec,DATA_INCOMPLETE_GAP
DATA_INCOMPLETE_GAP,SEEK_RETEST,8738e66c97fd56cf8c52b4f42b4758cbf8cba12a00bf09340c4f6933ed68e8c7,,,,2020-02-13T01:00:00,2020-02-12T23:00:00,2020-02-13T01:00:00,,8738e66c97fd56cf8c52b4f42b4758cbf8cba12a00bf09340c4f6933ed68e8c7,DATA_INCOMPLETE_GAP
DATA_INCOMPLETE_GAP,SEEK_RETEST,882a46eb7c66c555cbd4a3971f1b098539f84c27df1ab322af9740ef69956a41,,,,2020-08-11T01:00:00,2020-08-10T23:00:00,2020-08-11T01:00:00,,882a46eb7c66c555cbd4a3971f1b098539f84c27df1ab322af9740ef69956a41,DATA_INCOMPLETE_GAP
DATA_INCOMPLETE_GAP,SEEK_RETEST,882fc41273d7b3f4dded5f65b5a7df6e8764296b6af5fd734a4c7d7b695d83fe,,,,2022-07-27T01:00:00,2022-07-26T23:00:00,2022-07-27T01:00:00,,882fc41273d7b3f4dded5f65b5a7df6e8764296b6af5fd734a4c7d7b695d83fe,DATA_INCOMPLETE_GAP
DATA_INCOMPLETE_GAP,SEEK_RETEST,88aefa1875b62733eeea6c37e84f854a64fca0f099e5e372b04c8b789ce4c272,,,,2020-02-11T01:00:00,2020-02-10T23:00:00,2020-02-11T01:00:00,,88aefa1875b62733eeea6c37e84f854a64fca0f099e5e372b04c8b789ce4c272,DATA_INCOMPLETE_GAP
DATA_INCOMPLETE_GAP,SEEK_RETEST,88d38589ff88cf637798d0e76f54cabad0034cae436b2ca8b1fe1b440a076862,,,,2020-11-13T01:00:00,2020-11-12T23:00:00,2020-11-13T01:00:00,,88d38589ff88cf637798d0e76f54cabad0034cae436b2ca8b1fe1b440a076862,DATA_INCOMPLETE_GAP
DATA_INCOMPLETE_GAP,SEEK_RETEST,8976d8c0a24e59dd18888d7671179fd48da503b96f2364fc91d72ddf5be9593b,,,,2020-05-28T01:00:00,2020-05-27T23:00:00,2020-05-28T01:00:00,,8976d8c0a24e59dd18888d7671179fd48da503b96f2364fc91d72ddf5be9593b,DATA_INCOMPLETE_GAP
DATA_INCOMPLETE_GAP,SEEK_RETEST,8b00c32a0c3625fa03c1f16ec0bb7e6803f1e9a76f9d8a7fcc094101beeda7da,,,,2020-11-10T01:00:00,2020-11-09T23:00:00,2020-11-10T01:00:00,,8b00c32a0c3625fa03c1f16ec0bb7e6803f1e9a76f9d8a7fcc094101beeda7da,DATA_INCOMPLETE_GAP
DATA_INCOMPLETE_GAP,SEEK_RETEST,8cbb3e4a43e29d4db671239ff3a5a3c346e2ebdba0f1b0241d0b1c9358c05da9,,,,2020-07-29T01:00:00,2020-07-28T23:00:00,2020-07-29T01:00:00,,8cbb3e4a43e29d4db671239ff3a5a3c346e2ebdba0f1b0241d0b1c9358c05da9,DATA_INCOMPLETE_GAP
DATA_INCOMPLETE_GAP,SEEK_RETEST,8cfea9de554e82d54d0534a6f3637e93c2235f3826a9cd3eb97c2fc8803c27cd,,,,2021-09-03T01:00:00,2021-09-02T23:00:00,2021-09-03T01:00:00,,8cfea9de554e82d54d0534a6f3637e93c2235f3826a9cd3eb97c2fc8803c27cd,DATA_INCOMPLETE_GAP
DATA_INCOMPLETE_GAP,SEEK_RETEST,8d929030831c94c7d34cc61c8413db10398c0facc29b90f3fbb646fa86bff619,,,,2022-08-12T01:00:00,2022-08-11T23:00:00,2022-08-12T01:00:00,,8d929030831c94c7d34cc61c8413db10398c0facc29b90f3fbb646fa86bff619,DATA_INCOMPLETE_GAP
DATA_INCOMPLETE_GAP,SEEK_RETEST,8e5417a126582cace17bdfc8f9cb4dd359ed671efa2952ed0d555c1c399f6a31,,,,2020-02-25T01:00:00,2020-02-24T23:00:00,2020-02-25T01:00:00,,8e5417a126582cace17bdfc8f9cb4dd359ed671efa2952ed0d555c1c399f6a31,DATA_INCOMPLETE_GAP
DATA_INCOMPLETE_GAP,SEEK_RETEST,8ee5f028aeaa155578af977469cfe892c9e37a560065e12f7f05cd8f8ff74292,,,,2022-03-17T00:00:00,2022-03-16T22:00:00,2022-03-17T00:00:00,,8ee5f028aeaa155578af977469cfe892c9e37a560065e12f7f05cd8f8ff74292,DATA_INCOMPLETE_GAP
DATA_INCOMPLETE_GAP,SEEK_RETEST,8f6552b52319b53188bb2eed759b089c23602ec8e1322cece535d9c69d438881,,,,2021-05-13T01:00:00,2021-05-12T23:00:00,2021-05-13T01:00:00,,8f6552b52319b53188bb2eed759b089c23602ec8e1322cece535d9c69d438881,DATA_INCOMPLETE_GAP
DATA_INCOMPLETE_GAP,SEEK_RETEST,8fb0937770ab4e159106b06fc233972a4d2ab1a609afbeda4adccfb4db2f6bf0,,,,2021-05-13T01:00:00,2021-05-12T23:00:00,2021-05-13T01:00:00,,8fb0937770ab4e159106b06fc233972a4d2ab1a609afbeda4adccfb4db2f6bf0,DATA_INCOMPLETE_GAP
DATA_INCOMPLETE_GAP,SEEK_RETEST,8fc3a97ed1eb24879972ffc84873c4c1b7e0e2f5a278bdbe1384bb4dacadd007,,,,2021-04-22T01:00:00,2021-04-21T23:00:00,2021-04-22T01:00:00,,8fc3a97ed1eb24879972ffc84873c4c1b7e0e2f5a278bdbe1384bb4dacadd007,DATA_INCOMPLETE_GAP
DATA_INCOMPLETE_GAP,SEEK_RETEST,9045bb830ab13a1666b401b7d11f178de32bfda3f803e9115873df9ac446de04,,,,2021-09-23T01:00:00,2021-09-22T23:00:00,2021-09-23T01:00:00,,9045bb830ab13a1666b401b7d11f178de32bfda3f803e9115873df9ac446de04,DATA_INCOMPLETE_GAP
DATA_INCOMPLETE_GAP,SEEK_RETEST,90aa9adbe87960bb9387cf134c2e11b00858f2aeeb855ed14b0c145def8aa403,,,,2020-09-09T01:00:00,2020-09-08T23:00:00,2020-09-09T01:00:00,,90aa9adbe87960bb9387cf134c2e11b00858f2aeeb855ed14b0c145def8aa403,DATA_INCOMPLETE_GAP
DATA_INCOMPLETE_GAP,SEEK_RETEST,915f5c5fe120053c68808368f21671fbb9bf3e072817d374d5f8204e7c7da426,,,,2022-04-19T01:00:00,2022-04-18T23:00:00,2022-04-19T01:00:00,,915f5c5fe120053c68808368f21671fbb9bf3e072817d374d5f8204e7c7da426,DATA_INCOMPLETE_GAP
DATA_INCOMPLETE_GAP,SEEK_RETEST,9334c41b92b164bce18e5ae3665fc126f84104fff75ade66aeb3dfc1741ed7a5,,,,2021-08-31T01:00:00,2021-08-30T23:00:00,2021-08-31T01:00:00,,9334c41b92b164bce18e5ae3665fc126f84104fff75ade66aeb3dfc1741ed7a5,DATA_INCOMPLETE_GAP
DATA_INCOMPLETE_GAP,SEEK_RETEST,9451a98ef7350a3f6a6daca142728bfd4f90e831b0fc8d35fcdabd67c3af8e33,,,,2021-05-26T01:00:00,2021-05-25T23:00:00,2021-05-26T01:00:00,,9451a98ef7350a3f6a6daca142728bfd4f90e831b0fc8d35fcdabd67c3af8e33,DATA_INCOMPLETE_GAP
DATA_INCOMPLETE_GAP,SEEK_RETEST,946e7d66e9f39f6ed8c72da6d2b44002b8239d622b94096e8567f684b1e4e7bd,,,,2020-07-10T01:00:00,2020-07-09T23:00:00,2020-07-10T01:00:00,,946e7d66e9f39f6ed8c72da6d2b44002b8239d622b94096e8567f684b1e4e7bd,DATA_INCOMPLETE_GAP
DATA_INCOMPLETE_GAP,SEEK_RETEST,94bd9bd7ad1c3c0abc6b80b3c7260db0082c8a9e73c84df0bbd01bf951184c9e,,,,2021-04-29T01:00:00,2021-04-28T23:00:00,2021-04-29T01:00:00,,94bd9bd7ad1c3c0abc6b80b3c7260db0082c8a9e73c84df0bbd01bf951184c9e,DATA_INCOMPLETE_GAP
DATA_INCOMPLETE_GAP,SEEK_RETEST,9514c553ed44472b88a101f5418fe0a47a83f1a4d90ea4e27c6b0db0ce66f09b,,,,2022-01-06T01:00:00,2022-01-05T23:00:00,2022-01-06T01:00:00,,9514c553ed44472b88a101f5418fe0a47a83f1a4d90ea4e27c6b0db0ce66f09b,DATA_INCOMPLETE_GAP
DATA_INCOMPLETE_GAP,SEEK_RETEST,95db78e731869209460bf46d3c830b38d2eeab35b270a5b274f48093eabc3d08,,,,2021-05-07T01:00:00,2021-05-06T23:00:00,2021-05-07T01:00:00,,95db78e731869209460bf46d3c830b38d2eeab35b270a5b274f48093eabc3d08,DATA_INCOMPLETE_GAP
DATA_INCOMPLETE_GAP,SEEK_RETEST,975acb5adda1ac1d1d8173ca2316d75c5dce2b8b59c920604c6b841191896bf1,,,,2020-08-28T01:00:00,2020-08-27T23:00:00,2020-08-28T01:00:00,,975acb5adda1ac1d1d8173ca2316d75c5dce2b8b59c920604c6b841191896bf1,DATA_INCOMPLETE_GAP
DATA_INCOMPLETE_GAP,SEEK_RETEST,98f9ebcbb846552ca282aa519ea5c04c33644dbf83b617a670fc34652bad21ca,,,,2021-11-11T01:00:00,2021-11-10T23:00:00,2021-11-11T01:00:00,,98f9ebcbb846552ca282aa519ea5c04c33644dbf83b617a670fc34652bad21ca,DATA_INCOMPLETE_GAP
DATA_INCOMPLETE_GAP,SEEK_RETEST,9bcfa6079f74f727418120d837c3e70230fc70f6c563b581e56a9dfe53676ef4,,,,2022-02-15T01:00:00,2022-02-14T23:00:00,2022-02-15T01:00:00,,9bcfa6079f74f727418120d837c3e70230fc70f6c563b581e56a9dfe53676ef4,DATA_INCOMPLETE_GAP
DATA_INCOMPLETE_GAP,SEEK_RETEST,9c393fc818880ad4ddb459ac7a0379b5dace219a937d567b2c8c79eff38752df,,,,2021-09-03T01:00:00,2021-09-02T23:00:00,2021-09-03T01:00:00,,9c393fc818880ad4ddb459ac7a0379b5dace219a937d567b2c8c79eff38752df,DATA_INCOMPLETE_GAP
DATA_INCOMPLETE_GAP,SEEK_RETEST,9d9c3fe73bf3a8132f944d56e70bcdac026d17413b22a308e6e87437c23e9cef,,,,2022-06-07T01:00:00,2022-06-06T23:00:00,2022-06-07T01:00:00,,9d9c3fe73bf3a8132f944d56e70bcdac026d17413b22a308e6e87437c23e9cef,DATA_INCOMPLETE_GAP
DATA_INCOMPLETE_GAP,SEEK_RETEST,9dd368d7a7ed0b5de229884886aab4153e5d080e5392240c4d2c36a72474a6c1,,,,2020-08-04T01:00:00,2020-08-03T23:00:00,2020-08-04T01:00:00,,9dd368d7a7ed0b5de229884886aab4153e5d080e5392240c4d2c36a72474a6c1,DATA_INCOMPLETE_GAP
DATA_INCOMPLETE_GAP,SEEK_RETEST,9f660f296b39d389f299a2a2368d96d97cf093b754a44087bb7c121863611feb,,,,2022-03-31T01:00:00,2022-03-30T23:00:00,2022-03-31T01:00:00,,9f660f296b39d389f299a2a2368d96d97cf093b754a44087bb7c121863611feb,DATA_INCOMPLETE_GAP
DATA_INCOMPLETE_GAP,SEEK_RETEST,9fb1dc82243162894025a67c2138e0a5215bb4c56c2eb46f754129e70d79b43c,,,,2020-05-26T01:00:00,2020-05-25T19:00:00,2020-05-26T01:00:00,,9fb1dc82243162894025a67c2138e0a5215bb4c56c2eb46f754129e70d79b43c,DATA_INCOMPLETE_GAP
DATA_INCOMPLETE_GAP,SEEK_RETEST,9fe52fc61858b80720bf5523ac2e21fa71be9a587c4d8fabfb5c58f432ad3fea,,,,2020-02-26T01:00:00,2020-02-25T23:00:00,2020-02-26T01:00:00,,9fe52fc61858b80720bf5523ac2e21fa71be9a587c4d8fabfb5c58f432ad3fea,DATA_INCOMPLETE_GAP
DATA_INCOMPLETE_GAP,SEEK_RETEST,a0328a1a9b66931ccd1ea805ff1314eeb7a9ac2505e86f71a2f4637f986c2fd6,,,,2021-08-12T01:00:00,2021-08-11T23:00:00,2021-08-12T01:00:00,,a0328a1a9b66931ccd1ea805ff1314eeb7a9ac2505e86f71a2f4637f986c2fd6,DATA_INCOMPLETE_GAP
DATA_INCOMPLETE_GAP,SEEK_RETEST,a0e3c6041540a6c945b9a0f7f341283ba0df520455fd152ad0ce2c76935ac48a,,,,2020-07-24T01:00:00,2020-07-23T23:00:00,2020-07-24T01:00:00,,a0e3c6041540a6c945b9a0f7f341283ba0df520455fd152ad0ce2c76935ac48a,DATA_INCOMPLETE_GAP
DATA_INCOMPLETE_GAP,SEEK_RETEST,a15bc745930768705245b87296ec956cb763903a236835dd434362f78ede151f,,,,2020-10-09T01:00:00,2020-10-08T23:00:00,2020-10-09T01:00:00,,a15bc745930768705245b87296ec956cb763903a236835dd434362f78ede151f,DATA_INCOMPLETE_GAP
DATA_INCOMPLETE_GAP,SEEK_RETEST,a195b2fcfde70a4b954c13c53c62ad26e1783205a5f9a9d1c04301f4ee92317b,,,,2020-12-10T01:00:00,2020-12-09T23:00:00,2020-12-10T01:00:00,,a195b2fcfde70a4b954c13c53c62ad26e1783205a5f9a9d1c04301f4ee92317b,DATA_INCOMPLETE_GAP
DATA_INCOMPLETE_GAP,SEEK_RETEST,a26de0eaeb4f364cab9478b9a2e8919632f27ab7b8367d1118f5fdaa24c6ebb8,,,,2021-12-21T01:00:00,2021-12-20T23:00:00,2021-12-21T01:00:00,,a26de0eaeb4f364cab9478b9a2e8919632f27ab7b8367d1118f5fdaa24c6ebb8,DATA_INCOMPLETE_GAP
DATA_INCOMPLETE_GAP,SEEK_RETEST,a2b9c1c8ff0b7dd39eb4d93f8788a897e6c36da309f818d7209775d2ebc13fd0,,,,2022-11-23T01:00:00,2022-11-22T23:00:00,2022-11-23T01:00:00,,a2b9c1c8ff0b7dd39eb4d93f8788a897e6c36da309f818d7209775d2ebc13fd0,DATA_INCOMPLETE_GAP
DATA_INCOMPLETE_GAP,SEEK_RETEST,a3f4cc4bc71674426d3898e60c71e71ede190c8779b4af6cb2adfe4ec24671ac,,,,2022-02-11T01:00:00,2022-02-10T23:00:00,2022-02-11T01:00:00,,a3f4cc4bc71674426d3898e60c71e71ede190c8779b4af6cb2adfe4ec24671ac,DATA_INCOMPLETE_GAP
DATA_INCOMPLETE_GAP,SEEK_RETEST,a576ab4da327861d18150d862080b177307cff72292c6066aebdb9f03120524b,,,,2020-08-27T01:00:00,2020-08-26T23:00:00,2020-08-27T01:00:00,,a576ab4da327861d18150d862080b177307cff72292c6066aebdb9f03120524b,DATA_INCOMPLETE_GAP
DATA_INCOMPLETE_GAP,SEEK_RETEST,a60687e6897bd58cef78f7df4bb257177f2d20355a2c325f4ba1044ffd7ed49d,,,,2021-04-05T01:00:00,2021-04-01T23:00:00,2021-04-05T01:00:00,,a60687e6897bd58cef78f7df4bb257177f2d20355a2c325f4ba1044ffd7ed49d,DATA_INCOMPLETE_GAP
DATA_INCOMPLETE_GAP,SEEK_RETEST,a727c937fc46fa414238c8218b0f529c164f177af9929ceb220dc072410f76f4,,,,2022-09-20T01:00:00,2022-09-19T23:00:00,2022-09-20T01:00:00,,a727c937fc46fa414238c8218b0f529c164f177af9929ceb220dc072410f76f4,DATA_INCOMPLETE_GAP
DATA_INCOMPLETE_GAP,SEEK_RETEST,a8638c75082239ad36153fa3bf526a163265ebf69c1d280ea82c567bb4f23e23,,,,2022-10-06T01:00:00,2022-10-05T23:00:00,2022-10-06T01:00:00,,a8638c75082239ad36153fa3bf526a163265ebf69c1d280ea82c567bb4f23e23,DATA_INCOMPLETE_GAP
DATA_INCOMPLETE_GAP,SEEK_RETEST,a87bcd64627098de98f008c8129ce082715f5cdeaeee458babf9aef230962def,,,,2021-04-07T01:00:00,2021-04-06T23:00:00,2021-04-07T01:00:00,,a87bcd64627098de98f008c8129ce082715f5cdeaeee458babf9aef230962def,DATA_INCOMPLETE_GAP
DATA_INCOMPLETE_GAP,SEEK_RETEST,aaded6f05919739983052790c8d5b3f623825a2388c377194b41a8924749885d,,,,2020-10-15T01:00:00,2020-10-14T23:00:00,2020-10-15T01:00:00,,aaded6f05919739983052790c8d5b3f623825a2388c377194b41a8924749885d,DATA_INCOMPLETE_GAP
DATA_INCOMPLETE_GAP,SEEK_RETEST,aaede82bb67be6e30da6a5ac70534468d3ed1117557024ade82a36785c11f4ae,,,,2020-01-22T01:00:00,2020-01-21T23:00:00,2020-01-22T01:00:00,,aaede82bb67be6e30da6a5ac70534468d3ed1117557024ade82a36785c11f4ae,DATA_INCOMPLETE_GAP
DATA_INCOMPLETE_GAP,SEEK_RETEST,acef30003fda0e8a91ae7e962c660f3b30221841b0258b3cb703546ba16f693c,,,,2020-06-11T01:00:00,2020-06-10T23:00:00,2020-06-11T01:00:00,,acef30003fda0e8a91ae7e962c660f3b30221841b0258b3cb703546ba16f693c,DATA_INCOMPLETE_GAP
DATA_INCOMPLETE_GAP,SEEK_RETEST,ad3a61e1fcf7d40522b10eeb14be526e15f1268dd906ab9ede16a8d5fc7933dc,,,,2020-08-18T01:00:00,2020-08-17T23:00:00,2020-08-18T01:00:00,,ad3a61e1fcf7d40522b10eeb14be526e15f1268dd906ab9ede16a8d5fc7933dc,DATA_INCOMPLETE_GAP
DATA_INCOMPLETE_GAP,SEEK_RETEST,ae50d544e95b8fbfded7c5bac3715009c42df2d64074128882c4a7c91f01b4c6,,,,2022-02-25T01:00:00,2022-02-24T23:00:00,2022-02-25T01:00:00,,ae50d544e95b8fbfded7c5bac3715009c42df2d64074128882c4a7c91f01b4c6,DATA_INCOMPLETE_GAP
DATA_INCOMPLETE_GAP,SEEK_RETEST,af468a02df74eadd08400b2916bb721797704c7f23f48770b9819814c697ab59,,,,2020-05-19T01:00:00,2020-05-18T23:00:00,2020-05-19T01:00:00,,af468a02df74eadd08400b2916bb721797704c7f23f48770b9819814c697ab59,DATA_INCOMPLETE_GAP
DATA_INCOMPLETE_GAP,SEEK_RETEST,afb2f177f61ff0124c24596969cf96cb22e4a14fed8dad19635b5b1feeb1bb65,,,,2020-07-30T01:00:00,2020-07-29T23:00:00,2020-07-30T01:00:00,,afb2f177f61ff0124c24596969cf96cb22e4a14fed8dad19635b5b1feeb1bb65,DATA_INCOMPLETE_GAP
DATA_INCOMPLETE_GAP,SEEK_RETEST,afde4cf1d5992d5f8a89c722ee45ea5d27178e46e577e71df0b9b9358a73af4e,,,,2021-03-02T01:00:00,2021-03-01T23:00:00,2021-03-02T01:00:00,,afde4cf1d5992d5f8a89c722ee45ea5d27178e46e577e71df0b9b9358a73af4e,DATA_INCOMPLETE_GAP
DATA_INCOMPLETE_GAP,SEEK_RETEST,afed835f718490f1ef60989dabd4aed78a5f0346f3bf89185a1f7f947c25e827,,,,2022-06-24T01:00:00,2022-06-23T23:00:00,2022-06-24T01:00:00,,afed835f718490f1ef60989dabd4aed78a5f0346f3bf89185a1f7f947c25e827,DATA_INCOMPLETE_GAP
DATA_INCOMPLETE_GAP,SEEK_RETEST,b0d7bdba812d4d3c9cf411eb13a0918bdef191cc21cfcaad2a944cbfa1e73f83,,,,2022-04-27T01:00:00,2022-04-26T23:00:00,2022-04-27T01:00:00,,b0d7bdba812d4d3c9cf411eb13a0918bdef191cc21cfcaad2a944cbfa1e73f83,DATA_INCOMPLETE_GAP
DATA_INCOMPLETE_GAP,SEEK_RETEST,b0fffa9f4a2838318a874c4f86ddf530d03076a9111431352ebb8c0568e1e96c,,,,2021-07-02T01:00:00,2021-07-01T23:00:00,2021-07-02T01:00:00,,b0fffa9f4a2838318a874c4f86ddf530d03076a9111431352ebb8c0568e1e96c,DATA_INCOMPLETE_GAP
DATA_INCOMPLETE_GAP,SEEK_RETEST,b1cd3712208f5726fa7885a39c29db53aace4ebe45620de1eb00751084196bd2,,,,2022-11-11T01:00:00,2022-11-10T23:00:00,2022-11-11T01:00:00,,b1cd3712208f5726fa7885a39c29db53aace4ebe45620de1eb00751084196bd2,DATA_INCOMPLETE_GAP
DATA_INCOMPLETE_GAP,SEEK_RETEST,b2b37dc7e5789c6b641c50664bed7b719550bb5a55d74976f6a69f642887baf0,,,,2022-01-13T01:00:00,2022-01-12T23:00:00,2022-01-13T01:00:00,,b2b37dc7e5789c6b641c50664bed7b719550bb5a55d74976f6a69f642887baf0,DATA_INCOMPLETE_GAP
DATA_INCOMPLETE_GAP,SEEK_RETEST,b2b909183b977e5f38ee15587c52ac454dfbe4f89de338aa583b1d29983fe687,,,,2021-06-11T01:00:00,2021-06-10T23:00:00,2021-06-11T01:00:00,,b2b909183b977e5f38ee15587c52ac454dfbe4f89de338aa583b1d29983fe687,DATA_INCOMPLETE_GAP
DATA_INCOMPLETE_GAP,SEEK_RETEST,b3ad8d4fb2864d31fc7fb560e89ef6774fdb60ec7ba6df98066aa54a8c9ea999,,,,2021-11-24T01:00:00,2021-11-23T23:00:00,2021-11-24T01:00:00,,b3ad8d4fb2864d31fc7fb560e89ef6774fdb60ec7ba6df98066aa54a8c9ea999,DATA_INCOMPLETE_GAP
DATA_INCOMPLETE_GAP,SEEK_RETEST,b43ac3167e3124521c189c2d944892a17b998c54a82369a9fb0931d6c1110bfd,,,,2022-12-02T01:00:00,2022-12-01T23:00:00,2022-12-02T01:00:00,,b43ac3167e3124521c189c2d944892a17b998c54a82369a9fb0931d6c1110bfd,DATA_INCOMPLETE_GAP
DATA_INCOMPLETE_GAP,SEEK_RETEST,b468b1277fa49de1afc6e00b3f296487cb01b2fd4169a90ff6e8b80663213258,,,,2021-02-12T01:00:00,2021-02-11T23:00:00,2021-02-12T01:00:00,,b468b1277fa49de1afc6e00b3f296487cb01b2fd4169a90ff6e8b80663213258,DATA_INCOMPLETE_GAP
DATA_INCOMPLETE_GAP,SEEK_RETEST,b50f0ccc945f011079b8cc46bc8711f9acbfd93e093c76224fff534e4408b463,,,,2020-07-17T01:00:00,2020-07-16T23:00:00,2020-07-17T01:00:00,,b50f0ccc945f011079b8cc46bc8711f9acbfd93e093c76224fff534e4408b463,DATA_INCOMPLETE_GAP
DATA_INCOMPLETE_GAP,SEEK_RETEST,b54d325b79c67aed3a1c64b8931931cb7cb7df3a6537125275d8b11f609acc52,,,,2020-05-06T01:00:00,2020-05-05T23:00:00,2020-05-06T01:00:00,,b54d325b79c67aed3a1c64b8931931cb7cb7df3a6537125275d8b11f609acc52,DATA_INCOMPLETE_GAP
DATA_INCOMPLETE_GAP,SEEK_RETEST,b561ed68cc278e347a5d9d2792edfc9ffec45effd56978b86a2b6f491a3094dc,,,,2021-12-01T01:00:00,2021-11-30T23:00:00,2021-12-01T01:00:00,,b561ed68cc278e347a5d9d2792edfc9ffec45effd56978b86a2b6f491a3094dc,DATA_INCOMPLETE_GAP
DATA_INCOMPLETE_GAP,SEEK_RETEST,b5f3400725bb37012816106b63f2c378193f1a86ff003ee21785b2a1950ec0ff,,,,2022-09-22T01:00:00,2022-09-21T23:00:00,2022-09-22T01:00:00,,b5f3400725bb37012816106b63f2c378193f1a86ff003ee21785b2a1950ec0ff,DATA_INCOMPLETE_GAP
DATA_INCOMPLETE_GAP,SEEK_RETEST,b632fa1b29d70184434f44b0172bf4d1dd1c034726e7ff07b3f5f3a415b94059,,,,2021-06-04T01:00:00,2021-06-03T23:00:00,2021-06-04T01:00:00,,b632fa1b29d70184434f44b0172bf4d1dd1c034726e7ff07b3f5f3a415b94059,DATA_INCOMPLETE_GAP
DATA_INCOMPLETE_GAP,SEEK_RETEST,b78acb6726a3fd40b5c80db12a50e482361756cea4b2f5e033f4c6c2c0a7ebd5,,,,2021-12-29T01:00:00,2021-12-28T23:00:00,2021-12-29T01:00:00,,b78acb6726a3fd40b5c80db12a50e482361756cea4b2f5e033f4c6c2c0a7ebd5,DATA_INCOMPLETE_GAP
DATA_INCOMPLETE_GAP,SEEK_RETEST,b9a74cec68a573662dc3b279ccb71acb8b9d56a10f14a40275480b8ed0aee787,,,,2020-09-03T01:00:00,2020-09-02T23:00:00,2020-09-03T01:00:00,,b9a74cec68a573662dc3b279ccb71acb8b9d56a10f14a40275480b8ed0aee787,DATA_INCOMPLETE_GAP
DATA_INCOMPLETE_GAP,SEEK_RETEST,ba23f2520b56f54e7a7a12431f527f7da1b324a6e2994ff0432716ef23f40983,,,,2020-08-11T01:00:00,2020-08-10T23:00:00,2020-08-11T01:00:00,,ba23f2520b56f54e7a7a12431f527f7da1b324a6e2994ff0432716ef23f40983,DATA_INCOMPLETE_GAP
DATA_INCOMPLETE_GAP,SEEK_RETEST,ba95434551901c2c71154dbfd3ae3fc36e3605dd8db5c396c24982fe0820e7b6,,,,2021-02-11T01:00:00,2021-02-10T23:00:00,2021-02-11T01:00:00,,ba95434551901c2c71154dbfd3ae3fc36e3605dd8db5c396c24982fe0820e7b6,DATA_INCOMPLETE_GAP
DATA_INCOMPLETE_GAP,SEEK_RETEST,ba974ed06a0d4c08861b27b557138914b0d84902c82f04afb89e6bbb9645ae10,,,,2021-03-18T00:00:00,2021-03-17T22:00:00,2021-03-18T00:00:00,,ba974ed06a0d4c08861b27b557138914b0d84902c82f04afb89e6bbb9645ae10,DATA_INCOMPLETE_GAP
DATA_INCOMPLETE_GAP,SEEK_RETEST,bb7b8d32332daa195f0628bd8796f37cd62433c68513a966e62aeac7576095cd,,,,2020-10-23T01:00:00,2020-10-22T23:00:00,2020-10-23T01:00:00,,bb7b8d32332daa195f0628bd8796f37cd62433c68513a966e62aeac7576095cd,DATA_INCOMPLETE_GAP
DATA_INCOMPLETE_GAP,SEEK_RETEST,bc48d48148c0740050c12c0b4c7b98d9177af3dfe0897d048a3680929946589f,,,,2021-09-24T01:00:00,2021-09-23T23:00:00,2021-09-24T01:00:00,,bc48d48148c0740050c12c0b4c7b98d9177af3dfe0897d048a3680929946589f,DATA_INCOMPLETE_GAP
DATA_INCOMPLETE_GAP,SEEK_RETEST,bf61bf6783251d07516b165fad3c5706280d33e4c669a6b93b52529cb2a6d85b,,,,2021-12-22T01:00:00,2021-12-21T23:00:00,2021-12-22T01:00:00,,bf61bf6783251d07516b165fad3c5706280d33e4c669a6b93b52529cb2a6d85b,DATA_INCOMPLETE_GAP
DATA_INCOMPLETE_GAP,SEEK_RETEST,c0100470c40174ea0d76793b0ceb6281b51148c993ce3e835a8459196c57911d,,,,2022-05-19T01:00:00,2022-05-18T23:00:00,2022-05-19T01:00:00,,c0100470c40174ea0d76793b0ceb6281b51148c993ce3e835a8459196c57911d,DATA_INCOMPLETE_GAP
DATA_INCOMPLETE_GAP,SEEK_RETEST,c03cfbb451cf5366aaa16fdc14c7d277ce738587f66215b5244527d20f184ece,,,,2021-01-21T01:00:00,2021-01-20T23:00:00,2021-01-21T01:00:00,,c03cfbb451cf5366aaa16fdc14c7d277ce738587f66215b5244527d20f184ece,DATA_INCOMPLETE_GAP
DATA_INCOMPLETE_GAP,SEEK_RETEST,c0c16bb894b7f7821dd6f89eb193db293e64423d3398a594b9346374959c181c,,,,2020-07-15T01:00:00,2020-07-14T23:00:00,2020-07-15T01:00:00,,c0c16bb894b7f7821dd6f89eb193db293e64423d3398a594b9346374959c181c,DATA_INCOMPLETE_GAP
DATA_INCOMPLETE_GAP,SEEK_RETEST,c0f68037a305f89d185354e1d94e6e183891527a106e8195db0abda78b244d8b,,,,2020-06-12T01:00:00,2020-06-11T23:00:00,2020-06-12T01:00:00,,c0f68037a305f89d185354e1d94e6e183891527a106e8195db0abda78b244d8b,DATA_INCOMPLETE_GAP
DATA_INCOMPLETE_GAP,SEEK_RETEST,c0fcc5d7036875777e23c9626edffdb714dafef9b877b14b88be37422695ca8b,,,,2020-05-01T01:00:00,2020-04-30T23:00:00,2020-05-01T01:00:00,,c0fcc5d7036875777e23c9626edffdb714dafef9b877b14b88be37422695ca8b,DATA_INCOMPLETE_GAP
DATA_INCOMPLETE_GAP,SEEK_RETEST,c145b7feef3acb32fcfa3ac8b28ff450b95d9182d8f5a9dab02de133c8b840d9,,,,2020-10-14T01:00:00,2020-10-13T23:00:00,2020-10-14T01:00:00,,c145b7feef3acb32fcfa3ac8b28ff450b95d9182d8f5a9dab02de133c8b840d9,DATA_INCOMPLETE_GAP
DATA_INCOMPLETE_GAP,SEEK_RETEST,c2f0a98f5ea6e696c6b44317967366409de1a254adaf6a47f90d46a46ee6897f,,,,2020-03-24T00:00:00,2020-03-23T22:00:00,2020-03-24T00:00:00,,c2f0a98f5ea6e696c6b44317967366409de1a254adaf6a47f90d46a46ee6897f,DATA_INCOMPLETE_GAP
DATA_INCOMPLETE_GAP,SEEK_RETEST,c2f4cfee92e2cd7903af6d677f95dadcddaa2fd51ceb3731ad027a01035c264c,,,,2020-01-30T01:00:00,2020-01-29T23:00:00,2020-01-30T01:00:00,,c2f4cfee92e2cd7903af6d677f95dadcddaa2fd51ceb3731ad027a01035c264c,DATA_INCOMPLETE_GAP
DATA_INCOMPLETE_GAP,SEEK_RETEST,c644f86a029c7d6645287a50daa3bbaf75efa9c82d29b310655ea249be2e96e0,,,,2020-05-13T01:00:00,2020-05-12T23:00:00,2020-05-13T01:00:00,,c644f86a029c7d6645287a50daa3bbaf75efa9c82d29b310655ea249be2e96e0,DATA_INCOMPLETE_GAP
DATA_INCOMPLETE_GAP,SEEK_RETEST,c6bf5d7b4584c13133390bb7db4e52ddfb93eb763fd3f53f59375b39683bb0df,,,,2022-12-01T01:00:00,2022-11-30T23:00:00,2022-12-01T01:00:00,,c6bf5d7b4584c13133390bb7db4e52ddfb93eb763fd3f53f59375b39683bb0df,DATA_INCOMPLETE_GAP
DATA_INCOMPLETE_GAP,SEEK_RETEST,c7837fb57202a32fddc3ea2fab3cadc06463af407eb658d03cf16e65809cbf79,,,,2022-07-21T01:00:00,2022-07-20T23:00:00,2022-07-21T01:00:00,,c7837fb57202a32fddc3ea2fab3cadc06463af407eb658d03cf16e65809cbf79,DATA_INCOMPLETE_GAP
DATA_INCOMPLETE_GAP,SEEK_RETEST,caa12ce8030aa4274890eb16b9a9046ecbeb65b47da73e47b6e84e86c24cd480,,,,2021-10-28T01:00:00,2021-10-27T23:00:00,2021-10-28T01:00:00,,caa12ce8030aa4274890eb16b9a9046ecbeb65b47da73e47b6e84e86c24cd480,DATA_INCOMPLETE_GAP
DATA_INCOMPLETE_GAP,SEEK_RETEST,cac967da08571da06304e852795950606b8ec48cbcc595804efacdd81196a61c,,,,2022-06-29T01:00:00,2022-06-28T23:00:00,2022-06-29T01:00:00,,cac967da08571da06304e852795950606b8ec48cbcc595804efacdd81196a61c,DATA_INCOMPLETE_GAP
DATA_INCOMPLETE_GAP,SEEK_RETEST,cb0365872010a2e686f5aeaadce02895ffe8404bea9fa3e03044669a4c44d25f,,,,2020-09-29T01:00:00,2020-09-28T23:00:00,2020-09-29T01:00:00,,cb0365872010a2e686f5aeaadce02895ffe8404bea9fa3e03044669a4c44d25f,DATA_INCOMPLETE_GAP
DATA_INCOMPLETE_GAP,SEEK_RETEST,cb1f4d4ffe2a862e42a2a933143bb2f6b63cef79eae307c7cf84a412249c61df,,,,2022-06-21T01:00:00,2022-06-20T21:00:00,2022-06-21T01:00:00,,cb1f4d4ffe2a862e42a2a933143bb2f6b63cef79eae307c7cf84a412249c61df,DATA_INCOMPLETE_GAP
DATA_INCOMPLETE_GAP,SEEK_RETEST,cc50e6fae6c0bcf92147b4f52b3b107ccf935f329f849ea42c4f3718c357aea8,,,,2020-08-13T01:00:00,2020-08-12T23:00:00,2020-08-13T01:00:00,,cc50e6fae6c0bcf92147b4f52b3b107ccf935f329f849ea42c4f3718c357aea8,DATA_INCOMPLETE_GAP
DATA_INCOMPLETE_GAP,SEEK_RETEST,cd14baf3aa4c8c634ad6f418dcc48a199a64f3f02e251e86def616ae0d303706,,,,2022-04-18T01:00:00,2022-04-14T23:00:00,2022-04-18T01:00:00,,cd14baf3aa4c8c634ad6f418dcc48a199a64f3f02e251e86def616ae0d303706,DATA_INCOMPLETE_GAP
DATA_INCOMPLETE_GAP,SEEK_RETEST,cd75292e1f04a9e3589e8f248961ef186141551b86aea6b3e767675031c143bf,,,,2020-06-24T01:00:00,2020-06-23T23:00:00,2020-06-24T01:00:00,,cd75292e1f04a9e3589e8f248961ef186141551b86aea6b3e767675031c143bf,DATA_INCOMPLETE_GAP
DATA_INCOMPLETE_GAP,SEEK_RETEST,ce014fd58d4b8f64f420d33b79711e290f59111c63113aadf5090bda3490a63f,,,,2022-10-21T01:00:00,2022-10-20T23:00:00,2022-10-21T01:00:00,,ce014fd58d4b8f64f420d33b79711e290f59111c63113aadf5090bda3490a63f,DATA_INCOMPLETE_GAP
DATA_INCOMPLETE_GAP,SEEK_RETEST,d04de5eeb185f67a6cb9bdad4384408ac1fe87a80453db75968a494880bfcec8,,,,2020-05-07T01:00:00,2020-05-06T23:00:00,2020-05-07T01:00:00,,d04de5eeb185f67a6cb9bdad4384408ac1fe87a80453db75968a494880bfcec8,DATA_INCOMPLETE_GAP
DATA_INCOMPLETE_GAP,SEEK_RETEST,d182c38b99e23cc13879a3530d436e1aa7202841b53c765e0692f9b98e937e59,,,,2020-08-21T01:00:00,2020-08-20T23:00:00,2020-08-21T01:00:00,,d182c38b99e23cc13879a3530d436e1aa7202841b53c765e0692f9b98e937e59,DATA_INCOMPLETE_GAP
DATA_INCOMPLETE_GAP,SEEK_RETEST,d24dce8f6b0417fd2028e3301a201e6e815df00a95b475f10bb65b08295754a7,,,,2020-09-30T01:00:00,2020-09-29T23:00:00,2020-09-30T01:00:00,,d24dce8f6b0417fd2028e3301a201e6e815df00a95b475f10bb65b08295754a7,DATA_INCOMPLETE_GAP
DATA_INCOMPLETE_GAP,SEEK_RETEST,d272c7420ab2d41597554168a9a14727284363ad765a8df4330d562a4a026348,,,,2022-04-28T01:00:00,2022-04-27T23:00:00,2022-04-28T01:00:00,,d272c7420ab2d41597554168a9a14727284363ad765a8df4330d562a4a026348,DATA_INCOMPLETE_GAP
DATA_INCOMPLETE_GAP,SEEK_RETEST,d3bb5861207c856fd8b891de9e98916ac709bb2936eae87147aef292693fbd3c,,,,2022-04-26T01:00:00,2022-04-25T23:00:00,2022-04-26T01:00:00,,d3bb5861207c856fd8b891de9e98916ac709bb2936eae87147aef292693fbd3c,DATA_INCOMPLETE_GAP
DATA_INCOMPLETE_GAP,SEEK_RETEST,d63f22911f280db44d94a31b3f735acceace10712f065816a6318bf1a2fe2aa0,,,,2021-04-15T01:00:00,2021-04-14T23:00:00,2021-04-15T01:00:00,,d63f22911f280db44d94a31b3f735acceace10712f065816a6318bf1a2fe2aa0,DATA_INCOMPLETE_GAP
DATA_INCOMPLETE_GAP,SEEK_RETEST,d69ee8efc5273499c743dfa81f554866e6bcc5c62f305b30a80ff18af179f594,,,,2022-06-08T01:00:00,2022-06-07T23:00:00,2022-06-08T01:00:00,,d69ee8efc5273499c743dfa81f554866e6bcc5c62f305b30a80ff18af179f594,DATA_INCOMPLETE_GAP
DATA_INCOMPLETE_GAP,SEEK_RETEST,d78649e0a75f7db39354fd8f8fd8c309ae58cfa30bb5690f262c23e4612e5936,,,,2021-05-05T01:00:00,2021-05-04T23:00:00,2021-05-05T01:00:00,,d78649e0a75f7db39354fd8f8fd8c309ae58cfa30bb5690f262c23e4612e5936,DATA_INCOMPLETE_GAP
DATA_INCOMPLETE_GAP,SEEK_RETEST,d796fdf7227cff89818132ac69ee21f566ab7272bdb4a15f13822d45f6a6ca3b,,,,2021-11-03T00:00:00,2021-11-02T22:00:00,2021-11-03T00:00:00,,d796fdf7227cff89818132ac69ee21f566ab7272bdb4a15f13822d45f6a6ca3b,DATA_INCOMPLETE_GAP
DATA_INCOMPLETE_GAP,SEEK_RETEST,d7a0f0af6c689759acc5ea3a31b3c10efe1e049dc1b2a8e4aed2450379eaf2b7,,,,2021-06-16T01:00:00,2021-06-15T23:00:00,2021-06-16T01:00:00,,d7a0f0af6c689759acc5ea3a31b3c10efe1e049dc1b2a8e4aed2450379eaf2b7,DATA_INCOMPLETE_GAP
DATA_INCOMPLETE_GAP,SEEK_RETEST,d827258013531767b67491374b49b3b8d128cd16cdbbf1803d06cc98bbe9809b,,,,2022-04-20T01:00:00,2022-04-19T23:00:00,2022-04-20T01:00:00,,d827258013531767b67491374b49b3b8d128cd16cdbbf1803d06cc98bbe9809b,DATA_INCOMPLETE_GAP
DATA_INCOMPLETE_GAP,SEEK_RETEST,d86a2279fcac9aa7e262dc5212bfd5a6ceace8e2e6fefa0e6df460172e389876,,,,2020-01-14T01:00:00,2020-01-13T23:00:00,2020-01-14T01:00:00,,d86a2279fcac9aa7e262dc5212bfd5a6ceace8e2e6fefa0e6df460172e389876,DATA_INCOMPLETE_GAP
DATA_INCOMPLETE_GAP,SEEK_RETEST,d8971d49c786499b79ff38d7870463ae034ab7d5ab99488d76cd96d1303c8747,,,,2020-11-26T01:00:00,2020-11-25T23:00:00,2020-11-26T01:00:00,,d8971d49c786499b79ff38d7870463ae034ab7d5ab99488d76cd96d1303c8747,DATA_INCOMPLETE_GAP
DATA_INCOMPLETE_GAP,SEEK_RETEST,dab473b02fd5e60d8da226d86c98bf80b39e4a6f1fb6bd481f97099c458c5a22,,,,2020-04-03T01:00:00,2020-04-02T23:00:00,2020-04-03T01:00:00,,dab473b02fd5e60d8da226d86c98bf80b39e4a6f1fb6bd481f97099c458c5a22,DATA_INCOMPLETE_GAP
DATA_INCOMPLETE_GAP,SEEK_RETEST,db6b4b43e0a67925738ce0003dd98064a1720477a252f8f1fe0d3c37fd908e0f,,,,2021-12-17T01:00:00,2021-12-16T23:00:00,2021-12-17T01:00:00,,db6b4b43e0a67925738ce0003dd98064a1720477a252f8f1fe0d3c37fd908e0f,DATA_INCOMPLETE_GAP
DATA_INCOMPLETE_GAP,SEEK_RETEST,dc67eab595b2597b940727a58be3dd75f55184a45106384f0fdaa5c7d663a44f,,,,2020-08-12T01:00:00,2020-08-11T23:00:00,2020-08-12T01:00:00,,dc67eab595b2597b940727a58be3dd75f55184a45106384f0fdaa5c7d663a44f,DATA_INCOMPLETE_GAP
DATA_INCOMPLETE_GAP,SEEK_RETEST,dd24e8f79ce8ee6ae3fa5e64187fa950712df6524cb9e5fe8592d3c396dd1671,,,,2020-06-23T01:00:00,2020-06-22T23:00:00,2020-06-23T01:00:00,,dd24e8f79ce8ee6ae3fa5e64187fa950712df6524cb9e5fe8592d3c396dd1671,DATA_INCOMPLETE_GAP
DATA_INCOMPLETE_GAP,SEEK_RETEST,dd87e91d32e01aeab58043fc6e85aa2f9c604dd02c1a281396965cda06274eb8,,,,2021-03-09T01:00:00,2021-03-08T23:00:00,2021-03-09T01:00:00,,dd87e91d32e01aeab58043fc6e85aa2f9c604dd02c1a281396965cda06274eb8,DATA_INCOMPLETE_GAP
DATA_INCOMPLETE_GAP,SEEK_RETEST,de3a8247f33fce7731fad1732f95ec36a28514051cbf26b09a9dcf9eeb7f8d5a,,,,2021-10-06T01:00:00,2021-10-05T23:00:00,2021-10-06T01:00:00,,de3a8247f33fce7731fad1732f95ec36a28514051cbf26b09a9dcf9eeb7f8d5a,DATA_INCOMPLETE_GAP
DATA_INCOMPLETE_GAP,SEEK_RETEST,df08171dd5fbddd87a6251101685187a5de7b3e722a6e04d608eb2c90ff5cd71,,,,2021-07-29T01:00:00,2021-07-28T23:00:00,2021-07-29T01:00:00,,df08171dd5fbddd87a6251101685187a5de7b3e722a6e04d608eb2c90ff5cd71,DATA_INCOMPLETE_GAP
DATA_INCOMPLETE_GAP,SEEK_RETEST,e0b39516c6ea52fc5e14148f76fe6b187a7627c52db27e82118ed22b68f0e7f5,,,,2022-03-08T01:00:00,2022-03-07T23:00:00,2022-03-08T01:00:00,,e0b39516c6ea52fc5e14148f76fe6b187a7627c52db27e82118ed22b68f0e7f5,DATA_INCOMPLETE_GAP
DATA_INCOMPLETE_GAP,SEEK_RETEST,e1377c22cc5e45cffff94e8b48df014d39c38f296ffaa95e0526cd6d8f7982a9,,,,2021-07-07T01:00:00,2021-07-06T23:00:00,2021-07-07T01:00:00,,e1377c22cc5e45cffff94e8b48df014d39c38f296ffaa95e0526cd6d8f7982a9,DATA_INCOMPLETE_GAP
DATA_INCOMPLETE_GAP,SEEK_RETEST,e29c4a42e47c255c79c57ddb56a49fae3a0245a39f07ba68054debec0b1ae771,,,,2021-05-19T01:00:00,2021-05-18T23:00:00,2021-05-19T01:00:00,,e29c4a42e47c255c79c57ddb56a49fae3a0245a39f07ba68054debec0b1ae771,DATA_INCOMPLETE_GAP
DATA_INCOMPLETE_GAP,SEEK_RETEST,e2e57d63e9218745aae8161dad86148d4ad0fb70c2cd2e14f7f74ca9c9b37198,,,,2020-06-16T01:00:00,2020-06-15T23:00:00,2020-06-16T01:00:00,,e2e57d63e9218745aae8161dad86148d4ad0fb70c2cd2e14f7f74ca9c9b37198,DATA_INCOMPLETE_GAP
DATA_INCOMPLETE_GAP,SEEK_RETEST,e51216c53099c2ddea56933e3ac783c9c7c47895f3309a000f26914e3cb6fbe1,,,,2021-01-04T01:00:00,2020-12-31T18:00:00,2021-01-04T01:00:00,,e51216c53099c2ddea56933e3ac783c9c7c47895f3309a000f26914e3cb6fbe1,DATA_INCOMPLETE_GAP
DATA_INCOMPLETE_GAP,SEEK_RETEST,e63a1d39ac3c1a7bbca374ec8e43b9a073fcf0ff30fb1d364c40d4fc903d6172,,,,2022-11-25T01:00:00,2022-11-24T21:00:00,2022-11-25T01:00:00,,e63a1d39ac3c1a7bbca374ec8e43b9a073fcf0ff30fb1d364c40d4fc903d6172,DATA_INCOMPLETE_GAP
DATA_INCOMPLETE_GAP,SEEK_RETEST,e6ccba9ccf6f0caf67a148202316d067d6e6e4da3bf9b4afba2fa356bafbe2ce,,,,2020-04-17T01:00:00,2020-04-16T23:00:00,2020-04-17T01:00:00,,e6ccba9ccf6f0caf67a148202316d067d6e6e4da3bf9b4afba2fa356bafbe2ce,DATA_INCOMPLETE_GAP
DATA_INCOMPLETE_GAP,SEEK_RETEST,ea2c9c0f9830465b664da674d4fffde3270cf30c9af2321cc5721a033e874f56,,,,2021-12-16T01:00:00,2021-12-15T23:00:00,2021-12-16T01:00:00,,ea2c9c0f9830465b664da674d4fffde3270cf30c9af2321cc5721a033e874f56,DATA_INCOMPLETE_GAP
DATA_INCOMPLETE_GAP,SEEK_RETEST,ea447ade671827b945225556fc2b080b6003eb1448ccdecc20b635f28deb5af1,,,,2020-02-21T01:00:00,2020-02-20T23:00:00,2020-02-21T01:00:00,,ea447ade671827b945225556fc2b080b6003eb1448ccdecc20b635f28deb5af1,DATA_INCOMPLETE_GAP
DATA_INCOMPLETE_GAP,SEEK_RETEST,ea655e5a7623fbdb04f73a1ccc1400bf1e7daf4d0e2b8089e1c192afe2551162,,,,2022-08-04T01:00:00,2022-08-03T23:00:00,2022-08-04T01:00:00,,ea655e5a7623fbdb04f73a1ccc1400bf1e7daf4d0e2b8089e1c192afe2551162,DATA_INCOMPLETE_GAP
DATA_INCOMPLETE_GAP,SEEK_RETEST,ebcf2ff77cbc8e26109dd9e85f8052ed53b5f9ea24ce1a88e889e00fe1e79ecb,,,,2022-08-03T01:00:00,2022-08-02T23:00:00,2022-08-03T01:00:00,,ebcf2ff77cbc8e26109dd9e85f8052ed53b5f9ea24ce1a88e889e00fe1e79ecb,DATA_INCOMPLETE_GAP
DATA_INCOMPLETE_GAP,SEEK_RETEST,ebf440d023bd8c1b7562ca8fa905d337aa8429e86ff7ecbc8b4fb3a56676fc44,,,,2021-05-27T01:00:00,2021-05-26T23:00:00,2021-05-27T01:00:00,,ebf440d023bd8c1b7562ca8fa905d337aa8429e86ff7ecbc8b4fb3a56676fc44,DATA_INCOMPLETE_GAP
DATA_INCOMPLETE_GAP,SEEK_RETEST,ec35cadff068cc7680fad391cf08f6f57aac131ec18a37043398aab180beba05,,,,2022-10-18T01:00:00,2022-10-17T23:00:00,2022-10-18T01:00:00,,ec35cadff068cc7680fad391cf08f6f57aac131ec18a37043398aab180beba05,DATA_INCOMPLETE_GAP
DATA_INCOMPLETE_GAP,SEEK_RETEST,ed087e4495817da015c8cc08caa11672685a22090807bfbdbaadbb5f9a6382b2,,,,2022-07-26T01:00:00,2022-07-25T23:00:00,2022-07-26T01:00:00,,ed087e4495817da015c8cc08caa11672685a22090807bfbdbaadbb5f9a6382b2,DATA_INCOMPLETE_GAP
DATA_INCOMPLETE_GAP,SEEK_RETEST,ed4b20717c8c854ab0a39092313f4a7b598c3d5439756fb97960fe81be34708a,,,,2020-04-17T01:00:00,2020-04-16T23:00:00,2020-04-17T01:00:00,,ed4b20717c8c854ab0a39092313f4a7b598c3d5439756fb97960fe81be34708a,DATA_INCOMPLETE_GAP
DATA_INCOMPLETE_GAP,SEEK_RETEST,ed95fd2f787a19d6c1d3417a341698b766c11f96d13942b1cafd8effb824da3d,,,,2022-11-24T01:00:00,2022-11-23T23:00:00,2022-11-24T01:00:00,,ed95fd2f787a19d6c1d3417a341698b766c11f96d13942b1cafd8effb824da3d,DATA_INCOMPLETE_GAP
DATA_INCOMPLETE_GAP,SEEK_RETEST,ee3d1aee3ae943bf790909157b19fa0b1050e7dc35852a7dbcf0fa2bad1dadd2,,,,2020-07-01T01:00:00,2020-06-30T23:00:00,2020-07-01T01:00:00,,ee3d1aee3ae943bf790909157b19fa0b1050e7dc35852a7dbcf0fa2bad1dadd2,DATA_INCOMPLETE_GAP
DATA_INCOMPLETE_GAP,SEEK_RETEST,eebd2ea60ac53cdf0635bcd13889d3c759da3de1453f43a320afa12133617f50,,,,2020-12-03T01:00:00,2020-12-02T23:00:00,2020-12-03T01:00:00,,eebd2ea60ac53cdf0635bcd13889d3c759da3de1453f43a320afa12133617f50,DATA_INCOMPLETE_GAP
DATA_INCOMPLETE_GAP,SEEK_RETEST,efa6b8444522a80e0568d960969574deadfbd3cbb8b5b7fbc35aacb79f7ddcff,,,,2021-06-17T01:00:00,2021-06-16T23:00:00,2021-06-17T01:00:00,,efa6b8444522a80e0568d960969574deadfbd3cbb8b5b7fbc35aacb79f7ddcff,DATA_INCOMPLETE_GAP
DATA_INCOMPLETE_GAP,SEEK_RETEST,f0034943dc02468d5abb69b7520d5d83bdafa2d255ab76621476e44c0d0ea34c,,,,2020-05-20T01:00:00,2020-05-19T23:00:00,2020-05-20T01:00:00,,f0034943dc02468d5abb69b7520d5d83bdafa2d255ab76621476e44c0d0ea34c,DATA_INCOMPLETE_GAP
DATA_INCOMPLETE_GAP,SEEK_RETEST,f0233497f4cd15141392d7914a0bec4440ca63cf5ac763abc81281765ff48815,,,,2020-11-12T01:00:00,2020-11-11T23:00:00,2020-11-12T01:00:00,,f0233497f4cd15141392d7914a0bec4440ca63cf5ac763abc81281765ff48815,DATA_INCOMPLETE_GAP
DATA_INCOMPLETE_GAP,SEEK_RETEST,f0e0130fe8279176952537fe6d36f3ea2c36f2f3cb87ce9732779234851fdaa5,,,,2021-12-22T01:00:00,2021-12-21T23:00:00,2021-12-22T01:00:00,,f0e0130fe8279176952537fe6d36f3ea2c36f2f3cb87ce9732779234851fdaa5,DATA_INCOMPLETE_GAP
DATA_INCOMPLETE_GAP,SEEK_RETEST,f0ee15818dbada50eae6881a64fa9e9c92284969fa74a7e39f865e99e6019a1f,,,,2020-10-20T01:00:00,2020-10-19T23:00:00,2020-10-20T01:00:00,,f0ee15818dbada50eae6881a64fa9e9c92284969fa74a7e39f865e99e6019a1f,DATA_INCOMPLETE_GAP
DATA_INCOMPLETE_GAP,SEEK_RETEST,f0f5a50df57a7f775d9641ba63b6795a6f74be5b8da9c4fc68e02c715cc50f33,,,,2022-04-22T01:00:00,2022-04-21T23:00:00,2022-04-22T01:00:00,,f0f5a50df57a7f775d9641ba63b6795a6f74be5b8da9c4fc68e02c715cc50f33,DATA_INCOMPLETE_GAP
DATA_INCOMPLETE_GAP,SEEK_RETEST,f2d9c6b93733b3b992c69343a9b63bb54e2d058f518ff430ae762c42596c616c,,,,2021-08-26T01:00:00,2021-08-25T23:00:00,2021-08-26T01:00:00,,f2d9c6b93733b3b992c69343a9b63bb54e2d058f518ff430ae762c42596c616c,DATA_INCOMPLETE_GAP
DATA_INCOMPLETE_GAP,SEEK_RETEST,f2e772aff94161f5d697db061f30fc3b7798381df382ef223b0c76ad6f4aab2f,,,,2022-10-04T01:00:00,2022-10-03T23:00:00,2022-10-04T01:00:00,,f2e772aff94161f5d697db061f30fc3b7798381df382ef223b0c76ad6f4aab2f,DATA_INCOMPLETE_GAP
DATA_INCOMPLETE_GAP,SEEK_RETEST,f340646ee6878296bd5cfe62f5a079bc6f193d0a5e246031dc8934f64154cb69,,,,2021-02-25T01:00:00,2021-02-24T23:00:00,2021-02-25T01:00:00,,f340646ee6878296bd5cfe62f5a079bc6f193d0a5e246031dc8934f64154cb69,DATA_INCOMPLETE_GAP
DATA_INCOMPLETE_GAP,SEEK_RETEST,f341be3a74a7011b74ba8ee1d3331464c0088a6d39c33a803bd4bf7c4acaf05a,,,,2021-11-23T01:00:00,2021-11-22T23:00:00,2021-11-23T01:00:00,,f341be3a74a7011b74ba8ee1d3331464c0088a6d39c33a803bd4bf7c4acaf05a,DATA_INCOMPLETE_GAP
DATA_INCOMPLETE_GAP,SEEK_RETEST,f417b4179c3001b50c32aef913e2295065d009e3e6a289b0530b927ced8d39f6,,,,2022-01-21T01:00:00,2022-01-20T23:00:00,2022-01-21T01:00:00,,f417b4179c3001b50c32aef913e2295065d009e3e6a289b0530b927ced8d39f6,DATA_INCOMPLETE_GAP
DATA_INCOMPLETE_GAP,SEEK_RETEST,f41816eec42a7eb87d2fbc33dfe43059b492611e1cafc3af8e5340d2fd76a79b,,,,2022-02-04T01:00:00,2022-02-03T23:00:00,2022-02-04T01:00:00,,f41816eec42a7eb87d2fbc33dfe43059b492611e1cafc3af8e5340d2fd76a79b,DATA_INCOMPLETE_GAP
DATA_INCOMPLETE_GAP,SEEK_RETEST,f4252d710af61a6095802c00599fef290229016794bee2d1e27a5c14b58b4a88,,,,2020-04-01T01:00:00,2020-03-31T23:00:00,2020-04-01T01:00:00,,f4252d710af61a6095802c00599fef290229016794bee2d1e27a5c14b58b4a88,DATA_INCOMPLETE_GAP
DATA_INCOMPLETE_GAP,SEEK_RETEST,f51a158609a94acb30f6a23b0bc37a0ee31f29cea976695ef020b0e652106ef0,,,,2020-03-03T01:00:00,2020-03-02T23:00:00,2020-03-03T01:00:00,,f51a158609a94acb30f6a23b0bc37a0ee31f29cea976695ef020b0e652106ef0,DATA_INCOMPLETE_GAP
DATA_INCOMPLETE_GAP,SEEK_RETEST,f524e4f053ee379db8e93af6a6a166208341675773890fc40f3a853f69d8518d,,,,2020-06-09T01:00:00,2020-06-08T23:00:00,2020-06-09T01:00:00,,f524e4f053ee379db8e93af6a6a166208341675773890fc40f3a853f69d8518d,DATA_INCOMPLETE_GAP
DATA_INCOMPLETE_GAP,SEEK_RETEST,f5373716642dd718ead8452db0b0c9c08a86c123865173e79327c8bafc1722be,,,,2020-01-07T01:00:00,2020-01-06T23:00:00,2020-01-07T01:00:00,,f5373716642dd718ead8452db0b0c9c08a86c123865173e79327c8bafc1722be,DATA_INCOMPLETE_GAP
DATA_INCOMPLETE_GAP,SEEK_RETEST,f771b55b0e4aefd386decfa5dd6ea1edffcd4861de1582a97ef23de4b6da3f59,,,,2022-09-13T01:00:00,2022-09-12T23:00:00,2022-09-13T01:00:00,,f771b55b0e4aefd386decfa5dd6ea1edffcd4861de1582a97ef23de4b6da3f59,DATA_INCOMPLETE_GAP
DATA_INCOMPLETE_GAP,SEEK_RETEST,f859f4582864c710f4756ad1d4e707bbfeb620d3bcb18fd521043c30785e74ad,,,,2022-03-17T00:00:00,2022-03-16T22:00:00,2022-03-17T00:00:00,,f859f4582864c710f4756ad1d4e707bbfeb620d3bcb18fd521043c30785e74ad,DATA_INCOMPLETE_GAP
DATA_INCOMPLETE_GAP,SEEK_RETEST,f98e1e7b4f74fafa2f94f2d6730b6a9104209e6c795fa317d9575ff59acd1166,,,,2020-11-03T01:00:00,2020-11-02T23:00:00,2020-11-03T01:00:00,,f98e1e7b4f74fafa2f94f2d6730b6a9104209e6c795fa317d9575ff59acd1166,DATA_INCOMPLETE_GAP
DATA_INCOMPLETE_GAP,SEEK_RETEST,fb4e6d320afc0c64e233476fae81d98fdaedf50d2cc8ace169087ed933473141,,,,2021-09-30T01:00:00,2021-09-29T23:00:00,2021-09-30T01:00:00,,fb4e6d320afc0c64e233476fae81d98fdaedf50d2cc8ace169087ed933473141,DATA_INCOMPLETE_GAP
DATA_INCOMPLETE_GAP,SEEK_RETEST,fb90efbf63c45bc24327afb6d40cd7e5a0ceed83819ef362d649093d8e507dac,,,,2020-10-02T01:00:00,2020-10-01T23:00:00,2020-10-02T01:00:00,,fb90efbf63c45bc24327afb6d40cd7e5a0ceed83819ef362d649093d8e507dac,DATA_INCOMPLETE_GAP
DATA_INCOMPLETE_GAP,SEEK_RETEST,fb98c73c11d8e0fbdfad2064907fced9c01052493df3dfaada745a27182cdbce,,,,2022-05-18T01:00:00,2022-05-17T23:00:00,2022-05-18T01:00:00,,fb98c73c11d8e0fbdfad2064907fced9c01052493df3dfaada745a27182cdbce,DATA_INCOMPLETE_GAP
DATA_INCOMPLETE_GAP,SEEK_RETEST,fbf446b92713ef1ea6c67ddf4906d6df1fc04dbbad00c2050fecddad79ec3516,,,,2022-06-23T01:00:00,2022-06-22T23:00:00,2022-06-23T01:00:00,,fbf446b92713ef1ea6c67ddf4906d6df1fc04dbbad00c2050fecddad79ec3516,DATA_INCOMPLETE_GAP
DATA_INCOMPLETE_GAP,SEEK_RETEST,fce2366dc11b2e8f834de579d2eec3df08e9dd2336f1512c556138f98289f71d,,,,2022-11-29T01:00:00,2022-11-28T23:00:00,2022-11-29T01:00:00,,fce2366dc11b2e8f834de579d2eec3df08e9dd2336f1512c556138f98289f71d,DATA_INCOMPLETE_GAP
DATA_INCOMPLETE_GAP,SEEK_RETEST,fd5f3fb44549c19f15e3be9b5087af3f41833588fd4b3e286dac8100780e2148,,,,2020-02-20T01:00:00,2020-02-19T23:00:00,2020-02-20T01:00:00,,fd5f3fb44549c19f15e3be9b5087af3f41833588fd4b3e286dac8100780e2148,DATA_INCOMPLETE_GAP
DATA_INCOMPLETE_GAP,SEEK_RETEST,fd7388f6db5330c729ea99ed28bad7c6c1e985e5de387df7051afc19512b4e79,,,,2021-11-10T01:00:00,2021-11-09T23:00:00,2021-11-10T01:00:00,,fd7388f6db5330c729ea99ed28bad7c6c1e985e5de387df7051afc19512b4e79,DATA_INCOMPLETE_GAP
DATA_INCOMPLETE_GAP,SEEK_RETEST,fdb05c4216b10d205762935cef98fd9fdda689a8cc2d61ce031a65ec1dc0312b,,,,2022-06-17T01:00:00,2022-06-16T23:00:00,2022-06-17T01:00:00,,fdb05c4216b10d205762935cef98fd9fdda689a8cc2d61ce031a65ec1dc0312b,DATA_INCOMPLETE_GAP
DATA_INCOMPLETE_GAP,SEEK_RETEST,fec778b63286a7347b0b051c61c2102e3e8f38defc83dd0437c7c2858c12e5e3,,,,2022-06-02T01:00:00,2022-06-01T23:00:00,2022-06-02T01:00:00,,fec778b63286a7347b0b051c61c2102e3e8f38defc83dd0437c7c2858c12e5e3,DATA_INCOMPLETE_GAP
DATA_INCOMPLETE_GAP,SEEK_RETEST,ff3934a0e8b3cd1692eeb43fd3b2f2ed95d03651a30d19ea5bece94b33bddad1,,,,2021-12-14T01:00:00,2021-12-13T23:00:00,2021-12-14T01:00:00,,ff3934a0e8b3cd1692eeb43fd3b2f2ed95d03651a30d19ea5bece94b33bddad1,DATA_INCOMPLETE_GAP
DATA_INCOMPLETE_GAP,SEEK_RETEST,ffa72aae3689f91f995e113a2bbd16b89cf5de736d04b307a934a230fcb7cf48,,,,2020-03-18T00:00:00,2020-03-17T22:00:00,2020-03-18T00:00:00,,ffa72aae3689f91f995e113a2bbd16b89cf5de736d04b307a934a230fcb7cf48,DATA_INCOMPLETE_GAP
DUPLICATE_SUPPRESSED,SEEK_RETEST,01078f01c504c16c321cd9ef3b0eef86dbb669226812318f60606b2a119824a0,,,2021-06-24T14:00:00,,,,,01078f01c504c16c321cd9ef3b0eef86dbb669226812318f60606b2a119824a0,DUPLICATE_SUPPRESSED
DUPLICATE_SUPPRESSED,SEEK_RETEST,0112b65de09027974b7fe01357f810d359a8e799ffea74b347f9dd19f2bea07a,,,2022-05-04T23:00:00,,,,,0112b65de09027974b7fe01357f810d359a8e799ffea74b347f9dd19f2bea07a,DUPLICATE_SUPPRESSED
DUPLICATE_SUPPRESSED,SEEK_RETEST,014108011c7b5d7dddfe71917756762b6a540814f411d4092e8f144b74be6dcc,,,2020-04-14T17:00:00,,,,,014108011c7b5d7dddfe71917756762b6a540814f411d4092e8f144b74be6dcc,DUPLICATE_SUPPRESSED
DUPLICATE_SUPPRESSED,SEEK_RETEST,019ad94ccadd9a75c6a2f455ace4f7b04db22c36d11a8e847059fedb21d92899,,,2021-02-22T18:00:00,,,,,019ad94ccadd9a75c6a2f455ace4f7b04db22c36d11a8e847059fedb21d92899,DUPLICATE_SUPPRESSED
DUPLICATE_SUPPRESSED,SEEK_RETEST,01cff91c9f9754bc6397defa10cc10adb95e22b6417d6c0bf20f49eaf90dae92,,,2021-11-30T09:00:00,,,,,01cff91c9f9754bc6397defa10cc10adb95e22b6417d6c0bf20f49eaf90dae92,DUPLICATE_SUPPRESSED
DUPLICATE_SUPPRESSED,SEEK_RETEST,01df6c2fb0c3199086413b7f027b10ff9d3cdfec080d0204e3e428bce99f3fe6,,,2021-08-04T16:00:00,,,,,01df6c2fb0c3199086413b7f027b10ff9d3cdfec080d0204e3e428bce99f3fe6,DUPLICATE_SUPPRESSED
DUPLICATE_SUPPRESSED,SEEK_RETEST,022186c927c6919a0d7cf748a05c877ccd35141a7061b45b2e20f95d1e7b1650,,,2020-12-28T15:00:00,,,,,022186c927c6919a0d7cf748a05c877ccd35141a7061b45b2e20f95d1e7b1650,DUPLICATE_SUPPRESSED
DUPLICATE_SUPPRESSED,SEEK_RETEST,02700fd0c3012ee0b15972e4540fae295474706ede1642da9b941d28402a235e,,,2021-02-09T12:00:00,,,,,02700fd0c3012ee0b15972e4540fae295474706ede1642da9b941d28402a235e,DUPLICATE_SUPPRESSED
DUPLICATE_SUPPRESSED,SEEK_RETEST,02879a658103028fed069c0e4f2c3cd52849ee84e4015260c787317df9d4a957,,,2022-04-12T17:00:00,,,,,02879a658103028fed069c0e4f2c3cd52849ee84e4015260c787317df9d4a957,DUPLICATE_SUPPRESSED
DUPLICATE_SUPPRESSED,SEEK_RETEST,0298e43be640fd11f1a84f4d6d104e5b6491bef4a909d4adf1eb45a13c93b654,,,2022-05-23T08:00:00,,,,,0298e43be640fd11f1a84f4d6d104e5b6491bef4a909d4adf1eb45a13c93b654,DUPLICATE_SUPPRESSED
DUPLICATE_SUPPRESSED,SEEK_RETEST,03108a2a2a796dde56ba373d37ac2410b384c754f610fe7047f9e18a649b7586,,,2020-10-19T09:00:00,,,,,03108a2a2a796dde56ba373d37ac2410b384c754f610fe7047f9e18a649b7586,DUPLICATE_SUPPRESSED
DUPLICATE_SUPPRESSED,SEEK_RETEST,0344ca7032c73aae7a04f07199d2063929048d7d11db336199728da946aae53c,,,2020-07-02T19:00:00,,,,,0344ca7032c73aae7a04f07199d2063929048d7d11db336199728da946aae53c,DUPLICATE_SUPPRESSED
DUPLICATE_SUPPRESSED,SEEK_RETEST,037ea77c2087bce1a2eec51a0699ce9aaf3d6c7f328b4e07125455c64786a0f8,,,2021-11-01T16:00:00,,,,,037ea77c2087bce1a2eec51a0699ce9aaf3d6c7f328b4e07125455c64786a0f8,DUPLICATE_SUPPRESSED
DUPLICATE_SUPPRESSED,SEEK_RETEST,03b90957a1dff113d46b68abb02417313d45d7f8640238956ab3d413e84c772b,,,2021-12-15T16:00:00,,,,,03b90957a1dff113d46b68abb02417313d45d7f8640238956ab3d413e84c772b,DUPLICATE_SUPPRESSED
DUPLICATE_SUPPRESSED,SEEK_RETEST,03ea484e6c55cb365c9f7d8bbd716e0ff7309e76273b61cfe1d2e02d150af3de,,,2021-11-12T12:00:00,,,,,03ea484e6c55cb365c9f7d8bbd716e0ff7309e76273b61cfe1d2e02d150af3de,DUPLICATE_SUPPRESSED
DUPLICATE_SUPPRESSED,SEEK_RETEST,03f8e60fe46e3fb097b89408518b270f3635a23b4f2732fb4c8c14aad3da2371,,,2022-08-30T11:00:00,,,,,03f8e60fe46e3fb097b89408518b270f3635a23b4f2732fb4c8c14aad3da2371,DUPLICATE_SUPPRESSED
DUPLICATE_SUPPRESSED,SEEK_RETEST,0421ce73bfb8439c8f04b74ccdf7f5124c0e4ad99194324f0b0ac4c99179bf65,,,2021-06-07T19:00:00,,,,,0421ce73bfb8439c8f04b74ccdf7f5124c0e4ad99194324f0b0ac4c99179bf65,DUPLICATE_SUPPRESSED
DUPLICATE_SUPPRESSED,SEEK_RETEST,044835ee105bded0a7f10ca7eaf4ac4accde1f0fd34c60243be6a9524915fb46,,,2022-04-05T17:00:00,,,,,044835ee105bded0a7f10ca7eaf4ac4accde1f0fd34c60243be6a9524915fb46,DUPLICATE_SUPPRESSED
DUPLICATE_SUPPRESSED,SEEK_RETEST,046e72e1d630f1b9600826d4b9fbf4580494ca14cf729489d01f807603e81307,,,2021-05-04T18:00:00,,,,,046e72e1d630f1b9600826d4b9fbf4580494ca14cf729489d01f807603e81307,DUPLICATE_SUPPRESSED
DUPLICATE_SUPPRESSED,SEEK_RETEST,04a097ff9cfc74986f3122ee9e05f209da0f7bf668ecb6f70b0dfa87e347bcb6,,,2022-01-03T17:00:00,,,,,04a097ff9cfc74986f3122ee9e05f209da0f7bf668ecb6f70b0dfa87e347bcb6,DUPLICATE_SUPPRESSED
DUPLICATE_SUPPRESSED,SEEK_RETEST,04f3468066bfe630bf36a567b4f6013473d0ca3ac194952ad43112453528cc6c,,,2022-09-19T08:00:00,,,,,04f3468066bfe630bf36a567b4f6013473d0ca3ac194952ad43112453528cc6c,DUPLICATE_SUPPRESSED
DUPLICATE_SUPPRESSED,SEEK_RETEST,04fbe1fa4b108e10a036578c1b76e40b225068630689a8e89a3efc3fc69b84bd,,,2020-06-01T03:00:00,,,,,04fbe1fa4b108e10a036578c1b76e40b225068630689a8e89a3efc3fc69b84bd,DUPLICATE_SUPPRESSED
DUPLICATE_SUPPRESSED,SEEK_RETEST,05057224f9f91ead57d98d4d4b5e79928f00933fdd62ec0aaa6a91be6839a0db,,,2020-11-24T14:00:00,,,,,05057224f9f91ead57d98d4d4b5e79928f00933fdd62ec0aaa6a91be6839a0db,DUPLICATE_SUPPRESSED
DUPLICATE_SUPPRESSED,SEEK_RETEST,05391591f4af1c193fe3e0a1b72b2f8124879c42398610b70cd31ca336e6dd75,,,2021-05-28T22:00:00,,,,,05391591f4af1c193fe3e0a1b72b2f8124879c42398610b70cd31ca336e6dd75,DUPLICATE_SUPPRESSED
DUPLICATE_SUPPRESSED,SEEK_RETEST,0570f4232f6935f75f335f7507c8fdb6e6a344529e9e2169d0f1f8ca27286c7f,,,2022-06-29T15:00:00,,,,,0570f4232f6935f75f335f7507c8fdb6e6a344529e9e2169d0f1f8ca27286c7f,DUPLICATE_SUPPRESSED
DUPLICATE_SUPPRESSED,SEEK_RETEST,059ac72aa8632493484d4cc8dc345ae71388630ce0563ebf47ddc904cc75365d,,,2021-05-19T13:00:00,,,,,059ac72aa8632493484d4cc8dc345ae71388630ce0563ebf47ddc904cc75365d,DUPLICATE_SUPPRESSED
DUPLICATE_SUPPRESSED,SEEK_RETEST,05be4ebb10764f7751394f951023194177e85192fc9cf187e8f4b1c1abeacead,,,2021-03-31T18:00:00,,,,,05be4ebb10764f7751394f951023194177e85192fc9cf187e8f4b1c1abeacead,DUPLICATE_SUPPRESSED
DUPLICATE_SUPPRESSED,SEEK_RETEST,062237c08554cce6da2b904692406dc9fb4015e9a706b1d4df5c842e98ac0f2c,,,2022-04-11T13:00:00,,,,,062237c08554cce6da2b904692406dc9fb4015e9a706b1d4df5c842e98ac0f2c,DUPLICATE_SUPPRESSED
DUPLICATE_SUPPRESSED,SEEK_RETEST,065eb8f64bf84f3c4f7484ca263f0e5a84119f8388810c24dfe9a13d97439bb5,,,2022-01-26T21:00:00,,,,,065eb8f64bf84f3c4f7484ca263f0e5a84119f8388810c24dfe9a13d97439bb5,DUPLICATE_SUPPRESSED
DUPLICATE_SUPPRESSED,SEEK_RETEST,0706103cd2b2ef90ce7fa2d80d4d002cc158d3a305f9725425df7af03c9442c6,,,2020-10-09T12:00:00,,,,,0706103cd2b2ef90ce7fa2d80d4d002cc158d3a305f9725425df7af03c9442c6,DUPLICATE_SUPPRESSED
DUPLICATE_SUPPRESSED,SEEK_RETEST,070cab89f37087c79682e3dd7be7d7b29ba4400e547ccc561157d8407b3744dd,,,2021-03-04T21:00:00,,,,,070cab89f37087c79682e3dd7be7d7b29ba4400e547ccc561157d8407b3744dd,DUPLICATE_SUPPRESSED
DUPLICATE_SUPPRESSED,SEEK_RETEST,07c6c91b0c23aaa925cb94bdf46a634cc4c510ce6ac21da09e423bec96a3e58d,,,2022-10-10T07:00:00,,,,,07c6c91b0c23aaa925cb94bdf46a634cc4c510ce6ac21da09e423bec96a3e58d,DUPLICATE_SUPPRESSED
DUPLICATE_SUPPRESSED,SEEK_RETEST,07cc27db136fb16b314a1c08361ce37685fb9c85ade6b83c33ad4007881c00ec,,,2021-03-22T10:00:00,,,,,07cc27db136fb16b314a1c08361ce37685fb9c85ade6b83c33ad4007881c00ec,DUPLICATE_SUPPRESSED
DUPLICATE_SUPPRESSED,SEEK_RETEST,08034e52d0aa7621f08cb662d9c911f246b3a11e1f6fb19217b59e25473d5c10,,,2021-02-17T17:00:00,,,,,08034e52d0aa7621f08cb662d9c911f246b3a11e1f6fb19217b59e25473d5c10,DUPLICATE_SUPPRESSED
DUPLICATE_SUPPRESSED,SEEK_RETEST,080cdacc7d325f562793cbdb6588518690f2423781d1bd01ca36822f348fd949,,,2021-07-26T06:00:00,,,,,080cdacc7d325f562793cbdb6588518690f2423781d1bd01ca36822f348fd949,DUPLICATE_SUPPRESSED
DUPLICATE_SUPPRESSED,SEEK_RETEST,0811dbec9845bd8320fc3374902c5f719c0c752f846e20ab550a67b5b6378727,,,2022-02-21T03:00:00,,,,,0811dbec9845bd8320fc3374902c5f719c0c752f846e20ab550a67b5b6378727,DUPLICATE_SUPPRESSED
DUPLICATE_SUPPRESSED,SEEK_RETEST,0852b384f009760da7e588e32ab2b5d8dfefeffb455c41c63633efca37808f03,,,2021-02-08T04:00:00,,,,,0852b384f009760da7e588e32ab2b5d8dfefeffb455c41c63633efca37808f03,DUPLICATE_SUPPRESSED
DUPLICATE_SUPPRESSED,SEEK_RETEST,0861087b662193b72f236b3fa61e0242d496d05d350dd290e2cae132da19f5fe,,,2020-07-27T03:00:00,,,,,0861087b662193b72f236b3fa61e0242d496d05d350dd290e2cae132da19f5fe,DUPLICATE_SUPPRESSED
DUPLICATE_SUPPRESSED,SEEK_RETEST,08f90728186760fed47319f4e266af5da95c0f9c703fca8685754ee226a279ea,,,2021-02-08T15:00:00,,,,,08f90728186760fed47319f4e266af5da95c0f9c703fca8685754ee226a279ea,DUPLICATE_SUPPRESSED
DUPLICATE_SUPPRESSED,SEEK_RETEST,090847c25a04e94a840a65dc0cf045634586cfa50794a0a9169d71af47f4f5e4,,,2020-12-07T18:00:00,,,,,090847c25a04e94a840a65dc0cf045634586cfa50794a0a9169d71af47f4f5e4,DUPLICATE_SUPPRESSED
DUPLICATE_SUPPRESSED,SEEK_RETEST,090f43492ed1577249c8103dba8697c92d70184170a89d73e9315415c7e6fc0f,,,2020-04-21T14:00:00,,,,,090f43492ed1577249c8103dba8697c92d70184170a89d73e9315415c7e6fc0f,DUPLICATE_SUPPRESSED
DUPLICATE_SUPPRESSED,SEEK_RETEST,091abd9d5486fdc7d08971f0337b48a1c783e9920dd69949ccc325f212738a24,,,2022-03-08T18:00:00,,,,,091abd9d5486fdc7d08971f0337b48a1c783e9920dd69949ccc325f212738a24,DUPLICATE_SUPPRESSED
DUPLICATE_SUPPRESSED,SEEK_RETEST,095474b326ea4973d3922bf9b39c34501b6a25087e2e8877748d652d1345bf77,,,2022-01-27T09:00:00,,,,,095474b326ea4973d3922bf9b39c34501b6a25087e2e8877748d652d1345bf77,DUPLICATE_SUPPRESSED
DUPLICATE_SUPPRESSED,SEEK_RETEST,09590c3879cb55b210fe057db3613c48c78ef4322125f8134677b785b907fbea,,,2021-09-09T12:00:00,,,,,09590c3879cb55b210fe057db3613c48c78ef4322125f8134677b785b907fbea,DUPLICATE_SUPPRESSED
DUPLICATE_SUPPRESSED,SEEK_RETEST,09db465cc057bdf7d3c888b38856853847ac40b1a93b5abd3e569cda4ee4a935,,,2021-03-17T22:00:00,,,,,09db465cc057bdf7d3c888b38856853847ac40b1a93b5abd3e569cda4ee4a935,DUPLICATE_SUPPRESSED
DUPLICATE_SUPPRESSED,SEEK_RETEST,0a21b46a321a9b71bff292bdb91e3f8645100e336500dfac4f65316d1a1e0df6,,,2020-10-16T19:00:00,,,,,0a21b46a321a9b71bff292bdb91e3f8645100e336500dfac4f65316d1a1e0df6,DUPLICATE_SUPPRESSED
DUPLICATE_SUPPRESSED,SEEK_RETEST,0a8a51838a01d766d12717561c5cebc2f75d94829f54fcdf0183a2bfe8f3c7a4,,,2021-11-19T21:00:00,,,,,0a8a51838a01d766d12717561c5cebc2f75d94829f54fcdf0183a2bfe8f3c7a4,DUPLICATE_SUPPRESSED
DUPLICATE_SUPPRESSED,SEEK_RETEST,0ab640723461436065c2afd9eda9a9515e01013277b1c0d593b8525536bafd16,,,2020-11-27T17:00:00,,,,,0ab640723461436065c2afd9eda9a9515e01013277b1c0d593b8525536bafd16,DUPLICATE_SUPPRESSED
DUPLICATE_SUPPRESSED,SEEK_RETEST,0aca8dfe3ad736b085a66c2743baf8608d8446674e9adfec58df9b7fd9a9f7c6,,,2021-08-03T17:00:00,,,,,0aca8dfe3ad736b085a66c2743baf8608d8446674e9adfec58df9b7fd9a9f7c6,DUPLICATE_SUPPRESSED
DUPLICATE_SUPPRESSED,SEEK_RETEST,0b6a7db83ef654e1d92ec436e06cac7c42d4a1eae0b8c547b527cad5594339e7,,,2021-05-17T06:00:00,,,,,0b6a7db83ef654e1d92ec436e06cac7c42d4a1eae0b8c547b527cad5594339e7,DUPLICATE_SUPPRESSED
DUPLICATE_SUPPRESSED,SEEK_RETEST,0b6d84fac4815c813ebc91a0532f0d7ff0122ff6faaa949281efb8bde7b965dd,,,2020-12-21T05:00:00,,,,,0b6d84fac4815c813ebc91a0532f0d7ff0122ff6faaa949281efb8bde7b965dd,DUPLICATE_SUPPRESSED
DUPLICATE_SUPPRESSED,SEEK_RETEST,0bcb24b727fbb2675ed22f7d10247bfcda7842b1bc3d626f66acd8bc866a17fb,,,2022-03-17T18:00:00,,,,,0bcb24b727fbb2675ed22f7d10247bfcda7842b1bc3d626f66acd8bc866a17fb,DUPLICATE_SUPPRESSED
DUPLICATE_SUPPRESSED,SEEK_RETEST,0bd88729d7818ec18537a13fccf9004da41b495603590b11394c9d9e9ba0cc5a,,,2021-07-23T15:00:00,,,,,0bd88729d7818ec18537a13fccf9004da41b495603590b11394c9d9e9ba0cc5a,DUPLICATE_SUPPRESSED
DUPLICATE_SUPPRESSED,SEEK_RETEST,0beab4174567ab9380cafe7d77ad5089868171843f6111048a528d6b02c9ed33,,,2022-12-09T15:00:00,,,,,0beab4174567ab9380cafe7d77ad5089868171843f6111048a528d6b02c9ed33,DUPLICATE_SUPPRESSED
DUPLICATE_SUPPRESSED,SEEK_RETEST,0c07383d04865892c14e34d08589a1f54d005ae71569adb363c07ba1f6312f71,,,2021-12-28T14:00:00,,,,,0c07383d04865892c14e34d08589a1f54d005ae71569adb363c07ba1f6312f71,DUPLICATE_SUPPRESSED
DUPLICATE_SUPPRESSED,SEEK_RETEST,0cae652913b6d6e4b01ebdf48ecb2659fd16cac79671b85a9c7b1ba0697bf0d0,,,2021-03-22T20:00:00,,,,,0cae652913b6d6e4b01ebdf48ecb2659fd16cac79671b85a9c7b1ba0697bf0d0,DUPLICATE_SUPPRESSED
DUPLICATE_SUPPRESSED,SEEK_RETEST,0cb2386e05a2aa90db14c9a2a4dbfe26a836a953fa5d8261a78c6a8a5f62a707,,,2022-12-08T17:00:00,,,,,0cb2386e05a2aa90db14c9a2a4dbfe26a836a953fa5d8261a78c6a8a5f62a707,DUPLICATE_SUPPRESSED
DUPLICATE_SUPPRESSED,SEEK_RETEST,0f24e4039eaa373a28331b0c090ac0a21f8946cc1e2df460ab7607cb33b5c624,,,2022-01-24T08:00:00,,,,,0f24e4039eaa373a28331b0c090ac0a21f8946cc1e2df460ab7607cb33b5c624,DUPLICATE_SUPPRESSED
DUPLICATE_SUPPRESSED,SEEK_RETEST,0f28ffb25867573e2aae4cc9aa9c09b1ed178a02b28ff3ba92bb4c60b2a0137e,,,2020-08-26T09:00:00,,,,,0f28ffb25867573e2aae4cc9aa9c09b1ed178a02b28ff3ba92bb4c60b2a0137e,DUPLICATE_SUPPRESSED
DUPLICATE_SUPPRESSED,SEEK_RETEST,0f2eee75d2c2e04035b60b785dfacb6a8925e7fe5e2b21e2fec2773c8cc63839,,,2020-07-28T12:00:00,,,,,0f2eee75d2c2e04035b60b785dfacb6a8925e7fe5e2b21e2fec2773c8cc63839,DUPLICATE_SUPPRESSED
DUPLICATE_SUPPRESSED,SEEK_RETEST,0fb0d8bdf31249b6c265a58b02ada867d188e06e85d78f5e795605278c1d28b4,,,2020-04-09T11:00:00,,,,,0fb0d8bdf31249b6c265a58b02ada867d188e06e85d78f5e795605278c1d28b4,DUPLICATE_SUPPRESSED
DUPLICATE_SUPPRESSED,SEEK_RETEST,0ff7aac6972d7fd6b85d58b1f89e5a0056b6ef0df3347c8c47c1ab6630b5a5f2,,,2022-12-06T15:00:00,,,,,0ff7aac6972d7fd6b85d58b1f89e5a0056b6ef0df3347c8c47c1ab6630b5a5f2,DUPLICATE_SUPPRESSED
DUPLICATE_SUPPRESSED,SEEK_RETEST,105e77a4fcac0c62e0dcf89e406329a5157abbb02f503e4013234ec451a3f0bf,,,2020-01-16T19:00:00,,,,,105e77a4fcac0c62e0dcf89e406329a5157abbb02f503e4013234ec451a3f0bf,DUPLICATE_SUPPRESSED
DUPLICATE_SUPPRESSED,SEEK_RETEST,110463e2980f461a80f1c0fbbec8d575c297ca09e9133f37e73a5948789655b0,,,2022-07-27T23:00:00,,,,,110463e2980f461a80f1c0fbbec8d575c297ca09e9133f37e73a5948789655b0,DUPLICATE_SUPPRESSED
DUPLICATE_SUPPRESSED,SEEK_RETEST,11490747b77369ae13f980bc9285e38a8859e5bcce5f19391cd1cc559383fe2f,,,2022-10-19T21:00:00,,,,,11490747b77369ae13f980bc9285e38a8859e5bcce5f19391cd1cc559383fe2f,DUPLICATE_SUPPRESSED
DUPLICATE_SUPPRESSED,SEEK_RETEST,119a4ba0154af03e2d93f16ff3a0405bb3fb6253d3b7ef724b1db2324c874173,,,2022-09-27T10:00:00,,,,,119a4ba0154af03e2d93f16ff3a0405bb3fb6253d3b7ef724b1db2324c874173,DUPLICATE_SUPPRESSED
DUPLICATE_SUPPRESSED,SEEK_RETEST,11a0db23ade4801ee456a3a0258711dcbdf96bb2dda44765bf0e1f9dc4804c63,,,2020-02-11T20:00:00,,,,,11a0db23ade4801ee456a3a0258711dcbdf96bb2dda44765bf0e1f9dc4804c63,DUPLICATE_SUPPRESSED
DUPLICATE_SUPPRESSED,SEEK_RETEST,1245d8ccf55aeabaf04de158edc8e9377cc415743deb2f281a2fe5ec91861589,,,2022-05-02T13:00:00,,,,,1245d8ccf55aeabaf04de158edc8e9377cc415743deb2f281a2fe5ec91861589,DUPLICATE_SUPPRESSED
DUPLICATE_SUPPRESSED,SEEK_RETEST,1277224263bc634661d1a37afead3b1f244ac6ad8e4c342f327a77c29fa53082,,,2020-06-10T21:00:00,,,,,1277224263bc634661d1a37afead3b1f244ac6ad8e4c342f327a77c29fa53082,DUPLICATE_SUPPRESSED
DUPLICATE_SUPPRESSED,SEEK_RETEST,133c4e627c0a45420cdde6182c20a636acb34fe9dbecdf07e691159fb4ebb051,,,2022-11-25T21:00:00,,,,,133c4e627c0a45420cdde6182c20a636acb34fe9dbecdf07e691159fb4ebb051,DUPLICATE_SUPPRESSED
DUPLICATE_SUPPRESSED,SEEK_RETEST,1372532f92d963403cfc416d830f4a3a8cc6b1acd5d8dd2a3feacee5c7a0ffbf,,,2022-07-06T17:00:00,,,,,1372532f92d963403cfc416d830f4a3a8cc6b1acd5d8dd2a3feacee5c7a0ffbf,DUPLICATE_SUPPRESSED
DUPLICATE_SUPPRESSED,SEEK_RETEST,13bb655981451547a3a7c78edda5b784f6be580d0b4a504048b7b96aba64aa3c,,,2022-01-13T18:00:00,,,,,13bb655981451547a3a7c78edda5b784f6be580d0b4a504048b7b96aba64aa3c,DUPLICATE_SUPPRESSED
DUPLICATE_SUPPRESSED,SEEK_RETEST,13dd4b3451e9a025b2a2958e272bea50cecc012ffa0fb6471ca46a6767977fb3,,,2022-06-27T12:00:00,,,,,13dd4b3451e9a025b2a2958e272bea50cecc012ffa0fb6471ca46a6767977fb3,DUPLICATE_SUPPRESSED
DUPLICATE_SUPPRESSED,SEEK_RETEST,14680495bcdb7a79e654ab95cc814b6195c1358ecc1889d5ae69646393e37a57,,,2021-03-30T15:00:00,,,,,14680495bcdb7a79e654ab95cc814b6195c1358ecc1889d5ae69646393e37a57,DUPLICATE_SUPPRESSED
DUPLICATE_SUPPRESSED,SEEK_RETEST,14a28732459d0180859f4ee5ba33e1221753d377c25d6a969fc91c70e1b08651,,,2021-02-26T18:00:00,,,,,14a28732459d0180859f4ee5ba33e1221753d377c25d6a969fc91c70e1b08651,DUPLICATE_SUPPRESSED
DUPLICATE_SUPPRESSED,SEEK_RETEST,14d55e8a5eb42f5a9fbf78b2ea4d33e76f5b07756f2098d6670e5775bbb3f56c,,,2022-08-26T19:00:00,,,,,14d55e8a5eb42f5a9fbf78b2ea4d33e76f5b07756f2098d6670e5775bbb3f56c,DUPLICATE_SUPPRESSED
DUPLICATE_SUPPRESSED,SEEK_RETEST,14f9821102c4a14d398f494c6b83ab3313bd335f8d1e4150a5f13e8853ff1f4d,,,2022-04-05T20:00:00,,,,,14f9821102c4a14d398f494c6b83ab3313bd335f8d1e4150a5f13e8853ff1f4d,DUPLICATE_SUPPRESSED
DUPLICATE_SUPPRESSED,SEEK_RETEST,1500e54b8b67870c28c21f372a5b2eb9b49b0000e293f143ab6910cf36867f10,,,2022-08-18T20:00:00,,,,,1500e54b8b67870c28c21f372a5b2eb9b49b0000e293f143ab6910cf36867f10,DUPLICATE_SUPPRESSED
DUPLICATE_SUPPRESSED,SEEK_RETEST,15a65899d24dd85fd5b7eea74b2ed4c04a2a4f539abcbafec2065a38f072a460,,,2020-09-15T18:00:00,,,,,15a65899d24dd85fd5b7eea74b2ed4c04a2a4f539abcbafec2065a38f072a460,DUPLICATE_SUPPRESSED
DUPLICATE_SUPPRESSED,SEEK_RETEST,165f7228ebe97475ee6195f582677fd41d5b7dd7795d96d205c69d95dd6f05ce,,,2021-02-22T10:00:00,,,,,165f7228ebe97475ee6195f582677fd41d5b7dd7795d96d205c69d95dd6f05ce,DUPLICATE_SUPPRESSED
DUPLICATE_SUPPRESSED,SEEK_RETEST,166b3a05bd1ee396551d6748341f1b9104195126a60c14d0df052c2b228edb3a,,,2020-10-12T02:00:00,,,,,166b3a05bd1ee396551d6748341f1b9104195126a60c14d0df052c2b228edb3a,DUPLICATE_SUPPRESSED
DUPLICATE_SUPPRESSED,SEEK_RETEST,166df5a2ee46b60afe51643cd6a52e78dff556e48fb37402795376ed7a27008a,,,2021-05-26T18:00:00,,,,,166df5a2ee46b60afe51643cd6a52e78dff556e48fb37402795376ed7a27008a,DUPLICATE_SUPPRESSED
DUPLICATE_SUPPRESSED,SEEK_RETEST,1707e40a6ea580701150fa141d61f1983d71d452c9684f91131014394840521a,,,2022-06-07T13:00:00,,,,,1707e40a6ea580701150fa141d61f1983d71d452c9684f91131014394840521a,DUPLICATE_SUPPRESSED
DUPLICATE_SUPPRESSED,SEEK_RETEST,174e5af7e45f22dd7ebfa1de1378b6f0bdf14d4a598a67ee398ad2bf960a1062,,,2020-08-13T18:00:00,,,,,174e5af7e45f22dd7ebfa1de1378b6f0bdf14d4a598a67ee398ad2bf960a1062,DUPLICATE_SUPPRESSED
DUPLICATE_SUPPRESSED,SEEK_RETEST,175d80a9b429e136a8f4fe3e4cd73a68f2caf311e8083f7b1aa0bd19d817b150,,,2021-06-25T10:00:00,,,,,175d80a9b429e136a8f4fe3e4cd73a68f2caf311e8083f7b1aa0bd19d817b150,DUPLICATE_SUPPRESSED
DUPLICATE_SUPPRESSED,SEEK_RETEST,176617dd842c19751431562687e2d1d9afc138dd1a3cbe7719e07368bbe4e302,,,2020-09-24T20:00:00,,,,,176617dd842c19751431562687e2d1d9afc138dd1a3cbe7719e07368bbe4e302,DUPLICATE_SUPPRESSED
DUPLICATE_SUPPRESSED,SEEK_RETEST,177cf20563c65cc59e617e73673d7baf9e6a1cb3b77a5c417be7124ed1c83f8f,,,2021-09-24T16:00:00,,,,,177cf20563c65cc59e617e73673d7baf9e6a1cb3b77a5c417be7124ed1c83f8f,DUPLICATE_SUPPRESSED
DUPLICATE_SUPPRESSED,SEEK_RETEST,17b0705a29c9a933b796e3d93874f1aa89d30926074e8390130b967020a26609,,,2022-12-05T17:00:00,,,,,17b0705a29c9a933b796e3d93874f1aa89d30926074e8390130b967020a26609,DUPLICATE_SUPPRESSED
DUPLICATE_SUPPRESSED,SEEK_RETEST,17b75107db79af72d6b615cb6d3289f1d484db767ad6307f6a208b87ee426ce3,,,2021-11-29T17:00:00,,,,,17b75107db79af72d6b615cb6d3289f1d484db767ad6307f6a208b87ee426ce3,DUPLICATE_SUPPRESSED
DUPLICATE_SUPPRESSED,SEEK_RETEST,17ea6bb0c8be391061fdcca2bd03a77655d6be3e52980c9a4a39889d005d7c97,,,2020-11-16T15:00:00,,,,,17ea6bb0c8be391061fdcca2bd03a77655d6be3e52980c9a4a39889d005d7c97,DUPLICATE_SUPPRESSED
DUPLICATE_SUPPRESSED,SEEK_RETEST,181009ffbfd145f0335aff67bd99282bf50d04c1ada5a5e81d3b5ef89227749d,,,2022-02-16T18:00:00,,,,,181009ffbfd145f0335aff67bd99282bf50d04c1ada5a5e81d3b5ef89227749d,DUPLICATE_SUPPRESSED
DUPLICATE_SUPPRESSED,SEEK_RETEST,184eb6c818fc924ebcdcd5978d0e2c09e07bcc6e57fe1fdc64daedd61f1c9f5d,,,2021-04-12T18:00:00,,,,,184eb6c818fc924ebcdcd5978d0e2c09e07bcc6e57fe1fdc64daedd61f1c9f5d,DUPLICATE_SUPPRESSED
DUPLICATE_SUPPRESSED,SEEK_RETEST,191d2319334019185be79b64b9b9d25f58b9f46253cf93d312da67a7355379cf,,,2020-05-01T20:00:00,,,,,191d2319334019185be79b64b9b9d25f58b9f46253cf93d312da67a7355379cf,DUPLICATE_SUPPRESSED
DUPLICATE_SUPPRESSED,SEEK_RETEST,1982a079fb35c8ff8aae4b88c547750bf403869504eb52cc63ab416f8bdace7a,,,2021-02-16T15:00:00,,,,,1982a079fb35c8ff8aae4b88c547750bf403869504eb52cc63ab416f8bdace7a,DUPLICATE_SUPPRESSED
DUPLICATE_SUPPRESSED,SEEK_RETEST,19bcf13ee737b9250ea92675c8cbe245f0a801179974ee6e25b94708990ce8a5,,,2022-05-30T06:00:00,,,,,19bcf13ee737b9250ea92675c8cbe245f0a801179974ee6e25b94708990ce8a5,DUPLICATE_SUPPRESSED
DUPLICATE_SUPPRESSED,SEEK_RETEST,1a0810939133cafd85dca7219ab4ef94cdf2d7de94daf58195b8104dfc7ae6ae,,,2020-09-01T18:00:00,,,,,1a0810939133cafd85dca7219ab4ef94cdf2d7de94daf58195b8104dfc7ae6ae,DUPLICATE_SUPPRESSED
DUPLICATE_SUPPRESSED,SEEK_RETEST,1a203630fe5a4889073b5562f3545b95b3eb15af35b9746b6e4fe0115a186aa9,,,2022-08-30T19:00:00,,,,,1a203630fe5a4889073b5562f3545b95b3eb15af35b9746b6e4fe0115a186aa9,DUPLICATE_SUPPRESSED
DUPLICATE_SUPPRESSED,SEEK_RETEST,1a23140f7291beb8cd10e800bb2bfbe6bf7d1a9e83f4415bfcb911120bf8ad0a,,,2020-11-19T23:00:00,,,,,1a23140f7291beb8cd10e800bb2bfbe6bf7d1a9e83f4415bfcb911120bf8ad0a,DUPLICATE_SUPPRESSED
DUPLICATE_SUPPRESSED,SEEK_RETEST,1a76d9dfab6fb2f8d036030733e9ba7cf120b7fc9fb9f0addcab67ad7d9d91f1,,,2020-06-05T15:00:00,,,,,1a76d9dfab6fb2f8d036030733e9ba7cf120b7fc9fb9f0addcab67ad7d9d91f1,DUPLICATE_SUPPRESSED
DUPLICATE_SUPPRESSED,SEEK_RETEST,1ab9208cb9a85cd12733f5acd07e0b64a7b4b934b32bdf50bff5c2cca81706ab,,,2020-01-13T05:00:00,,,,,1ab9208cb9a85cd12733f5acd07e0b64a7b4b934b32bdf50bff5c2cca81706ab,DUPLICATE_SUPPRESSED
DUPLICATE_SUPPRESSED,SEEK_RETEST,1ab9763d77d6e9bf7fc0b6b1409fa4d13bf442c36f743688b5c9d6eb839ba295,,,2020-05-13T16:00:00,,,,,1ab9763d77d6e9bf7fc0b6b1409fa4d13bf442c36f743688b5c9d6eb839ba295,DUPLICATE_SUPPRESSED
DUPLICATE_SUPPRESSED,SEEK_RETEST,1b25068e3234717f6091ebb65d43eb8469d95b2222296da606184052bf282863,,,2021-11-04T14:00:00,,,,,1b25068e3234717f6091ebb65d43eb8469d95b2222296da606184052bf282863,DUPLICATE_SUPPRESSED
DUPLICATE_SUPPRESSED,SEEK_RETEST,1b3ef2604b7d3b94bb4b7c22657d25a78fa29b1db86993857470b59b4b46267b,,,2022-01-24T17:00:00,,,,,1b3ef2604b7d3b94bb4b7c22657d25a78fa29b1db86993857470b59b4b46267b,DUPLICATE_SUPPRESSED
DUPLICATE_SUPPRESSED,SEEK_RETEST,1c04f01e49b91def911e6de7ce2d8caa2c6e1eebeaa3951bcd5f6805227f1ede,,,2021-09-08T18:00:00,,,,,1c04f01e49b91def911e6de7ce2d8caa2c6e1eebeaa3951bcd5f6805227f1ede,DUPLICATE_SUPPRESSED
DUPLICATE_SUPPRESSED,SEEK_RETEST,1c18e822b0a5ce7c0d50f49dc22f77a12f268bd5bcebc8e4bf792fb4f8311f19,,,2021-04-16T14:00:00,,,,,1c18e822b0a5ce7c0d50f49dc22f77a12f268bd5bcebc8e4bf792fb4f8311f19,DUPLICATE_SUPPRESSED
DUPLICATE_SUPPRESSED,SEEK_RETEST,1c1a586d05146753d8cb3bfab9f72fe4fc64ff2914c5f5b759a782d61716fe99,,,2022-10-05T12:00:00,,,,,1c1a586d05146753d8cb3bfab9f72fe4fc64ff2914c5f5b759a782d61716fe99,DUPLICATE_SUPPRESSED
DUPLICATE_SUPPRESSED,SEEK_RETEST,1ca8b4f70f936582f56e85d47e5df1e63ec67d7b7e07043d9ec33bb3eedefe46,,,2020-02-11T17:00:00,,,,,1ca8b4f70f936582f56e85d47e5df1e63ec67d7b7e07043d9ec33bb3eedefe46,DUPLICATE_SUPPRESSED
DUPLICATE_SUPPRESSED,SEEK_RETEST,1ce0590128d1f7b67f6af3df984770a1f58ccae4a43b86b371228d1208653913,,,2020-05-14T18:00:00,,,,,1ce0590128d1f7b67f6af3df984770a1f58ccae4a43b86b371228d1208653913,DUPLICATE_SUPPRESSED
DUPLICATE_SUPPRESSED,SEEK_RETEST,1d9c618d3568074d3b107f3668311f502a58a82c57e6df87124868321a3e9ef2,,,2021-01-14T20:00:00,,,,,1d9c618d3568074d3b107f3668311f502a58a82c57e6df87124868321a3e9ef2,DUPLICATE_SUPPRESSED
DUPLICATE_SUPPRESSED,SEEK_RETEST,1ddc4fbface728edafe4cd3d76a03f6642d8b900fae850c30be1627abb648da3,,,2021-10-11T03:00:00,,,,,1ddc4fbface728edafe4cd3d76a03f6642d8b900fae850c30be1627abb648da3,DUPLICATE_SUPPRESSED
DUPLICATE_SUPPRESSED,SEEK_RETEST,1e3f6ea50e819667c2a27d08f5a80db508459dc335bd236198f2ac284ae51f3e,,,2021-12-08T16:00:00,,,,,1e3f6ea50e819667c2a27d08f5a80db508459dc335bd236198f2ac284ae51f3e,DUPLICATE_SUPPRESSED
DUPLICATE_SUPPRESSED,SEEK_RETEST,1e5b3d9d366c5fcc5e3379d34458d486b2fccc31dc302e8b5c12dbf651e3750a,,,2020-12-16T12:00:00,,,,,1e5b3d9d366c5fcc5e3379d34458d486b2fccc31dc302e8b5c12dbf651e3750a,DUPLICATE_SUPPRESSED
DUPLICATE_SUPPRESSED,SEEK_RETEST,1eb7407dc5089b1cfc6e587487f1d17bf6be34919ac9b0fc04c97038b5ea38c4,,,2022-06-03T20:00:00,,,,,1eb7407dc5089b1cfc6e587487f1d17bf6be34919ac9b0fc04c97038b5ea38c4,DUPLICATE_SUPPRESSED
DUPLICATE_SUPPRESSED,SEEK_RETEST,1ecf3606e9a7c4650b76f2ff460df075c3a044bcdf97d41e133cc1bc0d813a31,,,2020-08-19T10:00:00,,,,,1ecf3606e9a7c4650b76f2ff460df075c3a044bcdf97d41e133cc1bc0d813a31,DUPLICATE_SUPPRESSED
DUPLICATE_SUPPRESSED,SEEK_RETEST,1f0570c4d76ca4994af502979388cceaa4df9a0e8af8d2842c4217b38a12f1bc,,,2021-06-18T17:00:00,,,,,1f0570c4d76ca4994af502979388cceaa4df9a0e8af8d2842c4217b38a12f1bc,DUPLICATE_SUPPRESSED
DUPLICATE_SUPPRESSED,SEEK_RETEST,1f3f2fcd9f866ff9b92a3678ed279834fa7fb19e9d241a5f7bd353fbc0669565,,,2020-03-02T04:00:00,,,,,1f3f2fcd9f866ff9b92a3678ed279834fa7fb19e9d241a5f7bd353fbc0669565,DUPLICATE_SUPPRESSED
DUPLICATE_SUPPRESSED,SEEK_RETEST,1f8099757df6cd2c974d50a21356470ca42627cfd8134eae5fc4edf6f4834035,,,2022-09-23T12:00:00,,,,,1f8099757df6cd2c974d50a21356470ca42627cfd8134eae5fc4edf6f4834035,DUPLICATE_SUPPRESSED
DUPLICATE_SUPPRESSED,SEEK_RETEST,1f956453476167f203d206fb5b33779da63d2837c9d0455ce91d292bad9b2c15,,,2022-05-19T13:00:00,,,,,1f956453476167f203d206fb5b33779da63d2837c9d0455ce91d292bad9b2c15,DUPLICATE_SUPPRESSED
DUPLICATE_SUPPRESSED,SEEK_RETEST,20b553a0ee10dca68b0797db3eec79b8f401316326d3de334e17e1a14f1d872a,,,2022-08-04T21:00:00,,,,,20b553a0ee10dca68b0797db3eec79b8f401316326d3de334e17e1a14f1d872a,DUPLICATE_SUPPRESSED
DUPLICATE_SUPPRESSED,SEEK_RETEST,21bcc0fbd4c8a085562b848433e8231d323ccfaaf9e86ccd2b0d1b6e9db57f5d,,,2022-03-21T17:00:00,,,,,21bcc0fbd4c8a085562b848433e8231d323ccfaaf9e86ccd2b0d1b6e9db57f5d,DUPLICATE_SUPPRESSED
DUPLICATE_SUPPRESSED,SEEK_RETEST,21e368127a35546bfb6c3b3995858442598136a187a3741bb1083490ad9175ee,,,2020-01-28T16:00:00,,,,,21e368127a35546bfb6c3b3995858442598136a187a3741bb1083490ad9175ee,DUPLICATE_SUPPRESSED
DUPLICATE_SUPPRESSED,SEEK_RETEST,226c773e632a87313e8623a22616c331e7008cc3a0ba2e1b5b4b37ee2a14e796,,,2022-06-14T16:00:00,,,,,226c773e632a87313e8623a22616c331e7008cc3a0ba2e1b5b4b37ee2a14e796,DUPLICATE_SUPPRESSED
DUPLICATE_SUPPRESSED,SEEK_RETEST,22b397b59fa31412871c610d16491f4b0b6b2c01228fed2e608b72bd32063861,,,2022-06-10T19:00:00,,,,,22b397b59fa31412871c610d16491f4b0b6b2c01228fed2e608b72bd32063861,DUPLICATE_SUPPRESSED
DUPLICATE_SUPPRESSED,SEEK_RETEST,22e4dbd7c6f52f267d2f93681bbded9e873a65f01135677956936aaabc4f555b,,,2021-04-06T09:00:00,,,,,22e4dbd7c6f52f267d2f93681bbded9e873a65f01135677956936aaabc4f555b,DUPLICATE_SUPPRESSED
DUPLICATE_SUPPRESSED,SEEK_RETEST,2321c2d3047d32eef243a1cb444436ecc00647a42fc8e8f0c5d173b9a437ef5c,,,2021-11-16T12:00:00,,,,,2321c2d3047d32eef243a1cb444436ecc00647a42fc8e8f0c5d173b9a437ef5c,DUPLICATE_SUPPRESSED
DUPLICATE_SUPPRESSED,SEEK_RETEST,235cc704bff1bbc13e96489f106a1940237a7fec60ebded294493b9e7eb20d23,,,2020-08-18T10:00:00,,,,,235cc704bff1bbc13e96489f106a1940237a7fec60ebded294493b9e7eb20d23,DUPLICATE_SUPPRESSED
DUPLICATE_SUPPRESSED,SEEK_RETEST,23a952f96acc7174fb8eb0f2330d3f5a4476475d202e9cd0b8610dda7e36eb8d,,,2022-09-08T18:00:00,,,,,23a952f96acc7174fb8eb0f2330d3f5a4476475d202e9cd0b8610dda7e36eb8d,DUPLICATE_SUPPRESSED
DUPLICATE_SUPPRESSED,SEEK_RETEST,23bc2e4a92abcac656c5c8708ccb1bee627da73c2e2cafd5933e32af2fec3b2d,,,2020-09-09T17:00:00,,,,,23bc2e4a92abcac656c5c8708ccb1bee627da73c2e2cafd5933e32af2fec3b2d,DUPLICATE_SUPPRESSED
DUPLICATE_SUPPRESSED,SEEK_RETEST,23e9c01ca1ba14d83826034867c8adb6438c5ca8aac5bdcddac6c7fb015ad8be,,,2020-05-21T19:00:00,,,,,23e9c01ca1ba14d83826034867c8adb6438c5ca8aac5bdcddac6c7fb015ad8be,DUPLICATE_SUPPRESSED
DUPLICATE_SUPPRESSED,SEEK_RETEST,240f4d4ff306f5a537dcfe9759bc5f8181e12d8a4cf031b7781dc576c42e7989,,,2021-05-19T18:00:00,,,,,240f4d4ff306f5a537dcfe9759bc5f8181e12d8a4cf031b7781dc576c42e7989,DUPLICATE_SUPPRESSED
DUPLICATE_SUPPRESSED,SEEK_RETEST,24210ef2aa1d37b7ecf26e3b82e2579d693da128ab605fda0425121f211e236f,,,2021-06-23T23:00:00,,,,,24210ef2aa1d37b7ecf26e3b82e2579d693da128ab605fda0425121f211e236f,DUPLICATE_SUPPRESSED
DUPLICATE_SUPPRESSED,SEEK_RETEST,2439fc44f02e05841607bb6518f9c38782eea05636023cf31677e6dbea59f226,,,2020-03-11T18:00:00,,,,,2439fc44f02e05841607bb6518f9c38782eea05636023cf31677e6dbea59f226,DUPLICATE_SUPPRESSED
DUPLICATE_SUPPRESSED,SEEK_RETEST,24603b37678236dffc0de7584f44423be3f0572db0d106642f331736edc86cb5,,,2022-12-13T16:00:00,,,,,24603b37678236dffc0de7584f44423be3f0572db0d106642f331736edc86cb5,DUPLICATE_SUPPRESSED
DUPLICATE_SUPPRESSED,SEEK_RETEST,24ad1f1a1d7876093a3d51cb1253c0a2b1700ac12e2aab6bcc816f159fe8945f,,,2021-02-24T17:00:00,,,,,24ad1f1a1d7876093a3d51cb1253c0a2b1700ac12e2aab6bcc816f159fe8945f,DUPLICATE_SUPPRESSED
DUPLICATE_SUPPRESSED,SEEK_RETEST,24b7aa3df29c1b94607e700aa273e766714785bab57e931bab4f30d12bda4491,,,2021-04-29T18:00:00,,,,,24b7aa3df29c1b94607e700aa273e766714785bab57e931bab4f30d12bda4491,DUPLICATE_SUPPRESSED
DUPLICATE_SUPPRESSED,SEEK_RETEST,256524cbef77ee63ef15d5a95b2f4b83bac8d76dea5dcb6462b3572906767b98,,,2020-03-06T13:00:00,,,,,256524cbef77ee63ef15d5a95b2f4b83bac8d76dea5dcb6462b3572906767b98,DUPLICATE_SUPPRESSED
DUPLICATE_SUPPRESSED,SEEK_RETEST,25a6e371e0fc8be7dfa594c208bd43eaae2a2c78491463ffa5d3725e207bb14c,,,2021-03-11T17:00:00,,,,,25a6e371e0fc8be7dfa594c208bd43eaae2a2c78491463ffa5d3725e207bb14c,DUPLICATE_SUPPRESSED
DUPLICATE_SUPPRESSED,SEEK_RETEST,25a7bd35cee9b17073fda4684d2e8cb8dfa6a2ff394f87de27f44b0c0ad796d5,,,2021-07-20T19:00:00,,,,,25a7bd35cee9b17073fda4684d2e8cb8dfa6a2ff394f87de27f44b0c0ad796d5,DUPLICATE_SUPPRESSED
DUPLICATE_SUPPRESSED,SEEK_RETEST,25a8afee212e62cd14a30268bd4260b929f7dbc77099852df2538ce55e33e244,,,2022-03-30T12:00:00,,,,,25a8afee212e62cd14a30268bd4260b929f7dbc77099852df2538ce55e33e244,DUPLICATE_SUPPRESSED
DUPLICATE_SUPPRESSED,SEEK_RETEST,260fab23f772b2a502014851cc4271a0bff5381c149fb687788af7bed18769ff,,,2021-03-09T10:00:00,,,,,260fab23f772b2a502014851cc4271a0bff5381c149fb687788af7bed18769ff,DUPLICATE_SUPPRESSED
DUPLICATE_SUPPRESSED,SEEK_RETEST,26a1252cf746e528e9cf4b8655da2340f14173133cbc40e7808ceac18e14c7d0,,,2022-04-13T13:00:00,,,,,26a1252cf746e528e9cf4b8655da2340f14173133cbc40e7808ceac18e14c7d0,DUPLICATE_SUPPRESSED
DUPLICATE_SUPPRESSED,SEEK_RETEST,27a5a9b19deafe0f54703f0981497464cc6863913d5edcb6c1908567a4183fa5,,,2021-01-12T17:00:00,,,,,27a5a9b19deafe0f54703f0981497464cc6863913d5edcb6c1908567a4183fa5,DUPLICATE_SUPPRESSED
DUPLICATE_SUPPRESSED,SEEK_RETEST,2802cc4bc6ddbeb7bb1b0cd49330ab7029096117084b01c88f7f5d576d3d4df8,,,2020-07-02T13:00:00,,,,,2802cc4bc6ddbeb7bb1b0cd49330ab7029096117084b01c88f7f5d576d3d4df8,DUPLICATE_SUPPRESSED
DUPLICATE_SUPPRESSED,SEEK_RETEST,28d14b2a0422f0f0277628caad0fcc5794906071385f734b42159d925b8fe6dc,,,2021-09-07T19:00:00,,,,,28d14b2a0422f0f0277628caad0fcc5794906071385f734b42159d925b8fe6dc,DUPLICATE_SUPPRESSED
DUPLICATE_SUPPRESSED,SEEK_RETEST,2a046f941ab95bc5f4b7a7ef09f963a46b9fc73c8b4278f6a113cf275b3f8127,,,2022-08-22T04:00:00,,,,,2a046f941ab95bc5f4b7a7ef09f963a46b9fc73c8b4278f6a113cf275b3f8127,DUPLICATE_SUPPRESSED
DUPLICATE_SUPPRESSED,SEEK_RETEST,2a81d17cf2a4891725871c34280c68d10f4398506605456c7a88e1d7b8402cbc,,,2020-03-11T08:00:00,,,,,2a81d17cf2a4891725871c34280c68d10f4398506605456c7a88e1d7b8402cbc,DUPLICATE_SUPPRESSED
DUPLICATE_SUPPRESSED,SEEK_RETEST,2af7d70b7c0f5d12b1d482f6df8b53388f39a3dfaaf36b86727ee68484cd5029,,,2020-11-18T00:00:00,,,,,2af7d70b7c0f5d12b1d482f6df8b53388f39a3dfaaf36b86727ee68484cd5029,DUPLICATE_SUPPRESSED
DUPLICATE_SUPPRESSED,SEEK_RETEST,2b125a95ee8960beaa148252de445089754a1af28282bb762f50e7b6c6d15d15,,,2020-04-22T12:00:00,,,,,2b125a95ee8960beaa148252de445089754a1af28282bb762f50e7b6c6d15d15,DUPLICATE_SUPPRESSED
DUPLICATE_SUPPRESSED,SEEK_RETEST,2b1c75085d6112c3818dfba4f4b70460cd849b279058aad617b345372b464056,,,2020-05-25T05:00:00,,,,,2b1c75085d6112c3818dfba4f4b70460cd849b279058aad617b345372b464056,DUPLICATE_SUPPRESSED
DUPLICATE_SUPPRESSED,SEEK_RETEST,2b37ed2745a2855a0ee8a86ecf7b4aa92ff362d1f98397ef059d4328ceab61da,,,2020-05-26T18:00:00,,,,,2b37ed2745a2855a0ee8a86ecf7b4aa92ff362d1f98397ef059d4328ceab61da,DUPLICATE_SUPPRESSED
DUPLICATE_SUPPRESSED,SEEK_RETEST,2b4a1075040a9faa2d0d2da22f2141e278f2a6a3c3211d655cbc560bcce7eba1,,,2021-02-18T18:00:00,,,,,2b4a1075040a9faa2d0d2da22f2141e278f2a6a3c3211d655cbc560bcce7eba1,DUPLICATE_SUPPRESSED
DUPLICATE_SUPPRESSED,SEEK_RETEST,2b74fa845b5a025b7a79a6cf99297b132e7b4523abac6ae6c37ad9a5c8370f59,,,2022-10-31T12:00:00,,,,,2b74fa845b5a025b7a79a6cf99297b132e7b4523abac6ae6c37ad9a5c8370f59,DUPLICATE_SUPPRESSED
DUPLICATE_SUPPRESSED,SEEK_RETEST,2b880a272f19b9301cbbf8ac3129bee0bccfa60063dd7c50b546a85bd09aab2e,,,2021-05-11T14:00:00,,,,,2b880a272f19b9301cbbf8ac3129bee0bccfa60063dd7c50b546a85bd09aab2e,DUPLICATE_SUPPRESSED
DUPLICATE_SUPPRESSED,SEEK_RETEST,2b9d90229cb615edcc011a24d7b691ff307e88ff0752fdf52bc1b3d6f16e6fef,,,2020-10-05T17:00:00,,,,,2b9d90229cb615edcc011a24d7b691ff307e88ff0752fdf52bc1b3d6f16e6fef,DUPLICATE_SUPPRESSED
DUPLICATE_SUPPRESSED,SEEK_RETEST,2bdf2a3eacf6ada94ebb54beff5f02ff62e3005c1c0a62478c7538de46660a30,,,2020-03-10T23:00:00,,,,,2bdf2a3eacf6ada94ebb54beff5f02ff62e3005c1c0a62478c7538de46660a30,DUPLICATE_SUPPRESSED
DUPLICATE_SUPPRESSED,SEEK_RETEST,2c1a661f084038805b41622f8def9938ba14a57b803f51ee9a7a2926ee979ded,,,2022-05-17T16:00:00,,,,,2c1a661f084038805b41622f8def9938ba14a57b803f51ee9a7a2926ee979ded,DUPLICATE_SUPPRESSED
DUPLICATE_SUPPRESSED,SEEK_RETEST,2c4707a0a2d78a097589e29401967aa56c61f4c683298061673d6fb55e7129a6,,,2022-01-10T14:00:00,,,,,2c4707a0a2d78a097589e29401967aa56c61f4c683298061673d6fb55e7129a6,DUPLICATE_SUPPRESSED
DUPLICATE_SUPPRESSED,SEEK_RETEST,2c7b874ad1ec29a378fb7125a12878d645690385f38cf8c96eca3210e3168c56,,,2022-08-19T19:00:00,,,,,2c7b874ad1ec29a378fb7125a12878d645690385f38cf8c96eca3210e3168c56,DUPLICATE_SUPPRESSED
DUPLICATE_SUPPRESSED,SEEK_RETEST,2d55fdf4c74dfba53c4208ac802359f7b249ee40d129f2422c79b878c982b887,,,2020-05-04T11:00:00,,,,,2d55fdf4c74dfba53c4208ac802359f7b249ee40d129f2422c79b878c982b887,DUPLICATE_SUPPRESSED
DUPLICATE_SUPPRESSED,SEEK_RETEST,2d5d5fd98ae730d95d32b87af28d7aa520116385f295ced452723a9913a93250,,,2022-06-20T07:00:00,,,,,2d5d5fd98ae730d95d32b87af28d7aa520116385f295ced452723a9913a93250,DUPLICATE_SUPPRESSED
DUPLICATE_SUPPRESSED,SEEK_RETEST,2dff901d6c2351fd08f6f7e8be8c2433a3535f6c31134a053e33d6802f40756f,,,2022-08-08T15:00:00,,,,,2dff901d6c2351fd08f6f7e8be8c2433a3535f6c31134a053e33d6802f40756f,DUPLICATE_SUPPRESSED
DUPLICATE_SUPPRESSED,SEEK_RETEST,2e0442d11b5899e0c60c6ad7d32e98fb939f31e72b6dad3ecae58a9e48f857e9,,,2022-12-14T18:00:00,,,,,2e0442d11b5899e0c60c6ad7d32e98fb939f31e72b6dad3ecae58a9e48f857e9,DUPLICATE_SUPPRESSED
DUPLICATE_SUPPRESSED,SEEK_RETEST,2e265717ef06d20694c9c0a5cde6f513a9cb6f1c681d4212de521ad34120b492,,,2022-03-29T00:00:00,,,,,2e265717ef06d20694c9c0a5cde6f513a9cb6f1c681d4212de521ad34120b492,DUPLICATE_SUPPRESSED
DUPLICATE_SUPPRESSED,SEEK_RETEST,2e491580639741ab9e9d0aabc4994aed43aa768a3400a1491f0f7f815ed88118,,,2021-11-05T10:00:00,,,,,2e491580639741ab9e9d0aabc4994aed43aa768a3400a1491f0f7f815ed88118,DUPLICATE_SUPPRESSED
DUPLICATE_SUPPRESSED,SEEK_RETEST,2e8868b50adb461af8e7d0e47d2ad7c9afd2042c14cbe90b1d514728b63abdf1,,,2022-05-09T22:00:00,,,,,2e8868b50adb461af8e7d0e47d2ad7c9afd2042c14cbe90b1d514728b63abdf1,DUPLICATE_SUPPRESSED
DUPLICATE_SUPPRESSED,SEEK_RETEST,2eada6c882bd8aa66bf9828c90aca983206c6fc4be7f8b5365bd86f021f51318,,,2021-02-12T19:00:00,,,,,2eada6c882bd8aa66bf9828c90aca983206c6fc4be7f8b5365bd86f021f51318,DUPLICATE_SUPPRESSED
DUPLICATE_SUPPRESSED,SEEK_RETEST,2f169db9ae00effab97e285dbf39a6b3dfd2135890ebc32c618569c7414ce8ac,,,2022-10-13T17:00:00,,,,,2f169db9ae00effab97e285dbf39a6b3dfd2135890ebc32c618569c7414ce8ac,DUPLICATE_SUPPRESSED
DUPLICATE_SUPPRESSED,SEEK_RETEST,2f26de9fd7791ef4d87bef4b92e0b4eb0cb1fb9e7c34b3e6c96e83c4da0a204d,,,2020-09-07T06:00:00,,,,,2f26de9fd7791ef4d87bef4b92e0b4eb0cb1fb9e7c34b3e6c96e83c4da0a204d,DUPLICATE_SUPPRESSED
DUPLICATE_SUPPRESSED,SEEK_RETEST,2f447b93341600effe56c7b76dae1bdebf4fce96137d0d86eb4389775d3d2a22,,,2021-09-30T17:00:00,,,,,2f447b93341600effe56c7b76dae1bdebf4fce96137d0d86eb4389775d3d2a22,DUPLICATE_SUPPRESSED
DUPLICATE_SUPPRESSED,SEEK_RETEST,2f66548f7f9ceedeee2611a06c9290968fa13918532143734277fb1f3b89f8d4,,,2021-10-21T17:00:00,,,,,2f66548f7f9ceedeee2611a06c9290968fa13918532143734277fb1f3b89f8d4,DUPLICATE_SUPPRESSED
DUPLICATE_SUPPRESSED,SEEK_RETEST,2f6e208ca84d248bcae14a257ea48ee42e97f7e246de620f5abbd8b5620a9fe9,,,2022-06-15T11:00:00,,,,,2f6e208ca84d248bcae14a257ea48ee42e97f7e246de620f5abbd8b5620a9fe9,DUPLICATE_SUPPRESSED
DUPLICATE_SUPPRESSED,SEEK_RETEST,2f8210e71a271aa8953317baf98dc01331c60d7721355d5940f5f18d6af15d8b,,,2020-04-27T19:00:00,,,,,2f8210e71a271aa8953317baf98dc01331c60d7721355d5940f5f18d6af15d8b,DUPLICATE_SUPPRESSED
DUPLICATE_SUPPRESSED,SEEK_RETEST,2faadffb5127171240e23cc3e07e378d378b607125d4bdc8fec85730e227ca2d,,,2020-01-17T17:00:00,,,,,2faadffb5127171240e23cc3e07e378d378b607125d4bdc8fec85730e227ca2d,DUPLICATE_SUPPRESSED
DUPLICATE_SUPPRESSED,SEEK_RETEST,2fba2e643bdda2c4a721c508083b4ba367b4b29904d75fa961884a282dda1066,,,2022-06-17T19:00:00,,,,,2fba2e643bdda2c4a721c508083b4ba367b4b29904d75fa961884a282dda1066,DUPLICATE_SUPPRESSED
DUPLICATE_SUPPRESSED,SEEK_RETEST,2fd4a4b397b272aa6079187f0a51283fe07c62a0fb35bf9243055fdf72e44687,,,2020-10-06T16:00:00,,,,,2fd4a4b397b272aa6079187f0a51283fe07c62a0fb35bf9243055fdf72e44687,DUPLICATE_SUPPRESSED
DUPLICATE_SUPPRESSED,SEEK_RETEST,303d04cc95cc7d46b3d5d5d54e83ba4f5f6f9bd2fb6977e67acd9ee9fca7e825,,,2021-05-04T09:00:00,,,,,303d04cc95cc7d46b3d5d5d54e83ba4f5f6f9bd2fb6977e67acd9ee9fca7e825,DUPLICATE_SUPPRESSED
DUPLICATE_SUPPRESSED,SEEK_RETEST,3042160e355b26e5268f2c12f87a1eb1c756f4d8d79062d7e13b8adcd828cdbe,,,2021-04-13T18:00:00,,,,,3042160e355b26e5268f2c12f87a1eb1c756f4d8d79062d7e13b8adcd828cdbe,DUPLICATE_SUPPRESSED
DUPLICATE_SUPPRESSED,SEEK_RETEST,307f523608208eafb3f8140f4d92718ddb37295f571af6884a93b75717d896e2,,,2022-07-13T00:00:00,,,,,307f523608208eafb3f8140f4d92718ddb37295f571af6884a93b75717d896e2,DUPLICATE_SUPPRESSED
DUPLICATE_SUPPRESSED,SEEK_RETEST,308305e54254afb6e7354ecc33ef099fc5e8d622eb9f8e25342b8b5b0673f7a7,,,2022-10-18T09:00:00,,,,,308305e54254afb6e7354ecc33ef099fc5e8d622eb9f8e25342b8b5b0673f7a7,DUPLICATE_SUPPRESSED
DUPLICATE_SUPPRESSED,SEEK_RETEST,30a50eb05c261a75bc38b636531ef5ecec5672e7c4893f7f37617ccda00cdea0,,,2022-02-14T06:00:00,,,,,30a50eb05c261a75bc38b636531ef5ecec5672e7c4893f7f37617ccda00cdea0,DUPLICATE_SUPPRESSED
DUPLICATE_SUPPRESSED,SEEK_RETEST,33047ed216f5bb76ecf4e9bbcdfd889614df9ce2589bc3f13f92c5f549f67e37,,,2022-12-27T19:00:00,,,,,33047ed216f5bb76ecf4e9bbcdfd889614df9ce2589bc3f13f92c5f549f67e37,DUPLICATE_SUPPRESSED
DUPLICATE_SUPPRESSED,SEEK_RETEST,332c600fca1be0507811133ad2f4abe366e5f778b9eaa3e9fb5ec40e3fa99ac3,,,2022-07-04T02:00:00,,,,,332c600fca1be0507811133ad2f4abe366e5f778b9eaa3e9fb5ec40e3fa99ac3,DUPLICATE_SUPPRESSED
DUPLICATE_SUPPRESSED,SEEK_RETEST,3382fce088ae05d65b2c5fead230eeeb4dfb3606e51f9156d59efc4d82bccdac,,,2022-04-21T00:00:00,,,,,3382fce088ae05d65b2c5fead230eeeb4dfb3606e51f9156d59efc4d82bccdac,DUPLICATE_SUPPRESSED
DUPLICATE_SUPPRESSED,SEEK_RETEST,3395c87d829bba8a3cb3c85c25b95e1ffdd039cbfd1edfbd122233408ed66cb7,,,2022-07-21T17:00:00,,,,,3395c87d829bba8a3cb3c85c25b95e1ffdd039cbfd1edfbd122233408ed66cb7,DUPLICATE_SUPPRESSED
DUPLICATE_SUPPRESSED,SEEK_RETEST,345da2d3f059933d11c4a47ad386421d6f11618b00583468bab19973780a1b3e,,,2022-03-22T18:00:00,,,,,345da2d3f059933d11c4a47ad386421d6f11618b00583468bab19973780a1b3e,DUPLICATE_SUPPRESSED
DUPLICATE_SUPPRESSED,SEEK_RETEST,3469bd360f523969795b659d37cbb3f2db7cff4de47d3b4676095cf9505767a2,,,2022-09-07T19:00:00,,,,,3469bd360f523969795b659d37cbb3f2db7cff4de47d3b4676095cf9505767a2,DUPLICATE_SUPPRESSED
DUPLICATE_SUPPRESSED,SEEK_RETEST,34ad916a3ce781fd1cf32c212aa9661ff1c639b660efb1d96b94f5f27a33a651,,,2020-05-19T19:00:00,,,,,34ad916a3ce781fd1cf32c212aa9661ff1c639b660efb1d96b94f5f27a33a651,DUPLICATE_SUPPRESSED
DUPLICATE_SUPPRESSED,SEEK_RETEST,34d03b3d1c6dc0d89e632f23fe883a205fabe1aa45f69fe0e070c8b55c581a3c,,,2021-05-28T18:00:00,,,,,34d03b3d1c6dc0d89e632f23fe883a205fabe1aa45f69fe0e070c8b55c581a3c,DUPLICATE_SUPPRESSED
DUPLICATE_SUPPRESSED,SEEK_RETEST,354023bd93508fa9e0862ded529ce44d3b1d74935708c803649b8ca6e594b0e9,,,2022-07-08T12:00:00,,,,,354023bd93508fa9e0862ded529ce44d3b1d74935708c803649b8ca6e594b0e9,DUPLICATE_SUPPRESSED
DUPLICATE_SUPPRESSED,SEEK_RETEST,358bc7645dc47303dd8860a82296ff5f48f3e88990c1c73439f940312fa6539b,,,2021-02-04T17:00:00,,,,,358bc7645dc47303dd8860a82296ff5f48f3e88990c1c73439f940312fa6539b,DUPLICATE_SUPPRESSED
DUPLICATE_SUPPRESSED,SEEK_RETEST,368960c55d4a20248db0096794ccd9d2ba7ae6c57026a4c6b6dad599aaa1ae2c,,,2022-06-10T14:00:00,,,,,368960c55d4a20248db0096794ccd9d2ba7ae6c57026a4c6b6dad599aaa1ae2c,DUPLICATE_SUPPRESSED
DUPLICATE_SUPPRESSED,SEEK_RETEST,36896a4a11e15bdd0380703637cbcf00bb7b2055ea1e51b2f0a8060524db3236,,,2021-04-27T00:00:00,,,,,36896a4a11e15bdd0380703637cbcf00bb7b2055ea1e51b2f0a8060524db3236,DUPLICATE_SUPPRESSED
DUPLICATE_SUPPRESSED,SEEK_RETEST,368f5e42fb6ce2a14b7d180d4d35b5815bb764542730f4dc58dded21b70b2c07,,,2021-12-09T15:00:00,,,,,368f5e42fb6ce2a14b7d180d4d35b5815bb764542730f4dc58dded21b70b2c07,DUPLICATE_SUPPRESSED
DUPLICATE_SUPPRESSED,SEEK_RETEST,36974349ab73a191b61e476e9deeb14d45cba0638a74692e49903f47fa81a4f7,,,2021-08-13T11:00:00,,,,,36974349ab73a191b61e476e9deeb14d45cba0638a74692e49903f47fa81a4f7,DUPLICATE_SUPPRESSED
DUPLICATE_SUPPRESSED,SEEK_RETEST,36ff0365337013def80071d719bb4029971b0d0fae57599473fa4457362eaa67,,,2020-08-07T18:00:00,,,,,36ff0365337013def80071d719bb4029971b0d0fae57599473fa4457362eaa67,DUPLICATE_SUPPRESSED
DUPLICATE_SUPPRESSED,SEEK_RETEST,371226b2513f7fd7a5b971df246a09221c82c183937e23c156492734e8b95ee2,,,2020-04-07T13:00:00,,,,,371226b2513f7fd7a5b971df246a09221c82c183937e23c156492734e8b95ee2,DUPLICATE_SUPPRESSED
DUPLICATE_SUPPRESSED,SEEK_RETEST,373edf8ff14e36c0efc56078f9b5d5c29bd084a1c052c543f580d29a67506eb5,,,2020-01-24T18:00:00,,,,,373edf8ff14e36c0efc56078f9b5d5c29bd084a1c052c543f580d29a67506eb5,DUPLICATE_SUPPRESSED
DUPLICATE_SUPPRESSED,SEEK_RETEST,3746168db7c545924fa45037e22500f8f268470565cfc3c975eefd364e09fd1e,,,2022-02-23T17:00:00,,,,,3746168db7c545924fa45037e22500f8f268470565cfc3c975eefd364e09fd1e,DUPLICATE_SUPPRESSED
DUPLICATE_SUPPRESSED,SEEK_RETEST,385792db8150aef410394501953d5686e33a3ff7eb885e50ee47a47ef6e37ef2,,,2021-12-31T17:00:00,,,,,385792db8150aef410394501953d5686e33a3ff7eb885e50ee47a47ef6e37ef2,DUPLICATE_SUPPRESSED
DUPLICATE_SUPPRESSED,SEEK_RETEST,38bc68bec7b9ca1056b818da89107d420a5cac087fb4dc513de7ca2a086c35d7,,,2021-05-27T18:00:00,,,,,38bc68bec7b9ca1056b818da89107d420a5cac087fb4dc513de7ca2a086c35d7,DUPLICATE_SUPPRESSED
DUPLICATE_SUPPRESSED,SEEK_RETEST,38c662cb71956c70490dffd2cd44d959f753b583428cf59f20c20473df2288a0,,,2020-08-31T11:00:00,,,,,38c662cb71956c70490dffd2cd44d959f753b583428cf59f20c20473df2288a0,DUPLICATE_SUPPRESSED
DUPLICATE_SUPPRESSED,SEEK_RETEST,38cc2a82bccde98f06ab92a08d4d51ecef80ab0400431efdd2819e5dcd0d9575,,,2021-05-05T20:00:00,,,,,38cc2a82bccde98f06ab92a08d4d51ecef80ab0400431efdd2819e5dcd0d9575,DUPLICATE_SUPPRESSED
DUPLICATE_SUPPRESSED,SEEK_RETEST,38e5f2209c2a7e17fd8ec7c14a38f62d02b6782922bf399129b65724086cddb7,,,2022-10-25T18:00:00,,,,,38e5f2209c2a7e17fd8ec7c14a38f62d02b6782922bf399129b65724086cddb7,DUPLICATE_SUPPRESSED
DUPLICATE_SUPPRESSED,SEEK_RETEST,3950804432dc39c8827b685adc7681c9febde78e787682c314ef780c8ab069d1,,,2022-07-12T00:00:00,,,,,3950804432dc39c8827b685adc7681c9febde78e787682c314ef780c8ab069d1,DUPLICATE_SUPPRESSED
DUPLICATE_SUPPRESSED,SEEK_RETEST,3971b66778a64d08c076eb19f88dfb609df128162f22cad2587024b6e01e896c,,,2022-09-13T17:00:00,,,,,3971b66778a64d08c076eb19f88dfb609df128162f22cad2587024b6e01e896c,DUPLICATE_SUPPRESSED
DUPLICATE_SUPPRESSED,SEEK_RETEST,398097e186f17a00b1af9f9a86fb1c4ca18cdc5dbaa9f0f9a6cebfe0902cb626,,,2021-11-05T18:00:00,,,,,398097e186f17a00b1af9f9a86fb1c4ca18cdc5dbaa9f0f9a6cebfe0902cb626,DUPLICATE_SUPPRESSED
DUPLICATE_SUPPRESSED,SEEK_RETEST,3a5009bd114cc7ef4fbb858de4342a1bd88fb8377d41ab17a23e3db0e37a9938,,,2020-02-14T17:00:00,,,,,3a5009bd114cc7ef4fbb858de4342a1bd88fb8377d41ab17a23e3db0e37a9938,DUPLICATE_SUPPRESSED
DUPLICATE_SUPPRESSED,SEEK_RETEST,3ade3f69e139c64ab4260e59d33dd191dfcda85951ffe092f18eb2f406eb7288,,,2022-02-04T17:00:00,,,,,3ade3f69e139c64ab4260e59d33dd191dfcda85951ffe092f18eb2f406eb7288,DUPLICATE_SUPPRESSED
DUPLICATE_SUPPRESSED,SEEK_RETEST,3b0dd47725c59756f51965757f01df63437978fe06c1451db9505aa1b12048aa,,,2020-03-13T17:00:00,,,,,3b0dd47725c59756f51965757f01df63437978fe06c1451db9505aa1b12048aa,DUPLICATE_SUPPRESSED
DUPLICATE_SUPPRESSED,SEEK_RETEST,3bb635a5e06cfa69dbd8be0bb7c0a36ffd945966a5d5821168494954691d7e9b,,,2022-02-21T22:00:00,,,,,3bb635a5e06cfa69dbd8be0bb7c0a36ffd945966a5d5821168494954691d7e9b,DUPLICATE_SUPPRESSED
DUPLICATE_SUPPRESSED,SEEK_RETEST,3bf90ad4ed4eb481994c93983bd947a8f5b46b0b5b78cc0b1c4e2319f43357b2,,,2021-10-27T17:00:00,,,,,3bf90ad4ed4eb481994c93983bd947a8f5b46b0b5b78cc0b1c4e2319f43357b2,DUPLICATE_SUPPRESSED
DUPLICATE_SUPPRESSED,SEEK_RETEST,3c8c159d1521663c15258e3bc8b89409b6f8410ed0f2a2f68aab389071cd9152,,,2022-02-17T17:00:00,,,,,3c8c159d1521663c15258e3bc8b89409b6f8410ed0f2a2f68aab389071cd9152,DUPLICATE_SUPPRESSED
DUPLICATE_SUPPRESSED,SEEK_RETEST,3cb6828eaba4941b12d03d8ec74081cd982f3398fe54db0adb4a01e59b101622,,,2022-05-30T03:00:00,,,,,3cb6828eaba4941b12d03d8ec74081cd982f3398fe54db0adb4a01e59b101622,DUPLICATE_SUPPRESSED
DUPLICATE_SUPPRESSED,SEEK_RETEST,3d6a05bfaa1b7976e9a3ba16633ded23029d4b4172dc9c1d305bdfe0f8f21a35,,,2022-10-11T20:00:00,,,,,3d6a05bfaa1b7976e9a3ba16633ded23029d4b4172dc9c1d305bdfe0f8f21a35,DUPLICATE_SUPPRESSED
DUPLICATE_SUPPRESSED,SEEK_RETEST,3db6a48485822a745154cde6e67d18d7924ad38951e3ad957632669d8a53c53d,,,2022-11-14T08:00:00,,,,,3db6a48485822a745154cde6e67d18d7924ad38951e3ad957632669d8a53c53d,DUPLICATE_SUPPRESSED
DUPLICATE_SUPPRESSED,SEEK_RETEST,3e3787abc07c882ac2b4cc6ffe233007bda81f64200f985f3de3d015f7e777ac,,,2020-06-02T20:00:00,,,,,3e3787abc07c882ac2b4cc6ffe233007bda81f64200f985f3de3d015f7e777ac,DUPLICATE_SUPPRESSED
DUPLICATE_SUPPRESSED,SEEK_RETEST,3e3b7f941926f7892e14c1e0b3cad851bfadeb0660641fb4dd91e57719dc1743,,,2021-09-30T15:00:00,,,,,3e3b7f941926f7892e14c1e0b3cad851bfadeb0660641fb4dd91e57719dc1743,DUPLICATE_SUPPRESSED
DUPLICATE_SUPPRESSED,SEEK_RETEST,3e4dba2a0732dca8ab7a043320a1af800a1c10d48f5390008d8efac2923ae11f,,,2022-10-12T09:00:00,,,,,3e4dba2a0732dca8ab7a043320a1af800a1c10d48f5390008d8efac2923ae11f,DUPLICATE_SUPPRESSED
DUPLICATE_SUPPRESSED,SEEK_RETEST,3e73d17406810b9d8b3d8f14dc06a82d9ee215ca6dda919cf4b9e923b17eba86,,,2022-12-23T11:00:00,,,,,3e73d17406810b9d8b3d8f14dc06a82d9ee215ca6dda919cf4b9e923b17eba86,DUPLICATE_SUPPRESSED
DUPLICATE_SUPPRESSED,SEEK_RETEST,3f882af2b1f081ef3003dfb07debc406937df9c8850f9d6727a1be216be245ab,,,2020-12-07T12:00:00,,,,,3f882af2b1f081ef3003dfb07debc406937df9c8850f9d6727a1be216be245ab,DUPLICATE_SUPPRESSED
DUPLICATE_SUPPRESSED,SEEK_RETEST,3ff5b75e2307944ddd59d0ab66c2113b566d07f0d41d0f9e4ed6c0493da63f04,,,2021-01-25T14:00:00,,,,,3ff5b75e2307944ddd59d0ab66c2113b566d07f0d41d0f9e4ed6c0493da63f04,DUPLICATE_SUPPRESSED
DUPLICATE_SUPPRESSED,SEEK_RETEST,40c41ba44d73c239ca27d4c53381f9b5c36262ee4d0dfdc9556f85eebe4c5afc,,,2022-03-02T14:00:00,,,,,40c41ba44d73c239ca27d4c53381f9b5c36262ee4d0dfdc9556f85eebe4c5afc,DUPLICATE_SUPPRESSED
DUPLICATE_SUPPRESSED,SEEK_RETEST,40ea0c81f192806d36e2f432c677a4fa5825e186ac94ae7a16c3775d9ddacf9d,,,2021-08-23T15:00:00,,,,,40ea0c81f192806d36e2f432c677a4fa5825e186ac94ae7a16c3775d9ddacf9d,DUPLICATE_SUPPRESSED
DUPLICATE_SUPPRESSED,SEEK_RETEST,41e3f926aece400b82f43f19a76e07f149eb51979c54e776b563d9b6495a41c8,,,2021-12-16T00:00:00,,,,,41e3f926aece400b82f43f19a76e07f149eb51979c54e776b563d9b6495a41c8,DUPLICATE_SUPPRESSED
DUPLICATE_SUPPRESSED,SEEK_RETEST,41f91e6378b5e80a1de7d6424030f01312e52a58a6233e4ebf0d7d828f09817e,,,2022-08-26T13:00:00,,,,,41f91e6378b5e80a1de7d6424030f01312e52a58a6233e4ebf0d7d828f09817e,DUPLICATE_SUPPRESSED
DUPLICATE_SUPPRESSED,SEEK_RETEST,42011514ee4474f394e0a41f4a7b1ed292c17fdfd3f00577e58dafae1b00a768,,,2020-08-19T19:00:00,,,,,42011514ee4474f394e0a41f4a7b1ed292c17fdfd3f00577e58dafae1b00a768,DUPLICATE_SUPPRESSED
DUPLICATE_SUPPRESSED,SEEK_RETEST,426aad4de6134666e0758d90108f2ba7c9020f6f32d1536cefaa68f0f6b89c26,,,2022-08-02T23:00:00,,,,,426aad4de6134666e0758d90108f2ba7c9020f6f32d1536cefaa68f0f6b89c26,DUPLICATE_SUPPRESSED
DUPLICATE_SUPPRESSED,SEEK_RETEST,4285761ccb500cabde4da51829fe5021664ebe877de24ff48344fb8d4ef689b0,,,2022-12-22T17:00:00,,,,,4285761ccb500cabde4da51829fe5021664ebe877de24ff48344fb8d4ef689b0,DUPLICATE_SUPPRESSED
DUPLICATE_SUPPRESSED,SEEK_RETEST,42b3f23b3c0f9840ba2f4d3d600942fcf34c76f52106d746dd186e8b09d9fda6,,,2022-05-19T11:00:00,,,,,42b3f23b3c0f9840ba2f4d3d600942fcf34c76f52106d746dd186e8b09d9fda6,DUPLICATE_SUPPRESSED
DUPLICATE_SUPPRESSED,SEEK_RETEST,42b4591c8f2d86821a7387c7e44d7b81d9c95de026cc3d1b65b1723524a2c731,,,2021-09-21T15:00:00,,,,,42b4591c8f2d86821a7387c7e44d7b81d9c95de026cc3d1b65b1723524a2c731,DUPLICATE_SUPPRESSED
DUPLICATE_SUPPRESSED,SEEK_RETEST,42c1276f05081cc12dd850aacc37b946a872c08c8cff0b01cd8fc5bec8390a01,,,2022-04-06T13:00:00,,,,,42c1276f05081cc12dd850aacc37b946a872c08c8cff0b01cd8fc5bec8390a01,DUPLICATE_SUPPRESSED
DUPLICATE_SUPPRESSED,SEEK_RETEST,42f0f0683d362768e7021d2bd1968e2cd6df454c4d5afd79ca2d0e276202d7b9,,,2021-12-27T12:00:00,,,,,42f0f0683d362768e7021d2bd1968e2cd6df454c4d5afd79ca2d0e276202d7b9,DUPLICATE_SUPPRESSED
DUPLICATE_SUPPRESSED,SEEK_RETEST,433dbcc689c5675cb12c9a685c1a5bb1858121e40287fe140ba4baff92d49bcc,,,2022-09-16T11:00:00,,,,,433dbcc689c5675cb12c9a685c1a5bb1858121e40287fe140ba4baff92d49bcc,DUPLICATE_SUPPRESSED
DUPLICATE_SUPPRESSED,SEEK_RETEST,4373485fb304fcee672e0007b2af4b39f76d626614fb4efc4967feb0d16af773,,,2022-06-14T00:00:00,,,,,4373485fb304fcee672e0007b2af4b39f76d626614fb4efc4967feb0d16af773,DUPLICATE_SUPPRESSED
DUPLICATE_SUPPRESSED,SEEK_RETEST,444a5777e666c60fef712adbb528ba755fc0f8d27caa90174ea8df33251fa76a,,,2022-05-16T19:00:00,,,,,444a5777e666c60fef712adbb528ba755fc0f8d27caa90174ea8df33251fa76a,DUPLICATE_SUPPRESSED
DUPLICATE_SUPPRESSED,SEEK_RETEST,448070a8ab853ce49d7b2f6e489303609d48dcc43678f0f3830e626d78e96bcf,,,2022-11-21T05:00:00,,,,,448070a8ab853ce49d7b2f6e489303609d48dcc43678f0f3830e626d78e96bcf,DUPLICATE_SUPPRESSED
DUPLICATE_SUPPRESSED,SEEK_RETEST,4507f08975c6f1ac7947f111f1f90b83b922ba6c650d720efbc1188a34c8237f,,,2021-07-22T13:00:00,,,,,4507f08975c6f1ac7947f111f1f90b83b922ba6c650d720efbc1188a34c8237f,DUPLICATE_SUPPRESSED
DUPLICATE_SUPPRESSED,SEEK_RETEST,4545e39d255acfa582267de6e4d9f5dbc27e7a6eb881d40b610936f260f9003e,,,2021-06-07T10:00:00,,,,,4545e39d255acfa582267de6e4d9f5dbc27e7a6eb881d40b610936f260f9003e,DUPLICATE_SUPPRESSED
DUPLICATE_SUPPRESSED,SEEK_RETEST,4613944fa6f87da8eb76c5ca52cf02e7bb19ef71b8018580301d0060688f558b,,,2021-07-16T10:00:00,,,,,4613944fa6f87da8eb76c5ca52cf02e7bb19ef71b8018580301d0060688f558b,DUPLICATE_SUPPRESSED
DUPLICATE_SUPPRESSED,SEEK_RETEST,46b650d7ac169b84641b7e0f71c2f75544acc17f842bcc16179024c49208fddd,,,2022-01-31T12:00:00,,,,,46b650d7ac169b84641b7e0f71c2f75544acc17f842bcc16179024c49208fddd,DUPLICATE_SUPPRESSED
DUPLICATE_SUPPRESSED,SEEK_RETEST,46b8e3cbfc3b92e0157e39b524a0557920e886c9f6d45d4ac1fec3406a8f1e8d,,,2022-06-16T15:00:00,,,,,46b8e3cbfc3b92e0157e39b524a0557920e886c9f6d45d4ac1fec3406a8f1e8d,DUPLICATE_SUPPRESSED
DUPLICATE_SUPPRESSED,SEEK_RETEST,4715b871a6e6ed6fbdeecf706e62365627a83da6673b446d981595a4eb9961bc,,,2020-01-06T03:00:00,,,,,4715b871a6e6ed6fbdeecf706e62365627a83da6673b446d981595a4eb9961bc,DUPLICATE_SUPPRESSED
DUPLICATE_SUPPRESSED,SEEK_RETEST,47d8f132326eeeca4ccc61eb414feae96d332edaeae907f5bc65f5d02a22757b,,,2020-06-17T13:00:00,,,,,47d8f132326eeeca4ccc61eb414feae96d332edaeae907f5bc65f5d02a22757b,DUPLICATE_SUPPRESSED
DUPLICATE_SUPPRESSED,SEEK_RETEST,484ba20e738b6080987ae5e2aa4b8f5c2fb4a975f1394af3a76e59ccb07bf0a7,,,2021-03-02T21:00:00,,,,,484ba20e738b6080987ae5e2aa4b8f5c2fb4a975f1394af3a76e59ccb07bf0a7,DUPLICATE_SUPPRESSED
DUPLICATE_SUPPRESSED,SEEK_RETEST,48608ad474fddf9d1a06ccfca8e4e0e5f4e5cd45abef1b26500b228d254c64fc,,,2022-04-01T15:00:00,,,,,48608ad474fddf9d1a06ccfca8e4e0e5f4e5cd45abef1b26500b228d254c64fc,DUPLICATE_SUPPRESSED
DUPLICATE_SUPPRESSED,SEEK_RETEST,48a0a0f525ec1b024c956553d12e82a78fcfd203c0cd97f425816a39ffaaffa6,,,2022-08-18T14:00:00,,,,,48a0a0f525ec1b024c956553d12e82a78fcfd203c0cd97f425816a39ffaaffa6,DUPLICATE_SUPPRESSED
DUPLICATE_SUPPRESSED,SEEK_RETEST,48c821aa1e1a262cec63c0099f3bd8454fab67671a476b5f264f96cdc4db1565,,,2021-06-16T23:00:00,,,,,48c821aa1e1a262cec63c0099f3bd8454fab67671a476b5f264f96cdc4db1565,DUPLICATE_SUPPRESSED
DUPLICATE_SUPPRESSED,SEEK_RETEST,48fa299c2d15d034e40c8a625d767cb9b19a8900dbe6d5e80eb5bcd1bc3bcd17,,,2021-06-22T17:00:00,,,,,48fa299c2d15d034e40c8a625d767cb9b19a8900dbe6d5e80eb5bcd1bc3bcd17,DUPLICATE_SUPPRESSED
DUPLICATE_SUPPRESSED,SEEK_RETEST,497593e45474e7ed0b3ead5b17707c3dfe7cad2f6632b0647e825e9465ede287,,,2022-11-30T19:00:00,,,,,497593e45474e7ed0b3ead5b17707c3dfe7cad2f6632b0647e825e9465ede287,DUPLICATE_SUPPRESSED
DUPLICATE_SUPPRESSED,SEEK_RETEST,4984d5f6028fb05aeb108c248edb3886ebcfad15d724e019d793de8872fd7322,,,2020-06-01T09:00:00,,,,,4984d5f6028fb05aeb108c248edb3886ebcfad15d724e019d793de8872fd7322,DUPLICATE_SUPPRESSED
DUPLICATE_SUPPRESSED,SEEK_RETEST,4a3806d0f69fd46830201358a37243d7bcd96506bd90f84b6a4d48d9796025f8,,,2021-01-14T00:00:00,,,,,4a3806d0f69fd46830201358a37243d7bcd96506bd90f84b6a4d48d9796025f8,DUPLICATE_SUPPRESSED
DUPLICATE_SUPPRESSED,SEEK_RETEST,4b1c6b0d0c21780cc2dd4af3e55d3cca6c59def4c1b9bdd04e3e94c119a6b487,,,2020-10-26T13:00:00,,,,,4b1c6b0d0c21780cc2dd4af3e55d3cca6c59def4c1b9bdd04e3e94c119a6b487,DUPLICATE_SUPPRESSED
DUPLICATE_SUPPRESSED,SEEK_RETEST,4b26b49fb88c8467b66fc0169dc61d1499cabc0b0a4b4b0180cc181f7739241a,,,2020-10-21T17:00:00,,,,,4b26b49fb88c8467b66fc0169dc61d1499cabc0b0a4b4b0180cc181f7739241a,DUPLICATE_SUPPRESSED
DUPLICATE_SUPPRESSED,SEEK_RETEST,4b2df3dd0c18d5eab83e1e5780677568531656c117fa00bea96d43873d07c0a6,,,2021-09-29T13:00:00,,,,,4b2df3dd0c18d5eab83e1e5780677568531656c117fa00bea96d43873d07c0a6,DUPLICATE_SUPPRESSED
DUPLICATE_SUPPRESSED,SEEK_RETEST,4c2d8ddf863892870951a13ef22e90cdedf96612879a7a9ff3cf65d44c47e5cc,,,2021-12-01T23:00:00,,,,,4c2d8ddf863892870951a13ef22e90cdedf96612879a7a9ff3cf65d44c47e5cc,DUPLICATE_SUPPRESSED
DUPLICATE_SUPPRESSED,SEEK_RETEST,4cde7a0f43b10783d598c3d6f0f2efef7d4b9b800405b9a6724e791c0b56fc91,,,2022-01-07T22:00:00,,,,,4cde7a0f43b10783d598c3d6f0f2efef7d4b9b800405b9a6724e791c0b56fc91,DUPLICATE_SUPPRESSED
DUPLICATE_SUPPRESSED,SEEK_RETEST,4d3e3b8f402564837c8d26f1c0e436a18b059511880f7a467b79fab3a893ee92,,,2022-04-30T00:00:00,,,,,4d3e3b8f402564837c8d26f1c0e436a18b059511880f7a467b79fab3a893ee92,DUPLICATE_SUPPRESSED
DUPLICATE_SUPPRESSED,SEEK_RETEST,4d4949c1577fea539c6b0d77592eb481ff6569c46667c0b56c949878b84a076c,,,2020-06-25T15:00:00,,,,,4d4949c1577fea539c6b0d77592eb481ff6569c46667c0b56c949878b84a076c,DUPLICATE_SUPPRESSED
DUPLICATE_SUPPRESSED,SEEK_RETEST,4e1d3fe7d9448a310083715add453e64aca8142ebba438a27be4d054b5e4993d,,,2022-10-25T12:00:00,,,,,4e1d3fe7d9448a310083715add453e64aca8142ebba438a27be4d054b5e4993d,DUPLICATE_SUPPRESSED
DUPLICATE_SUPPRESSED,SEEK_RETEST,4ecff0cfd3b409cf344ee1353ed7a96d41b5a75c2e3f252e1c1fe9c718ba3b9d,,,2020-03-12T16:00:00,,,,,4ecff0cfd3b409cf344ee1353ed7a96d41b5a75c2e3f252e1c1fe9c718ba3b9d,DUPLICATE_SUPPRESSED
DUPLICATE_SUPPRESSED,SEEK_RETEST,4f368b557db8982180351d01e9cf15b31d601cd534a846000d41d820ce29a37e,,,2022-02-24T13:00:00,,,,,4f368b557db8982180351d01e9cf15b31d601cd534a846000d41d820ce29a37e,DUPLICATE_SUPPRESSED
DUPLICATE_SUPPRESSED,SEEK_RETEST,4f8b76eabe76c64edb65df13a369842e9c328d666a958a2ab6e2c31296ac66ce,,,2022-11-28T12:00:00,,,,,4f8b76eabe76c64edb65df13a369842e9c328d666a958a2ab6e2c31296ac66ce,DUPLICATE_SUPPRESSED
DUPLICATE_SUPPRESSED,SEEK_RETEST,4f950f3ca3bb6ec87b6bf8ea4f85470e56988e9d1c20c5a6de8accd91ec5a5ec,,,2021-12-14T17:00:00,,,,,4f950f3ca3bb6ec87b6bf8ea4f85470e56988e9d1c20c5a6de8accd91ec5a5ec,DUPLICATE_SUPPRESSED
DUPLICATE_SUPPRESSED,SEEK_RETEST,4fba6dc022758b82e1d50ef76e786bf6a3cb0df83b3f34ac47330a5497b2d804,,,2022-09-16T19:00:00,,,,,4fba6dc022758b82e1d50ef76e786bf6a3cb0df83b3f34ac47330a5497b2d804,DUPLICATE_SUPPRESSED
DUPLICATE_SUPPRESSED,SEEK_RETEST,4fce3d1ad37b3c83d19f6a0218c444eaa4c33972f16e60b65edfeedd39829b08,,,2021-10-19T19:00:00,,,,,4fce3d1ad37b3c83d19f6a0218c444eaa4c33972f16e60b65edfeedd39829b08,DUPLICATE_SUPPRESSED
DUPLICATE_SUPPRESSED,SEEK_RETEST,5000c4bb2adabe667f239297bf8fe1f1020d0cb579185ef4e26264efce164a30,,,2020-02-27T17:00:00,,,,,5000c4bb2adabe667f239297bf8fe1f1020d0cb579185ef4e26264efce164a30,DUPLICATE_SUPPRESSED
DUPLICATE_SUPPRESSED,SEEK_RETEST,50e7b0d11a7a14051659f34b77bee195b829d312720ccebeedc3c2405d4a4ed8,,,2022-09-14T22:00:00,,,,,50e7b0d11a7a14051659f34b77bee195b829d312720ccebeedc3c2405d4a4ed8,DUPLICATE_SUPPRESSED
DUPLICATE_SUPPRESSED,SEEK_RETEST,5142b3e4454d3f22e019410abb8b6bbdff0be58adb58a0ff8d90672b42e2468c,,,2020-06-08T06:00:00,,,,,5142b3e4454d3f22e019410abb8b6bbdff0be58adb58a0ff8d90672b42e2468c,DUPLICATE_SUPPRESSED
DUPLICATE_SUPPRESSED,SEEK_RETEST,5198295848a6d611cbe2fe10c7977af08b3c607fe1cc7c408d717c389337d547,,,2021-11-23T16:00:00,,,,,5198295848a6d611cbe2fe10c7977af08b3c607fe1cc7c408d717c389337d547,DUPLICATE_SUPPRESSED
DUPLICATE_SUPPRESSED,SEEK_RETEST,51b214b11fb51afc926a00855ea367ca1f2e12c801f84d19ee379b517f678bdc,,,2020-07-24T18:00:00,,,,,51b214b11fb51afc926a00855ea367ca1f2e12c801f84d19ee379b517f678bdc,DUPLICATE_SUPPRESSED
DUPLICATE_SUPPRESSED,SEEK_RETEST,51d9760b2b59377bf359f54e11a1d843f1d617c50de5d459fe202ae390b5413a,,,2022-12-15T11:00:00,,,,,51d9760b2b59377bf359f54e11a1d843f1d617c50de5d459fe202ae390b5413a,DUPLICATE_SUPPRESSED
DUPLICATE_SUPPRESSED,SEEK_RETEST,51ffbf4629ffa1b1e35be6c4b6004a2fc4024eb29b968364fa0346563fb29338,,,2020-03-16T14:00:00,,,,,51ffbf4629ffa1b1e35be6c4b6004a2fc4024eb29b968364fa0346563fb29338,DUPLICATE_SUPPRESSED
DUPLICATE_SUPPRESSED,SEEK_RETEST,526bbc2c55378e0946104c410eeb1cd65d5626e0aa98ed08555ad92f95ec7190,,,2020-01-08T20:00:00,,,,,526bbc2c55378e0946104c410eeb1cd65d5626e0aa98ed08555ad92f95ec7190,DUPLICATE_SUPPRESSED
DUPLICATE_SUPPRESSED,SEEK_RETEST,52be3a18fb29fdc9dcb0c08c5948794a131924d8fca7fcfb27de6d3dab05f74a,,,2021-03-23T17:00:00,,,,,52be3a18fb29fdc9dcb0c08c5948794a131924d8fca7fcfb27de6d3dab05f74a,DUPLICATE_SUPPRESSED
DUPLICATE_SUPPRESSED,SEEK_RETEST,52be407fff341ff87cd3fb7bbba0b0cc67d2799ecb5783f5824780e17bd1689a,,,2020-07-21T11:00:00,,,,,52be407fff341ff87cd3fb7bbba0b0cc67d2799ecb5783f5824780e17bd1689a,DUPLICATE_SUPPRESSED
DUPLICATE_SUPPRESSED,SEEK_RETEST,534a6c36c142526fb723a8c334aa6ebc65f2b288ba85cf84baa958ff62a2f3ca,,,2022-09-26T20:00:00,,,,,534a6c36c142526fb723a8c334aa6ebc65f2b288ba85cf84baa958ff62a2f3ca,DUPLICATE_SUPPRESSED
DUPLICATE_SUPPRESSED,SEEK_RETEST,5353e16e8b373c5af2b71b7d340eab1dbcdcca6cf11a0fd32492e72f07190d2a,,,2022-08-23T18:00:00,,,,,5353e16e8b373c5af2b71b7d340eab1dbcdcca6cf11a0fd32492e72f07190d2a,DUPLICATE_SUPPRESSED
DUPLICATE_SUPPRESSED,SEEK_RETEST,53beb021c1b30bd00196c5884e2b5ab4f9ad20d39546a66f2b1323677a03dee8,,,2021-04-12T06:00:00,,,,,53beb021c1b30bd00196c5884e2b5ab4f9ad20d39546a66f2b1323677a03dee8,DUPLICATE_SUPPRESSED
DUPLICATE_SUPPRESSED,SEEK_RETEST,545b45dc01c9c6b86295548381aeaa223d4948e725fec7ba78e2a7ffcb44063a,,,2022-03-28T06:00:00,,,,,545b45dc01c9c6b86295548381aeaa223d4948e725fec7ba78e2a7ffcb44063a,DUPLICATE_SUPPRESSED
DUPLICATE_SUPPRESSED,SEEK_RETEST,5475b29c4058048e875270c80aa6c1024b8f55c321cfe4bfce26bc1dcfa8e614,,,2022-07-21T11:00:00,,,,,5475b29c4058048e875270c80aa6c1024b8f55c321cfe4bfce26bc1dcfa8e614,DUPLICATE_SUPPRESSED
DUPLICATE_SUPPRESSED,SEEK_RETEST,54f01722f251034f7cd22400335e35f1258099be8c65d13003fd300e83d633eb,,,2021-02-19T17:00:00,,,,,54f01722f251034f7cd22400335e35f1258099be8c65d13003fd300e83d633eb,DUPLICATE_SUPPRESSED
DUPLICATE_SUPPRESSED,SEEK_RETEST,551838a28eb5a1568ca0bb4967dc38d8265fdb32a50b769172224c1f757005f0,,,2021-04-26T06:00:00,,,,,551838a28eb5a1568ca0bb4967dc38d8265fdb32a50b769172224c1f757005f0,DUPLICATE_SUPPRESSED
DUPLICATE_SUPPRESSED,SEEK_RETEST,5564ef91b6e49e4c8765a35bc5f94dade90d7a9918c53e0dcfa359877b8ae223,,,2020-09-14T17:00:00,,,,,5564ef91b6e49e4c8765a35bc5f94dade90d7a9918c53e0dcfa359877b8ae223,DUPLICATE_SUPPRESSED
DUPLICATE_SUPPRESSED,SEEK_RETEST,556945fc5a6c2d8e851ac618f18b83c42f0b2c97a0c882465d36558918715898,,,2021-03-29T18:00:00,,,,,556945fc5a6c2d8e851ac618f18b83c42f0b2c97a0c882465d36558918715898,DUPLICATE_SUPPRESSED
DUPLICATE_SUPPRESSED,SEEK_RETEST,556be1071dd0238beee0d92f8dfbb03f2f1b85d6f4231d252ee8667e1fc66c87,,,2020-06-22T04:00:00,,,,,556be1071dd0238beee0d92f8dfbb03f2f1b85d6f4231d252ee8667e1fc66c87,DUPLICATE_SUPPRESSED
DUPLICATE_SUPPRESSED,SEEK_RETEST,558c408ccfec9974c1fad2a70caca627d5c806bb06bebdb6e29bcab5eb62d2d0,,,2021-05-13T19:00:00,,,,,558c408ccfec9974c1fad2a70caca627d5c806bb06bebdb6e29bcab5eb62d2d0,DUPLICATE_SUPPRESSED
DUPLICATE_SUPPRESSED,SEEK_RETEST,57184f78c05968a2305e5496045f89ee57f43a04923288a4a8a74f6bcf2e2af0,,,2020-09-23T19:00:00,,,,,57184f78c05968a2305e5496045f89ee57f43a04923288a4a8a74f6bcf2e2af0,DUPLICATE_SUPPRESSED
DUPLICATE_SUPPRESSED,SEEK_RETEST,571dbb5040b5dc43eb5ad0d68e67d6d2f8b50a77229441a5dc8929909c4de071,,,2020-02-03T07:00:00,,,,,571dbb5040b5dc43eb5ad0d68e67d6d2f8b50a77229441a5dc8929909c4de071,DUPLICATE_SUPPRESSED
DUPLICATE_SUPPRESSED,SEEK_RETEST,584879515966c3be701a5575dd3c0428e321e88a78dbaa39d2f3a6a0cf970e06,,,2021-08-09T10:00:00,,,,,584879515966c3be701a5575dd3c0428e321e88a78dbaa39d2f3a6a0cf970e06,DUPLICATE_SUPPRESSED
DUPLICATE_SUPPRESSED,SEEK_RETEST,5883ede8f1ae5dac55cd61942059291660ef5c438a7b235c820c46345bd5806c,,,2022-04-22T13:00:00,,,,,5883ede8f1ae5dac55cd61942059291660ef5c438a7b235c820c46345bd5806c,DUPLICATE_SUPPRESSED
DUPLICATE_SUPPRESSED,SEEK_RETEST,597877443b78b71f184c0a45e42daf236266881ea76f44d3fcd35b8a7af7ea68,,,2020-05-29T13:00:00,,,,,597877443b78b71f184c0a45e42daf236266881ea76f44d3fcd35b8a7af7ea68,DUPLICATE_SUPPRESSED
DUPLICATE_SUPPRESSED,SEEK_RETEST,5985a05481ef2c6d4e0bcec440ec2bdd98de65eb04dece965d9086019a026cb9,,,2020-02-17T11:00:00,,,,,5985a05481ef2c6d4e0bcec440ec2bdd98de65eb04dece965d9086019a026cb9,DUPLICATE_SUPPRESSED
DUPLICATE_SUPPRESSED,SEEK_RETEST,59fdcf5a010c0ac4336c63709efa0572b86bab3fd48ab0958ad17db1427ed89e,,,2022-06-03T17:00:00,,,,,59fdcf5a010c0ac4336c63709efa0572b86bab3fd48ab0958ad17db1427ed89e,DUPLICATE_SUPPRESSED
DUPLICATE_SUPPRESSED,SEEK_RETEST,5a3142cbf079b27c57c01c9819b67571631c00900a37e0dc621c873232b3e143,,,2021-07-05T11:00:00,,,,,5a3142cbf079b27c57c01c9819b67571631c00900a37e0dc621c873232b3e143,DUPLICATE_SUPPRESSED
DUPLICATE_SUPPRESSED,SEEK_RETEST,5a679656f56aa451c26b5988a680983c28f4c63c970924f40a39966862c6ff4d,,,2022-09-15T19:00:00,,,,,5a679656f56aa451c26b5988a680983c28f4c63c970924f40a39966862c6ff4d,DUPLICATE_SUPPRESSED
DUPLICATE_SUPPRESSED,SEEK_RETEST,5a7ea21ed997e1b5aa7779e45a937d20a3bf47f70d3aab0fdf99b07418d31754,,,2022-05-10T19:00:00,,,,,5a7ea21ed997e1b5aa7779e45a937d20a3bf47f70d3aab0fdf99b07418d31754,DUPLICATE_SUPPRESSED
DUPLICATE_SUPPRESSED,SEEK_RETEST,5a9f6ea6120ab39457494190c99c40955289fca5ae37134dc2906ae89fe8f1e0,,,2022-09-30T23:00:00,,,,,5a9f6ea6120ab39457494190c99c40955289fca5ae37134dc2906ae89fe8f1e0,DUPLICATE_SUPPRESSED
DUPLICATE_SUPPRESSED,SEEK_RETEST,5b0c98551c1cbf8c90ab2bd6b7847e75ddd7a7faef20dce0ed1e8292384dcb78,,,2021-10-01T18:00:00,,,,,5b0c98551c1cbf8c90ab2bd6b7847e75ddd7a7faef20dce0ed1e8292384dcb78,DUPLICATE_SUPPRESSED
DUPLICATE_SUPPRESSED,SEEK_RETEST,5bf3c1120646dee96543e8f0c2217f146fa3966bbfecfc3704f09ceca6da878b,,,2022-07-18T23:00:00,,,,,5bf3c1120646dee96543e8f0c2217f146fa3966bbfecfc3704f09ceca6da878b,DUPLICATE_SUPPRESSED
DUPLICATE_SUPPRESSED,SEEK_RETEST,5c0787989c405add409cbac1b1fc938873cd2ed9f25b26fba1d26c56ff1e8c9e,,,2022-11-14T13:00:00,,,,,5c0787989c405add409cbac1b1fc938873cd2ed9f25b26fba1d26c56ff1e8c9e,DUPLICATE_SUPPRESSED
DUPLICATE_SUPPRESSED,SEEK_RETEST,5c1a0f8b9a91663f318bffc903878673b188f4b18908a33d34080b52ff02efdc,,,2021-05-17T19:00:00,,,,,5c1a0f8b9a91663f318bffc903878673b188f4b18908a33d34080b52ff02efdc,DUPLICATE_SUPPRESSED
DUPLICATE_SUPPRESSED,SEEK_RETEST,5c28c49b8f811b07600b70db65005e80b8059627e5213819cd95f690e76e654d,,,2022-06-09T17:00:00,,,,,5c28c49b8f811b07600b70db65005e80b8059627e5213819cd95f690e76e654d,DUPLICATE_SUPPRESSED
DUPLICATE_SUPPRESSED,SEEK_RETEST,5cb111dfa2f6997d382dd4ba38ae22675379dadd3d7c4ee6df5840d4d1057d2d,,,2021-07-09T19:00:00,,,,,5cb111dfa2f6997d382dd4ba38ae22675379dadd3d7c4ee6df5840d4d1057d2d,DUPLICATE_SUPPRESSED
DUPLICATE_SUPPRESSED,SEEK_RETEST,5d58b1cbbe60503b38774ea047bc67a62653b2335fb9371ef616e9341da1d053,,,2022-02-10T12:00:00,,,,,5d58b1cbbe60503b38774ea047bc67a62653b2335fb9371ef616e9341da1d053,DUPLICATE_SUPPRESSED
DUPLICATE_SUPPRESSED,SEEK_RETEST,5d763a0917f9022330a948629d9a8a27d6842dace2ee7a945ff96ab40914be62,,,2021-04-28T14:00:00,,,,,5d763a0917f9022330a948629d9a8a27d6842dace2ee7a945ff96ab40914be62,DUPLICATE_SUPPRESSED
DUPLICATE_SUPPRESSED,SEEK_RETEST,5d8f89afecab6f15fd7298fc527f7498316f3cb40c1fc76f3cedef094f4262d8,,,2022-12-12T19:00:00,,,,,5d8f89afecab6f15fd7298fc527f7498316f3cb40c1fc76f3cedef094f4262d8,DUPLICATE_SUPPRESSED
DUPLICATE_SUPPRESSED,SEEK_RETEST,5da139405555eb613e7b9d0212b60b483f6473b57a2e7a57fcc7626c713e2dab,,,2022-10-14T13:00:00,,,,,5da139405555eb613e7b9d0212b60b483f6473b57a2e7a57fcc7626c713e2dab,DUPLICATE_SUPPRESSED
DUPLICATE_SUPPRESSED,SEEK_RETEST,5da26b9f0d290922f5ab8fa02b76e286ee3807aa09d2d726d9dc7aa7c1e49a78,,,2022-11-14T18:00:00,,,,,5da26b9f0d290922f5ab8fa02b76e286ee3807aa09d2d726d9dc7aa7c1e49a78,DUPLICATE_SUPPRESSED
DUPLICATE_SUPPRESSED,SEEK_RETEST,5db2d2cdea78a93820549c03bc03c43e1711f9e3c9f978224b2bd804079f4786,,,2022-11-04T22:00:00,,,,,5db2d2cdea78a93820549c03bc03c43e1711f9e3c9f978224b2bd804079f4786,DUPLICATE_SUPPRESSED
DUPLICATE_SUPPRESSED,SEEK_RETEST,5ded9f5c96da05392b14bbfbf85e2e2ba89d074363b9ef1a040edd4c62f19d7a,,,2020-10-23T12:00:00,,,,,5ded9f5c96da05392b14bbfbf85e2e2ba89d074363b9ef1a040edd4c62f19d7a,DUPLICATE_SUPPRESSED
DUPLICATE_SUPPRESSED,SEEK_RETEST,5e50c848083e2ed9f6500904cce7235bf1103f428e32bc1759ebc5050cbc64de,,,2022-11-11T23:00:00,,,,,5e50c848083e2ed9f6500904cce7235bf1103f428e32bc1759ebc5050cbc64de,DUPLICATE_SUPPRESSED
DUPLICATE_SUPPRESSED,SEEK_RETEST,5ee44d44ab2ec486a082b72f35584f057b28c9d07698f8f2221a24c53c1da443,,,2020-02-18T17:00:00,,,,,5ee44d44ab2ec486a082b72f35584f057b28c9d07698f8f2221a24c53c1da443,DUPLICATE_SUPPRESSED
DUPLICATE_SUPPRESSED,SEEK_RETEST,5f20de4af050d828e879a521aa60a85e04849a3c06b6b4fbde49c760ff7f124f,,,2020-02-24T12:00:00,,,,,5f20de4af050d828e879a521aa60a85e04849a3c06b6b4fbde49c760ff7f124f,DUPLICATE_SUPPRESSED
DUPLICATE_SUPPRESSED,SEEK_RETEST,5f47de7a8b7205d5d3c63004a8052f3b189ee64d3c9c6a15db419f7711f818af,,,2020-11-26T18:00:00,,,,,5f47de7a8b7205d5d3c63004a8052f3b189ee64d3c9c6a15db419f7711f818af,DUPLICATE_SUPPRESSED
DUPLICATE_SUPPRESSED,SEEK_RETEST,5fc81fa72fc952d544c525ef7d758db4968382b8a3443b4fde1870aaf35fa815,,,2021-01-29T21:00:00,,,,,5fc81fa72fc952d544c525ef7d758db4968382b8a3443b4fde1870aaf35fa815,DUPLICATE_SUPPRESSED
DUPLICATE_SUPPRESSED,SEEK_RETEST,606493f27d9db8b5b5918a04a758d2a762165e5f038d333e5f6178a089a7c981,,,2020-05-27T16:00:00,,,,,606493f27d9db8b5b5918a04a758d2a762165e5f038d333e5f6178a089a7c981,DUPLICATE_SUPPRESSED
DUPLICATE_SUPPRESSED,SEEK_RETEST,60a1979c5d32028be97386b03f3d3a60f11063ad464174c2d032693acdb0f75e,,,2022-02-09T21:00:00,,,,,60a1979c5d32028be97386b03f3d3a60f11063ad464174c2d032693acdb0f75e,DUPLICATE_SUPPRESSED
DUPLICATE_SUPPRESSED,SEEK_RETEST,60f4490fc87f950e6d5d1675b71d118636406f5e9f619a43117c369481338b34,,,2021-06-21T11:00:00,,,,,60f4490fc87f950e6d5d1675b71d118636406f5e9f619a43117c369481338b34,DUPLICATE_SUPPRESSED
DUPLICATE_SUPPRESSED,SEEK_RETEST,612ca7b3297f06d857ca62f6503947f1d5eaf1c03c819ee55fc6fc526f522de8,,,2020-10-01T16:00:00,,,,,612ca7b3297f06d857ca62f6503947f1d5eaf1c03c819ee55fc6fc526f522de8,DUPLICATE_SUPPRESSED
DUPLICATE_SUPPRESSED,SEEK_RETEST,6137c1999f3f70707b392f177a9d004332b4eb9f910c7e67bcb75cfc2fdab6fe,,,2020-08-25T19:00:00,,,,,6137c1999f3f70707b392f177a9d004332b4eb9f910c7e67bcb75cfc2fdab6fe,DUPLICATE_SUPPRESSED
DUPLICATE_SUPPRESSED,SEEK_RETEST,615943f069630794328888f9669f281744eac0e9e8372e84fc4dc9cc35071ff8,,,2022-04-18T20:00:00,,,,,615943f069630794328888f9669f281744eac0e9e8372e84fc4dc9cc35071ff8,DUPLICATE_SUPPRESSED
DUPLICATE_SUPPRESSED,SEEK_RETEST,61b770ba174aea9aa9addd76fc86cc0a45472d89977c493c3a521bad4be78ab0,,,2022-12-07T17:00:00,,,,,61b770ba174aea9aa9addd76fc86cc0a45472d89977c493c3a521bad4be78ab0,DUPLICATE_SUPPRESSED
DUPLICATE_SUPPRESSED,SEEK_RETEST,61c8b9db362925895840e482ce8aad8c34982c1ed3e7361cd566f7170bf3f47b,,,2020-06-15T10:00:00,,,,,61c8b9db362925895840e482ce8aad8c34982c1ed3e7361cd566f7170bf3f47b,DUPLICATE_SUPPRESSED
DUPLICATE_SUPPRESSED,SEEK_RETEST,61df2d7fc1d48581ca449d4b63dc0d584d6693f1dd40b4dcb18f8b87fddf7840,,,2022-12-21T17:00:00,,,,,61df2d7fc1d48581ca449d4b63dc0d584d6693f1dd40b4dcb18f8b87fddf7840,DUPLICATE_SUPPRESSED
DUPLICATE_SUPPRESSED,SEEK_RETEST,61e213511516626977de12f0f2f37cafecda7dffc66ea09c5afe351c282b3f8a,,,2020-06-30T16:00:00,,,,,61e213511516626977de12f0f2f37cafecda7dffc66ea09c5afe351c282b3f8a,DUPLICATE_SUPPRESSED
DUPLICATE_SUPPRESSED,SEEK_RETEST,61e6787121a84686448aa6e37e8c090f7389dcb8fed78c7ea126a2977f1f6b0f,,,2021-07-26T17:00:00,,,,,61e6787121a84686448aa6e37e8c090f7389dcb8fed78c7ea126a2977f1f6b0f,DUPLICATE_SUPPRESSED
DUPLICATE_SUPPRESSED,SEEK_RETEST,62226b67b1897f2bc581e4014eb9643bee936f08073a9d311f3a476212acc914,,,2020-10-28T12:00:00,,,,,62226b67b1897f2bc581e4014eb9643bee936f08073a9d311f3a476212acc914,DUPLICATE_SUPPRESSED
DUPLICATE_SUPPRESSED,SEEK_RETEST,62355bed2c5a902f2a25cdafa84cda5c8680ad8c872a9e8c2e097b757f0e6c01,,,2020-08-04T19:00:00,,,,,62355bed2c5a902f2a25cdafa84cda5c8680ad8c872a9e8c2e097b757f0e6c01,DUPLICATE_SUPPRESSED
DUPLICATE_SUPPRESSED,SEEK_RETEST,625dba91851de0a43fd60c8abc9748b27374ec433e0ccbd59432c796e3793d22,,,2020-12-21T14:00:00,,,,,625dba91851de0a43fd60c8abc9748b27374ec433e0ccbd59432c796e3793d22,DUPLICATE_SUPPRESSED
DUPLICATE_SUPPRESSED,SEEK_RETEST,63005f3401280cf37a0935824fcce3b45b2d842fbeeee781c373a4c7f75dac21,,,2022-07-13T19:00:00,,,,,63005f3401280cf37a0935824fcce3b45b2d842fbeeee781c373a4c7f75dac21,DUPLICATE_SUPPRESSED
DUPLICATE_SUPPRESSED,SEEK_RETEST,6309aecd1361957c4f5c254d2130da148bb94814a2aa47aa16ff438634367d59,,,2022-05-09T09:00:00,,,,,6309aecd1361957c4f5c254d2130da148bb94814a2aa47aa16ff438634367d59,DUPLICATE_SUPPRESSED
DUPLICATE_SUPPRESSED,SEEK_RETEST,63b607fe2856773219b43e8d70bb3e9a4226e56f9a8d5faacd2f5f762a803437,,,2021-07-02T13:00:00,,,,,63b607fe2856773219b43e8d70bb3e9a4226e56f9a8d5faacd2f5f762a803437,DUPLICATE_SUPPRESSED
DUPLICATE_SUPPRESSED,SEEK_RETEST,640498f63068e3ad9832a405d5a10cd0e89566d7e2abbcdcac9ffdb487a5b154,,,2021-07-29T20:00:00,,,,,640498f63068e3ad9832a405d5a10cd0e89566d7e2abbcdcac9ffdb487a5b154,DUPLICATE_SUPPRESSED
DUPLICATE_SUPPRESSED,SEEK_RETEST,6444ae95c7f08a91eb3d4d745b4a11843345badc822f549b36e255624e61ea93,,,2020-08-11T10:00:00,,,,,6444ae95c7f08a91eb3d4d745b4a11843345badc822f549b36e255624e61ea93,DUPLICATE_SUPPRESSED
DUPLICATE_SUPPRESSED,SEEK_RETEST,64c07d9cb1d39f2bb3c47e7251ae4b56097b0a0e2dd47cbf8846235597cac909,,,2021-01-29T14:00:00,,,,,64c07d9cb1d39f2bb3c47e7251ae4b56097b0a0e2dd47cbf8846235597cac909,DUPLICATE_SUPPRESSED
DUPLICATE_SUPPRESSED,SEEK_RETEST,64d4ecbc80eafc947631ed33bc5f365feb03f6ecbd5968ee4ec4fbb5f1219141,,,2022-08-12T22:00:00,,,,,64d4ecbc80eafc947631ed33bc5f365feb03f6ecbd5968ee4ec4fbb5f1219141,DUPLICATE_SUPPRESSED
DUPLICATE_SUPPRESSED,SEEK_RETEST,6559ebb3b311e627ca28995f36018dd60952e238083af2e9b164ec1337961030,,,2020-03-17T11:00:00,,,,,6559ebb3b311e627ca28995f36018dd60952e238083af2e9b164ec1337961030,DUPLICATE_SUPPRESSED
DUPLICATE_SUPPRESSED,SEEK_RETEST,6564106a5eae0cbd902f27f28d445458b08f2e368df9bbf39023a177e8a96456,,,2021-10-08T16:00:00,,,,,6564106a5eae0cbd902f27f28d445458b08f2e368df9bbf39023a177e8a96456,DUPLICATE_SUPPRESSED
DUPLICATE_SUPPRESSED,SEEK_RETEST,656a7a4de338a802fa4daf6c04fe16a4150f85f72a0e6ccb1caf9a48f17d35d3,,,2020-08-17T11:00:00,,,,,656a7a4de338a802fa4daf6c04fe16a4150f85f72a0e6ccb1caf9a48f17d35d3,DUPLICATE_SUPPRESSED
DUPLICATE_SUPPRESSED,SEEK_RETEST,65a5a18bd1bc5198f84783f4e6a90b46f72fc50f0774a9008ae81d2240eddef6,,,2020-10-06T20:00:00,,,,,65a5a18bd1bc5198f84783f4e6a90b46f72fc50f0774a9008ae81d2240eddef6,DUPLICATE_SUPPRESSED
DUPLICATE_SUPPRESSED,SEEK_RETEST,65cee9a26297e08777b6f0140e19f13e14f26027f9abe344162f3542b4c25fc1,,,2022-06-08T16:00:00,,,,,65cee9a26297e08777b6f0140e19f13e14f26027f9abe344162f3542b4c25fc1,DUPLICATE_SUPPRESSED
DUPLICATE_SUPPRESSED,SEEK_RETEST,66dc9aea2c8e02e3f84e74e2f0072be89861bd2508449d9a9f954d803faa1227,,,2020-04-03T23:00:00,,,,,66dc9aea2c8e02e3f84e74e2f0072be89861bd2508449d9a9f954d803faa1227,DUPLICATE_SUPPRESSED
DUPLICATE_SUPPRESSED,SEEK_RETEST,6702f0453a947bbb486571256f3359c08e0c319d39f2d1f40fbca1ede79d3191,,,2021-09-13T18:00:00,,,,,6702f0453a947bbb486571256f3359c08e0c319d39f2d1f40fbca1ede79d3191,DUPLICATE_SUPPRESSED
DUPLICATE_SUPPRESSED,SEEK_RETEST,6704f6e9a6a47179fa289a80031645a647b50e383c5ddafc38e5472e7827aea1,,,2021-01-05T13:00:00,,,,,6704f6e9a6a47179fa289a80031645a647b50e383c5ddafc38e5472e7827aea1,DUPLICATE_SUPPRESSED
DUPLICATE_SUPPRESSED,SEEK_RETEST,678a2ba20a1374f0a37c4edb9b52705eb1145ae78194f4ed762fdbe669d018c5,,,2021-11-25T14:00:00,,,,,678a2ba20a1374f0a37c4edb9b52705eb1145ae78194f4ed762fdbe669d018c5,DUPLICATE_SUPPRESSED
DUPLICATE_SUPPRESSED,SEEK_RETEST,681bc0376622254d4e9875214a3761ca578b23aa450903fb82f63aec498956c8,,,2020-12-03T11:00:00,,,,,681bc0376622254d4e9875214a3761ca578b23aa450903fb82f63aec498956c8,DUPLICATE_SUPPRESSED
DUPLICATE_SUPPRESSED,SEEK_RETEST,682249eca002482b2b3834b4d7c51ecea22cb5d38b784cb66d056e6124bd1ab8,,,2022-11-30T12:00:00,,,,,682249eca002482b2b3834b4d7c51ecea22cb5d38b784cb66d056e6124bd1ab8,DUPLICATE_SUPPRESSED
DUPLICATE_SUPPRESSED,SEEK_RETEST,693cdd5fda750885463c7538d83b86e6caea90d6a45d005fdb1581bc3ee6bfa6,,,2022-04-29T10:00:00,,,,,693cdd5fda750885463c7538d83b86e6caea90d6a45d005fdb1581bc3ee6bfa6,DUPLICATE_SUPPRESSED
DUPLICATE_SUPPRESSED,SEEK_RETEST,69506d1f7c821292a11c25f96621dec8f43ceda326b24bed747c62a2ac7f0e25,,,2021-02-04T13:00:00,,,,,69506d1f7c821292a11c25f96621dec8f43ceda326b24bed747c62a2ac7f0e25,DUPLICATE_SUPPRESSED
DUPLICATE_SUPPRESSED,SEEK_RETEST,6a027d29b481a881c49fb3fa385ad0a937666bb185f60c83e195566d3eb0033b,,,2021-09-28T11:00:00,,,,,6a027d29b481a881c49fb3fa385ad0a937666bb185f60c83e195566d3eb0033b,DUPLICATE_SUPPRESSED
DUPLICATE_SUPPRESSED,SEEK_RETEST,6ac3fa43ca91ada5fb896e5bb8f96aeb36a0fc6f858bfc048c28f4c14bbea5c0,,,2021-11-17T11:00:00,,,,,6ac3fa43ca91ada5fb896e5bb8f96aeb36a0fc6f858bfc048c28f4c14bbea5c0,DUPLICATE_SUPPRESSED
DUPLICATE_SUPPRESSED,SEEK_RETEST,6ae0604a569b94d94fecdd7f9717f25f989bee3f1bd371788835d0205c725da2,,,2020-07-22T20:00:00,,,,,6ae0604a569b94d94fecdd7f9717f25f989bee3f1bd371788835d0205c725da2,DUPLICATE_SUPPRESSED
DUPLICATE_SUPPRESSED,SEEK_RETEST,6b3c149fbf4abae50e791813d3a79e80e212c4d2d8d093700f40ce3f59fad5fc,,,2020-12-15T17:00:00,,,,,6b3c149fbf4abae50e791813d3a79e80e212c4d2d8d093700f40ce3f59fad5fc,DUPLICATE_SUPPRESSED
DUPLICATE_SUPPRESSED,SEEK_RETEST,6b9df3d7ee92b69d2134518da1c2ea0e4e4fa17a61b4da77e2f0caf81b6a1734,,,2022-01-04T18:00:00,,,,,6b9df3d7ee92b69d2134518da1c2ea0e4e4fa17a61b4da77e2f0caf81b6a1734,DUPLICATE_SUPPRESSED
DUPLICATE_SUPPRESSED,SEEK_RETEST,6c917eb1c692ad152efd9a53af7773e0d17591734873e718cb3967f6491605f6,,,2020-02-04T17:00:00,,,,,6c917eb1c692ad152efd9a53af7773e0d17591734873e718cb3967f6491605f6,DUPLICATE_SUPPRESSED
DUPLICATE_SUPPRESSED,SEEK_RETEST,6cc8865f164f5173b65803937c550d7441d8f707d67a30928e079b452f8f7cc4,,,2021-10-04T12:00:00,,,,,6cc8865f164f5173b65803937c550d7441d8f707d67a30928e079b452f8f7cc4,DUPLICATE_SUPPRESSED
DUPLICATE_SUPPRESSED,SEEK_RETEST,6daa8509bf4dcc703cc705408b70d275197801776fc07a916de187296a67f984,,,2022-08-31T13:00:00,,,,,6daa8509bf4dcc703cc705408b70d275197801776fc07a916de187296a67f984,DUPLICATE_SUPPRESSED
DUPLICATE_SUPPRESSED,SEEK_RETEST,6de6f2f721f4b7f2240632e8239eb5755840bc7b8527f0f9b4d8beab2eddb8e2,,,2020-06-03T17:00:00,,,,,6de6f2f721f4b7f2240632e8239eb5755840bc7b8527f0f9b4d8beab2eddb8e2,DUPLICATE_SUPPRESSED
DUPLICATE_SUPPRESSED,SEEK_RETEST,6e9b0b1922d626aa9bd4e5372661728a0cbaed8fd71ef2383b3b7f5061bb49c7,,,2022-03-31T17:00:00,,,,,6e9b0b1922d626aa9bd4e5372661728a0cbaed8fd71ef2383b3b7f5061bb49c7,DUPLICATE_SUPPRESSED
DUPLICATE_SUPPRESSED,SEEK_RETEST,6ee925bafa81f2dd433f40413ff9942c55f151d186f675d41e7c75fdfa0735a4,,,2020-09-07T10:00:00,,,,,6ee925bafa81f2dd433f40413ff9942c55f151d186f675d41e7c75fdfa0735a4,DUPLICATE_SUPPRESSED
DUPLICATE_SUPPRESSED,SEEK_RETEST,6f15c44e3479d3333b03365f985e1f6aa992734f42e09c16161cb64c92b7f193,,,2020-02-18T11:00:00,,,,,6f15c44e3479d3333b03365f985e1f6aa992734f42e09c16161cb64c92b7f193,DUPLICATE_SUPPRESSED
DUPLICATE_SUPPRESSED,SEEK_RETEST,6f2762d3b7a9a5d50b95f96304c0d2352f6d57b441756d02fbf2ec5c080bca3d,,,2021-06-10T10:00:00,,,,,6f2762d3b7a9a5d50b95f96304c0d2352f6d57b441756d02fbf2ec5c080bca3d,DUPLICATE_SUPPRESSED
DUPLICATE_SUPPRESSED,SEEK_RETEST,6f73a81aa944e420c87f208b8e0ea5c4f6838a869174aa2a45af27106dde7090,,,2020-06-19T16:00:00,,,,,6f73a81aa944e420c87f208b8e0ea5c4f6838a869174aa2a45af27106dde7090,DUPLICATE_SUPPRESSED
DUPLICATE_SUPPRESSED,SEEK_RETEST,6f7ee947dce4ab6d972c48133e257755dbc25ce8729e5d2c085e1478c3b1db05,,,2021-07-30T17:00:00,,,,,6f7ee947dce4ab6d972c48133e257755dbc25ce8729e5d2c085e1478c3b1db05,DUPLICATE_SUPPRESSED
DUPLICATE_SUPPRESSED,SEEK_RETEST,6f9544d566b3b972a40294985359fd3692f2cfb6dee7a9fd7ea6992a156be5e7,,,2021-08-09T17:00:00,,,,,6f9544d566b3b972a40294985359fd3692f2cfb6dee7a9fd7ea6992a156be5e7,DUPLICATE_SUPPRESSED
DUPLICATE_SUPPRESSED,SEEK_RETEST,6fae6f32de087cef3573e72b7946bc30372bba2b8e03f563cfe91040d334bfa1,,,2020-08-21T13:00:00,,,,,6fae6f32de087cef3573e72b7946bc30372bba2b8e03f563cfe91040d334bfa1,DUPLICATE_SUPPRESSED
DUPLICATE_SUPPRESSED,SEEK_RETEST,6fd8d0a4c2ed56811f95af8dfc6211a903169f245228c9adf8e4c1b57c166584,,,2021-04-13T10:00:00,,,,,6fd8d0a4c2ed56811f95af8dfc6211a903169f245228c9adf8e4c1b57c166584,DUPLICATE_SUPPRESSED
DUPLICATE_SUPPRESSED,SEEK_RETEST,6fdc64c6673d9426adad79e7d93490bfc1404f6b7e8911be4902f17b12771f15,,,2022-06-01T00:00:00,,,,,6fdc64c6673d9426adad79e7d93490bfc1404f6b7e8911be4902f17b12771f15,DUPLICATE_SUPPRESSED
DUPLICATE_SUPPRESSED,SEEK_RETEST,701b0b825ca6b8423d31276c38f5fd3792dcde81e3c5a9a523303b28f12676f3,,,2020-04-13T19:00:00,,,,,701b0b825ca6b8423d31276c38f5fd3792dcde81e3c5a9a523303b28f12676f3,DUPLICATE_SUPPRESSED
DUPLICATE_SUPPRESSED,SEEK_RETEST,714f549019e34f603a642c09c15ab6767da6defd78d8e5ee8c0b1def0c695a7c,,,2021-08-24T17:00:00,,,,,714f549019e34f603a642c09c15ab6767da6defd78d8e5ee8c0b1def0c695a7c,DUPLICATE_SUPPRESSED
DUPLICATE_SUPPRESSED,SEEK_RETEST,7176da8a075f977b210f012b1151dfc2c058664f09671a4bd61a7076df08dee4,,,2022-04-25T06:00:00,,,,,7176da8a075f977b210f012b1151dfc2c058664f09671a4bd61a7076df08dee4,DUPLICATE_SUPPRESSED
DUPLICATE_SUPPRESSED,SEEK_RETEST,71adc5c3813fb5fa547d2c8c529b0572b2d496c559f4a24cbb2b1b7baf40227c,,,2020-09-21T13:00:00,,,,,71adc5c3813fb5fa547d2c8c529b0572b2d496c559f4a24cbb2b1b7baf40227c,DUPLICATE_SUPPRESSED
DUPLICATE_SUPPRESSED,SEEK_RETEST,71d5fa7dfbc3112f0c82c13dc83630d1d5cf74bfc93747882a45639992b575cd,,,2021-05-14T23:00:00,,,,,71d5fa7dfbc3112f0c82c13dc83630d1d5cf74bfc93747882a45639992b575cd,DUPLICATE_SUPPRESSED
DUPLICATE_SUPPRESSED,SEEK_RETEST,72202325b347d2f4217e73f84ace23869877392b984b6efb0b507592f452c8ea,,,2021-04-20T20:00:00,,,,,72202325b347d2f4217e73f84ace23869877392b984b6efb0b507592f452c8ea,DUPLICATE_SUPPRESSED
DUPLICATE_SUPPRESSED,SEEK_RETEST,7225dd9aa0a4e1147487a1b8d2ad28b2694ebccfa40d81ec9a0464df697d0d1c,,,2021-03-08T03:00:00,,,,,7225dd9aa0a4e1147487a1b8d2ad28b2694ebccfa40d81ec9a0464df697d0d1c,DUPLICATE_SUPPRESSED
DUPLICATE_SUPPRESSED,SEEK_RETEST,72a1606bef2268042adfcb6f11814a8764733c1e1092f06142c13c62dce69461,,,2022-03-15T08:00:00,,,,,72a1606bef2268042adfcb6f11814a8764733c1e1092f06142c13c62dce69461,DUPLICATE_SUPPRESSED
DUPLICATE_SUPPRESSED,SEEK_RETEST,7371367928e48db6dccbf51d473939560761ece9e81300d0a77f93c82ea55e11,,,2021-07-06T16:00:00,,,,,7371367928e48db6dccbf51d473939560761ece9e81300d0a77f93c82ea55e11,DUPLICATE_SUPPRESSED
DUPLICATE_SUPPRESSED,SEEK_RETEST,738abfb79dc93b27acf2c7a4cfc6a16389e0e88a132637b2e48d1ebc3adbf1d9,,,2022-05-03T09:00:00,,,,,738abfb79dc93b27acf2c7a4cfc6a16389e0e88a132637b2e48d1ebc3adbf1d9,DUPLICATE_SUPPRESSED
DUPLICATE_SUPPRESSED,SEEK_RETEST,73a8a1eb9298ae05e053ec253e41a366a2a096ca1132247fe36f180791aedd85,,,2021-01-04T12:00:00,,,,,73a8a1eb9298ae05e053ec253e41a366a2a096ca1132247fe36f180791aedd85,DUPLICATE_SUPPRESSED
DUPLICATE_SUPPRESSED,SEEK_RETEST,74d89579a9ee361894ebc4dff25ede7f63ce15b015273e19bbee0002a9799d3b,,,2022-08-29T08:00:00,,,,,74d89579a9ee361894ebc4dff25ede7f63ce15b015273e19bbee0002a9799d3b,DUPLICATE_SUPPRESSED
DUPLICATE_SUPPRESSED,SEEK_RETEST,74e22099763702c62738b1648ca98cea2d98afa96d77e122494b42dad7eb5cad,,,2021-10-25T18:00:00,,,,,74e22099763702c62738b1648ca98cea2d98afa96d77e122494b42dad7eb5cad,DUPLICATE_SUPPRESSED
DUPLICATE_SUPPRESSED,SEEK_RETEST,74f9b5e16ecabc44814667a4285033d15226795a24b9e6d8188ca03a8139fb11,,,2020-12-03T18:00:00,,,,,74f9b5e16ecabc44814667a4285033d15226795a24b9e6d8188ca03a8139fb11,DUPLICATE_SUPPRESSED
DUPLICATE_SUPPRESSED,SEEK_RETEST,754dad05278d7effede04497530a568b90437a3ff48a770ce77698c261cbf0e6,,,2021-06-18T12:00:00,,,,,754dad05278d7effede04497530a568b90437a3ff48a770ce77698c261cbf0e6,DUPLICATE_SUPPRESSED
DUPLICATE_SUPPRESSED,SEEK_RETEST,75b8967ab8fea65c431444160a66f550fa1781074e6196b287354a8f91df4830,,,2022-09-27T21:00:00,,,,,75b8967ab8fea65c431444160a66f550fa1781074e6196b287354a8f91df4830,DUPLICATE_SUPPRESSED
DUPLICATE_SUPPRESSED,SEEK_RETEST,75cf778dacd626b45e4df329338f1a9e56a467d3b844f8896c5f4c8d5e17a938,,,2020-06-24T13:00:00,,,,,75cf778dacd626b45e4df329338f1a9e56a467d3b844f8896c5f4c8d5e17a938,DUPLICATE_SUPPRESSED
DUPLICATE_SUPPRESSED,SEEK_RETEST,764f6e0db0f58450c69e76ccb127f690163c7430c8e4c08d805059d17ce640e3,,,2022-02-08T17:00:00,,,,,764f6e0db0f58450c69e76ccb127f690163c7430c8e4c08d805059d17ce640e3,DUPLICATE_SUPPRESSED
DUPLICATE_SUPPRESSED,SEEK_RETEST,764f892548ebbbbc6b235ea33f7b1de027dd8f24bd51a770e75ffb712f21ee66,,,2022-11-03T10:00:00,,,,,764f892548ebbbbc6b235ea33f7b1de027dd8f24bd51a770e75ffb712f21ee66,DUPLICATE_SUPPRESSED
DUPLICATE_SUPPRESSED,SEEK_RETEST,76a04447fbc8c6b5f58632c1f1474bfb2774039d64af9514b0907a604893783c,,,2020-03-30T22:00:00,,,,,76a04447fbc8c6b5f58632c1f1474bfb2774039d64af9514b0907a604893783c,DUPLICATE_SUPPRESSED
DUPLICATE_SUPPRESSED,SEEK_RETEST,76a3d6fd6c0b54389fb6d471ec50455a6d3aaa029d6d1c72bdc36dc5e6f7b3ce,,,2021-01-06T19:00:00,,,,,76a3d6fd6c0b54389fb6d471ec50455a6d3aaa029d6d1c72bdc36dc5e6f7b3ce,DUPLICATE_SUPPRESSED
DUPLICATE_SUPPRESSED,SEEK_RETEST,77b31cf86e55efc91ab55ac98d412578ee6bf3a183da9e826beeb28b16a50265,,,2020-04-30T17:00:00,,,,,77b31cf86e55efc91ab55ac98d412578ee6bf3a183da9e826beeb28b16a50265,DUPLICATE_SUPPRESSED
DUPLICATE_SUPPRESSED,SEEK_RETEST,788924bc06b41cd8ffbc3f3e1e12a5f1187f8be235fda56ba34d72c905191d21,,,2020-10-23T19:00:00,,,,,788924bc06b41cd8ffbc3f3e1e12a5f1187f8be235fda56ba34d72c905191d21,DUPLICATE_SUPPRESSED
DUPLICATE_SUPPRESSED,SEEK_RETEST,7a0836892f432c1128d10d84cf507138f3dd930f2f3e4d0e5c9e0b0164cb022b,,,2020-01-08T13:00:00,,,,,7a0836892f432c1128d10d84cf507138f3dd930f2f3e4d0e5c9e0b0164cb022b,DUPLICATE_SUPPRESSED
DUPLICATE_SUPPRESSED,SEEK_RETEST,7a41fa6b7dc5f6f234e544c12fbf8362becf1ad1db65a7dede5de5b47358c96e,,,2020-10-05T08:00:00,,,,,7a41fa6b7dc5f6f234e544c12fbf8362becf1ad1db65a7dede5de5b47358c96e,DUPLICATE_SUPPRESSED
DUPLICATE_SUPPRESSED,SEEK_RETEST,7a5369649b4ec6126217c767e804f3f6b725e0ac2a169012711a2ed17bfcd124,,,2021-05-11T17:00:00,,,,,7a5369649b4ec6126217c767e804f3f6b725e0ac2a169012711a2ed17bfcd124,DUPLICATE_SUPPRESSED
DUPLICATE_SUPPRESSED,SEEK_RETEST,7ad02a928bf5ee342944132cde8a3b6533a6ad5380f1e778f4f3d47515881944,,,2021-01-18T09:00:00,,,,,7ad02a928bf5ee342944132cde8a3b6533a6ad5380f1e778f4f3d47515881944,DUPLICATE_SUPPRESSED
DUPLICATE_SUPPRESSED,SEEK_RETEST,7b396edd1e400d6d00548cc928d82afc7dc06ea0b6f1e3dd81e0b7ad48455e6a,,,2022-11-22T13:00:00,,,,,7b396edd1e400d6d00548cc928d82afc7dc06ea0b6f1e3dd81e0b7ad48455e6a,DUPLICATE_SUPPRESSED
DUPLICATE_SUPPRESSED,SEEK_RETEST,7b6a4f4d21327525700a8504fb2ba4cadeeb7a8fc69d8253a08f352e47e5e64d,,,2022-12-29T18:00:00,,,,,7b6a4f4d21327525700a8504fb2ba4cadeeb7a8fc69d8253a08f352e47e5e64d,DUPLICATE_SUPPRESSED
DUPLICATE_SUPPRESSED,SEEK_RETEST,7c0fcada613b9859aa795cdd85e4f6823b205e75374f4981e6d191f1ac40e48f,,,2022-06-30T14:00:00,,,,,7c0fcada613b9859aa795cdd85e4f6823b205e75374f4981e6d191f1ac40e48f,DUPLICATE_SUPPRESSED
DUPLICATE_SUPPRESSED,SEEK_RETEST,7c125e99e7fb328112a6c9cd3603bbf94eea28ff492564e2d89a2ad303ffa97f,,,2020-11-23T12:00:00,,,,,7c125e99e7fb328112a6c9cd3603bbf94eea28ff492564e2d89a2ad303ffa97f,DUPLICATE_SUPPRESSED
DUPLICATE_SUPPRESSED,SEEK_RETEST,7cab418bb533f2ae9096f5a9912a0d25920709faf861abe05576463332fc21a1,,,2020-12-17T17:00:00,,,,,7cab418bb533f2ae9096f5a9912a0d25920709faf861abe05576463332fc21a1,DUPLICATE_SUPPRESSED
DUPLICATE_SUPPRESSED,SEEK_RETEST,7d398c9c254eaa3248281c4939cc5d1ee0aacd04cec490ecc3d8972fae51d73f,,,2022-07-14T11:00:00,,,,,7d398c9c254eaa3248281c4939cc5d1ee0aacd04cec490ecc3d8972fae51d73f,DUPLICATE_SUPPRESSED
DUPLICATE_SUPPRESSED,SEEK_RETEST,7d39f316879a32b326cd0820a95feadd67471fccfbca7ad81762f59e183b7ea9,,,2021-01-21T17:00:00,,,,,7d39f316879a32b326cd0820a95feadd67471fccfbca7ad81762f59e183b7ea9,DUPLICATE_SUPPRESSED
DUPLICATE_SUPPRESSED,SEEK_RETEST,7d52510a265f3f718cf96daadb25bab9f51b60363bae1d6c73b4a341d6d25036,,,2021-05-20T18:00:00,,,,,7d52510a265f3f718cf96daadb25bab9f51b60363bae1d6c73b4a341d6d25036,DUPLICATE_SUPPRESSED
DUPLICATE_SUPPRESSED,SEEK_RETEST,7d7787056e463de52faa1e8ca83d6659e660e24630022653a61acc26d83cc9a2,,,2021-03-24T20:00:00,,,,,7d7787056e463de52faa1e8ca83d6659e660e24630022653a61acc26d83cc9a2,DUPLICATE_SUPPRESSED
DUPLICATE_SUPPRESSED,SEEK_RETEST,7d8f58e5f1b0ce004612dab4ecc5fff1808c6e06ddfa4fa0a91c615db6643142,,,2022-05-27T12:00:00,,,,,7d8f58e5f1b0ce004612dab4ecc5fff1808c6e06ddfa4fa0a91c615db6643142,DUPLICATE_SUPPRESSED
DUPLICATE_SUPPRESSED,SEEK_RETEST,7db6fa7d4d201954b05669aca21d300aa9380d814e1589f7a10429a154c091a4,,,2020-01-20T09:00:00,,,,,7db6fa7d4d201954b05669aca21d300aa9380d814e1589f7a10429a154c091a4,DUPLICATE_SUPPRESSED
DUPLICATE_SUPPRESSED,SEEK_RETEST,7e7532ac7424d5906d3373f987c442fe541d962a0feb7061a334622dcbbbc441,,,2020-06-26T18:00:00,,,,,7e7532ac7424d5906d3373f987c442fe541d962a0feb7061a334622dcbbbc441,DUPLICATE_SUPPRESSED
DUPLICATE_SUPPRESSED,SEEK_RETEST,7efeef5b466aa57fa1e801d8270dc48c4bfa8f05f9ae7c00a98796725d31e733,,,2021-08-10T13:00:00,,,,,7efeef5b466aa57fa1e801d8270dc48c4bfa8f05f9ae7c00a98796725d31e733,DUPLICATE_SUPPRESSED
DUPLICATE_SUPPRESSED,SEEK_RETEST,7f55dd49277189f1cf99c5920524e74131af52c3ac02c8191d6634e6d4999dfe,,,2022-05-23T20:00:00,,,,,7f55dd49277189f1cf99c5920524e74131af52c3ac02c8191d6634e6d4999dfe,DUPLICATE_SUPPRESSED
DUPLICATE_SUPPRESSED,SEEK_RETEST,7f60455433431537a6f0ba7e50ffba2535384ddbf522c8722a4bc20ac8b6f7c8,,,2021-08-17T19:00:00,,,,,7f60455433431537a6f0ba7e50ffba2535384ddbf522c8722a4bc20ac8b6f7c8,DUPLICATE_SUPPRESSED
DUPLICATE_SUPPRESSED,SEEK_RETEST,7f9972f87e40933bba30c7bd31bac3c6db436d9963a8b60f0739edc198aecdf3,,,2020-09-25T15:00:00,,,,,7f9972f87e40933bba30c7bd31bac3c6db436d9963a8b60f0739edc198aecdf3,DUPLICATE_SUPPRESSED
DUPLICATE_SUPPRESSED,SEEK_RETEST,7f9d1da8278a431091b1edf61729c0177ef880e554836401d28ea7f6105568ed,,,2021-02-05T11:00:00,,,,,7f9d1da8278a431091b1edf61729c0177ef880e554836401d28ea7f6105568ed,DUPLICATE_SUPPRESSED
DUPLICATE_SUPPRESSED,SEEK_RETEST,8019a7e559f4ca08df439c726e69c425582b71ac0f06071a11bd64d1368d1d85,,,2020-06-09T13:00:00,,,,,8019a7e559f4ca08df439c726e69c425582b71ac0f06071a11bd64d1368d1d85,DUPLICATE_SUPPRESSED
DUPLICATE_SUPPRESSED,SEEK_RETEST,810e2abef2a909f8ae8b9d7cbd16b7438ee5c522675d237e33545967fc00a9f6,,,2021-08-12T16:00:00,,,,,810e2abef2a909f8ae8b9d7cbd16b7438ee5c522675d237e33545967fc00a9f6,DUPLICATE_SUPPRESSED
DUPLICATE_SUPPRESSED,SEEK_RETEST,81400a963a12519e1f312b605ef40d4129814de4ef127cc1efebc2f65b58ccfc,,,2021-01-08T18:00:00,,,,,81400a963a12519e1f312b605ef40d4129814de4ef127cc1efebc2f65b58ccfc,DUPLICATE_SUPPRESSED
DUPLICATE_SUPPRESSED,SEEK_RETEST,8159e04e4ae62dd433fc4d92dcd570f3df1bda8d579a7b8e94996030b0728e2b,,,2020-05-22T11:00:00,,,,,8159e04e4ae62dd433fc4d92dcd570f3df1bda8d579a7b8e94996030b0728e2b,DUPLICATE_SUPPRESSED
DUPLICATE_SUPPRESSED,SEEK_RETEST,821c84e4c5f80cdb9491deb41adc43c5305661525aa178516d712c1ef437564e,,,2021-06-01T14:00:00,,,,,821c84e4c5f80cdb9491deb41adc43c5305661525aa178516d712c1ef437564e,DUPLICATE_SUPPRESSED
DUPLICATE_SUPPRESSED,SEEK_RETEST,82539d4b648f7c22174aaf75eda6f19f23073ea2a243647006af075b83c415e1,,,2022-03-01T19:00:00,,,,,82539d4b648f7c22174aaf75eda6f19f23073ea2a243647006af075b83c415e1,DUPLICATE_SUPPRESSED
DUPLICATE_SUPPRESSED,SEEK_RETEST,8255458cb0f92f7a6131b9ab519039cfdff72d583fd35881b7fd08ff3f9a0a4e,,,2021-01-15T17:00:00,,,,,8255458cb0f92f7a6131b9ab519039cfdff72d583fd35881b7fd08ff3f9a0a4e,DUPLICATE_SUPPRESSED
DUPLICATE_SUPPRESSED,SEEK_RETEST,825f7bf1c26df077d4dad29dfb29c07876cbae84eb0c3c71e0386769552edcb1,,,2020-03-20T21:00:00,,,,,825f7bf1c26df077d4dad29dfb29c07876cbae84eb0c3c71e0386769552edcb1,DUPLICATE_SUPPRESSED
DUPLICATE_SUPPRESSED,SEEK_RETEST,82b741c8d5511488ffafd791f131d0626d03806cf0fed071cbc0bb3378784168,,,2022-12-21T23:00:00,,,,,82b741c8d5511488ffafd791f131d0626d03806cf0fed071cbc0bb3378784168,DUPLICATE_SUPPRESSED
DUPLICATE_SUPPRESSED,SEEK_RETEST,82bb41bc6f90951d91faae2570de83aab1c0f5afc75432897146c5dae81b27e7,,,2022-06-23T15:00:00,,,,,82bb41bc6f90951d91faae2570de83aab1c0f5afc75432897146c5dae81b27e7,DUPLICATE_SUPPRESSED
DUPLICATE_SUPPRESSED,SEEK_RETEST,82e232dcedd79806acd89c2a06ced9fe4b0fe2478499fd18f4b0f69d20c33bc2,,,2021-08-05T18:00:00,,,,,82e232dcedd79806acd89c2a06ced9fe4b0fe2478499fd18f4b0f69d20c33bc2,DUPLICATE_SUPPRESSED
DUPLICATE_SUPPRESSED,SEEK_RETEST,8359f33b9da1fcbade82fc6d3a525c957357abedffc3ef7478cd5e4cc05a250e,,,2022-12-16T16:00:00,,,,,8359f33b9da1fcbade82fc6d3a525c957357abedffc3ef7478cd5e4cc05a250e,DUPLICATE_SUPPRESSED
DUPLICATE_SUPPRESSED,SEEK_RETEST,8389d20b4cde38397698d72a4cb6932c69054cb530aff65cd68a379bf0af4b91,,,2021-11-03T16:00:00,,,,,8389d20b4cde38397698d72a4cb6932c69054cb530aff65cd68a379bf0af4b91,DUPLICATE_SUPPRESSED
DUPLICATE_SUPPRESSED,SEEK_RETEST,83bca9789e9523f4c41e09d04b72c9f71e982b9f9f2198ea2e579123e38ae469,,,2022-03-14T12:00:00,,,,,83bca9789e9523f4c41e09d04b72c9f71e982b9f9f2198ea2e579123e38ae469,DUPLICATE_SUPPRESSED
DUPLICATE_SUPPRESSED,SEEK_RETEST,84434605c07f5eda4e09a257689ff7d2cf2ed3a7ecb2174a1d45376edaa9ce30,,,2022-01-25T18:00:00,,,,,84434605c07f5eda4e09a257689ff7d2cf2ed3a7ecb2174a1d45376edaa9ce30,DUPLICATE_SUPPRESSED
DUPLICATE_SUPPRESSED,SEEK_RETEST,84847b4987220fa1ee44b62df4d7f77a1c8621a571c114f5958012e0a1b36027,,,2020-08-26T18:00:00,,,,,84847b4987220fa1ee44b62df4d7f77a1c8621a571c114f5958012e0a1b36027,DUPLICATE_SUPPRESSED
DUPLICATE_SUPPRESSED,SEEK_RETEST,849b6dde4dbab4db90c161b3ea56a0cf7d1f376fe15434fe32d803b78dbcf466,,,2020-04-20T16:00:00,,,,,849b6dde4dbab4db90c161b3ea56a0cf7d1f376fe15434fe32d803b78dbcf466,DUPLICATE_SUPPRESSED
DUPLICATE_SUPPRESSED,SEEK_RETEST,852d0cf5dfc2f606e6e49eb1a711bc056cc2c165d5fc1a803ad6fa8979ee5529,,,2022-03-10T14:00:00,,,,,852d0cf5dfc2f606e6e49eb1a711bc056cc2c165d5fc1a803ad6fa8979ee5529,DUPLICATE_SUPPRESSED
DUPLICATE_SUPPRESSED,SEEK_RETEST,857e1d99004732a31d262335be0c3b6fb77babef7011e48bc3d7b552977c02fd,,,2022-05-05T19:00:00,,,,,857e1d99004732a31d262335be0c3b6fb77babef7011e48bc3d7b552977c02fd,DUPLICATE_SUPPRESSED
DUPLICATE_SUPPRESSED,SEEK_RETEST,85c23f2e163e7e1b6d89eb5666609b3e8c3c74476b5734e7d0ca925c20aa9317,,,2022-03-21T05:00:00,,,,,85c23f2e163e7e1b6d89eb5666609b3e8c3c74476b5734e7d0ca925c20aa9317,DUPLICATE_SUPPRESSED
DUPLICATE_SUPPRESSED,SEEK_RETEST,85d032e9e331effbcd1bcec78d65d2074e43811c6b626d86a026c1683c03f8ec,,,2020-07-07T19:00:00,,,,,85d032e9e331effbcd1bcec78d65d2074e43811c6b626d86a026c1683c03f8ec,DUPLICATE_SUPPRESSED
DUPLICATE_SUPPRESSED,SEEK_RETEST,85d45e782a7b270e6dedbe560f2ecc3531b1440b66d3e79b7d4af0d14086b73d,,,2022-06-09T11:00:00,,,,,85d45e782a7b270e6dedbe560f2ecc3531b1440b66d3e79b7d4af0d14086b73d,DUPLICATE_SUPPRESSED
DUPLICATE_SUPPRESSED,SEEK_RETEST,85e70c52a6f7cf8849447fc1b2e9da314ffdca9d5afd293aa76b63abd0cc35d6,,,2022-05-11T11:00:00,,,,,85e70c52a6f7cf8849447fc1b2e9da314ffdca9d5afd293aa76b63abd0cc35d6,DUPLICATE_SUPPRESSED
DUPLICATE_SUPPRESSED,SEEK_RETEST,8604efe97383e91925917806f6b7f429fe99643b8e1dc1bb4f84e2cf844c8ba7,,,2021-07-16T19:00:00,,,,,8604efe97383e91925917806f6b7f429fe99643b8e1dc1bb4f84e2cf844c8ba7,DUPLICATE_SUPPRESSED
DUPLICATE_SUPPRESSED,SEEK_RETEST,8738e66c97fd56cf8c52b4f42b4758cbf8cba12a00bf09340c4f6933ed68e8c7,,,2020-02-12T20:00:00,,,,,8738e66c97fd56cf8c52b4f42b4758cbf8cba12a00bf09340c4f6933ed68e8c7,DUPLICATE_SUPPRESSED
DUPLICATE_SUPPRESSED,SEEK_RETEST,8750b736f8300c073eb3d74a90fcd264749314bbd474d0c6e0f4eff0916afc88,,,2021-08-02T12:00:00,,,,,8750b736f8300c073eb3d74a90fcd264749314bbd474d0c6e0f4eff0916afc88,DUPLICATE_SUPPRESSED
DUPLICATE_SUPPRESSED,SEEK_RETEST,879cde02b35eca8f1ba393537bfbabdb9c59b03c445c8c598b86ef6ed78bbc24,,,2020-03-10T18:00:00,,,,,879cde02b35eca8f1ba393537bfbabdb9c59b03c445c8c598b86ef6ed78bbc24,DUPLICATE_SUPPRESSED
DUPLICATE_SUPPRESSED,SEEK_RETEST,882a46eb7c66c555cbd4a3971f1b098539f84c27df1ab322af9740ef69956a41,,,2020-08-10T18:00:00,,,,,882a46eb7c66c555cbd4a3971f1b098539f84c27df1ab322af9740ef69956a41,DUPLICATE_SUPPRESSED
DUPLICATE_SUPPRESSED,SEEK_RETEST,882fc41273d7b3f4dded5f65b5a7df6e8764296b6af5fd734a4c7d7b695d83fe,,,2022-07-26T14:00:00,,,,,882fc41273d7b3f4dded5f65b5a7df6e8764296b6af5fd734a4c7d7b695d83fe,DUPLICATE_SUPPRESSED
DUPLICATE_SUPPRESSED,SEEK_RETEST,88aefa1875b62733eeea6c37e84f854a64fca0f099e5e372b04c8b789ce4c272,,,2020-02-10T21:00:00,,,,,88aefa1875b62733eeea6c37e84f854a64fca0f099e5e372b04c8b789ce4c272,DUPLICATE_SUPPRESSED
DUPLICATE_SUPPRESSED,SEEK_RETEST,88d38589ff88cf637798d0e76f54cabad0034cae436b2ca8b1fe1b440a076862,,,2020-11-12T17:00:00,,,,,88d38589ff88cf637798d0e76f54cabad0034cae436b2ca8b1fe1b440a076862,DUPLICATE_SUPPRESSED
DUPLICATE_SUPPRESSED,SEEK_RETEST,88f190989bb18ec82ee16147afb7eb5053b075ebce750515101a8839efb75f28,,,2020-10-20T14:00:00,,,,,88f190989bb18ec82ee16147afb7eb5053b075ebce750515101a8839efb75f28,DUPLICATE_SUPPRESSED
DUPLICATE_SUPPRESSED,SEEK_RETEST,8931049e37deb3a032401c96e871fea1a8f2e5dc1bb865344c15a5a3c183385b,,,2021-10-14T12:00:00,,,,,8931049e37deb3a032401c96e871fea1a8f2e5dc1bb865344c15a5a3c183385b,DUPLICATE_SUPPRESSED
DUPLICATE_SUPPRESSED,SEEK_RETEST,8951d60f26c40b38d5e8ae5817108124a5b65d370206bdc3ded7c9adf6e3af5d,,,2022-11-04T15:00:00,,,,,8951d60f26c40b38d5e8ae5817108124a5b65d370206bdc3ded7c9adf6e3af5d,DUPLICATE_SUPPRESSED
DUPLICATE_SUPPRESSED,SEEK_RETEST,8976d8c0a24e59dd18888d7671179fd48da503b96f2364fc91d72ddf5be9593b,,,2020-05-27T22:00:00,,,,,8976d8c0a24e59dd18888d7671179fd48da503b96f2364fc91d72ddf5be9593b,DUPLICATE_SUPPRESSED
DUPLICATE_SUPPRESSED,SEEK_RETEST,89b7aa71f99e53df4bf247e265d96e333c197d2e9defdb51f415d5611dc80796,,,2021-02-02T11:00:00,,,,,89b7aa71f99e53df4bf247e265d96e333c197d2e9defdb51f415d5611dc80796,DUPLICATE_SUPPRESSED
DUPLICATE_SUPPRESSED,SEEK_RETEST,8a42bde683780672c1dea6766f142ca5ec3610b267b2e3171c3a3ec7ed3e7e69,,,2022-06-27T17:00:00,,,,,8a42bde683780672c1dea6766f142ca5ec3610b267b2e3171c3a3ec7ed3e7e69,DUPLICATE_SUPPRESSED
DUPLICATE_SUPPRESSED,SEEK_RETEST,8affcd18c8df84e945780ec429d671657d82db496445c337658f7f3c7c216651,,,2020-11-02T13:00:00,,,,,8affcd18c8df84e945780ec429d671657d82db496445c337658f7f3c7c216651,DUPLICATE_SUPPRESSED
DUPLICATE_SUPPRESSED,SEEK_RETEST,8b00c32a0c3625fa03c1f16ec0bb7e6803f1e9a76f9d8a7fcc094101beeda7da,,,2020-11-09T15:00:00,,,,,8b00c32a0c3625fa03c1f16ec0bb7e6803f1e9a76f9d8a7fcc094101beeda7da,DUPLICATE_SUPPRESSED
DUPLICATE_SUPPRESSED,SEEK_RETEST,8b02f4b07072374becbb2c66eab4c8f813f502f643a45f7796a5ea9e6218b1ca,,,2022-08-29T15:00:00,,,,,8b02f4b07072374becbb2c66eab4c8f813f502f643a45f7796a5ea9e6218b1ca,DUPLICATE_SUPPRESSED
DUPLICATE_SUPPRESSED,SEEK_RETEST,8b08fb11baae4ffedefcf68bfb253f8b7a52fff181d1c62533db5ad1544d7dc1,,,2020-08-06T09:00:00,,,,,8b08fb11baae4ffedefcf68bfb253f8b7a52fff181d1c62533db5ad1544d7dc1,DUPLICATE_SUPPRESSED
DUPLICATE_SUPPRESSED,SEEK_RETEST,8b25746d37c8684ffd6e7e9a36646a6453df0ca0bddc50b53f2b3e070070f783,,,2022-11-02T13:00:00,,,,,8b25746d37c8684ffd6e7e9a36646a6453df0ca0bddc50b53f2b3e070070f783,DUPLICATE_SUPPRESSED
DUPLICATE_SUPPRESSED,SEEK_RETEST,8bbe90c999541b539895e04cab39229c1d2e07844c377074ba9ea77ece074cbb,,,2022-02-28T16:00:00,,,,,8bbe90c999541b539895e04cab39229c1d2e07844c377074ba9ea77ece074cbb,DUPLICATE_SUPPRESSED
DUPLICATE_SUPPRESSED,SEEK_RETEST,8d619925dacf5fffa9268598b283fa21797864ad37af5452fea128c302b4323b,,,2021-10-04T19:00:00,,,,,8d619925dacf5fffa9268598b283fa21797864ad37af5452fea128c302b4323b,DUPLICATE_SUPPRESSED
DUPLICATE_SUPPRESSED,SEEK_RETEST,8e0b0b7727736cb9bec72da231df416da797641e7f2b3adf1165e8c8611c36d7,,,2022-08-16T12:00:00,,,,,8e0b0b7727736cb9bec72da231df416da797641e7f2b3adf1165e8c8611c36d7,DUPLICATE_SUPPRESSED
DUPLICATE_SUPPRESSED,SEEK_RETEST,8e5417a126582cace17bdfc8f9cb4dd359ed671efa2952ed0d555c1c399f6a31,,,2020-02-24T23:00:00,,,,,8e5417a126582cace17bdfc8f9cb4dd359ed671efa2952ed0d555c1c399f6a31,DUPLICATE_SUPPRESSED
DUPLICATE_SUPPRESSED,SEEK_RETEST,8e6571bcbd4923a3122d5a6c6280d1b1ab2f83b48626bf4482a7d1acc57310e6,,,2021-06-01T18:00:00,,,,,8e6571bcbd4923a3122d5a6c6280d1b1ab2f83b48626bf4482a7d1acc57310e6,DUPLICATE_SUPPRESSED
DUPLICATE_SUPPRESSED,SEEK_RETEST,8ea2e3657ad0f25b1a59456cf700dca9355c89c93cf0c75838e1c11d1c1471e2,,,2021-11-29T12:00:00,,,,,8ea2e3657ad0f25b1a59456cf700dca9355c89c93cf0c75838e1c11d1c1471e2,DUPLICATE_SUPPRESSED
DUPLICATE_SUPPRESSED,SEEK_RETEST,8ee0d568c883c097a3caf04ff69422cf4e1153ee569d41011625c331c04a28d2,,,2020-04-15T11:00:00,,,,,8ee0d568c883c097a3caf04ff69422cf4e1153ee569d41011625c331c04a28d2,DUPLICATE_SUPPRESSED
DUPLICATE_SUPPRESSED,SEEK_RETEST,8fa6023e9d629dea5edf552fc12d98b6f563f4037c32059b4e43d3a20e58f2b2,,,2020-05-11T14:00:00,,,,,8fa6023e9d629dea5edf552fc12d98b6f563f4037c32059b4e43d3a20e58f2b2,DUPLICATE_SUPPRESSED
DUPLICATE_SUPPRESSED,SEEK_RETEST,8fc3a97ed1eb24879972ffc84873c4c1b7e0e2f5a278bdbe1384bb4dacadd007,,,2021-04-21T18:00:00,,,,,8fc3a97ed1eb24879972ffc84873c4c1b7e0e2f5a278bdbe1384bb4dacadd007,DUPLICATE_SUPPRESSED
DUPLICATE_SUPPRESSED,SEEK_RETEST,8fc4f0f75282d4e053c5bc0a8ad2bbb3ad68e288e134ffbf0cfd70e707f556c9,,,2021-09-15T17:00:00,,,,,8fc4f0f75282d4e053c5bc0a8ad2bbb3ad68e288e134ffbf0cfd70e707f556c9,DUPLICATE_SUPPRESSED
DUPLICATE_SUPPRESSED,SEEK_RETEST,9045bb830ab13a1666b401b7d11f178de32bfda3f803e9115873df9ac446de04,,,2021-09-22T23:00:00,,,,,9045bb830ab13a1666b401b7d11f178de32bfda3f803e9115873df9ac446de04,DUPLICATE_SUPPRESSED
DUPLICATE_SUPPRESSED,SEEK_RETEST,905555fc4668a364d0b447656e226e458fb45f90c6e24444a934b61303fb4a21,,,2022-09-20T10:00:00,,,,,905555fc4668a364d0b447656e226e458fb45f90c6e24444a934b61303fb4a21,DUPLICATE_SUPPRESSED
DUPLICATE_SUPPRESSED,SEEK_RETEST,906fb40fc20c5d0c25765f1c4cd7818a400b2c4ae7d6f2d207375dc993e69fa5,,,2021-09-14T13:00:00,,,,,906fb40fc20c5d0c25765f1c4cd7818a400b2c4ae7d6f2d207375dc993e69fa5,DUPLICATE_SUPPRESSED
DUPLICATE_SUPPRESSED,SEEK_RETEST,90aa9adbe87960bb9387cf134c2e11b00858f2aeeb855ed14b0c145def8aa403,,,2020-09-08T21:00:00,,,,,90aa9adbe87960bb9387cf134c2e11b00858f2aeeb855ed14b0c145def8aa403,DUPLICATE_SUPPRESSED
DUPLICATE_SUPPRESSED,SEEK_RETEST,911df7062fd41887d950df3340d5486be53cd5475fceb49763dab576b490d494,,,2022-01-13T12:00:00,,,,,911df7062fd41887d950df3340d5486be53cd5475fceb49763dab576b490d494,DUPLICATE_SUPPRESSED
DUPLICATE_SUPPRESSED,SEEK_RETEST,9163ed2b03bf393846313aceff4db8f91fe2efd39c99edca1f5f06c71b2e9855,,,2020-12-14T10:00:00,,,,,9163ed2b03bf393846313aceff4db8f91fe2efd39c99edca1f5f06c71b2e9855,DUPLICATE_SUPPRESSED
DUPLICATE_SUPPRESSED,SEEK_RETEST,91dfe74a9419489b85dd20b2573eb68f077bcd2a3d37651e35ba7b03920eef17,,,2021-04-15T10:00:00,,,,,91dfe74a9419489b85dd20b2573eb68f077bcd2a3d37651e35ba7b03920eef17,DUPLICATE_SUPPRESSED
DUPLICATE_SUPPRESSED,SEEK_RETEST,9269ea9cf31e5e3262a55f762755b1b314dca3cae3d33f1e4c190bf4ecbcc2bb,,,2021-06-30T19:00:00,,,,,9269ea9cf31e5e3262a55f762755b1b314dca3cae3d33f1e4c190bf4ecbcc2bb,DUPLICATE_SUPPRESSED
DUPLICATE_SUPPRESSED,SEEK_RETEST,9334c41b92b164bce18e5ae3665fc126f84104fff75ade66aeb3dfc1741ed7a5,,,2021-08-30T18:00:00,,,,,9334c41b92b164bce18e5ae3665fc126f84104fff75ade66aeb3dfc1741ed7a5,DUPLICATE_SUPPRESSED
DUPLICATE_SUPPRESSED,SEEK_RETEST,936668f323e72fc39b2eb5149c42b0d2a42ebb21b637d185c77854f28eb9c2bc,,,2021-05-03T08:00:00,,,,,936668f323e72fc39b2eb5149c42b0d2a42ebb21b637d185c77854f28eb9c2bc,DUPLICATE_SUPPRESSED
DUPLICATE_SUPPRESSED,SEEK_RETEST,93b3e7bea631688fdd2b4f82c428b295d8ebeda0cf05fd3c53a5d4fc4fd03900,,,2022-03-17T12:00:00,,,,,93b3e7bea631688fdd2b4f82c428b295d8ebeda0cf05fd3c53a5d4fc4fd03900,DUPLICATE_SUPPRESSED
DUPLICATE_SUPPRESSED,SEEK_RETEST,93e9dde3aa0afcf130d3baf6a0dea002111ac55b881b662f9cbe78f1711d6d15,,,2021-07-15T11:00:00,,,,,93e9dde3aa0afcf130d3baf6a0dea002111ac55b881b662f9cbe78f1711d6d15,DUPLICATE_SUPPRESSED
DUPLICATE_SUPPRESSED,SEEK_RETEST,9441c7f118e7d71bd101ef3ca6e59e1741564ca52e42c8b307857a355110b95e,,,2021-08-23T07:00:00,,,,,9441c7f118e7d71bd101ef3ca6e59e1741564ca52e42c8b307857a355110b95e,DUPLICATE_SUPPRESSED
DUPLICATE_SUPPRESSED,SEEK_RETEST,9451a98ef7350a3f6a6daca142728bfd4f90e831b0fc8d35fcdabd67c3af8e33,,,2021-05-25T19:00:00,,,,,9451a98ef7350a3f6a6daca142728bfd4f90e831b0fc8d35fcdabd67c3af8e33,DUPLICATE_SUPPRESSED
DUPLICATE_SUPPRESSED,SEEK_RETEST,946e7d66e9f39f6ed8c72da6d2b44002b8239d622b94096e8567f684b1e4e7bd,,,2020-07-09T20:00:00,,,,,946e7d66e9f39f6ed8c72da6d2b44002b8239d622b94096e8567f684b1e4e7bd,DUPLICATE_SUPPRESSED
DUPLICATE_SUPPRESSED,SEEK_RETEST,94bd9bd7ad1c3c0abc6b80b3c7260db0082c8a9e73c84df0bbd01bf951184c9e,,,2021-04-28T18:00:00,,,,,94bd9bd7ad1c3c0abc6b80b3c7260db0082c8a9e73c84df0bbd01bf951184c9e,DUPLICATE_SUPPRESSED
DUPLICATE_SUPPRESSED,SEEK_RETEST,9514c553ed44472b88a101f5418fe0a47a83f1a4d90ea4e27c6b0db0ce66f09b,,,2022-01-05T23:00:00,,,,,9514c553ed44472b88a101f5418fe0a47a83f1a4d90ea4e27c6b0db0ce66f09b,DUPLICATE_SUPPRESSED
DUPLICATE_SUPPRESSED,SEEK_RETEST,9559e3ed186ca899e5098928e153a86fa618fc3746c404ea843d168adbec0b5b,,,2021-04-23T16:00:00,,,,,9559e3ed186ca899e5098928e153a86fa618fc3746c404ea843d168adbec0b5b,DUPLICATE_SUPPRESSED
DUPLICATE_SUPPRESSED,SEEK_RETEST,95d91980d96aeb7528f371867f8e6e21faa703973780d7e012bea9ad7ed429c0,,,2022-12-19T19:00:00,,,,,95d91980d96aeb7528f371867f8e6e21faa703973780d7e012bea9ad7ed429c0,DUPLICATE_SUPPRESSED
DUPLICATE_SUPPRESSED,SEEK_RETEST,95db78e731869209460bf46d3c830b38d2eeab35b270a5b274f48093eabc3d08,,,2021-05-06T18:00:00,,,,,95db78e731869209460bf46d3c830b38d2eeab35b270a5b274f48093eabc3d08,DUPLICATE_SUPPRESSED
DUPLICATE_SUPPRESSED,SEEK_RETEST,975acb5adda1ac1d1d8173ca2316d75c5dce2b8b59c920604c6b841191896bf1,,,2020-08-27T19:00:00,,,,,975acb5adda1ac1d1d8173ca2316d75c5dce2b8b59c920604c6b841191896bf1,DUPLICATE_SUPPRESSED
DUPLICATE_SUPPRESSED,SEEK_RETEST,97ab8ff22ee8bd8e0f848c08febe020d133b1630cac90b0a3f8f80b47aadb3c6,,,2020-03-02T13:00:00,,,,,97ab8ff22ee8bd8e0f848c08febe020d133b1630cac90b0a3f8f80b47aadb3c6,DUPLICATE_SUPPRESSED
DUPLICATE_SUPPRESSED,SEEK_RETEST,97c17ff3e4fcb70490eabf68eaaac86c3bbd5c7b7c78bcba472653d0355ce5f9,,,2020-05-15T10:00:00,,,,,97c17ff3e4fcb70490eabf68eaaac86c3bbd5c7b7c78bcba472653d0355ce5f9,DUPLICATE_SUPPRESSED
DUPLICATE_SUPPRESSED,SEEK_RETEST,9821079d866bdb7f4540630cd105921485297e5379c77c767488948bcdc30c23,,,2021-03-26T19:00:00,,,,,9821079d866bdb7f4540630cd105921485297e5379c77c767488948bcdc30c23,DUPLICATE_SUPPRESSED
DUPLICATE_SUPPRESSED,SEEK_RETEST,986a561272c38fdf0c033301a10d428e3a4ac38339f3e9337ac6e04c325e0f74,,,2022-01-12T11:00:00,,,,,986a561272c38fdf0c033301a10d428e3a4ac38339f3e9337ac6e04c325e0f74,DUPLICATE_SUPPRESSED
DUPLICATE_SUPPRESSED,SEEK_RETEST,986df8310367c269fe6cb0a353c2239be8b8a2918d9f506e8e358304b908e701,,,2021-05-04T14:00:00,,,,,986df8310367c269fe6cb0a353c2239be8b8a2918d9f506e8e358304b908e701,DUPLICATE_SUPPRESSED
DUPLICATE_SUPPRESSED,SEEK_RETEST,98827b5d1e31cb2c11c6c3fbc4258729e3f4a5eb51de045f226388b329d47e01,,,2021-12-14T11:00:00,,,,,98827b5d1e31cb2c11c6c3fbc4258729e3f4a5eb51de045f226388b329d47e01,DUPLICATE_SUPPRESSED
DUPLICATE_SUPPRESSED,SEEK_RETEST,98f9ebcbb846552ca282aa519ea5c04c33644dbf83b617a670fc34652bad21ca,,,2021-11-10T17:00:00,,,,,98f9ebcbb846552ca282aa519ea5c04c33644dbf83b617a670fc34652bad21ca,DUPLICATE_SUPPRESSED
DUPLICATE_SUPPRESSED,SEEK_RETEST,9956cfb0ba7ac8d8ae79e613a0f498e03c04e000c123273f4231f050724fbd20,,,2021-05-10T15:00:00,,,,,9956cfb0ba7ac8d8ae79e613a0f498e03c04e000c123273f4231f050724fbd20,DUPLICATE_SUPPRESSED
DUPLICATE_SUPPRESSED,SEEK_RETEST,9a0a6c31fd713978d55a63f8ce555532e31bac6e4c3f348d10b7f02cba84fcf1,,,2022-07-04T15:00:00,,,,,9a0a6c31fd713978d55a63f8ce555532e31bac6e4c3f348d10b7f02cba84fcf1,DUPLICATE_SUPPRESSED
DUPLICATE_SUPPRESSED,SEEK_RETEST,9a15d5207b570f6339395d529805556b085b39d4fe297eb8f84d105d7d8ac4a3,,,2021-02-15T10:00:00,,,,,9a15d5207b570f6339395d529805556b085b39d4fe297eb8f84d105d7d8ac4a3,DUPLICATE_SUPPRESSED
DUPLICATE_SUPPRESSED,SEEK_RETEST,9a6bda8b9c2ef2d5bec53a096edaa85a3701087030942a758f9b6a5bd6b9b9d2,,,2022-04-04T11:00:00,,,,,9a6bda8b9c2ef2d5bec53a096edaa85a3701087030942a758f9b6a5bd6b9b9d2,DUPLICATE_SUPPRESSED
DUPLICATE_SUPPRESSED,SEEK_RETEST,9a8cde6e1b529463ac3da48d2b7767ab9ed451cbb547167ffe54a0b7c8ea243e,,,2021-07-16T15:00:00,,,,,9a8cde6e1b529463ac3da48d2b7767ab9ed451cbb547167ffe54a0b7c8ea243e,DUPLICATE_SUPPRESSED
DUPLICATE_SUPPRESSED,SEEK_RETEST,9b666df6350e317049383bc5668f422d84a121fcf48d2a75d211f2ff8800a6ee,,,2020-11-03T18:00:00,,,,,9b666df6350e317049383bc5668f422d84a121fcf48d2a75d211f2ff8800a6ee,DUPLICATE_SUPPRESSED
DUPLICATE_SUPPRESSED,SEEK_RETEST,9b8345c6f6bfc65a134a64b88fd6595634fac3005bff8bd7b83a2285410e9bda,,,2022-01-18T12:00:00,,,,,9b8345c6f6bfc65a134a64b88fd6595634fac3005bff8bd7b83a2285410e9bda,DUPLICATE_SUPPRESSED
DUPLICATE_SUPPRESSED,SEEK_RETEST,9bcfa6079f74f727418120d837c3e70230fc70f6c563b581e56a9dfe53676ef4,,,2022-02-14T17:00:00,,,,,9bcfa6079f74f727418120d837c3e70230fc70f6c563b581e56a9dfe53676ef4,DUPLICATE_SUPPRESSED
DUPLICATE_SUPPRESSED,SEEK_RETEST,9cbd0855d9aa188f755649249f3dfa1bb99ff21d9c22edfd50e0ba32d9c25483,,,2021-06-16T15:00:00,,,,,9cbd0855d9aa188f755649249f3dfa1bb99ff21d9c22edfd50e0ba32d9c25483,DUPLICATE_SUPPRESSED
DUPLICATE_SUPPRESSED,SEEK_RETEST,9cc59499c95b6fdb82de664f231d897010124b27275cc4655efcd8ef231761d2,,,2022-01-27T16:00:00,,,,,9cc59499c95b6fdb82de664f231d897010124b27275cc4655efcd8ef231761d2,DUPLICATE_SUPPRESSED
DUPLICATE_SUPPRESSED,SEEK_RETEST,9d696a810748af21b5aef0ec92c771fed68fe7d0f4bd34410a5fc6443d84ab2e,,,2021-08-09T03:00:00,,,,,9d696a810748af21b5aef0ec92c771fed68fe7d0f4bd34410a5fc6443d84ab2e,DUPLICATE_SUPPRESSED
DUPLICATE_SUPPRESSED,SEEK_RETEST,9d9c3fe73bf3a8132f944d56e70bcdac026d17413b22a308e6e87437c23e9cef,,,2022-06-06T18:00:00,,,,,9d9c3fe73bf3a8132f944d56e70bcdac026d17413b22a308e6e87437c23e9cef,DUPLICATE_SUPPRESSED
DUPLICATE_SUPPRESSED,SEEK_RETEST,9df467789ef9480c296480903542b175df58ab657a8c811b0cd09385f72ceee2,,,2022-05-23T13:00:00,,,,,9df467789ef9480c296480903542b175df58ab657a8c811b0cd09385f72ceee2,DUPLICATE_SUPPRESSED
DUPLICATE_SUPPRESSED,SEEK_RETEST,9e768838694b9a797e9ae0ffb390d4626c1928f74787bb2bfdaff45e70be7b89,,,2020-05-07T15:00:00,,,,,9e768838694b9a797e9ae0ffb390d4626c1928f74787bb2bfdaff45e70be7b89,DUPLICATE_SUPPRESSED
DUPLICATE_SUPPRESSED,SEEK_RETEST,9f0f364af78400ccd272acacdbcf28523f104ded04b97566a52265aafdf0e6f7,,,2020-08-28T20:00:00,,,,,9f0f364af78400ccd272acacdbcf28523f104ded04b97566a52265aafdf0e6f7,DUPLICATE_SUPPRESSED
DUPLICATE_SUPPRESSED,SEEK_RETEST,9f25f71f61b65756e2b0a56d6ed0bafd04599506000346e7ccf342919d3b6503,,,2022-05-16T11:00:00,,,,,9f25f71f61b65756e2b0a56d6ed0bafd04599506000346e7ccf342919d3b6503,DUPLICATE_SUPPRESSED
DUPLICATE_SUPPRESSED,SEEK_RETEST,9f660f296b39d389f299a2a2368d96d97cf093b754a44087bb7c121863611feb,,,2022-03-30T18:00:00,,,,,9f660f296b39d389f299a2a2368d96d97cf093b754a44087bb7c121863611feb,DUPLICATE_SUPPRESSED
DUPLICATE_SUPPRESSED,SEEK_RETEST,9fe52fc61858b80720bf5523ac2e21fa71be9a587c4d8fabfb5c58f432ad3fea,,,2020-02-26T00:00:00,,,,,9fe52fc61858b80720bf5523ac2e21fa71be9a587c4d8fabfb5c58f432ad3fea,DUPLICATE_SUPPRESSED
DUPLICATE_SUPPRESSED,SEEK_RETEST,a0328a1a9b66931ccd1ea805ff1314eeb7a9ac2505e86f71a2f4637f986c2fd6,,,2021-08-11T20:00:00,,,,,a0328a1a9b66931ccd1ea805ff1314eeb7a9ac2505e86f71a2f4637f986c2fd6,DUPLICATE_SUPPRESSED
DUPLICATE_SUPPRESSED,SEEK_RETEST,a09581052e9f92dbbb4c3fcf7e158bd2079a17775dd32261226d1b43b60e15f2,,,2022-07-01T15:00:00,,,,,a09581052e9f92dbbb4c3fcf7e158bd2079a17775dd32261226d1b43b60e15f2,DUPLICATE_SUPPRESSED
DUPLICATE_SUPPRESSED,SEEK_RETEST,a0a8dac6bb9427f8cac07128e0d50bd32cdf3e9e3951c7ae9c456eab17c5d9f5,,,2022-09-12T11:00:00,,,,,a0a8dac6bb9427f8cac07128e0d50bd32cdf3e9e3951c7ae9c456eab17c5d9f5,DUPLICATE_SUPPRESSED
DUPLICATE_SUPPRESSED,SEEK_RETEST,a0e3c6041540a6c945b9a0f7f341283ba0df520455fd152ad0ce2c76935ac48a,,,2020-07-23T20:00:00,,,,,a0e3c6041540a6c945b9a0f7f341283ba0df520455fd152ad0ce2c76935ac48a,DUPLICATE_SUPPRESSED
DUPLICATE_SUPPRESSED,SEEK_RETEST,a0f213a1896189a8480fa0a361094e00d5124a02ca759d057e32b344aef144ec,,,2022-01-25T12:00:00,,,,,a0f213a1896189a8480fa0a361094e00d5124a02ca759d057e32b344aef144ec,DUPLICATE_SUPPRESSED
DUPLICATE_SUPPRESSED,SEEK_RETEST,a106d1d10b007c6155a30ecb46900c817e0a94afad9b89e29ed7766d421868e9,,,2020-01-31T18:00:00,,,,,a106d1d10b007c6155a30ecb46900c817e0a94afad9b89e29ed7766d421868e9,DUPLICATE_SUPPRESSED
DUPLICATE_SUPPRESSED,SEEK_RETEST,a15bc745930768705245b87296ec956cb763903a236835dd434362f78ede151f,,,2020-10-08T19:00:00,,,,,a15bc745930768705245b87296ec956cb763903a236835dd434362f78ede151f,DUPLICATE_SUPPRESSED
DUPLICATE_SUPPRESSED,SEEK_RETEST,a195b2fcfde70a4b954c13c53c62ad26e1783205a5f9a9d1c04301f4ee92317b,,,2020-12-09T18:00:00,,,,,a195b2fcfde70a4b954c13c53c62ad26e1783205a5f9a9d1c04301f4ee92317b,DUPLICATE_SUPPRESSED
DUPLICATE_SUPPRESSED,SEEK_RETEST,a26de0eaeb4f364cab9478b9a2e8919632f27ab7b8367d1118f5fdaa24c6ebb8,,,2021-12-20T23:00:00,,,,,a26de0eaeb4f364cab9478b9a2e8919632f27ab7b8367d1118f5fdaa24c6ebb8,DUPLICATE_SUPPRESSED
DUPLICATE_SUPPRESSED,SEEK_RETEST,a2b9c1c8ff0b7dd39eb4d93f8788a897e6c36da309f818d7209775d2ebc13fd0,,,2022-11-22T21:00:00,,,,,a2b9c1c8ff0b7dd39eb4d93f8788a897e6c36da309f818d7209775d2ebc13fd0,DUPLICATE_SUPPRESSED
DUPLICATE_SUPPRESSED,SEEK_RETEST,a39a9a8a03ad352c2a97d0099cf1a9da168c1b11dc9158524e0a0026092ad2c8,,,2020-10-08T11:00:00,,,,,a39a9a8a03ad352c2a97d0099cf1a9da168c1b11dc9158524e0a0026092ad2c8,DUPLICATE_SUPPRESSED
DUPLICATE_SUPPRESSED,SEEK_RETEST,a422a726cc390b83e58886b6be500d72932abc1d49e2c2410a5968eef8a0b863,,,2021-08-11T15:00:00,,,,,a422a726cc390b83e58886b6be500d72932abc1d49e2c2410a5968eef8a0b863,DUPLICATE_SUPPRESSED
DUPLICATE_SUPPRESSED,SEEK_RETEST,a43d8ce1742073602ee85c773844c2261c9ba055a407a6c1b1b3bc5f56007d4b,,,2021-02-18T12:00:00,,,,,a43d8ce1742073602ee85c773844c2261c9ba055a407a6c1b1b3bc5f56007d4b,DUPLICATE_SUPPRESSED
DUPLICATE_SUPPRESSED,SEEK_RETEST,a452e55db770c8d30b950eef11e2722ba87bc02607573784878732dcc69bc398,,,2022-08-10T17:00:00,,,,,a452e55db770c8d30b950eef11e2722ba87bc02607573784878732dcc69bc398,DUPLICATE_SUPPRESSED
DUPLICATE_SUPPRESSED,SEEK_RETEST,a4937f567103237b3b85eb16c5563fd50ef7e264d0502a03f3c2562102ed8c25,,,2021-10-13T12:00:00,,,,,a4937f567103237b3b85eb16c5563fd50ef7e264d0502a03f3c2562102ed8c25,DUPLICATE_SUPPRESSED
DUPLICATE_SUPPRESSED,SEEK_RETEST,a5c35a8fb1d52a3eb7da94296bc3345f3563e144697ad550558682922145c24f,,,2022-10-20T15:00:00,,,,,a5c35a8fb1d52a3eb7da94296bc3345f3563e144697ad550558682922145c24f,DUPLICATE_SUPPRESSED
DUPLICATE_SUPPRESSED,SEEK_RETEST,a5df2e74a7245f8199ba018915e537ed7824be28ded0fedecbcb4362845aa654,,,2021-04-23T18:00:00,,,,,a5df2e74a7245f8199ba018915e537ed7824be28ded0fedecbcb4362845aa654,DUPLICATE_SUPPRESSED
DUPLICATE_SUPPRESSED,SEEK_RETEST,a60687e6897bd58cef78f7df4bb257177f2d20355a2c325f4ba1044ffd7ed49d,,,2021-04-01T18:00:00,,,,,a60687e6897bd58cef78f7df4bb257177f2d20355a2c325f4ba1044ffd7ed49d,DUPLICATE_SUPPRESSED
DUPLICATE_SUPPRESSED,SEEK_RETEST,a64623c20d2fd443fd0f0b49c2e8aab3634bab8961f75e10546a0d0ae91cf765,,,2021-12-22T15:00:00,,,,,a64623c20d2fd443fd0f0b49c2e8aab3634bab8961f75e10546a0d0ae91cf765,DUPLICATE_SUPPRESSED
DUPLICATE_SUPPRESSED,SEEK_RETEST,a64ffa4735e3338ca031862f3f6168659147fd3dbe81f90161120a06bab77ff3,,,2022-02-07T20:00:00,,,,,a64ffa4735e3338ca031862f3f6168659147fd3dbe81f90161120a06bab77ff3,DUPLICATE_SUPPRESSED
DUPLICATE_SUPPRESSED,SEEK_RETEST,a67b83ce8ac26fb74ca06e9747f6f50c11847518fc09a17c9b81eb438976f3c1,,,2022-12-20T12:00:00,,,,,a67b83ce8ac26fb74ca06e9747f6f50c11847518fc09a17c9b81eb438976f3c1,DUPLICATE_SUPPRESSED
DUPLICATE_SUPPRESSED,SEEK_RETEST,a7e72448ff49ecaefc7528d38a086adfdc39c8548aae7245fb50b8d9659a9bd4,,,2021-06-02T16:00:00,,,,,a7e72448ff49ecaefc7528d38a086adfdc39c8548aae7245fb50b8d9659a9bd4,DUPLICATE_SUPPRESSED
DUPLICATE_SUPPRESSED,SEEK_RETEST,a7f94824c2aa3709c53faf0db37547b76bfb6c52929d73c3d72c934eb1763083,,,2022-06-13T12:00:00,,,,,a7f94824c2aa3709c53faf0db37547b76bfb6c52929d73c3d72c934eb1763083,DUPLICATE_SUPPRESSED
DUPLICATE_SUPPRESSED,SEEK_RETEST,a8638c75082239ad36153fa3bf526a163265ebf69c1d280ea82c567bb4f23e23,,,2022-10-05T23:00:00,,,,,a8638c75082239ad36153fa3bf526a163265ebf69c1d280ea82c567bb4f23e23,DUPLICATE_SUPPRESSED
DUPLICATE_SUPPRESSED,SEEK_RETEST,a87bcd64627098de98f008c8129ce082715f5cdeaeee458babf9aef230962def,,,2021-04-06T18:00:00,,,,,a87bcd64627098de98f008c8129ce082715f5cdeaeee458babf9aef230962def,DUPLICATE_SUPPRESSED
DUPLICATE_SUPPRESSED,SEEK_RETEST,a8b87c63307e34bcce52e47e95574d732889c0b282f17fe37c5c6bc193de13c1,,,2020-03-24T12:00:00,,,,,a8b87c63307e34bcce52e47e95574d732889c0b282f17fe37c5c6bc193de13c1,DUPLICATE_SUPPRESSED
DUPLICATE_SUPPRESSED,SEEK_RETEST,a9a42550c68bc30dd42a914801053c008c83cb8372ff6b0ea7cff33fd4489896,,,2020-09-28T16:00:00,,,,,a9a42550c68bc30dd42a914801053c008c83cb8372ff6b0ea7cff33fd4489896,DUPLICATE_SUPPRESSED
DUPLICATE_SUPPRESSED,SEEK_RETEST,aa87a9d8642e0e19d08dc983935fc5ca33bd434503ec0d53bae6ae2b669ef8c6,,,2021-06-23T18:00:00,,,,,aa87a9d8642e0e19d08dc983935fc5ca33bd434503ec0d53bae6ae2b669ef8c6,DUPLICATE_SUPPRESSED
DUPLICATE_SUPPRESSED,SEEK_RETEST,aab577113ec28b5c187df9d456a93ba82e3f39712e02b7ee760c2f587ed46a68,,,2020-03-20T10:00:00,,,,,aab577113ec28b5c187df9d456a93ba82e3f39712e02b7ee760c2f587ed46a68,DUPLICATE_SUPPRESSED
DUPLICATE_SUPPRESSED,SEEK_RETEST,acef30003fda0e8a91ae7e962c660f3b30221841b0258b3cb703546ba16f693c,,,2020-06-10T23:00:00,,,,,acef30003fda0e8a91ae7e962c660f3b30221841b0258b3cb703546ba16f693c,DUPLICATE_SUPPRESSED
DUPLICATE_SUPPRESSED,SEEK_RETEST,ad3a61e1fcf7d40522b10eeb14be526e15f1268dd906ab9ede16a8d5fc7933dc,,,2020-08-17T17:00:00,,,,,ad3a61e1fcf7d40522b10eeb14be526e15f1268dd906ab9ede16a8d5fc7933dc,DUPLICATE_SUPPRESSED
DUPLICATE_SUPPRESSED,SEEK_RETEST,adadf0c9bff305652edba62b4034236dd97dd48179f89c9970ab7624f56e5ac0,,,2021-08-13T17:00:00,,,,,adadf0c9bff305652edba62b4034236dd97dd48179f89c9970ab7624f56e5ac0,DUPLICATE_SUPPRESSED
DUPLICATE_SUPPRESSED,SEEK_RETEST,adbf986a7573a5766a76c3b4b9cbbcad3c18a9c6dc559634278ef0430c58a9ba,,,2021-09-27T06:00:00,,,,,adbf986a7573a5766a76c3b4b9cbbcad3c18a9c6dc559634278ef0430c58a9ba,DUPLICATE_SUPPRESSED
DUPLICATE_SUPPRESSED,SEEK_RETEST,ae2612f697f5eb48c10a72322175cbe0810f578b2c407e1a6b97e6d687265b47,,,2020-05-18T04:00:00,,,,,ae2612f697f5eb48c10a72322175cbe0810f578b2c407e1a6b97e6d687265b47,DUPLICATE_SUPPRESSED
DUPLICATE_SUPPRESSED,SEEK_RETEST,ae50d544e95b8fbfded7c5bac3715009c42df2d64074128882c4a7c91f01b4c6,,,2022-02-24T23:00:00,,,,,ae50d544e95b8fbfded7c5bac3715009c42df2d64074128882c4a7c91f01b4c6,DUPLICATE_SUPPRESSED
DUPLICATE_SUPPRESSED,SEEK_RETEST,af468a02df74eadd08400b2916bb721797704c7f23f48770b9819814c697ab59,,,2020-05-18T17:00:00,,,,,af468a02df74eadd08400b2916bb721797704c7f23f48770b9819814c697ab59,DUPLICATE_SUPPRESSED
DUPLICATE_SUPPRESSED,SEEK_RETEST,afb2f177f61ff0124c24596969cf96cb22e4a14fed8dad19635b5b1feeb1bb65,,,2020-07-29T23:00:00,,,,,afb2f177f61ff0124c24596969cf96cb22e4a14fed8dad19635b5b1feeb1bb65,DUPLICATE_SUPPRESSED
DUPLICATE_SUPPRESSED,SEEK_RETEST,afde4cf1d5992d5f8a89c722ee45ea5d27178e46e577e71df0b9b9358a73af4e,,,2021-03-01T21:00:00,,,,,afde4cf1d5992d5f8a89c722ee45ea5d27178e46e577e71df0b9b9358a73af4e,DUPLICATE_SUPPRESSED
DUPLICATE_SUPPRESSED,SEEK_RETEST,afed835f718490f1ef60989dabd4aed78a5f0346f3bf89185a1f7f947c25e827,,,2022-06-23T18:00:00,,,,,afed835f718490f1ef60989dabd4aed78a5f0346f3bf89185a1f7f947c25e827,DUPLICATE_SUPPRESSED
DUPLICATE_SUPPRESSED,SEEK_RETEST,b04fbbc3b6137cd9b5a07c986ff3750cf078e8f31f3e0a17418a74f40be110db,,,2022-05-06T13:00:00,,,,,b04fbbc3b6137cd9b5a07c986ff3750cf078e8f31f3e0a17418a74f40be110db,DUPLICATE_SUPPRESSED
DUPLICATE_SUPPRESSED,SEEK_RETEST,b0ab05fbdfb2ddd1fbe83125d22cc6ac8fc00f5fa3ea3429575b86cd38a37eef,,,2022-09-12T07:00:00,,,,,b0ab05fbdfb2ddd1fbe83125d22cc6ac8fc00f5fa3ea3429575b86cd38a37eef,DUPLICATE_SUPPRESSED
DUPLICATE_SUPPRESSED,SEEK_RETEST,b0fffa9f4a2838318a874c4f86ddf530d03076a9111431352ebb8c0568e1e96c,,,2021-07-01T20:00:00,,,,,b0fffa9f4a2838318a874c4f86ddf530d03076a9111431352ebb8c0568e1e96c,DUPLICATE_SUPPRESSED
DUPLICATE_SUPPRESSED,SEEK_RETEST,b14a32fe652fe727e5bc20eeed6be701df71e72608fcebb8202b95e8ed9a8a7b,,,2021-07-20T17:00:00,,,,,b14a32fe652fe727e5bc20eeed6be701df71e72608fcebb8202b95e8ed9a8a7b,DUPLICATE_SUPPRESSED
DUPLICATE_SUPPRESSED,SEEK_RETEST,b1cd3712208f5726fa7885a39c29db53aace4ebe45620de1eb00751084196bd2,,,2022-11-10T17:00:00,,,,,b1cd3712208f5726fa7885a39c29db53aace4ebe45620de1eb00751084196bd2,DUPLICATE_SUPPRESSED
DUPLICATE_SUPPRESSED,SEEK_RETEST,b1fdff57c718891b10c589ba1a92f6fb7304b9e462da31670edbc69b42f38f38,,,2020-03-06T19:00:00,,,,,b1fdff57c718891b10c589ba1a92f6fb7304b9e462da31670edbc69b42f38f38,DUPLICATE_SUPPRESSED
DUPLICATE_SUPPRESSED,SEEK_RETEST,b21130ba076b814e84cb1b1179f2badeaedd46ba2bfb9fc3d69837f7146b4163,,,2022-12-12T06:00:00,,,,,b21130ba076b814e84cb1b1179f2badeaedd46ba2bfb9fc3d69837f7146b4163,DUPLICATE_SUPPRESSED
DUPLICATE_SUPPRESSED,SEEK_RETEST,b24ad37635ae83c1627dd2911e72e819a11c0079c8d39cb7795e9b2a1c47c116,,,2022-02-04T12:00:00,,,,,b24ad37635ae83c1627dd2911e72e819a11c0079c8d39cb7795e9b2a1c47c116,DUPLICATE_SUPPRESSED
DUPLICATE_SUPPRESSED,SEEK_RETEST,b2b37dc7e5789c6b641c50664bed7b719550bb5a55d74976f6a69f642887baf0,,,2022-01-12T21:00:00,,,,,b2b37dc7e5789c6b641c50664bed7b719550bb5a55d74976f6a69f642887baf0,DUPLICATE_SUPPRESSED
DUPLICATE_SUPPRESSED,SEEK_RETEST,b3ad8d4fb2864d31fc7fb560e89ef6774fdb60ec7ba6df98066aa54a8c9ea999,,,2021-11-23T20:00:00,,,,,b3ad8d4fb2864d31fc7fb560e89ef6774fdb60ec7ba6df98066aa54a8c9ea999,DUPLICATE_SUPPRESSED
DUPLICATE_SUPPRESSED,SEEK_RETEST,b3f9d5c55626d42fbbf9e9f49e994974674553426f6f188fc11be9e2abc25029,,,2022-07-28T12:00:00,,,,,b3f9d5c55626d42fbbf9e9f49e994974674553426f6f188fc11be9e2abc25029,DUPLICATE_SUPPRESSED
DUPLICATE_SUPPRESSED,SEEK_RETEST,b43ac3167e3124521c189c2d944892a17b998c54a82369a9fb0931d6c1110bfd,,,2022-12-01T16:00:00,,,,,b43ac3167e3124521c189c2d944892a17b998c54a82369a9fb0931d6c1110bfd,DUPLICATE_SUPPRESSED
DUPLICATE_SUPPRESSED,SEEK_RETEST,b468b1277fa49de1afc6e00b3f296487cb01b2fd4169a90ff6e8b80663213258,,,2021-02-11T19:00:00,,,,,b468b1277fa49de1afc6e00b3f296487cb01b2fd4169a90ff6e8b80663213258,DUPLICATE_SUPPRESSED
DUPLICATE_SUPPRESSED,SEEK_RETEST,b4aab023cd6f94bb4c6a4e84750a1da51a3af79f2b6a5e87204eb71d851458f9,,,2022-10-24T12:00:00,,,,,b4aab023cd6f94bb4c6a4e84750a1da51a3af79f2b6a5e87204eb71d851458f9,DUPLICATE_SUPPRESSED
DUPLICATE_SUPPRESSED,SEEK_RETEST,b4c7e8b19ce49707ad05502ea4c3a346140adc6150a5e50216abd472026b3969,,,2022-07-11T12:00:00,,,,,b4c7e8b19ce49707ad05502ea4c3a346140adc6150a5e50216abd472026b3969,DUPLICATE_SUPPRESSED
DUPLICATE_SUPPRESSED,SEEK_RETEST,b50f0ccc945f011079b8cc46bc8711f9acbfd93e093c76224fff534e4408b463,,,2020-07-16T21:00:00,,,,,b50f0ccc945f011079b8cc46bc8711f9acbfd93e093c76224fff534e4408b463,DUPLICATE_SUPPRESSED
DUPLICATE_SUPPRESSED,SEEK_RETEST,b5124dd63e470091567f014b421b3219e4a8bf5a029ed690e956684e638aac51,,,2022-09-09T18:00:00,,,,,b5124dd63e470091567f014b421b3219e4a8bf5a029ed690e956684e638aac51,DUPLICATE_SUPPRESSED
DUPLICATE_SUPPRESSED,SEEK_RETEST,b514c07dfb175e29a40de7618948f1e73be6c8240e14e5bde3105db818147772,,,2021-01-22T14:00:00,,,,,b514c07dfb175e29a40de7618948f1e73be6c8240e14e5bde3105db818147772,DUPLICATE_SUPPRESSED
DUPLICATE_SUPPRESSED,SEEK_RETEST,b54d325b79c67aed3a1c64b8931931cb7cb7df3a6537125275d8b11f609acc52,,,2020-05-05T23:00:00,,,,,b54d325b79c67aed3a1c64b8931931cb7cb7df3a6537125275d8b11f609acc52,DUPLICATE_SUPPRESSED
DUPLICATE_SUPPRESSED,SEEK_RETEST,b561ed68cc278e347a5d9d2792edfc9ffec45effd56978b86a2b6f491a3094dc,,,2021-11-30T19:00:00,,,,,b561ed68cc278e347a5d9d2792edfc9ffec45effd56978b86a2b6f491a3094dc,DUPLICATE_SUPPRESSED
DUPLICATE_SUPPRESSED,SEEK_RETEST,b5ef762e2bfca3a1dd97a44900d7be0ce16b883e2a5c301a2844e7c8e3a6508d,,,2021-01-06T16:00:00,,,,,b5ef762e2bfca3a1dd97a44900d7be0ce16b883e2a5c301a2844e7c8e3a6508d,DUPLICATE_SUPPRESSED
DUPLICATE_SUPPRESSED,SEEK_RETEST,b632fa1b29d70184434f44b0172bf4d1dd1c034726e7ff07b3f5f3a415b94059,,,2021-06-03T17:00:00,,,,,b632fa1b29d70184434f44b0172bf4d1dd1c034726e7ff07b3f5f3a415b94059,DUPLICATE_SUPPRESSED
DUPLICATE_SUPPRESSED,SEEK_RETEST,b647e6b08168d7a769051de015136191849cacb2ecb31a03b7477cb200c59b3b,,,2021-09-06T13:00:00,,,,,b647e6b08168d7a769051de015136191849cacb2ecb31a03b7477cb200c59b3b,DUPLICATE_SUPPRESSED
DUPLICATE_SUPPRESSED,SEEK_RETEST,b6e005436e83d40ffbd9474f94b8752a4035ec9d4c8dbfd9c2ca8100b443ea77,,,2021-11-26T10:00:00,,,,,b6e005436e83d40ffbd9474f94b8752a4035ec9d4c8dbfd9c2ca8100b443ea77,DUPLICATE_SUPPRESSED
DUPLICATE_SUPPRESSED,SEEK_RETEST,b78acb6726a3fd40b5c80db12a50e482361756cea4b2f5e033f4c6c2c0a7ebd5,,,2021-12-28T22:00:00,,,,,b78acb6726a3fd40b5c80db12a50e482361756cea4b2f5e033f4c6c2c0a7ebd5,DUPLICATE_SUPPRESSED
DUPLICATE_SUPPRESSED,SEEK_RETEST,b9a74cec68a573662dc3b279ccb71acb8b9d56a10f14a40275480b8ed0aee787,,,2020-09-02T18:00:00,,,,,b9a74cec68a573662dc3b279ccb71acb8b9d56a10f14a40275480b8ed0aee787,DUPLICATE_SUPPRESSED
DUPLICATE_SUPPRESSED,SEEK_RETEST,b9cd532f0204c7c20e0a685a0345265d2e2de6c4d90fa6f308889e6bad853f6f,,,2022-03-25T14:00:00,,,,,b9cd532f0204c7c20e0a685a0345265d2e2de6c4d90fa6f308889e6bad853f6f,DUPLICATE_SUPPRESSED
DUPLICATE_SUPPRESSED,SEEK_RETEST,ba23f2520b56f54e7a7a12431f527f7da1b324a6e2994ff0432716ef23f40983,,,2020-08-10T23:00:00,,,,,ba23f2520b56f54e7a7a12431f527f7da1b324a6e2994ff0432716ef23f40983,DUPLICATE_SUPPRESSED
DUPLICATE_SUPPRESSED,SEEK_RETEST,ba3d1590288962ed782e97b32f74de69d1e758b68d1d1828b2b028fdbe88e81b,,,2021-08-02T19:00:00,,,,,ba3d1590288962ed782e97b32f74de69d1e758b68d1d1828b2b028fdbe88e81b,DUPLICATE_SUPPRESSED
DUPLICATE_SUPPRESSED,SEEK_RETEST,ba42476e06877ace70a214d3453e782fba1a4fbd5f6248d73dec63cfada874e5,,,2021-02-02T15:00:00,,,,,ba42476e06877ace70a214d3453e782fba1a4fbd5f6248d73dec63cfada874e5,DUPLICATE_SUPPRESSED
DUPLICATE_SUPPRESSED,SEEK_RETEST,ba433b356b527ae64f8ac197dfaf7af0cafe1cfd6c2c5cf7ac811a42ead4398c,,,2021-05-07T17:00:00,,,,,ba433b356b527ae64f8ac197dfaf7af0cafe1cfd6c2c5cf7ac811a42ead4398c,DUPLICATE_SUPPRESSED
DUPLICATE_SUPPRESSED,SEEK_RETEST,ba974ed06a0d4c08861b27b557138914b0d84902c82f04afb89e6bbb9645ae10,,,2021-03-17T15:00:00,,,,,ba974ed06a0d4c08861b27b557138914b0d84902c82f04afb89e6bbb9645ae10,DUPLICATE_SUPPRESSED
DUPLICATE_SUPPRESSED,SEEK_RETEST,bb7b8d32332daa195f0628bd8796f37cd62433c68513a966e62aeac7576095cd,,,2020-10-22T17:00:00,,,,,bb7b8d32332daa195f0628bd8796f37cd62433c68513a966e62aeac7576095cd,DUPLICATE_SUPPRESSED
DUPLICATE_SUPPRESSED,SEEK_RETEST,bbe16c90cae33a4b02d9fb196b3990212ebdced1648137936a820483277c24bf,,,2021-08-27T19:00:00,,,,,bbe16c90cae33a4b02d9fb196b3990212ebdced1648137936a820483277c24bf,DUPLICATE_SUPPRESSED
DUPLICATE_SUPPRESSED,SEEK_RETEST,bc48d48148c0740050c12c0b4c7b98d9177af3dfe0897d048a3680929946589f,,,2021-09-23T18:00:00,,,,,bc48d48148c0740050c12c0b4c7b98d9177af3dfe0897d048a3680929946589f,DUPLICATE_SUPPRESSED
DUPLICATE_SUPPRESSED,SEEK_RETEST,bc4d7dd7d910ab27179e14ccbfd99cb414301c35632ea3ad5f2472dcef88f584,,,2022-03-23T12:00:00,,,,,bc4d7dd7d910ab27179e14ccbfd99cb414301c35632ea3ad5f2472dcef88f584,DUPLICATE_SUPPRESSED
DUPLICATE_SUPPRESSED,SEEK_RETEST,bcbddaada1b0922023f52b7b51bebd88c3559465127c5a988070ad1c330a76ad,,,2021-06-14T04:00:00,,,,,bcbddaada1b0922023f52b7b51bebd88c3559465127c5a988070ad1c330a76ad,DUPLICATE_SUPPRESSED
DUPLICATE_SUPPRESSED,SEEK_RETEST,bdd483b2a0d1b92affc09aa3a3580866d601eca2e0b8cd3b97103c83df8b7db7,,,2020-08-24T12:00:00,,,,,bdd483b2a0d1b92affc09aa3a3580866d601eca2e0b8cd3b97103c83df8b7db7,DUPLICATE_SUPPRESSED
DUPLICATE_SUPPRESSED,SEEK_RETEST,be2ea134740dfde7664a9657f7d21ade22c1c574217ef0b3f2a37e647675538e,,,2020-10-20T19:00:00,,,,,be2ea134740dfde7664a9657f7d21ade22c1c574217ef0b3f2a37e647675538e,DUPLICATE_SUPPRESSED
DUPLICATE_SUPPRESSED,SEEK_RETEST,bf1de719d7dc6cfd3bd2318d58576d4f2e44abfa6f164258473eca1b25cb688f,,,2021-09-20T07:00:00,,,,,bf1de719d7dc6cfd3bd2318d58576d4f2e44abfa6f164258473eca1b25cb688f,DUPLICATE_SUPPRESSED
DUPLICATE_SUPPRESSED,SEEK_RETEST,bf1e1eb9349dc7d98373fb92b7b13bfb90fb10e72e88d778773b2ca2c62a0328,,,2020-08-06T16:00:00,,,,,bf1e1eb9349dc7d98373fb92b7b13bfb90fb10e72e88d778773b2ca2c62a0328,DUPLICATE_SUPPRESSED
DUPLICATE_SUPPRESSED,SEEK_RETEST,bf20a913f0d784516440677cf726c5dcd85a1a45f7bea15318a5147cd0dc998c,,,2020-06-26T20:00:00,,,,,bf20a913f0d784516440677cf726c5dcd85a1a45f7bea15318a5147cd0dc998c,DUPLICATE_SUPPRESSED
DUPLICATE_SUPPRESSED,SEEK_RETEST,bf40f60ff50ea66c1fd5cc6f1b6beec133e6faa7c4d47aeab22fb2fcb7aee2d9,,,2020-12-22T19:00:00,,,,,bf40f60ff50ea66c1fd5cc6f1b6beec133e6faa7c4d47aeab22fb2fcb7aee2d9,DUPLICATE_SUPPRESSED
DUPLICATE_SUPPRESSED,SEEK_RETEST,bf61bf6783251d07516b165fad3c5706280d33e4c669a6b93b52529cb2a6d85b,,,2021-12-21T19:00:00,,,,,bf61bf6783251d07516b165fad3c5706280d33e4c669a6b93b52529cb2a6d85b,DUPLICATE_SUPPRESSED
DUPLICATE_SUPPRESSED,SEEK_RETEST,bf78fe59f396f6cdf8438cbec2082299e14fb3a15e8839e3b628edd6205cd318,,,2020-04-17T23:00:00,,,,,bf78fe59f396f6cdf8438cbec2082299e14fb3a15e8839e3b628edd6205cd318,DUPLICATE_SUPPRESSED
DUPLICATE_SUPPRESSED,SEEK_RETEST,bfa8fda201e63a5c862844158398b75d4ca7218366499af758a0106121734f36,,,2022-01-06T16:00:00,,,,,bfa8fda201e63a5c862844158398b75d4ca7218366499af758a0106121734f36,DUPLICATE_SUPPRESSED
DUPLICATE_SUPPRESSED,SEEK_RETEST,c0100470c40174ea0d76793b0ceb6281b51148c993ce3e835a8459196c57911d,,,2022-05-18T20:00:00,,,,,c0100470c40174ea0d76793b0ceb6281b51148c993ce3e835a8459196c57911d,DUPLICATE_SUPPRESSED
DUPLICATE_SUPPRESSED,SEEK_RETEST,c03cfbb451cf5366aaa16fdc14c7d277ce738587f66215b5244527d20f184ece,,,2021-01-20T19:00:00,,,,,c03cfbb451cf5366aaa16fdc14c7d277ce738587f66215b5244527d20f184ece,DUPLICATE_SUPPRESSED
DUPLICATE_SUPPRESSED,SEEK_RETEST,c083e7774fe9a9de309a43b530dab6430c36473dfd23646422466affb510ea22,,,2020-08-24T21:00:00,,,,,c083e7774fe9a9de309a43b530dab6430c36473dfd23646422466affb510ea22,DUPLICATE_SUPPRESSED
DUPLICATE_SUPPRESSED,SEEK_RETEST,c09be56fc01998a9522bc6697f180c75fefc8dd3ef2dbd0baa4f15a42a8edc1d,,,2021-02-12T10:00:00,,,,,c09be56fc01998a9522bc6697f180c75fefc8dd3ef2dbd0baa4f15a42a8edc1d,DUPLICATE_SUPPRESSED
DUPLICATE_SUPPRESSED,SEEK_RETEST,c0c16bb894b7f7821dd6f89eb193db293e64423d3398a594b9346374959c181c,,,2020-07-14T19:00:00,,,,,c0c16bb894b7f7821dd6f89eb193db293e64423d3398a594b9346374959c181c,DUPLICATE_SUPPRESSED
DUPLICATE_SUPPRESSED,SEEK_RETEST,c0f68037a305f89d185354e1d94e6e183891527a106e8195db0abda78b244d8b,,,2020-06-11T18:00:00,,,,,c0f68037a305f89d185354e1d94e6e183891527a106e8195db0abda78b244d8b,DUPLICATE_SUPPRESSED
DUPLICATE_SUPPRESSED,SEEK_RETEST,c0fcc5d7036875777e23c9626edffdb714dafef9b877b14b88be37422695ca8b,,,2020-04-30T21:00:00,,,,,c0fcc5d7036875777e23c9626edffdb714dafef9b877b14b88be37422695ca8b,DUPLICATE_SUPPRESSED
DUPLICATE_SUPPRESSED,SEEK_RETEST,c10ec6c40b706c8aac5f12b9c72caa1fdd5b214f3ccd7ffb0014e3406901712c,,,2020-04-24T20:00:00,,,,,c10ec6c40b706c8aac5f12b9c72caa1fdd5b214f3ccd7ffb0014e3406901712c,DUPLICATE_SUPPRESSED
DUPLICATE_SUPPRESSED,SEEK_RETEST,c1431befe6ff0141bca135e9dd993467921416d459dace0d51a0c10a6b33157d,,,2021-12-16T10:00:00,,,,,c1431befe6ff0141bca135e9dd993467921416d459dace0d51a0c10a6b33157d,DUPLICATE_SUPPRESSED
DUPLICATE_SUPPRESSED,SEEK_RETEST,c145b7feef3acb32fcfa3ac8b28ff450b95d9182d8f5a9dab02de133c8b840d9,,,2020-10-13T17:00:00,,,,,c145b7feef3acb32fcfa3ac8b28ff450b95d9182d8f5a9dab02de133c8b840d9,DUPLICATE_SUPPRESSED
DUPLICATE_SUPPRESSED,SEEK_RETEST,c17c337e7101cdccaf44666ae7acf833837fa0f73af8b9f968695dc33fee8d37,,,2020-02-26T17:00:00,,,,,c17c337e7101cdccaf44666ae7acf833837fa0f73af8b9f968695dc33fee8d37,DUPLICATE_SUPPRESSED
DUPLICATE_SUPPRESSED,SEEK_RETEST,c1d7f7d6c925d229a031fa25b02e334046bb7c5674cb8541d2d68c31a334f705,,,2020-10-30T15:00:00,,,,,c1d7f7d6c925d229a031fa25b02e334046bb7c5674cb8541d2d68c31a334f705,DUPLICATE_SUPPRESSED
DUPLICATE_SUPPRESSED,SEEK_RETEST,c23d698793bed020a9b75a1724b3646207c2369cf1d56950fa48f7a68609adb1,,,2020-02-21T16:00:00,,,,,c23d698793bed020a9b75a1724b3646207c2369cf1d56950fa48f7a68609adb1,DUPLICATE_SUPPRESSED
DUPLICATE_SUPPRESSED,SEEK_RETEST,c28ec0a63f776d64d4d567c41962ed5b54dfe4efbce46ca815383f222624ff78,,,2022-03-09T17:00:00,,,,,c28ec0a63f776d64d4d567c41962ed5b54dfe4efbce46ca815383f222624ff78,DUPLICATE_SUPPRESSED
DUPLICATE_SUPPRESSED,SEEK_RETEST,c2d45ebf3034f698012782c75d4643be0384ec6830fc472f37a8afe64567a5cf,,,2022-10-19T15:00:00,,,,,c2d45ebf3034f698012782c75d4643be0384ec6830fc472f37a8afe64567a5cf,DUPLICATE_SUPPRESSED
DUPLICATE_SUPPRESSED,SEEK_RETEST,c2f0a98f5ea6e696c6b44317967366409de1a254adaf6a47f90d46a46ee6897f,,,2020-03-23T16:00:00,,,,,c2f0a98f5ea6e696c6b44317967366409de1a254adaf6a47f90d46a46ee6897f,DUPLICATE_SUPPRESSED
DUPLICATE_SUPPRESSED,SEEK_RETEST,c2f4cfee92e2cd7903af6d677f95dadcddaa2fd51ceb3731ad027a01035c264c,,,2020-01-29T23:00:00,,,,,c2f4cfee92e2cd7903af6d677f95dadcddaa2fd51ceb3731ad027a01035c264c,DUPLICATE_SUPPRESSED
DUPLICATE_SUPPRESSED,SEEK_RETEST,c3647edf52e24482b4fb5422d8ef4806069e79a75535960eb720cb6a4714220a,,,2020-05-15T17:00:00,,,,,c3647edf52e24482b4fb5422d8ef4806069e79a75535960eb720cb6a4714220a,DUPLICATE_SUPPRESSED
DUPLICATE_SUPPRESSED,SEEK_RETEST,c3f229d081a151cf9bba12801e4a14a017309b2188d532afefa8e884d7271fc0,,,2020-11-09T07:00:00,,,,,c3f229d081a151cf9bba12801e4a14a017309b2188d532afefa8e884d7271fc0,DUPLICATE_SUPPRESSED
DUPLICATE_SUPPRESSED,SEEK_RETEST,c4076290360a8a5164f2359c45f2db4868465c39e1e7e2a9a7849afae91800cc,,,2022-11-01T09:00:00,,,,,c4076290360a8a5164f2359c45f2db4868465c39e1e7e2a9a7849afae91800cc,DUPLICATE_SUPPRESSED
DUPLICATE_SUPPRESSED,SEEK_RETEST,c5f558e336c414ebbcb76940f63f5a1000dc8da320a7f3a9e2f02a1b8a5441b2,,,2020-01-23T18:00:00,,,,,c5f558e336c414ebbcb76940f63f5a1000dc8da320a7f3a9e2f02a1b8a5441b2,DUPLICATE_SUPPRESSED
DUPLICATE_SUPPRESSED,SEEK_RETEST,c611941527bcbf74b67715432e98ce571499e72202d5e127984bd46cb65d0a0d,,,2020-01-23T12:00:00,,,,,c611941527bcbf74b67715432e98ce571499e72202d5e127984bd46cb65d0a0d,DUPLICATE_SUPPRESSED
DUPLICATE_SUPPRESSED,SEEK_RETEST,c6356142bd3521d338cdd85d1b4f4c3374a9744c5318cdf126199e31bbe656a6,,,2021-02-05T20:00:00,,,,,c6356142bd3521d338cdd85d1b4f4c3374a9744c5318cdf126199e31bbe656a6,DUPLICATE_SUPPRESSED
DUPLICATE_SUPPRESSED,SEEK_RETEST,c644f86a029c7d6645287a50daa3bbaf75efa9c82d29b310655ea249be2e96e0,,,2020-05-12T18:00:00,,,,,c644f86a029c7d6645287a50daa3bbaf75efa9c82d29b310655ea249be2e96e0,DUPLICATE_SUPPRESSED
DUPLICATE_SUPPRESSED,SEEK_RETEST,c6bf5d7b4584c13133390bb7db4e52ddfb93eb763fd3f53f59375b39683bb0df,,,2022-11-30T23:00:00,,,,,c6bf5d7b4584c13133390bb7db4e52ddfb93eb763fd3f53f59375b39683bb0df,DUPLICATE_SUPPRESSED
DUPLICATE_SUPPRESSED,SEEK_RETEST,c7064cf9418032f738c6c3d8d5032caf3b643f8de49e87802cc2f0ec641c4f31,,,2021-06-29T12:00:00,,,,,c7064cf9418032f738c6c3d8d5032caf3b643f8de49e87802cc2f0ec641c4f31,DUPLICATE_SUPPRESSED
DUPLICATE_SUPPRESSED,SEEK_RETEST,c7100432ae691886f9425f37e1767a8e69c9ea7649afb5a57c32fe7f138a59d6,,,2020-03-03T15:00:00,,,,,c7100432ae691886f9425f37e1767a8e69c9ea7649afb5a57c32fe7f138a59d6,DUPLICATE_SUPPRESSED
DUPLICATE_SUPPRESSED,SEEK_RETEST,c7837fb57202a32fddc3ea2fab3cadc06463af407eb658d03cf16e65809cbf79,,,2022-07-20T21:00:00,,,,,c7837fb57202a32fddc3ea2fab3cadc06463af407eb658d03cf16e65809cbf79,DUPLICATE_SUPPRESSED
DUPLICATE_SUPPRESSED,SEEK_RETEST,c86e919bd71c122fdf80498ab7e4169dd3d4f5842a1a8ab97763baaaa4af1fe2,,,2021-10-07T18:00:00,,,,,c86e919bd71c122fdf80498ab7e4169dd3d4f5842a1a8ab97763baaaa4af1fe2,DUPLICATE_SUPPRESSED
DUPLICATE_SUPPRESSED,SEEK_RETEST,c900d1656722e90b933acce91ef7d16325ab3c3b39a463bea212a8ed144eacee,,,2021-09-10T16:00:00,,,,,c900d1656722e90b933acce91ef7d16325ab3c3b39a463bea212a8ed144eacee,DUPLICATE_SUPPRESSED
DUPLICATE_SUPPRESSED,SEEK_RETEST,c9fc8853c50f2895518523956aea5057e16fddd9bb36b375ec79de6d5373203e,,,2022-04-27T13:00:00,,,,,c9fc8853c50f2895518523956aea5057e16fddd9bb36b375ec79de6d5373203e,DUPLICATE_SUPPRESSED
DUPLICATE_SUPPRESSED,SEEK_RETEST,ca7c712d2d7da25f16e22ba02c31208108fc712ef8bd922996a5b72d26740cca,,,2020-01-03T09:00:00,,,,,ca7c712d2d7da25f16e22ba02c31208108fc712ef8bd922996a5b72d26740cca,DUPLICATE_SUPPRESSED
DUPLICATE_SUPPRESSED,SEEK_RETEST,ca8ddd3358a2f1f8011bc3f585c64ae42f5cfafd330f3d5137d3c843eaae07da,,,2021-11-15T05:00:00,,,,,ca8ddd3358a2f1f8011bc3f585c64ae42f5cfafd330f3d5137d3c843eaae07da,DUPLICATE_SUPPRESSED
DUPLICATE_SUPPRESSED,SEEK_RETEST,cac967da08571da06304e852795950606b8ec48cbcc595804efacdd81196a61c,,,2022-06-28T18:00:00,,,,,cac967da08571da06304e852795950606b8ec48cbcc595804efacdd81196a61c,DUPLICATE_SUPPRESSED
DUPLICATE_SUPPRESSED,SEEK_RETEST,cae00bdae016929f63f9a27cffbbc28f72f337d0d344d78f391400ee8ce7d744,,,2020-01-28T19:00:00,,,,,cae00bdae016929f63f9a27cffbbc28f72f337d0d344d78f391400ee8ce7d744,DUPLICATE_SUPPRESSED
DUPLICATE_SUPPRESSED,SEEK_RETEST,cb0365872010a2e686f5aeaadce02895ffe8404bea9fa3e03044669a4c44d25f,,,2020-09-28T22:00:00,,,,,cb0365872010a2e686f5aeaadce02895ffe8404bea9fa3e03044669a4c44d25f,DUPLICATE_SUPPRESSED
DUPLICATE_SUPPRESSED,SEEK_RETEST,cb1f4d4ffe2a862e42a2a933143bb2f6b63cef79eae307c7cf84a412249c61df,,,2022-06-20T21:00:00,,,,,cb1f4d4ffe2a862e42a2a933143bb2f6b63cef79eae307c7cf84a412249c61df,DUPLICATE_SUPPRESSED
DUPLICATE_SUPPRESSED,SEEK_RETEST,cc3fb3b9bcc3d009108aa24e8feec928a74d0a63c85da13d16ae0e1625bd94f3,,,2021-03-18T11:00:00,,,,,cc3fb3b9bcc3d009108aa24e8feec928a74d0a63c85da13d16ae0e1625bd94f3,DUPLICATE_SUPPRESSED
DUPLICATE_SUPPRESSED,SEEK_RETEST,cc50e6fae6c0bcf92147b4f52b3b107ccf935f329f849ea42c4f3718c357aea8,,,2020-08-13T00:00:00,,,,,cc50e6fae6c0bcf92147b4f52b3b107ccf935f329f849ea42c4f3718c357aea8,DUPLICATE_SUPPRESSED
DUPLICATE_SUPPRESSED,SEEK_RETEST,cd14baf3aa4c8c634ad6f418dcc48a199a64f3f02e251e86def616ae0d303706,,,2022-04-14T19:00:00,,,,,cd14baf3aa4c8c634ad6f418dcc48a199a64f3f02e251e86def616ae0d303706,DUPLICATE_SUPPRESSED
DUPLICATE_SUPPRESSED,SEEK_RETEST,cd75292e1f04a9e3589e8f248961ef186141551b86aea6b3e767675031c143bf,,,2020-06-23T18:00:00,,,,,cd75292e1f04a9e3589e8f248961ef186141551b86aea6b3e767675031c143bf,DUPLICATE_SUPPRESSED
DUPLICATE_SUPPRESSED,SEEK_RETEST,cda56470f03fce765e1a6a987394b5dd5426a58e87af9fbe4e8bada96b1ce42e,,,2022-10-21T17:00:00,,,,,cda56470f03fce765e1a6a987394b5dd5426a58e87af9fbe4e8bada96b1ce42e,DUPLICATE_SUPPRESSED
DUPLICATE_SUPPRESSED,SEEK_RETEST,ce014fd58d4b8f64f420d33b79711e290f59111c63113aadf5090bda3490a63f,,,2022-10-20T23:00:00,,,,,ce014fd58d4b8f64f420d33b79711e290f59111c63113aadf5090bda3490a63f,DUPLICATE_SUPPRESSED
DUPLICATE_SUPPRESSED,SEEK_RETEST,cf12bd7476307434b17f22850d555c99195c3525a8a71b44bf7dbe9376147fb8,,,2022-09-08T15:00:00,,,,,cf12bd7476307434b17f22850d555c99195c3525a8a71b44bf7dbe9376147fb8,DUPLICATE_SUPPRESSED
DUPLICATE_SUPPRESSED,SEEK_RETEST,cf44e65ab6c69fd040faf3720bab9274ca5f9a5706c8949532acaa126edc6d46,,,2021-06-04T17:00:00,,,,,cf44e65ab6c69fd040faf3720bab9274ca5f9a5706c8949532acaa126edc6d46,DUPLICATE_SUPPRESSED
DUPLICATE_SUPPRESSED,SEEK_RETEST,d04de5eeb185f67a6cb9bdad4384408ac1fe87a80453db75968a494880bfcec8,,,2020-05-06T17:00:00,,,,,d04de5eeb185f67a6cb9bdad4384408ac1fe87a80453db75968a494880bfcec8,DUPLICATE_SUPPRESSED
DUPLICATE_SUPPRESSED,SEEK_RETEST,d08272d0e529fb11d9d923108cab467aa02f351d933b4df6b315082c6ed30ccd,,,2022-11-17T17:00:00,,,,,d08272d0e529fb11d9d923108cab467aa02f351d933b4df6b315082c6ed30ccd,DUPLICATE_SUPPRESSED
DUPLICATE_SUPPRESSED,SEEK_RETEST,d1f7dabfe2e5fb94ddc2632888c664ee700253d76a994565b7cfdb82e7512eb5,,,2021-03-10T17:00:00,,,,,d1f7dabfe2e5fb94ddc2632888c664ee700253d76a994565b7cfdb82e7512eb5,DUPLICATE_SUPPRESSED
DUPLICATE_SUPPRESSED,SEEK_RETEST,d24dce8f6b0417fd2028e3301a201e6e815df00a95b475f10bb65b08295754a7,,,2020-09-29T21:00:00,,,,,d24dce8f6b0417fd2028e3301a201e6e815df00a95b475f10bb65b08295754a7,DUPLICATE_SUPPRESSED
DUPLICATE_SUPPRESSED,SEEK_RETEST,d272c7420ab2d41597554168a9a14727284363ad765a8df4330d562a4a026348,,,2022-04-27T19:00:00,,,,,d272c7420ab2d41597554168a9a14727284363ad765a8df4330d562a4a026348,DUPLICATE_SUPPRESSED
DUPLICATE_SUPPRESSED,SEEK_RETEST,d2acfbd613fd09f11a5921480dc652e9905d64a4dcb3868560b5efcd0cafe6f7,,,2020-10-02T18:00:00,,,,,d2acfbd613fd09f11a5921480dc652e9905d64a4dcb3868560b5efcd0cafe6f7,DUPLICATE_SUPPRESSED
DUPLICATE_SUPPRESSED,SEEK_RETEST,d2d4002689852c159d8527cdc05388b5e5d5f29aab7fa6c419d77f28c7416040,,,2021-12-03T20:00:00,,,,,d2d4002689852c159d8527cdc05388b5e5d5f29aab7fa6c419d77f28c7416040,DUPLICATE_SUPPRESSED
DUPLICATE_SUPPRESSED,SEEK_RETEST,d3873b439f291573613ba0a6dcbb13121eaddde54ffba4caf0bbd67ad358df1d,,,2020-06-04T14:00:00,,,,,d3873b439f291573613ba0a6dcbb13121eaddde54ffba4caf0bbd67ad358df1d,DUPLICATE_SUPPRESSED
DUPLICATE_SUPPRESSED,SEEK_RETEST,d3936701049cd2c204f8758809332715f6cd281ad22b15f130ae8e47b9a7d01f,,,2020-11-20T18:00:00,,,,,d3936701049cd2c204f8758809332715f6cd281ad22b15f130ae8e47b9a7d01f,DUPLICATE_SUPPRESSED
DUPLICATE_SUPPRESSED,SEEK_RETEST,d4778ae871f5fea067a6ab5ca8a936d435d64e196ed29d0a3f3684da30e9d292,,,2021-09-20T13:00:00,,,,,d4778ae871f5fea067a6ab5ca8a936d435d64e196ed29d0a3f3684da30e9d292,DUPLICATE_SUPPRESSED
DUPLICATE_SUPPRESSED,SEEK_RETEST,d630a7268f78939133420045929a094766bc4cd7d7b6df2883547b5f9dff6ef5,,,2022-02-21T09:00:00,,,,,d630a7268f78939133420045929a094766bc4cd7d7b6df2883547b5f9dff6ef5,DUPLICATE_SUPPRESSED
DUPLICATE_SUPPRESSED,SEEK_RETEST,d63f22911f280db44d94a31b3f735acceace10712f065816a6318bf1a2fe2aa0,,,2021-04-14T18:00:00,,,,,d63f22911f280db44d94a31b3f735acceace10712f065816a6318bf1a2fe2aa0,DUPLICATE_SUPPRESSED
DUPLICATE_SUPPRESSED,SEEK_RETEST,d64d8f282f6c7f2b072880c142b8715cd26ca3d981d32695f5d16873bd768419,,,2021-09-03T16:00:00,,,,,d64d8f282f6c7f2b072880c142b8715cd26ca3d981d32695f5d16873bd768419,DUPLICATE_SUPPRESSED
DUPLICATE_SUPPRESSED,SEEK_RETEST,d68b17f675ae35113582fc6c285bccb69324eced8f16de0924dda34c4b1d613d,,,2021-10-26T17:00:00,,,,,d68b17f675ae35113582fc6c285bccb69324eced8f16de0924dda34c4b1d613d,DUPLICATE_SUPPRESSED
DUPLICATE_SUPPRESSED,SEEK_RETEST,d69ee8efc5273499c743dfa81f554866e6bcc5c62f305b30a80ff18af179f594,,,2022-06-07T23:00:00,,,,,d69ee8efc5273499c743dfa81f554866e6bcc5c62f305b30a80ff18af179f594,DUPLICATE_SUPPRESSED
DUPLICATE_SUPPRESSED,SEEK_RETEST,d6b60fe4be2aaab606a28e2123a51a2e526f7de787eb8699f4f5a1be1190e032,,,2020-07-09T09:00:00,,,,,d6b60fe4be2aaab606a28e2123a51a2e526f7de787eb8699f4f5a1be1190e032,DUPLICATE_SUPPRESSED
DUPLICATE_SUPPRESSED,SEEK_RETEST,d6c82478c70027073b80f6971c0f249e365b34e2a4310cbd053933b06dfb53a3,,,2021-04-19T12:00:00,,,,,d6c82478c70027073b80f6971c0f249e365b34e2a4310cbd053933b06dfb53a3,DUPLICATE_SUPPRESSED
DUPLICATE_SUPPRESSED,SEEK_RETEST,d6f22d28cff56be4d6c2278811a203b0b82da66b488378e0326dec20a8445127,,,2022-01-05T12:00:00,,,,,d6f22d28cff56be4d6c2278811a203b0b82da66b488378e0326dec20a8445127,DUPLICATE_SUPPRESSED
DUPLICATE_SUPPRESSED,SEEK_RETEST,d71fd788ce76237f8608b30c90cdf8252fca05cc0754fe41b5e24808d8c8a4be,,,2020-07-06T12:00:00,,,,,d71fd788ce76237f8608b30c90cdf8252fca05cc0754fe41b5e24808d8c8a4be,DUPLICATE_SUPPRESSED
DUPLICATE_SUPPRESSED,SEEK_RETEST,d75855532651bb8985ecca79bf1a4af17614356b83fb73dbf513f9817024b0a6,,,2021-01-28T13:00:00,,,,,d75855532651bb8985ecca79bf1a4af17614356b83fb73dbf513f9817024b0a6,DUPLICATE_SUPPRESSED
DUPLICATE_SUPPRESSED,SEEK_RETEST,d78649e0a75f7db39354fd8f8fd8c309ae58cfa30bb5690f262c23e4612e5936,,,2021-05-04T20:00:00,,,,,d78649e0a75f7db39354fd8f8fd8c309ae58cfa30bb5690f262c23e4612e5936,DUPLICATE_SUPPRESSED
DUPLICATE_SUPPRESSED,SEEK_RETEST,d7a0f0af6c689759acc5ea3a31b3c10efe1e049dc1b2a8e4aed2450379eaf2b7,,,2021-06-15T19:00:00,,,,,d7a0f0af6c689759acc5ea3a31b3c10efe1e049dc1b2a8e4aed2450379eaf2b7,DUPLICATE_SUPPRESSED
DUPLICATE_SUPPRESSED,SEEK_RETEST,d7bbcaccfd20f000d129acea548ce0449f2a6b654c5986a5237a41b0c8e9c558,,,2022-08-22T09:00:00,,,,,d7bbcaccfd20f000d129acea548ce0449f2a6b654c5986a5237a41b0c8e9c558,DUPLICATE_SUPPRESSED
DUPLICATE_SUPPRESSED,SEEK_RETEST,d82617222b67c8b6ba92e86ff48e9517bfb62a76cc0adf92e5b3d3ec9d7914f4,,,2022-03-11T15:00:00,,,,,d82617222b67c8b6ba92e86ff48e9517bfb62a76cc0adf92e5b3d3ec9d7914f4,DUPLICATE_SUPPRESSED
DUPLICATE_SUPPRESSED,SEEK_RETEST,d827258013531767b67491374b49b3b8d128cd16cdbbf1803d06cc98bbe9809b,,,2022-04-19T17:00:00,,,,,d827258013531767b67491374b49b3b8d128cd16cdbbf1803d06cc98bbe9809b,DUPLICATE_SUPPRESSED
DUPLICATE_SUPPRESSED,SEEK_RETEST,d86a2279fcac9aa7e262dc5212bfd5a6ceace8e2e6fefa0e6df460172e389876,,,2020-01-14T00:00:00,,,,,d86a2279fcac9aa7e262dc5212bfd5a6ceace8e2e6fefa0e6df460172e389876,DUPLICATE_SUPPRESSED
DUPLICATE_SUPPRESSED,SEEK_RETEST,d8a7aa1e8e3e762bfa0d37b2ffc2d96340122ae3c36c12e53ff991c12ec9b85a,,,2020-10-14T13:00:00,,,,,d8a7aa1e8e3e762bfa0d37b2ffc2d96340122ae3c36c12e53ff991c12ec9b85a,DUPLICATE_SUPPRESSED
DUPLICATE_SUPPRESSED,SEEK_RETEST,d8cc325c72463db8818021454c71d4c889e33ad1ee582bf34b9ac47be2ad6d08,,,2022-02-18T12:00:00,,,,,d8cc325c72463db8818021454c71d4c889e33ad1ee582bf34b9ac47be2ad6d08,DUPLICATE_SUPPRESSED
DUPLICATE_SUPPRESSED,SEEK_RETEST,d9efd0caafa0d444172f254da1a02a48e469cb50117abcc02c032edbb82e4cfb,,,2020-06-11T09:00:00,,,,,d9efd0caafa0d444172f254da1a02a48e469cb50117abcc02c032edbb82e4cfb,DUPLICATE_SUPPRESSED
DUPLICATE_SUPPRESSED,SEEK_RETEST,da1a32a007dac754001dbd4eb24697fada9211d80e58eb4aff05f816a755a022,,,2021-12-17T09:00:00,,,,,da1a32a007dac754001dbd4eb24697fada9211d80e58eb4aff05f816a755a022,DUPLICATE_SUPPRESSED
DUPLICATE_SUPPRESSED,SEEK_RETEST,da1dd25712eab90402f6da2e07534426621c79e824521988b9c989b0c583f221,,,2020-01-10T18:00:00,,,,,da1dd25712eab90402f6da2e07534426621c79e824521988b9c989b0c583f221,DUPLICATE_SUPPRESSED
DUPLICATE_SUPPRESSED,SEEK_RETEST,da237303cbecd4a2a5f69babbe247dacc15b84fbe2a085852175d3161381a1ec,,,2022-01-24T12:00:00,,,,,da237303cbecd4a2a5f69babbe247dacc15b84fbe2a085852175d3161381a1ec,DUPLICATE_SUPPRESSED
DUPLICATE_SUPPRESSED,SEEK_RETEST,da241fd8254c2ba93bee2e08fe40abb506bd9032e32506a2a8c1a95deeff3cda,,,2022-09-16T15:00:00,,,,,da241fd8254c2ba93bee2e08fe40abb506bd9032e32506a2a8c1a95deeff3cda,DUPLICATE_SUPPRESSED
DUPLICATE_SUPPRESSED,SEEK_RETEST,da39076a3e354bd14d2ad6f8ccc9698ce2b407a1b59e2b987b3ac078fa4bf2ab,,,2022-09-05T14:00:00,,,,,da39076a3e354bd14d2ad6f8ccc9698ce2b407a1b59e2b987b3ac078fa4bf2ab,DUPLICATE_SUPPRESSED
DUPLICATE_SUPPRESSED,SEEK_RETEST,da3cad2b0a7193d8f251f1e65c161fbbce79b0be1f6fc5a8fbf2b4c82f71284b,,,2020-09-04T17:00:00,,,,,da3cad2b0a7193d8f251f1e65c161fbbce79b0be1f6fc5a8fbf2b4c82f71284b,DUPLICATE_SUPPRESSED
DUPLICATE_SUPPRESSED,SEEK_RETEST,daa3918a3f995eb50711a35285eb3f53b8fd48243c710dce9632f36001f43f5e,,,2020-09-22T11:00:00,,,,,daa3918a3f995eb50711a35285eb3f53b8fd48243c710dce9632f36001f43f5e,DUPLICATE_SUPPRESSED
DUPLICATE_SUPPRESSED,SEEK_RETEST,dab473b02fd5e60d8da226d86c98bf80b39e4a6f1fb6bd481f97099c458c5a22,,,2020-04-02T17:00:00,,,,,dab473b02fd5e60d8da226d86c98bf80b39e4a6f1fb6bd481f97099c458c5a22,DUPLICATE_SUPPRESSED
DUPLICATE_SUPPRESSED,SEEK_RETEST,db608a1af97e70c3d158d06d011e1bfaaf90b5998c7a5390411a2804b8ba6b0f,,,2022-07-13T15:00:00,,,,,db608a1af97e70c3d158d06d011e1bfaaf90b5998c7a5390411a2804b8ba6b0f,DUPLICATE_SUPPRESSED
DUPLICATE_SUPPRESSED,SEEK_RETEST,db6830b9619f0792d9464d83f4db1861282c6ba2fe3e9fcc56cc7c8dd8068bd5,,,2020-10-29T15:00:00,,,,,db6830b9619f0792d9464d83f4db1861282c6ba2fe3e9fcc56cc7c8dd8068bd5,DUPLICATE_SUPPRESSED
DUPLICATE_SUPPRESSED,SEEK_RETEST,db6b4b43e0a67925738ce0003dd98064a1720477a252f8f1fe0d3c37fd908e0f,,,2021-12-17T00:00:00,,,,,db6b4b43e0a67925738ce0003dd98064a1720477a252f8f1fe0d3c37fd908e0f,DUPLICATE_SUPPRESSED
DUPLICATE_SUPPRESSED,SEEK_RETEST,db701675d2f6b477ad3ea8c98d6c96b4d58bd0b827ed23d46203c7aab4547f46,,,2020-12-11T17:00:00,,,,,db701675d2f6b477ad3ea8c98d6c96b4d58bd0b827ed23d46203c7aab4547f46,DUPLICATE_SUPPRESSED
DUPLICATE_SUPPRESSED,SEEK_RETEST,dc67eab595b2597b940727a58be3dd75f55184a45106384f0fdaa5c7d663a44f,,,2020-08-11T22:00:00,,,,,dc67eab595b2597b940727a58be3dd75f55184a45106384f0fdaa5c7d663a44f,DUPLICATE_SUPPRESSED
DUPLICATE_SUPPRESSED,SEEK_RETEST,dc73e6ee762af0278e4e940e02f35b90b2b0e6d0c591afcbc2f279bfe08ac9d5,,,2020-06-10T13:00:00,,,,,dc73e6ee762af0278e4e940e02f35b90b2b0e6d0c591afcbc2f279bfe08ac9d5,DUPLICATE_SUPPRESSED
DUPLICATE_SUPPRESSED,SEEK_RETEST,dd6f15cab951fe5828cf25c425a8fd26a0dff6ab117d28ea0ac74aa0ca54447f,,,2021-09-15T12:00:00,,,,,dd6f15cab951fe5828cf25c425a8fd26a0dff6ab117d28ea0ac74aa0ca54447f,DUPLICATE_SUPPRESSED
DUPLICATE_SUPPRESSED,SEEK_RETEST,dd87e91d32e01aeab58043fc6e85aa2f9c604dd02c1a281396965cda06274eb8,,,2021-03-08T19:00:00,,,,,dd87e91d32e01aeab58043fc6e85aa2f9c604dd02c1a281396965cda06274eb8,DUPLICATE_SUPPRESSED
DUPLICATE_SUPPRESSED,SEEK_RETEST,de3a8247f33fce7731fad1732f95ec36a28514051cbf26b09a9dcf9eeb7f8d5a,,,2021-10-05T22:00:00,,,,,de3a8247f33fce7731fad1732f95ec36a28514051cbf26b09a9dcf9eeb7f8d5a,DUPLICATE_SUPPRESSED
DUPLICATE_SUPPRESSED,SEEK_RETEST,de54ac465abc2c4fd5011ed4572ac8beae9026ececc6a2afcfc2c184bd263cf5,,,2021-07-19T11:00:00,,,,,de54ac465abc2c4fd5011ed4572ac8beae9026ececc6a2afcfc2c184bd263cf5,DUPLICATE_SUPPRESSED
DUPLICATE_SUPPRESSED,SEEK_RETEST,deddc5bd1e96cbc994ada9ff6f2b7a4ff590d6bbe8087668fe9cad623d3103d7,,,2021-06-10T17:00:00,,,,,deddc5bd1e96cbc994ada9ff6f2b7a4ff590d6bbe8087668fe9cad623d3103d7,DUPLICATE_SUPPRESSED
DUPLICATE_SUPPRESSED,SEEK_RETEST,df4722f137e24f57e94bb6c74f8ef69952caa5c3ba5d799a1be9dfe8a291a4d7,,,2021-06-25T20:00:00,,,,,df4722f137e24f57e94bb6c74f8ef69952caa5c3ba5d799a1be9dfe8a291a4d7,DUPLICATE_SUPPRESSED
DUPLICATE_SUPPRESSED,SEEK_RETEST,dfd5c3e5039df2e8c499650f522d41efbb5ab320fa167addbd79045f42470483,,,2022-06-27T03:00:00,,,,,dfd5c3e5039df2e8c499650f522d41efbb5ab320fa167addbd79045f42470483,DUPLICATE_SUPPRESSED
DUPLICATE_SUPPRESSED,SEEK_RETEST,dfd61332f1bf82a6dbf3d1c0756d2191579b618647c9595ce65ec3a98ef7222e,,,2020-01-07T20:00:00,,,,,dfd61332f1bf82a6dbf3d1c0756d2191579b618647c9595ce65ec3a98ef7222e,DUPLICATE_SUPPRESSED
DUPLICATE_SUPPRESSED,SEEK_RETEST,e03df084d87c9d410ff8cc12bd948550483273a0e7000ef84ec8698636fe2322,,,2020-06-18T17:00:00,,,,,e03df084d87c9d410ff8cc12bd948550483273a0e7000ef84ec8698636fe2322,DUPLICATE_SUPPRESSED
DUPLICATE_SUPPRESSED,SEEK_RETEST,e04e572e5e1b14ddf04351116fb814716bea697713f9b646bdcd6eab49105025,,,2021-03-25T15:00:00,,,,,e04e572e5e1b14ddf04351116fb814716bea697713f9b646bdcd6eab49105025,DUPLICATE_SUPPRESSED
DUPLICATE_SUPPRESSED,SEEK_RETEST,e060ccb0fe763b9196ec5f5103087df8c112a54bf09b0c5668b6272939b5128d,,,2020-03-02T18:00:00,,,,,e060ccb0fe763b9196ec5f5103087df8c112a54bf09b0c5668b6272939b5128d,DUPLICATE_SUPPRESSED
DUPLICATE_SUPPRESSED,SEEK_RETEST,e0b39516c6ea52fc5e14148f76fe6b187a7627c52db27e82118ed22b68f0e7f5,,,2022-03-07T22:00:00,,,,,e0b39516c6ea52fc5e14148f76fe6b187a7627c52db27e82118ed22b68f0e7f5,DUPLICATE_SUPPRESSED
DUPLICATE_SUPPRESSED,SEEK_RETEST,e0f104e143e50704ebc62215063066dd1ad849176f6bca98e18ac699feb11cfd,,,2022-04-08T18:00:00,,,,,e0f104e143e50704ebc62215063066dd1ad849176f6bca98e18ac699feb11cfd,DUPLICATE_SUPPRESSED
DUPLICATE_SUPPRESSED,SEEK_RETEST,e0fdf5b5843d919e1741741b7a83b889e253cea2abcf9b9aa6b0cb0f372d2da1,,,2022-08-01T09:00:00,,,,,e0fdf5b5843d919e1741741b7a83b889e253cea2abcf9b9aa6b0cb0f372d2da1,DUPLICATE_SUPPRESSED
DUPLICATE_SUPPRESSED,SEEK_RETEST,e132f5ed80f372093feca7d332ef5602c50475f324d7b8329d9697d1e16772b2,,,2021-03-19T10:00:00,,,,,e132f5ed80f372093feca7d332ef5602c50475f324d7b8329d9697d1e16772b2,DUPLICATE_SUPPRESSED
DUPLICATE_SUPPRESSED,SEEK_RETEST,e1377c22cc5e45cffff94e8b48df014d39c38f296ffaa95e0526cd6d8f7982a9,,,2021-07-06T20:00:00,,,,,e1377c22cc5e45cffff94e8b48df014d39c38f296ffaa95e0526cd6d8f7982a9,DUPLICATE_SUPPRESSED
DUPLICATE_SUPPRESSED,SEEK_RETEST,e29a7ecff9299c4eafe66eb0a24bc96b43224e130d648a15b94ec6567a250edf,,,2021-03-30T11:00:00,,,,,e29a7ecff9299c4eafe66eb0a24bc96b43224e130d648a15b94ec6567a250edf,DUPLICATE_SUPPRESSED
DUPLICATE_SUPPRESSED,SEEK_RETEST,e29c4a42e47c255c79c57ddb56a49fae3a0245a39f07ba68054debec0b1ae771,,,2021-05-18T18:00:00,,,,,e29c4a42e47c255c79c57ddb56a49fae3a0245a39f07ba68054debec0b1ae771,DUPLICATE_SUPPRESSED
DUPLICATE_SUPPRESSED,SEEK_RETEST,e2c0ab0ce18685c364d577e4dc4d1f2fda01eee68b07eaafea11966f7d12d93b,,,2020-12-10T17:00:00,,,,,e2c0ab0ce18685c364d577e4dc4d1f2fda01eee68b07eaafea11966f7d12d93b,DUPLICATE_SUPPRESSED
DUPLICATE_SUPPRESSED,SEEK_RETEST,e2dc304f0b1b669397655900a8eacad01792ddfc1ca80906147b0bcbbb4ad408,,,2022-07-28T18:00:00,,,,,e2dc304f0b1b669397655900a8eacad01792ddfc1ca80906147b0bcbbb4ad408,DUPLICATE_SUPPRESSED
DUPLICATE_SUPPRESSED,SEEK_RETEST,e2e57d63e9218745aae8161dad86148d4ad0fb70c2cd2e14f7f74ca9c9b37198,,,2020-06-15T23:00:00,,,,,e2e57d63e9218745aae8161dad86148d4ad0fb70c2cd2e14f7f74ca9c9b37198,DUPLICATE_SUPPRESSED
DUPLICATE_SUPPRESSED,SEEK_RETEST,e3307c7d83a6178238a823920b6b0286695fdfa5aeb5711692e6a03c66fbcce6,,,2021-06-09T13:00:00,,,,,e3307c7d83a6178238a823920b6b0286695fdfa5aeb5711692e6a03c66fbcce6,DUPLICATE_SUPPRESSED
DUPLICATE_SUPPRESSED,SEEK_RETEST,e3629badd760ac22e4cedab3b0a8255a424817d3c3870fe49964021e1a068467,,,2020-08-25T13:00:00,,,,,e3629badd760ac22e4cedab3b0a8255a424817d3c3870fe49964021e1a068467,DUPLICATE_SUPPRESSED
DUPLICATE_SUPPRESSED,SEEK_RETEST,e3dd88f8bb7aeca6483031b8367a2c2ddbb28c35d87b8f805da5b7954ecf2bfa,,,2021-06-07T06:00:00,,,,,e3dd88f8bb7aeca6483031b8367a2c2ddbb28c35d87b8f805da5b7954ecf2bfa,DUPLICATE_SUPPRESSED
DUPLICATE_SUPPRESSED,SEEK_RETEST,e51216c53099c2ddea56933e3ac783c9c7c47895f3309a000f26914e3cb6fbe1,,,2020-12-31T18:00:00,,,,,e51216c53099c2ddea56933e3ac783c9c7c47895f3309a000f26914e3cb6fbe1,DUPLICATE_SUPPRESSED
DUPLICATE_SUPPRESSED,SEEK_RETEST,e5201a81a401ab391bcd11b8a2e911984c53188d620433266bae8feae48af01b,,,2021-10-29T17:00:00,,,,,e5201a81a401ab391bcd11b8a2e911984c53188d620433266bae8feae48af01b,DUPLICATE_SUPPRESSED
DUPLICATE_SUPPRESSED,SEEK_RETEST,e574946da738b2b6bfa9b79cb25c0fd991b18671643b9ccd888eccfc17c7b361,,,2021-11-30T13:00:00,,,,,e574946da738b2b6bfa9b79cb25c0fd991b18671643b9ccd888eccfc17c7b361,DUPLICATE_SUPPRESSED
DUPLICATE_SUPPRESSED,SEEK_RETEST,e5c10829fa4904b7e373b9f7e614178747519037309a65a406a16b57067f272e,,,2021-07-07T11:00:00,,,,,e5c10829fa4904b7e373b9f7e614178747519037309a65a406a16b57067f272e,DUPLICATE_SUPPRESSED
DUPLICATE_SUPPRESSED,SEEK_RETEST,e5c282dc611c99ecf29e7b06e34eafa73f0656442755d243406b16d468fba12c,,,2020-08-03T03:00:00,,,,,e5c282dc611c99ecf29e7b06e34eafa73f0656442755d243406b16d468fba12c,DUPLICATE_SUPPRESSED
DUPLICATE_SUPPRESSED,SEEK_RETEST,e64f41d76fb9fd37fbb6b2d90001c277cb92a045852898bd7fc5ca6c66243886,,,2022-08-17T20:00:00,,,,,e64f41d76fb9fd37fbb6b2d90001c277cb92a045852898bd7fc5ca6c66243886,DUPLICATE_SUPPRESSED
DUPLICATE_SUPPRESSED,SEEK_RETEST,e68313aca25b15770962494b28354149abe9717c0371e2e94ba3c2b649dad801,,,2022-12-02T17:00:00,,,,,e68313aca25b15770962494b28354149abe9717c0371e2e94ba3c2b649dad801,DUPLICATE_SUPPRESSED
DUPLICATE_SUPPRESSED,SEEK_RETEST,e683250b39c2453ee5c5e8bc68f8f2c4898d3c11176ac67acee9dc73e1dda04b,,,2021-07-21T14:00:00,,,,,e683250b39c2453ee5c5e8bc68f8f2c4898d3c11176ac67acee9dc73e1dda04b,DUPLICATE_SUPPRESSED
DUPLICATE_SUPPRESSED,SEEK_RETEST,e69883723048927d598b9f1c0c477377474a99340b7840c916cf93c21a4b1135,,,2021-05-14T18:00:00,,,,,e69883723048927d598b9f1c0c477377474a99340b7840c916cf93c21a4b1135,DUPLICATE_SUPPRESSED
DUPLICATE_SUPPRESSED,SEEK_RETEST,e6a72cedcac80f119cf28ab6d07c7402534db10c8c7b87056f2f80216637926b,,,2021-10-15T10:00:00,,,,,e6a72cedcac80f119cf28ab6d07c7402534db10c8c7b87056f2f80216637926b,DUPLICATE_SUPPRESSED
DUPLICATE_SUPPRESSED,SEEK_RETEST,e6ccba9ccf6f0caf67a148202316d067d6e6e4da3bf9b4afba2fa356bafbe2ce,,,2020-04-16T15:00:00,,,,,e6ccba9ccf6f0caf67a148202316d067d6e6e4da3bf9b4afba2fa356bafbe2ce,DUPLICATE_SUPPRESSED
DUPLICATE_SUPPRESSED,SEEK_RETEST,e752ba2bdb9ab3023e00e0227718567b55dbdc28750a0cc8a4980c4dd121d82c,,,2020-07-16T11:00:00,,,,,e752ba2bdb9ab3023e00e0227718567b55dbdc28750a0cc8a4980c4dd121d82c,DUPLICATE_SUPPRESSED
DUPLICATE_SUPPRESSED,SEEK_RETEST,e780c8cd208827a014b3c36ea25aa708abc6f96ba3008a449eea45fee41f1cd2,,,2020-09-11T22:00:00,,,,,e780c8cd208827a014b3c36ea25aa708abc6f96ba3008a449eea45fee41f1cd2,DUPLICATE_SUPPRESSED
DUPLICATE_SUPPRESSED,SEEK_RETEST,e78643f5ac9645da298d08859ea6aaf4b3c01a5613ec96ff20b65de41fe0c2eb,,,2022-03-18T23:00:00,,,,,e78643f5ac9645da298d08859ea6aaf4b3c01a5613ec96ff20b65de41fe0c2eb,DUPLICATE_SUPPRESSED
DUPLICATE_SUPPRESSED,SEEK_RETEST,e7be95c47a2aa24f6092e1cac07d719c91533d59279bd56d6f20adfc70760b95,,,2022-11-18T15:00:00,,,,,e7be95c47a2aa24f6092e1cac07d719c91533d59279bd56d6f20adfc70760b95,DUPLICATE_SUPPRESSED
DUPLICATE_SUPPRESSED,SEEK_RETEST,e7d00ae3326729c44ad973d4c300deac1cf297b615cf338e7285c4cf7cbbc3ae,,,2021-05-20T14:00:00,,,,,e7d00ae3326729c44ad973d4c300deac1cf297b615cf338e7285c4cf7cbbc3ae,DUPLICATE_SUPPRESSED
DUPLICATE_SUPPRESSED,SEEK_RETEST,e8e9052ccb216fedc0f4361b8fc4ad8bf15e8088999fc93b96f28e1db38a4a32,,,2020-01-27T13:00:00,,,,,e8e9052ccb216fedc0f4361b8fc4ad8bf15e8088999fc93b96f28e1db38a4a32,DUPLICATE_SUPPRESSED
DUPLICATE_SUPPRESSED,SEEK_RETEST,e9e88bc45515177fc75910ab951a3860339996aeebb381847b32510c1e347a07,,,2022-03-29T12:00:00,,,,,e9e88bc45515177fc75910ab951a3860339996aeebb381847b32510c1e347a07,DUPLICATE_SUPPRESSED
DUPLICATE_SUPPRESSED,SEEK_RETEST,ea08d273f291b9b03a6a2429e0de3cd88b794566b721775f4f64ec3cd68dd858,,,2021-09-22T14:00:00,,,,,ea08d273f291b9b03a6a2429e0de3cd88b794566b721775f4f64ec3cd68dd858,DUPLICATE_SUPPRESSED
DUPLICATE_SUPPRESSED,SEEK_RETEST,ea447ade671827b945225556fc2b080b6003eb1448ccdecc20b635f28deb5af1,,,2020-02-20T15:00:00,,,,,ea447ade671827b945225556fc2b080b6003eb1448ccdecc20b635f28deb5af1,DUPLICATE_SUPPRESSED
DUPLICATE_SUPPRESSED,SEEK_RETEST,ea609b129c569801cf8450657cabbaa4a622b6d852b798b3eeb0c2378a58fadf,,,2020-07-24T12:00:00,,,,,ea609b129c569801cf8450657cabbaa4a622b6d852b798b3eeb0c2378a58fadf,DUPLICATE_SUPPRESSED
DUPLICATE_SUPPRESSED,SEEK_RETEST,ea655e5a7623fbdb04f73a1ccc1400bf1e7daf4d0e2b8089e1c192afe2551162,,,2022-08-03T19:00:00,,,,,ea655e5a7623fbdb04f73a1ccc1400bf1e7daf4d0e2b8089e1c192afe2551162,DUPLICATE_SUPPRESSED
DUPLICATE_SUPPRESSED,SEEK_RETEST,ea7c3f3a350813039a1d3555e0d8e75f2e2a01fa36c785f74085b9fb7c0113f1,,,2022-08-05T13:00:00,,,,,ea7c3f3a350813039a1d3555e0d8e75f2e2a01fa36c785f74085b9fb7c0113f1,DUPLICATE_SUPPRESSED
DUPLICATE_SUPPRESSED,SEEK_RETEST,eb8d89977bf6673abe06191bb55bfd5166a4c4db46e7ddcb05fb8a74d13acabd,,,2021-08-17T10:00:00,,,,,eb8d89977bf6673abe06191bb55bfd5166a4c4db46e7ddcb05fb8a74d13acabd,DUPLICATE_SUPPRESSED
DUPLICATE_SUPPRESSED,SEEK_RETEST,ebcf2ff77cbc8e26109dd9e85f8052ed53b5f9ea24ce1a88e889e00fe1e79ecb,,,2022-08-02T16:00:00,,,,,ebcf2ff77cbc8e26109dd9e85f8052ed53b5f9ea24ce1a88e889e00fe1e79ecb,DUPLICATE_SUPPRESSED
DUPLICATE_SUPPRESSED,SEEK_RETEST,ebf440d023bd8c1b7562ca8fa905d337aa8429e86ff7ecbc8b4fb3a56676fc44,,,2021-05-26T22:00:00,,,,,ebf440d023bd8c1b7562ca8fa905d337aa8429e86ff7ecbc8b4fb3a56676fc44,DUPLICATE_SUPPRESSED
DUPLICATE_SUPPRESSED,SEEK_RETEST,ec9b619e30e735204e61c51b9aa5a224c3b4e64edb81c5f011fcdc62aeb7ce40,,,2021-10-18T11:00:00,,,,,ec9b619e30e735204e61c51b9aa5a224c3b4e64edb81c5f011fcdc62aeb7ce40,DUPLICATE_SUPPRESSED
DUPLICATE_SUPPRESSED,SEEK_RETEST,ecc174462999b52afad7cdf8bcc76100457890065b632a9389314d4d10949718,,,2021-03-10T23:00:00,,,,,ecc174462999b52afad7cdf8bcc76100457890065b632a9389314d4d10949718,DUPLICATE_SUPPRESSED
DUPLICATE_SUPPRESSED,SEEK_RETEST,ecf640adcd3d98c3184f722be1099ddfe942e9d5307f15bcc034ff5f94d061c6,,,2020-05-21T11:00:00,,,,,ecf640adcd3d98c3184f722be1099ddfe942e9d5307f15bcc034ff5f94d061c6,DUPLICATE_SUPPRESSED
DUPLICATE_SUPPRESSED,SEEK_RETEST,ed087e4495817da015c8cc08caa11672685a22090807bfbdbaadbb5f9a6382b2,,,2022-07-25T18:00:00,,,,,ed087e4495817da015c8cc08caa11672685a22090807bfbdbaadbb5f9a6382b2,DUPLICATE_SUPPRESSED
DUPLICATE_SUPPRESSED,SEEK_RETEST,ed4b20717c8c854ab0a39092313f4a7b598c3d5439756fb97960fe81be34708a,,,2020-04-16T21:00:00,,,,,ed4b20717c8c854ab0a39092313f4a7b598c3d5439756fb97960fe81be34708a,DUPLICATE_SUPPRESSED
DUPLICATE_SUPPRESSED,SEEK_RETEST,ed95fd2f787a19d6c1d3417a341698b766c11f96d13942b1cafd8effb824da3d,,,2022-11-23T23:00:00,,,,,ed95fd2f787a19d6c1d3417a341698b766c11f96d13942b1cafd8effb824da3d,DUPLICATE_SUPPRESSED
DUPLICATE_SUPPRESSED,SEEK_RETEST,ee3d1aee3ae943bf790909157b19fa0b1050e7dc35852a7dbcf0fa2bad1dadd2,,,2020-06-30T19:00:00,,,,,ee3d1aee3ae943bf790909157b19fa0b1050e7dc35852a7dbcf0fa2bad1dadd2,DUPLICATE_SUPPRESSED
DUPLICATE_SUPPRESSED,SEEK_RETEST,eee5adc67b2acbaeadd38f0df5e703623bf0301a21d642f9abc17ea404f0ca39,,,2022-03-03T11:00:00,,,,,eee5adc67b2acbaeadd38f0df5e703623bf0301a21d642f9abc17ea404f0ca39,DUPLICATE_SUPPRESSED
DUPLICATE_SUPPRESSED,SEEK_RETEST,ef3d56994c72d12e4bc530d699dfae288d3d23b9459712dd6d6151d12800b352,,,2021-08-16T17:00:00,,,,,ef3d56994c72d12e4bc530d699dfae288d3d23b9459712dd6d6151d12800b352,DUPLICATE_SUPPRESSED
DUPLICATE_SUPPRESSED,SEEK_RETEST,f0233497f4cd15141392d7914a0bec4440ca63cf5ac763abc81281765ff48815,,,2020-11-11T16:00:00,,,,,f0233497f4cd15141392d7914a0bec4440ca63cf5ac763abc81281765ff48815,DUPLICATE_SUPPRESSED
DUPLICATE_SUPPRESSED,SEEK_RETEST,f0951d0b29af754d343b8351d94b1d9b885070c0169ffe8e09b4a21bdc228236,,,2021-04-05T19:00:00,,,,,f0951d0b29af754d343b8351d94b1d9b885070c0169ffe8e09b4a21bdc228236,DUPLICATE_SUPPRESSED
DUPLICATE_SUPPRESSED,SEEK_RETEST,f0f5a50df57a7f775d9641ba63b6795a6f74be5b8da9c4fc68e02c715cc50f33,,,2022-04-21T23:00:00,,,,,f0f5a50df57a7f775d9641ba63b6795a6f74be5b8da9c4fc68e02c715cc50f33,DUPLICATE_SUPPRESSED
DUPLICATE_SUPPRESSED,SEEK_RETEST,f21c18649244e3dcfe92311e756ec8c8c10ba413cbc0afb921dc8899a73da8ab,,,2021-11-12T19:00:00,,,,,f21c18649244e3dcfe92311e756ec8c8c10ba413cbc0afb921dc8899a73da8ab,DUPLICATE_SUPPRESSED
DUPLICATE_SUPPRESSED,SEEK_RETEST,f237dc2453726e9121ecfd6fb4b63f6a743be58fb06651bf577cfac59f937c7b,,,2021-11-16T18:00:00,,,,,f237dc2453726e9121ecfd6fb4b63f6a743be58fb06651bf577cfac59f937c7b,DUPLICATE_SUPPRESSED
DUPLICATE_SUPPRESSED,SEEK_RETEST,f281acdf9ee602a55e489336c78859683be5c212850a0d490e8aa134d8220991,,,2021-04-22T14:00:00,,,,,f281acdf9ee602a55e489336c78859683be5c212850a0d490e8aa134d8220991,DUPLICATE_SUPPRESSED
DUPLICATE_SUPPRESSED,SEEK_RETEST,f2d9c6b93733b3b992c69343a9b63bb54e2d058f518ff430ae762c42596c616c,,,2021-08-25T18:00:00,,,,,f2d9c6b93733b3b992c69343a9b63bb54e2d058f518ff430ae762c42596c616c,DUPLICATE_SUPPRESSED
DUPLICATE_SUPPRESSED,SEEK_RETEST,f2e52997332da7ddda647015acbd165d3cdb10cfdd92b2820405f839b382270b,,,2022-12-05T04:00:00,,,,,f2e52997332da7ddda647015acbd165d3cdb10cfdd92b2820405f839b382270b,DUPLICATE_SUPPRESSED
DUPLICATE_SUPPRESSED,SEEK_RETEST,f2e772aff94161f5d697db061f30fc3b7798381df382ef223b0c76ad6f4aab2f,,,2022-10-03T18:00:00,,,,,f2e772aff94161f5d697db061f30fc3b7798381df382ef223b0c76ad6f4aab2f,DUPLICATE_SUPPRESSED
DUPLICATE_SUPPRESSED,SEEK_RETEST,f3011b15620d74e0c66efa319f928f6f2503575424584f54a56b6e2546f4f284,,,2020-11-18T14:00:00,,,,,f3011b15620d74e0c66efa319f928f6f2503575424584f54a56b6e2546f4f284,DUPLICATE_SUPPRESSED
DUPLICATE_SUPPRESSED,SEEK_RETEST,f30e681c3830c55e6c72899ff0938f46850e9669bd0d1251a2d5f9c8bf0a9e45,,,2022-02-28T11:00:00,,,,,f30e681c3830c55e6c72899ff0938f46850e9669bd0d1251a2d5f9c8bf0a9e45,DUPLICATE_SUPPRESSED
DUPLICATE_SUPPRESSED,SEEK_RETEST,f334a7d92942fc00fc66c8cc77c2886776876cf4e14fb85fbf921d9e58e77970,,,2022-10-07T17:00:00,,,,,f334a7d92942fc00fc66c8cc77c2886776876cf4e14fb85fbf921d9e58e77970,DUPLICATE_SUPPRESSED
DUPLICATE_SUPPRESSED,SEEK_RETEST,f341be3a74a7011b74ba8ee1d3331464c0088a6d39c33a803bd4bf7c4acaf05a,,,2021-11-22T18:00:00,,,,,f341be3a74a7011b74ba8ee1d3331464c0088a6d39c33a803bd4bf7c4acaf05a,DUPLICATE_SUPPRESSED
DUPLICATE_SUPPRESSED,SEEK_RETEST,f3e7c3e793d990001d90a7f1a5670de557081d3bc6133336a7310ea948123663,,,2022-08-15T13:00:00,,,,,f3e7c3e793d990001d90a7f1a5670de557081d3bc6133336a7310ea948123663,DUPLICATE_SUPPRESSED
DUPLICATE_SUPPRESSED,SEEK_RETEST,f417b4179c3001b50c32aef913e2295065d009e3e6a289b0530b927ced8d39f6,,,2022-01-20T17:00:00,,,,,f417b4179c3001b50c32aef913e2295065d009e3e6a289b0530b927ced8d39f6,DUPLICATE_SUPPRESSED
DUPLICATE_SUPPRESSED,SEEK_RETEST,f4252d710af61a6095802c00599fef290229016794bee2d1e27a5c14b58b4a88,,,2020-03-31T22:00:00,,,,,f4252d710af61a6095802c00599fef290229016794bee2d1e27a5c14b58b4a88,DUPLICATE_SUPPRESSED
DUPLICATE_SUPPRESSED,SEEK_RETEST,f47689a8fd396ebae1d7f6e50a282fc8d9642e096fe29d6283ac9bd9385447b2,,,2021-11-01T05:00:00,,,,,f47689a8fd396ebae1d7f6e50a282fc8d9642e096fe29d6283ac9bd9385447b2,DUPLICATE_SUPPRESSED
DUPLICATE_SUPPRESSED,SEEK_RETEST,f4a9a0bc2b0b23324d841b4284090e5c398e707674d5eed6cd90e114818931e9,,,2021-05-21T14:00:00,,,,,f4a9a0bc2b0b23324d841b4284090e5c398e707674d5eed6cd90e114818931e9,DUPLICATE_SUPPRESSED
DUPLICATE_SUPPRESSED,SEEK_RETEST,f51a158609a94acb30f6a23b0bc37a0ee31f29cea976695ef020b0e652106ef0,,,2020-03-03T00:00:00,,,,,f51a158609a94acb30f6a23b0bc37a0ee31f29cea976695ef020b0e652106ef0,DUPLICATE_SUPPRESSED
DUPLICATE_SUPPRESSED,SEEK_RETEST,f524e4f053ee379db8e93af6a6a166208341675773890fc40f3a853f69d8518d,,,2020-06-08T21:00:00,,,,,f524e4f053ee379db8e93af6a6a166208341675773890fc40f3a853f69d8518d,DUPLICATE_SUPPRESSED
DUPLICATE_SUPPRESSED,SEEK_RETEST,f5373716642dd718ead8452db0b0c9c08a86c123865173e79327c8bafc1722be,,,2020-01-06T19:00:00,,,,,f5373716642dd718ead8452db0b0c9c08a86c123865173e79327c8bafc1722be,DUPLICATE_SUPPRESSED
DUPLICATE_SUPPRESSED,SEEK_RETEST,f5b3ea216e94b8a3a38ecd445dbc746f0c6d76deadc9f0d3d717a78efe758484,,,2020-09-08T14:00:00,,,,,f5b3ea216e94b8a3a38ecd445dbc746f0c6d76deadc9f0d3d717a78efe758484,DUPLICATE_SUPPRESSED
DUPLICATE_SUPPRESSED,SEEK_RETEST,f76234a406ef85d730b951b787d2d43e631eb47af0b1bc4c69daa4eacaa9e231,,,2022-08-01T14:00:00,,,,,f76234a406ef85d730b951b787d2d43e631eb47af0b1bc4c69daa4eacaa9e231,DUPLICATE_SUPPRESSED
DUPLICATE_SUPPRESSED,SEEK_RETEST,f85718d9635dbb058e7344a434b6cb4a8f217a93cefabde6dd8adcc40bb384d6,,,2021-11-08T17:00:00,,,,,f85718d9635dbb058e7344a434b6cb4a8f217a93cefabde6dd8adcc40bb384d6,DUPLICATE_SUPPRESSED
DUPLICATE_SUPPRESSED,SEEK_RETEST,f8e0c4f3f99e37fc680d6168c353269612d5fcd0659f0640279f0f3bea24fee7,,,2020-04-06T11:00:00,,,,,f8e0c4f3f99e37fc680d6168c353269612d5fcd0659f0640279f0f3bea24fee7,DUPLICATE_SUPPRESSED
DUPLICATE_SUPPRESSED,SEEK_RETEST,f94cb7af08c8769eb0dc0872a75b7e6b168ff7511e12be70e79a48edc2d26991,,,2020-12-30T19:00:00,,,,,f94cb7af08c8769eb0dc0872a75b7e6b168ff7511e12be70e79a48edc2d26991,DUPLICATE_SUPPRESSED
DUPLICATE_SUPPRESSED,SEEK_RETEST,f9863f425301555c84f847dfb0df73f2aaca174e819ba622d1cd3de07d9a42fb,,,2022-01-11T19:00:00,,,,,f9863f425301555c84f847dfb0df73f2aaca174e819ba622d1cd3de07d9a42fb,DUPLICATE_SUPPRESSED
DUPLICATE_SUPPRESSED,SEEK_RETEST,fa6cf9c73b332519c6a958b7604e0716a6e1b20684efa955f49aff30af15384e,,,2020-07-07T12:00:00,,,,,fa6cf9c73b332519c6a958b7604e0716a6e1b20684efa955f49aff30af15384e,DUPLICATE_SUPPRESSED
DUPLICATE_SUPPRESSED,SEEK_RETEST,fb4e6d320afc0c64e233476fae81d98fdaedf50d2cc8ace169087ed933473141,,,2021-09-29T19:00:00,,,,,fb4e6d320afc0c64e233476fae81d98fdaedf50d2cc8ace169087ed933473141,DUPLICATE_SUPPRESSED
DUPLICATE_SUPPRESSED,SEEK_RETEST,fb98c73c11d8e0fbdfad2064907fced9c01052493df3dfaada745a27182cdbce,,,2022-05-17T19:00:00,,,,,fb98c73c11d8e0fbdfad2064907fced9c01052493df3dfaada745a27182cdbce,DUPLICATE_SUPPRESSED
DUPLICATE_SUPPRESSED,SEEK_RETEST,fbdd481d1f6c24c3d749468764d937698582d26f971ecd0cabca52333de48f26,,,2020-04-23T13:00:00,,,,,fbdd481d1f6c24c3d749468764d937698582d26f971ecd0cabca52333de48f26,DUPLICATE_SUPPRESSED
DUPLICATE_SUPPRESSED,SEEK_RETEST,fbf446b92713ef1ea6c67ddf4906d6df1fc04dbbad00c2050fecddad79ec3516,,,2022-06-22T15:00:00,,,,,fbf446b92713ef1ea6c67ddf4906d6df1fc04dbbad00c2050fecddad79ec3516,DUPLICATE_SUPPRESSED
DUPLICATE_SUPPRESSED,SEEK_RETEST,fc2927f4aa3016ad53aed4c6dc289984b82d98f4f481cdf89795389634b103f0,,,2022-05-24T18:00:00,,,,,fc2927f4aa3016ad53aed4c6dc289984b82d98f4f481cdf89795389634b103f0,DUPLICATE_SUPPRESSED
DUPLICATE_SUPPRESSED,SEEK_RETEST,fc38cc10c44149a926f04122baea21ccdf6eb6ba47068660461e8f2ebfbc302a,,,2022-11-18T22:00:00,,,,,fc38cc10c44149a926f04122baea21ccdf6eb6ba47068660461e8f2ebfbc302a,DUPLICATE_SUPPRESSED
DUPLICATE_SUPPRESSED,SEEK_RETEST,fce2366dc11b2e8f834de579d2eec3df08e9dd2336f1512c556138f98289f71d,,,2022-11-28T19:00:00,,,,,fce2366dc11b2e8f834de579d2eec3df08e9dd2336f1512c556138f98289f71d,DUPLICATE_SUPPRESSED
DUPLICATE_SUPPRESSED,SEEK_RETEST,fd35472018d27c88694bede63ba26cc934cc24b848b0f05ae96503c186755066,,,2022-11-21T19:00:00,,,,,fd35472018d27c88694bede63ba26cc934cc24b848b0f05ae96503c186755066,DUPLICATE_SUPPRESSED
DUPLICATE_SUPPRESSED,SEEK_RETEST,fd5f3fb44549c19f15e3be9b5087af3f41833588fd4b3e286dac8100780e2148,,,2020-02-20T00:00:00,,,,,fd5f3fb44549c19f15e3be9b5087af3f41833588fd4b3e286dac8100780e2148,DUPLICATE_SUPPRESSED
DUPLICATE_SUPPRESSED,SEEK_RETEST,fd7388f6db5330c729ea99ed28bad7c6c1e985e5de387df7051afc19512b4e79,,,2021-11-10T00:00:00,,,,,fd7388f6db5330c729ea99ed28bad7c6c1e985e5de387df7051afc19512b4e79,DUPLICATE_SUPPRESSED
DUPLICATE_SUPPRESSED,SEEK_RETEST,fdb05c4216b10d205762935cef98fd9fdda689a8cc2d61ce031a65ec1dc0312b,,,2022-06-16T20:00:00,,,,,fdb05c4216b10d205762935cef98fd9fdda689a8cc2d61ce031a65ec1dc0312b,DUPLICATE_SUPPRESSED
DUPLICATE_SUPPRESSED,SEEK_RETEST,fdfd40e4014308d91d2b851c19f23c967300000562f036c17268ab830a4a7182,,,2022-05-18T14:00:00,,,,,fdfd40e4014308d91d2b851c19f23c967300000562f036c17268ab830a4a7182,DUPLICATE_SUPPRESSED
DUPLICATE_SUPPRESSED,SEEK_RETEST,fec778b63286a7347b0b051c61c2102e3e8f38defc83dd0437c7c2858c12e5e3,,,2022-06-01T17:00:00,,,,,fec778b63286a7347b0b051c61c2102e3e8f38defc83dd0437c7c2858c12e5e3,DUPLICATE_SUPPRESSED
DUPLICATE_SUPPRESSED,SEEK_RETEST,ff04b2d1ee87b972e2ee92a136a342a01d4e4267a99dbffbaf040bc55c3d283d,,,2021-05-31T06:00:00,,,,,ff04b2d1ee87b972e2ee92a136a342a01d4e4267a99dbffbaf040bc55c3d283d,DUPLICATE_SUPPRESSED
DUPLICATE_SUPPRESSED,SEEK_RETEST,ff3934a0e8b3cd1692eeb43fd3b2f2ed95d03651a30d19ea5bece94b33bddad1,,,2021-12-13T15:00:00,,,,,ff3934a0e8b3cd1692eeb43fd3b2f2ed95d03651a30d19ea5bece94b33bddad1,DUPLICATE_SUPPRESSED
DUPLICATE_SUPPRESSED,SEEK_RETEST,ff6c787c200fbab3958bfcbacfe34562dcab18b29775ced1a38af4117e740465,,,2022-07-25T14:00:00,,,,,ff6c787c200fbab3958bfcbacfe34562dcab18b29775ced1a38af4117e740465,DUPLICATE_SUPPRESSED
DUPLICATE_SUPPRESSED,SEEK_RETEST,ff6d3fae2983d0a94cf18399c572ea2d57e426b72848635d167254c88b5a385c,,,2021-10-22T11:00:00,,,,,ff6d3fae2983d0a94cf18399c572ea2d57e426b72848635d167254c88b5a385c,DUPLICATE_SUPPRESSED
DUPLICATE_SUPPRESSED,SEEK_RETEST,ffa72aae3689f91f995e113a2bbd16b89cf5de736d04b307a934a230fcb7cf48,,,2020-03-17T18:00:00,,,,,ffa72aae3689f91f995e113a2bbd16b89cf5de736d04b307a934a230fcb7cf48,DUPLICATE_SUPPRESSED
DUPLICATE_SUPPRESSED,SEEK_RETEST,ffe03f1706794d77d264da11d8879966f67c23b400a93429d246eec859c7f69c,,,2020-03-09T02:00:00,,,,,ffe03f1706794d77d264da11d8879966f67c23b400a93429d246eec859c7f69c,DUPLICATE_SUPPRESSED
EVENT_EMITTED,SEEK_CONFIRMATION,01c2bf219050cb3f0d08f91d76f87f0a77afb80eed9724f107c432597b804eb9,e61a7d566536afc6db7d5d8a8cd9c26de4b04b588608b385a5658ded581645dc,,,,,,,01c2bf219050cb3f0d08f91d76f87f0a77afb80eed9724f107c432597b804eb9,
EVENT_EMITTED,SEEK_CONFIRMATION,01df6c2fb0c3199086413b7f027b10ff9d3cdfec080d0204e3e428bce99f3fe6,207a10e7413b2608e7a734de745d75ceaad5db06885d56b70e7120e1c4d15133,,,,,,,01df6c2fb0c3199086413b7f027b10ff9d3cdfec080d0204e3e428bce99f3fe6,
EVENT_EMITTED,SEEK_CONFIRMATION,022186c927c6919a0d7cf748a05c877ccd35141a7061b45b2e20f95d1e7b1650,87dd77723c5b904c8d00b9d187f6d8180e81c0bf838d97c94732df134eb37c10,,,,,,,022186c927c6919a0d7cf748a05c877ccd35141a7061b45b2e20f95d1e7b1650,
EVENT_EMITTED,SEEK_CONFIRMATION,027f90e32110274cee7f51fad5144b87cde87490fc7e1b883344176b5cfe31cb,b62db42d6d32de78e55eadbf8a8f4e462a122f7a621baf0bba7af4156566bcbf,,,,,,,027f90e32110274cee7f51fad5144b87cde87490fc7e1b883344176b5cfe31cb,
EVENT_EMITTED,SEEK_CONFIRMATION,0298e43be640fd11f1a84f4d6d104e5b6491bef4a909d4adf1eb45a13c93b654,9bdfb3f62a604acccfe63234a7ddbd024cef3141e7479b722f9de69a93e0db5f,,,,,,,0298e43be640fd11f1a84f4d6d104e5b6491bef4a909d4adf1eb45a13c93b654,
EVENT_EMITTED,SEEK_CONFIRMATION,03108a2a2a796dde56ba373d37ac2410b384c754f610fe7047f9e18a649b7586,4f27c7be2906a1eebecb2498e03c99722d9adcabe933dfba9c4ce3cf609d1b45,,,,,,,03108a2a2a796dde56ba373d37ac2410b384c754f610fe7047f9e18a649b7586,
EVENT_EMITTED,SEEK_CONFIRMATION,037ea77c2087bce1a2eec51a0699ce9aaf3d6c7f328b4e07125455c64786a0f8,a59a6144e2a331416a546d0cf9f57007ead833ee3d7ef099f5dafbf1f140fabc,,,,,,,037ea77c2087bce1a2eec51a0699ce9aaf3d6c7f328b4e07125455c64786a0f8,
EVENT_EMITTED,SEEK_CONFIRMATION,03b90957a1dff113d46b68abb02417313d45d7f8640238956ab3d413e84c772b,0468c6eada6bea759f54d4a07effb5d1aa7dd4a24371c829c4ddd45800ae6d21,,,,,,,03b90957a1dff113d46b68abb02417313d45d7f8640238956ab3d413e84c772b,
EVENT_EMITTED,SEEK_CONFIRMATION,03ea484e6c55cb365c9f7d8bbd716e0ff7309e76273b61cfe1d2e02d150af3de,226e1aa447243ca7aaa52287c468f13e848d5a9515fab2f027ca102b62ac57fc,,,,,,,03ea484e6c55cb365c9f7d8bbd716e0ff7309e76273b61cfe1d2e02d150af3de,
EVENT_EMITTED,SEEK_CONFIRMATION,041d2ad963479a30fee42047920b239685a75dfc7f6408545d6727f839fb4000,7fa01beefce96330a54678dde4f57df427d99bdbc62cc0171fb41db536731f7e,,,,,,,041d2ad963479a30fee42047920b239685a75dfc7f6408545d6727f839fb4000,
EVENT_EMITTED,SEEK_CONFIRMATION,0421ce73bfb8439c8f04b74ccdf7f5124c0e4ad99194324f0b0ac4c99179bf65,bef045cb9b4917a55cb7b2e99c3e4d41ebf13373d8fc2649c2dec4a5ff223f9f,,,,,,,0421ce73bfb8439c8f04b74ccdf7f5124c0e4ad99194324f0b0ac4c99179bf65,
EVENT_EMITTED,SEEK_CONFIRMATION,046e72e1d630f1b9600826d4b9fbf4580494ca14cf729489d01f807603e81307,3cd165ebb0b85b93e4d394c13f918c2e92fdf5af3523e03ead96ae4d22c71db4,,,,,,,046e72e1d630f1b9600826d4b9fbf4580494ca14cf729489d01f807603e81307,
EVENT_EMITTED,SEEK_CONFIRMATION,04f162bbd29ceca49e64218e258ee75fdc7e7a06231f2bd79b65e3f92451c643,d30dae4345ccb02f093003b6c087869931ae169899329a5b6211b12de7107492,,,,,,,04f162bbd29ceca49e64218e258ee75fdc7e7a06231f2bd79b65e3f92451c643,
EVENT_EMITTED,SEEK_CONFIRMATION,04fbe1fa4b108e10a036578c1b76e40b225068630689a8e89a3efc3fc69b84bd,d739ff2c6833d9412c9a7f7354c32862e0e244a28e9fa58d575e70099793f7fc,,,,,,,04fbe1fa4b108e10a036578c1b76e40b225068630689a8e89a3efc3fc69b84bd,
EVENT_EMITTED,SEEK_CONFIRMATION,05391591f4af1c193fe3e0a1b72b2f8124879c42398610b70cd31ca336e6dd75,2a7640a2222bd44498ccdd112513cf1a52540bab4c85d5a751e963076d8b6b4f,,,,,,,05391591f4af1c193fe3e0a1b72b2f8124879c42398610b70cd31ca336e6dd75,
EVENT_EMITTED,SEEK_CONFIRMATION,05393502b7a305d22b84ad3672d0597baa137f157aef780e38b52b4468882b95,b842815caeaae9f0b98c4ed5256880f1b3a3b9ef73dd6702396393119fc9bfcb,,,,,,,05393502b7a305d22b84ad3672d0597baa137f157aef780e38b52b4468882b95,
EVENT_EMITTED,SEEK_CONFIRMATION,0570f4232f6935f75f335f7507c8fdb6e6a344529e9e2169d0f1f8ca27286c7f,a884131772534e8e0185b35cedf276023e9820e9863d4055070e271c19e0bffd,,,,,,,0570f4232f6935f75f335f7507c8fdb6e6a344529e9e2169d0f1f8ca27286c7f,
EVENT_EMITTED,SEEK_CONFIRMATION,060b14332d5118de88e3431070f0ecb11e61624606d996b001cd0f482de98508,f7705370392d6b2c83b22de81a2e7bd4cca4819f762dd74e3dae0dd0cdba31d0,,,,,,,060b14332d5118de88e3431070f0ecb11e61624606d996b001cd0f482de98508,
EVENT_EMITTED,SEEK_CONFIRMATION,062237c08554cce6da2b904692406dc9fb4015e9a706b1d4df5c842e98ac0f2c,ee86bf58c3aaf87978acfcbadf0d78a33fd604f808af580409f538706eff1359,,,,,,,062237c08554cce6da2b904692406dc9fb4015e9a706b1d4df5c842e98ac0f2c,
EVENT_EMITTED,SEEK_CONFIRMATION,0653cdd0cbcab943a7f42c027802ad764c96aa8da44b7e78e1c27aba1c4c0e15,3bfff1bed51e2d9feb05b17920b642c645d5c74f515da29faba2312a37bf25b6,,,,,,,0653cdd0cbcab943a7f42c027802ad764c96aa8da44b7e78e1c27aba1c4c0e15,
EVENT_EMITTED,SEEK_CONFIRMATION,065eb8f64bf84f3c4f7484ca263f0e5a84119f8388810c24dfe9a13d97439bb5,777f85fe575114992160cc200f0d76e0d062630ae294ed2b3a76d19c9bc4edd1,,,,,,,065eb8f64bf84f3c4f7484ca263f0e5a84119f8388810c24dfe9a13d97439bb5,
EVENT_EMITTED,SEEK_CONFIRMATION,07cc27db136fb16b314a1c08361ce37685fb9c85ade6b83c33ad4007881c00ec,c04e8601f1068117c212c2f467993063c6802884ff14e95c763cb15d2386c7ec,,,,,,,07cc27db136fb16b314a1c08361ce37685fb9c85ade6b83c33ad4007881c00ec,
EVENT_EMITTED,SEEK_CONFIRMATION,08034e52d0aa7621f08cb662d9c911f246b3a11e1f6fb19217b59e25473d5c10,245987b33cd4bce51005c78da29392580910fe2250d715868c38c3b2b1291382,,,,,,,08034e52d0aa7621f08cb662d9c911f246b3a11e1f6fb19217b59e25473d5c10,
EVENT_EMITTED,SEEK_CONFIRMATION,0811dbec9845bd8320fc3374902c5f719c0c752f846e20ab550a67b5b6378727,08caeeabc3e7a2b10032fc6f9cc4db0ab0f4bbc0a4548d3da07d85d5f3afc45b,,,,,,,0811dbec9845bd8320fc3374902c5f719c0c752f846e20ab550a67b5b6378727,
EVENT_EMITTED,SEEK_CONFIRMATION,0852b384f009760da7e588e32ab2b5d8dfefeffb455c41c63633efca37808f03,56dcc5d26400b9c3b8a008029be8a7ebf04c21a008312b221048e7b5f0e202db,,,,,,,0852b384f009760da7e588e32ab2b5d8dfefeffb455c41c63633efca37808f03,
EVENT_EMITTED,SEEK_CONFIRMATION,0861087b662193b72f236b3fa61e0242d496d05d350dd290e2cae132da19f5fe,30c0535ee863dfb9a357b2c02c79446f6c9c5bda5cded3920da9ea277c7b0247,,,,,,,0861087b662193b72f236b3fa61e0242d496d05d350dd290e2cae132da19f5fe,
EVENT_EMITTED,SEEK_CONFIRMATION,090f43492ed1577249c8103dba8697c92d70184170a89d73e9315415c7e6fc0f,80b848a5502ae4bbba0305be41c0ed2c9ed17e20f972e2042bc242aac3b73aec,,,,,,,090f43492ed1577249c8103dba8697c92d70184170a89d73e9315415c7e6fc0f,
EVENT_EMITTED,SEEK_CONFIRMATION,09590c3879cb55b210fe057db3613c48c78ef4322125f8134677b785b907fbea,8a1399903fa4560eabb7a7e3b10817447b24756002bd5c2d474579fcfe72d11e,,,,,,,09590c3879cb55b210fe057db3613c48c78ef4322125f8134677b785b907fbea,
EVENT_EMITTED,SEEK_CONFIRMATION,0a21b46a321a9b71bff292bdb91e3f8645100e336500dfac4f65316d1a1e0df6,d055f7b50b921f931c8e14023abf619a1427f797f029dd1cab4721a77b428fab,,,,,,,0a21b46a321a9b71bff292bdb91e3f8645100e336500dfac4f65316d1a1e0df6,
EVENT_EMITTED,SEEK_CONFIRMATION,0aca8dfe3ad736b085a66c2743baf8608d8446674e9adfec58df9b7fd9a9f7c6,e84561933105c928c4738687c4698fcc8063e53bdf321d3197e206528fe1022c,,,,,,,0aca8dfe3ad736b085a66c2743baf8608d8446674e9adfec58df9b7fd9a9f7c6,
EVENT_EMITTED,SEEK_CONFIRMATION,0b6a7db83ef654e1d92ec436e06cac7c42d4a1eae0b8c547b527cad5594339e7,72bcdf122e8c814128846ecc98e347768f90a08945e064fefdd662cf383b711c,,,,,,,0b6a7db83ef654e1d92ec436e06cac7c42d4a1eae0b8c547b527cad5594339e7,
EVENT_EMITTED,SEEK_CONFIRMATION,0bcb24b727fbb2675ed22f7d10247bfcda7842b1bc3d626f66acd8bc866a17fb,7a6b89324af07469a062becbde8d3fade1ac94f50504e99b3bbbbbbb96487b70,,,,,,,0bcb24b727fbb2675ed22f7d10247bfcda7842b1bc3d626f66acd8bc866a17fb,
EVENT_EMITTED,SEEK_CONFIRMATION,0bd88729d7818ec18537a13fccf9004da41b495603590b11394c9d9e9ba0cc5a,493f586d3251dc9b869f8c8c65f6c4c1c142718a9df2a956cc45b309190ba793,,,,,,,0bd88729d7818ec18537a13fccf9004da41b495603590b11394c9d9e9ba0cc5a,
EVENT_EMITTED,SEEK_CONFIRMATION,0beab4174567ab9380cafe7d77ad5089868171843f6111048a528d6b02c9ed33,9dc488981bbb2c8431f1dc28d136ca06d7cd25f7d563d01796482d9744a14716,,,,,,,0beab4174567ab9380cafe7d77ad5089868171843f6111048a528d6b02c9ed33,
EVENT_EMITTED,SEEK_CONFIRMATION,0c40c06d2cb6d50998941731a6d219e437fb5da71a663b4081087a277e789afb,1d9f914f1201e449ba92cbcd1fe36229548b54e44b3e4d424aeb13e7af2ac877,,,,,,,0c40c06d2cb6d50998941731a6d219e437fb5da71a663b4081087a277e789afb,
EVENT_EMITTED,SEEK_CONFIRMATION,0d71df56ffc27fbcce2355db5fe8886427d21000c05f3737c347a5e6cc6d9bad,5e4f67ca6cdddfa79b9b3167ac919ebcc3be489ceaf9682fe4aabea550a8f81d,,,,,,,0d71df56ffc27fbcce2355db5fe8886427d21000c05f3737c347a5e6cc6d9bad,
EVENT_EMITTED,SEEK_CONFIRMATION,0f24e4039eaa373a28331b0c090ac0a21f8946cc1e2df460ab7607cb33b5c624,7a6e2c5680aa758668b5ee41f4b6fca127fe50e05a586c3f4d4094b70e070bae,,,,,,,0f24e4039eaa373a28331b0c090ac0a21f8946cc1e2df460ab7607cb33b5c624,
EVENT_EMITTED,SEEK_CONFIRMATION,0f281a37fe4f8f02c90c7a4e01f4965b557780b7d84f81697679c7e9c0b59526,362f7fc867fb2fce9de4919b3d4352b7a76fc6e54ccd1e35bb11b06cf55f85ae,,,,,,,0f281a37fe4f8f02c90c7a4e01f4965b557780b7d84f81697679c7e9c0b59526,
EVENT_EMITTED,SEEK_CONFIRMATION,105e77a4fcac0c62e0dcf89e406329a5157abbb02f503e4013234ec451a3f0bf,3d14bc3590f2c93b4f2be14baf95c916c432dfbe9533f5be2c3d02fbb947efc6,,,,,,,105e77a4fcac0c62e0dcf89e406329a5157abbb02f503e4013234ec451a3f0bf,
EVENT_EMITTED,SEEK_CONFIRMATION,11879adde8a73601a9103ba786bfe163d280fed8197596050af3b2ecdf4b2c1c,a9f43dae315629676e9a3392ce5b49f1e3f37e933f176a97aeb17541398de014,,,,,,,11879adde8a73601a9103ba786bfe163d280fed8197596050af3b2ecdf4b2c1c,
EVENT_EMITTED,SEEK_CONFIRMATION,11a0db23ade4801ee456a3a0258711dcbdf96bb2dda44765bf0e1f9dc4804c63,bac3f28e436593641b8786c1f80336ac4b30c36f93b62e47b2950bbb0c0a240e,,,,,,,11a0db23ade4801ee456a3a0258711dcbdf96bb2dda44765bf0e1f9dc4804c63,
EVENT_EMITTED,SEEK_CONFIRMATION,12c86c35d12a61c8249b79382f6686b572ca0a69222533dad0ea0f30feaed56e,c15f49b0e98362d4ab8ee8fb6e6cc24e45266bec9333b79e6f6a40828d336b88,,,,,,,12c86c35d12a61c8249b79382f6686b572ca0a69222533dad0ea0f30feaed56e,
EVENT_EMITTED,SEEK_CONFIRMATION,133c4e627c0a45420cdde6182c20a636acb34fe9dbecdf07e691159fb4ebb051,230ced318d2fd1c0e90eb55bd975d0627ebde669fceeedb0aff97ae56e995dd9,,,,,,,133c4e627c0a45420cdde6182c20a636acb34fe9dbecdf07e691159fb4ebb051,
EVENT_EMITTED,SEEK_CONFIRMATION,1372532f92d963403cfc416d830f4a3a8cc6b1acd5d8dd2a3feacee5c7a0ffbf,e7444f3f51bde67ac6318ac9f0355dc46f17be14f5f98c6b14da3a04d8d935dd,,,,,,,1372532f92d963403cfc416d830f4a3a8cc6b1acd5d8dd2a3feacee5c7a0ffbf,
EVENT_EMITTED,SEEK_CONFIRMATION,13a4ee2e669242fdbfe28065e914e45be33774114bd763bda70ee58b27225169,34024468154c46cce49cb0a9a9ff71a1bce2e1485ddbbf26098d8a4965b5bf72,,,,,,,13a4ee2e669242fdbfe28065e914e45be33774114bd763bda70ee58b27225169,
EVENT_EMITTED,SEEK_CONFIRMATION,13dd13587a5d5bcb1680766d83d803b1c31e726c6b6f95589974b76a9e21caed,1fcaf660482822ec14d1ea4110c038744e3e954d362ffb4871081600665099ca,,,,,,,13dd13587a5d5bcb1680766d83d803b1c31e726c6b6f95589974b76a9e21caed,
EVENT_EMITTED,SEEK_CONFIRMATION,1499ee02c36a93b3bdc8e194e421f3899f2f43b59c567e4063eb85b09e1afe19,dd751f5aa825f565ea0932467dde25723af4c261394b36d72e00965079a8963b,,,,,,,1499ee02c36a93b3bdc8e194e421f3899f2f43b59c567e4063eb85b09e1afe19,
EVENT_EMITTED,SEEK_CONFIRMATION,14f9821102c4a14d398f494c6b83ab3313bd335f8d1e4150a5f13e8853ff1f4d,7858bcff1348832dc4f69211d081c0a8bf3e0fab13f0be6351274481998ebeca,,,,,,,14f9821102c4a14d398f494c6b83ab3313bd335f8d1e4150a5f13e8853ff1f4d,
EVENT_EMITTED,SEEK_CONFIRMATION,1500e54b8b67870c28c21f372a5b2eb9b49b0000e293f143ab6910cf36867f10,ab88c6ca0f90f18461538ecd6057fe854a73c6ebc754a04213469077a59e92a8,,,,,,,1500e54b8b67870c28c21f372a5b2eb9b49b0000e293f143ab6910cf36867f10,
EVENT_EMITTED,SEEK_CONFIRMATION,165f7228ebe97475ee6195f582677fd41d5b7dd7795d96d205c69d95dd6f05ce,331f61c5265f5cea92d62acbaba0ac825187a7fb1de11de161604ee6abedac4c,,,,,,,165f7228ebe97475ee6195f582677fd41d5b7dd7795d96d205c69d95dd6f05ce,
EVENT_EMITTED,SEEK_CONFIRMATION,166b3a05bd1ee396551d6748341f1b9104195126a60c14d0df052c2b228edb3a,44c61fb01e35963bb5cacc9e84aad5f92b4154dfe9c5a193e99d5b8fe01a7c5e,,,,,,,166b3a05bd1ee396551d6748341f1b9104195126a60c14d0df052c2b228edb3a,
EVENT_EMITTED,SEEK_CONFIRMATION,166df5a2ee46b60afe51643cd6a52e78dff556e48fb37402795376ed7a27008a,d019a3e5fd1168ae43ed075106753626bd47032432bacfa27a5a5d46c76f314c,,,,,,,166df5a2ee46b60afe51643cd6a52e78dff556e48fb37402795376ed7a27008a,
EVENT_EMITTED,SEEK_CONFIRMATION,1707e40a6ea580701150fa141d61f1983d71d452c9684f91131014394840521a,95ee586c21cda3ec68ab228e2557c7bb3e429ddea7b36f58d8fbc6ca0c604fdf,,,,,,,1707e40a6ea580701150fa141d61f1983d71d452c9684f91131014394840521a,
EVENT_EMITTED,SEEK_CONFIRMATION,177cf20563c65cc59e617e73673d7baf9e6a1cb3b77a5c417be7124ed1c83f8f,756431875fa0fc824a4557a041a9519db0e736d17acfab3c6f4c49380b33ae7b,,,,,,,177cf20563c65cc59e617e73673d7baf9e6a1cb3b77a5c417be7124ed1c83f8f,
EVENT_EMITTED,SEEK_CONFIRMATION,17b0705a29c9a933b796e3d93874f1aa89d30926074e8390130b967020a26609,b80f79b8923f6149ada25b925980e900cec03fa48213ffccfbcb81bbc46ead7a,,,,,,,17b0705a29c9a933b796e3d93874f1aa89d30926074e8390130b967020a26609,
EVENT_EMITTED,SEEK_CONFIRMATION,17b2b5515a2261170ac2c003ffa4b39eb45181f560b2de57921558e0aaab9c20,182ecec25bb009bf031f27ca81d897047b9184d403d3a9af082736eed9045c0a,,,,,,,17b2b5515a2261170ac2c003ffa4b39eb45181f560b2de57921558e0aaab9c20,
EVENT_EMITTED,SEEK_CONFIRMATION,17ea6bb0c8be391061fdcca2bd03a77655d6be3e52980c9a4a39889d005d7c97,f3f390bee69ff17ddb539acfc9fdb8d7cc77fd188ed5b6c07d7ab0a5bba035b6,,,,,,,17ea6bb0c8be391061fdcca2bd03a77655d6be3e52980c9a4a39889d005d7c97,
EVENT_EMITTED,SEEK_CONFIRMATION,18d85b60cb8a491dc4057508f0e9c1d0de04afd37c263c60d7efd7fbb0e2c3c9,c7233d0db20701a64e700ebcd8f69c5fd452b7014a607098e874455e27b5dfa8,,,,,,,18d85b60cb8a491dc4057508f0e9c1d0de04afd37c263c60d7efd7fbb0e2c3c9,
EVENT_EMITTED,SEEK_CONFIRMATION,19b89d52fbb42c2ff1da698219c12ecce307811e0f165bd3fec4ffcc15667d94,81888867c8bd00fed073e3a319885beff60acd60b746ca2fd224dee7325b4d68,,,,,,,19b89d52fbb42c2ff1da698219c12ecce307811e0f165bd3fec4ffcc15667d94,
EVENT_EMITTED,SEEK_CONFIRMATION,19bcf13ee737b9250ea92675c8cbe245f0a801179974ee6e25b94708990ce8a5,1b07036c1b81c53248661ce3c0e0cfe2225d67e1aaf782cc1352614a23287043,,,,,,,19bcf13ee737b9250ea92675c8cbe245f0a801179974ee6e25b94708990ce8a5,
EVENT_EMITTED,SEEK_CONFIRMATION,1ab9763d77d6e9bf7fc0b6b1409fa4d13bf442c36f743688b5c9d6eb839ba295,786ff633c88d7c8a587f2325bfc4d95981083d313a741e7f37a9ac4a5a5e6de6,,,,,,,1ab9763d77d6e9bf7fc0b6b1409fa4d13bf442c36f743688b5c9d6eb839ba295,
EVENT_EMITTED,SEEK_CONFIRMATION,1c04f01e49b91def911e6de7ce2d8caa2c6e1eebeaa3951bcd5f6805227f1ede,a7904f90725f62260e5e560e66964d307e8ab7650607f850c7589b5493450166,,,,,,,1c04f01e49b91def911e6de7ce2d8caa2c6e1eebeaa3951bcd5f6805227f1ede,
EVENT_EMITTED,SEEK_CONFIRMATION,1ca8b4f70f936582f56e85d47e5df1e63ec67d7b7e07043d9ec33bb3eedefe46,064a9813a1ece7b29cb53f1e8cfc32bc7f04042ff19b65bdfc14632ae90b39ac,,,,,,,1ca8b4f70f936582f56e85d47e5df1e63ec67d7b7e07043d9ec33bb3eedefe46,
EVENT_EMITTED,SEEK_CONFIRMATION,1cd2ba0dc193533d779e50d392b30584d8a1b4ddc242912dd49fe389375f7f9f,9849daef0fe968a54f54cdd8385939575548f91a48fe8502d34ecb45f516db24,,,,,,,1cd2ba0dc193533d779e50d392b30584d8a1b4ddc242912dd49fe389375f7f9f,
EVENT_EMITTED,SEEK_CONFIRMATION,1da366ef53b54cfa81c9855097614c248660ffe731cf0d58b1344656187d9269,fb635303d737f93f95af1eb1ca8ef2f84e1c1800adbf1768780c9cc9aa40888e,,,,,,,1da366ef53b54cfa81c9855097614c248660ffe731cf0d58b1344656187d9269,
EVENT_EMITTED,SEEK_CONFIRMATION,1ddc4fbface728edafe4cd3d76a03f6642d8b900fae850c30be1627abb648da3,fb722a999c30c24f11edfe120ef368dd20e2a6bb227ed0fd9e8c02c04082cc43,,,,,,,1ddc4fbface728edafe4cd3d76a03f6642d8b900fae850c30be1627abb648da3,
EVENT_EMITTED,SEEK_CONFIRMATION,1ddfcf023fec7e95a558a36839b78272e53ff65584e7c1938b9b10df7263da94,72cb1f55a7e55494fcd6ea0173ed110e584770f6d60f782a05b2fff7c9d655af,,,,,,,1ddfcf023fec7e95a558a36839b78272e53ff65584e7c1938b9b10df7263da94,
EVENT_EMITTED,SEEK_CONFIRMATION,1e0589642dd093596dcb9faf388ac21858a1d67821051e793ed1382cac3909b3,7bb3b662b915d39205d234e4f7f80ced7eb8b8c1f4ad52e94544f6e1b625d39a,,,,,,,1e0589642dd093596dcb9faf388ac21858a1d67821051e793ed1382cac3909b3,
EVENT_EMITTED,SEEK_CONFIRMATION,1e3f6ea50e819667c2a27d08f5a80db508459dc335bd236198f2ac284ae51f3e,194da9e680c83ee27cf1064be42655eb3505f93d78c7f1b7348bce15a0402cca,,,,,,,1e3f6ea50e819667c2a27d08f5a80db508459dc335bd236198f2ac284ae51f3e,
EVENT_EMITTED,SEEK_CONFIRMATION,1e5b3d9d366c5fcc5e3379d34458d486b2fccc31dc302e8b5c12dbf651e3750a,b4638f079c9be621383f2561b6afd83f1f5819861e3d72cfb73c74806462d80d,,,,,,,1e5b3d9d366c5fcc5e3379d34458d486b2fccc31dc302e8b5c12dbf651e3750a,
EVENT_EMITTED,SEEK_CONFIRMATION,1f3f2fcd9f866ff9b92a3678ed279834fa7fb19e9d241a5f7bd353fbc0669565,9e8f9013984e2fab0a37eaea2b0d70c1bb9fa1caf766b6be8d371c8088fd8246,,,,,,,1f3f2fcd9f866ff9b92a3678ed279834fa7fb19e9d241a5f7bd353fbc0669565,
EVENT_EMITTED,SEEK_CONFIRMATION,21137ace75cd31c1a975880c99f5c701687608cd126bee4815409e758cc27d1b,a33fc842b02ca63fb3f12a571aa6ce1d5ef74850f420803457d7f6b68c01195d,,,,,,,21137ace75cd31c1a975880c99f5c701687608cd126bee4815409e758cc27d1b,
EVENT_EMITTED,SEEK_CONFIRMATION,21bcc0fbd4c8a085562b848433e8231d323ccfaaf9e86ccd2b0d1b6e9db57f5d,4e26892dd3017aea03b280bf8ec6217335267551e5b1876b9fe64884f32739c3,,,,,,,21bcc0fbd4c8a085562b848433e8231d323ccfaaf9e86ccd2b0d1b6e9db57f5d,
EVENT_EMITTED,SEEK_CONFIRMATION,21e368127a35546bfb6c3b3995858442598136a187a3741bb1083490ad9175ee,4bc55ace8428bdad3760997d4e80f372e6f1a752fcf5fdf69e54182fde0d4f43,,,,,,,21e368127a35546bfb6c3b3995858442598136a187a3741bb1083490ad9175ee,
EVENT_EMITTED,SEEK_CONFIRMATION,22e0399136eb3ee0f01639077a548b552f92c1a03e398e0ae3f8f3eca17d825f,94d1a4a88cbc91390d19855bec53b1de578697362547b539574264b013022255,,,,,,,22e0399136eb3ee0f01639077a548b552f92c1a03e398e0ae3f8f3eca17d825f,
EVENT_EMITTED,SEEK_CONFIRMATION,23c5ace3d146fe59153063826f2b333bf01b460506b88554fa2c5fff3052e208,4b97eefb614ac284ada126a88de15dcdbda3a29657afc2e3aa0bafcd9ec7bde1,,,,,,,23c5ace3d146fe59153063826f2b333bf01b460506b88554fa2c5fff3052e208,
EVENT_EMITTED,SEEK_CONFIRMATION,24603b37678236dffc0de7584f44423be3f0572db0d106642f331736edc86cb5,6328e78d2dd4776048fba928a0f4c620ce236c3d539c2d0d0597c922422768d9,,,,,,,24603b37678236dffc0de7584f44423be3f0572db0d106642f331736edc86cb5,
EVENT_EMITTED,SEEK_CONFIRMATION,246175f760f88702b456e2187851951ce6b1517877fd0110f4d17f57fd965fbe,a4d47db3d8dc604c8de2cd6474c3cae53e021db26684b64b1cb9585a313579db,,,,,,,246175f760f88702b456e2187851951ce6b1517877fd0110f4d17f57fd965fbe,
EVENT_EMITTED,SEEK_CONFIRMATION,24ad1f1a1d7876093a3d51cb1253c0a2b1700ac12e2aab6bcc816f159fe8945f,ec32b29137e19cbf4c271258e2652fcd68958763e7642bb4825d40f326ae3673,,,,,,,24ad1f1a1d7876093a3d51cb1253c0a2b1700ac12e2aab6bcc816f159fe8945f,
EVENT_EMITTED,SEEK_CONFIRMATION,24b7aa3df29c1b94607e700aa273e766714785bab57e931bab4f30d12bda4491,563d1bc2f3440e87bde8759d14452a08429e02cabc4d116e2e0761ad18c243d1,,,,,,,24b7aa3df29c1b94607e700aa273e766714785bab57e931bab4f30d12bda4491,
EVENT_EMITTED,SEEK_CONFIRMATION,256524cbef77ee63ef15d5a95b2f4b83bac8d76dea5dcb6462b3572906767b98,e6d2973c47962b709e03cd2cadb26afe620990053adfb644a6006f4dfb91ea12,,,,,,,256524cbef77ee63ef15d5a95b2f4b83bac8d76dea5dcb6462b3572906767b98,
EVENT_EMITTED,SEEK_CONFIRMATION,25a7bd35cee9b17073fda4684d2e8cb8dfa6a2ff394f87de27f44b0c0ad796d5,dd74075e8a0264a7bdda04ee0dcc1b85c9eb44165169029aaed2fc154eb27811,,,,,,,25a7bd35cee9b17073fda4684d2e8cb8dfa6a2ff394f87de27f44b0c0ad796d5,
EVENT_EMITTED,SEEK_CONFIRMATION,25a8afee212e62cd14a30268bd4260b929f7dbc77099852df2538ce55e33e244,76e2f3a60897d0e607fa4a4c60a18267bffe3cd5fd1a99c4d23a0c88b5936a8a,,,,,,,25a8afee212e62cd14a30268bd4260b929f7dbc77099852df2538ce55e33e244,
EVENT_EMITTED,SEEK_CONFIRMATION,26558a3087cdd6fb9d993f8122b059f239fe3c2d84d2c72cb055fd8304c4c154,39895205f0c972e24840ce80b0498b61acb91cb9f331a3cf4ea92c55b7231223,,,,,,,26558a3087cdd6fb9d993f8122b059f239fe3c2d84d2c72cb055fd8304c4c154,
EVENT_EMITTED,SEEK_CONFIRMATION,26a1252cf746e528e9cf4b8655da2340f14173133cbc40e7808ceac18e14c7d0,eae49e9757baaeabb8f45ef9285e235a17a7b2c2f9cc0fd5607534b3414d25a9,,,,,,,26a1252cf746e528e9cf4b8655da2340f14173133cbc40e7808ceac18e14c7d0,
EVENT_EMITTED,SEEK_CONFIRMATION,2802cc4bc6ddbeb7bb1b0cd49330ab7029096117084b01c88f7f5d576d3d4df8,90bd94ae36df2fa29f226172b8e3498c4a3a6a224dc5203cf8c5cbe4a93b994a,,,,,,,2802cc4bc6ddbeb7bb1b0cd49330ab7029096117084b01c88f7f5d576d3d4df8,
EVENT_EMITTED,SEEK_CONFIRMATION,28712f295f1bf174cb333026e5979b89b76f1162b00f933d1863897cdd1f65b9,50f46469d66be6a8c68d1c08636080ccb467273f1405a840b5bfa38d225c1d08,,,,,,,28712f295f1bf174cb333026e5979b89b76f1162b00f933d1863897cdd1f65b9,
EVENT_EMITTED,SEEK_CONFIRMATION,2888338c53e0166b238c8a01261e481ed754a110afa7c8e8d26038481a66e8d6,83f57d634cff108cd098eb1424cdd15613dfb5323a48019b4fa8ed235cfafa4c,,,,,,,2888338c53e0166b238c8a01261e481ed754a110afa7c8e8d26038481a66e8d6,
EVENT_EMITTED,SEEK_CONFIRMATION,2a046f941ab95bc5f4b7a7ef09f963a46b9fc73c8b4278f6a113cf275b3f8127,3f552c9564dc78732f1ccc9d0fa8636610425dfbd648eb9cf08ce4eff836a394,,,,,,,2a046f941ab95bc5f4b7a7ef09f963a46b9fc73c8b4278f6a113cf275b3f8127,
EVENT_EMITTED,SEEK_CONFIRMATION,2b1c75085d6112c3818dfba4f4b70460cd849b279058aad617b345372b464056,bc8fb37dcc43ea89e142a06a436d9a5e7b686a4f107b4320e0988aec1309a651,,,,,,,2b1c75085d6112c3818dfba4f4b70460cd849b279058aad617b345372b464056,
EVENT_EMITTED,SEEK_CONFIRMATION,2b74fa845b5a025b7a79a6cf99297b132e7b4523abac6ae6c37ad9a5c8370f59,679eacf9ae6707b9e742b6c1844efa237ca94c58ed4325595be2fa9802a796f9,,,,,,,2b74fa845b5a025b7a79a6cf99297b132e7b4523abac6ae6c37ad9a5c8370f59,
EVENT_EMITTED,SEEK_CONFIRMATION,2b880a272f19b9301cbbf8ac3129bee0bccfa60063dd7c50b546a85bd09aab2e,9645472649469f8d112e75f20465496395ff13de6105f501bb054589e7489085,,,,,,,2b880a272f19b9301cbbf8ac3129bee0bccfa60063dd7c50b546a85bd09aab2e,
EVENT_EMITTED,SEEK_CONFIRMATION,2bfd53ae5a213eeac6541aa54c3ca6d59dc6ebe89b962241271b82c965056f19,ac21ad0ee44957f7be7a0daa0546b11e6ea6504588abde0073638bdad048104d,,,,,,,2bfd53ae5a213eeac6541aa54c3ca6d59dc6ebe89b962241271b82c965056f19,
EVENT_EMITTED,SEEK_CONFIRMATION,2c4707a0a2d78a097589e29401967aa56c61f4c683298061673d6fb55e7129a6,206addf43bfca7acfda3a800fdfdedfb841c947bcea355db3ff4aec486be600f,,,,,,,2c4707a0a2d78a097589e29401967aa56c61f4c683298061673d6fb55e7129a6,
EVENT_EMITTED,SEEK_CONFIRMATION,2c7b874ad1ec29a378fb7125a12878d645690385f38cf8c96eca3210e3168c56,e9959deb9a05629373fb73254badb7d87058c9911f5871dab4066c62c6b44184,,,,,,,2c7b874ad1ec29a378fb7125a12878d645690385f38cf8c96eca3210e3168c56,
EVENT_EMITTED,SEEK_CONFIRMATION,2d55fdf4c74dfba53c4208ac802359f7b249ee40d129f2422c79b878c982b887,6cf9ce2aed41977bdced55ee13d4f3051ea3d2db39db7bd278b87d76f79cdbf2,,,,,,,2d55fdf4c74dfba53c4208ac802359f7b249ee40d129f2422c79b878c982b887,
EVENT_EMITTED,SEEK_CONFIRMATION,2e28286b51157320f6564a5b8d3318318dc45ff395b55a2b2c3c7c71b0e2e6cf,c37b1cfc8b57954b3acb15fe4a19c5f8b47c13d54df49ae824884813b4b915c4,,,,,,,2e28286b51157320f6564a5b8d3318318dc45ff395b55a2b2c3c7c71b0e2e6cf,
EVENT_EMITTED,SEEK_CONFIRMATION,2e491580639741ab9e9d0aabc4994aed43aa768a3400a1491f0f7f815ed88118,8dc7dbe088eb6fdccaf31bc4ca3f319af2c2d2c61ce3a2e474b9e5fa9f5cbc5b,,,,,,,2e491580639741ab9e9d0aabc4994aed43aa768a3400a1491f0f7f815ed88118,
EVENT_EMITTED,SEEK_CONFIRMATION,2eada6c882bd8aa66bf9828c90aca983206c6fc4be7f8b5365bd86f021f51318,45483a05d935a31ccec3c3aa6c9fc1f00dd0d9c9b327e688d6f1cf5dcf657f8b,,,,,,,2eada6c882bd8aa66bf9828c90aca983206c6fc4be7f8b5365bd86f021f51318,
EVENT_EMITTED,SEEK_CONFIRMATION,2f169db9ae00effab97e285dbf39a6b3dfd2135890ebc32c618569c7414ce8ac,986a2a4bdd3bc77d447443e0b3f28e08dbb5a1ed2bcd58fd202fced9167aba2e,,,,,,,2f169db9ae00effab97e285dbf39a6b3dfd2135890ebc32c618569c7414ce8ac,
EVENT_EMITTED,SEEK_CONFIRMATION,2f387b47c1fa21b3e61fe1135863f5878577359038655279e40dcceef790a170,4458f65fe9a70235785a06cbf548c53943367d1bea30650af7b9c460d96cb1e0,,,,,,,2f387b47c1fa21b3e61fe1135863f5878577359038655279e40dcceef790a170,
EVENT_EMITTED,SEEK_CONFIRMATION,2f66548f7f9ceedeee2611a06c9290968fa13918532143734277fb1f3b89f8d4,6a8e723333fcc2385dc09ddf32876e7bf4ab2adc72c6615288523aa597d7e457,,,,,,,2f66548f7f9ceedeee2611a06c9290968fa13918532143734277fb1f3b89f8d4,
EVENT_EMITTED,SEEK_CONFIRMATION,2faadffb5127171240e23cc3e07e378d378b607125d4bdc8fec85730e227ca2d,6e112488e69873c5166242ae26ef738762b39388d3ffb44a034169ffed165eb0,,,,,,,2faadffb5127171240e23cc3e07e378d378b607125d4bdc8fec85730e227ca2d,
EVENT_EMITTED,SEEK_CONFIRMATION,2fba2e643bdda2c4a721c508083b4ba367b4b29904d75fa961884a282dda1066,06d90d3e343887e3c3e583920ec357c6a9f6d02bf881e5f531cd02c538cea338,,,,,,,2fba2e643bdda2c4a721c508083b4ba367b4b29904d75fa961884a282dda1066,
EVENT_EMITTED,SEEK_CONFIRMATION,3099b48f840525165b4562205c018abebe0c9b57825dda734e4913338765b7ed,2f928ac22f5fbcf1a7573e8365d69b279ca8c6596ca5036bf6da8b08a3c25200,,,,,,,3099b48f840525165b4562205c018abebe0c9b57825dda734e4913338765b7ed,
EVENT_EMITTED,SEEK_CONFIRMATION,31cc4efaf0db696d7d218d4cd9466de2ac00f2b7212192afc71444946902b3d4,211dbbcb914efe3cd3b0008724069943aaafdbaa55307e422035b8c700e24a4c,,,,,,,31cc4efaf0db696d7d218d4cd9466de2ac00f2b7212192afc71444946902b3d4,
EVENT_EMITTED,SEEK_CONFIRMATION,332c600fca1be0507811133ad2f4abe366e5f778b9eaa3e9fb5ec40e3fa99ac3,2ebd42e25b63a78619c9fd3a954dafc83a065ed70915c67c6e067dbb6418606f,,,,,,,332c600fca1be0507811133ad2f4abe366e5f778b9eaa3e9fb5ec40e3fa99ac3,
EVENT_EMITTED,SEEK_CONFIRMATION,3395c87d829bba8a3cb3c85c25b95e1ffdd039cbfd1edfbd122233408ed66cb7,6c57ad49c3c2623ca3d9581e44648068b96739c40c3e614cf8efad6abb86dcc0,,,,,,,3395c87d829bba8a3cb3c85c25b95e1ffdd039cbfd1edfbd122233408ed66cb7,
EVENT_EMITTED,SEEK_CONFIRMATION,33dfec315af6f3bd896779d8f6ad0d1c0a683f100055df8a9c36f4348b1c4a50,7818a376c0d4b0c33d58632ce0e72f1162196fee87e2fdab725221264fcc625b,,,,,,,33dfec315af6f3bd896779d8f6ad0d1c0a683f100055df8a9c36f4348b1c4a50,
EVENT_EMITTED,SEEK_CONFIRMATION,34ad916a3ce781fd1cf32c212aa9661ff1c639b660efb1d96b94f5f27a33a651,7679911b59f6781c7e54ca11d391e0cc3b27a5fa00d76b6a5842608862d3560d,,,,,,,34ad916a3ce781fd1cf32c212aa9661ff1c639b660efb1d96b94f5f27a33a651,
EVENT_EMITTED,SEEK_CONFIRMATION,34d03b3d1c6dc0d89e632f23fe883a205fabe1aa45f69fe0e070c8b55c581a3c,280a178a5511154c47fa9621f9a36682b03d4019b91d4691dbf5c3df7981e6fa,,,,,,,34d03b3d1c6dc0d89e632f23fe883a205fabe1aa45f69fe0e070c8b55c581a3c,
EVENT_EMITTED,SEEK_CONFIRMATION,368f5e42fb6ce2a14b7d180d4d35b5815bb764542730f4dc58dded21b70b2c07,627c9a6f0e1332413da6aa321da9e46da9c7f9a23f0ad69044234400bdc9b57e,,,,,,,368f5e42fb6ce2a14b7d180d4d35b5815bb764542730f4dc58dded21b70b2c07,
EVENT_EMITTED,SEEK_CONFIRMATION,371226b2513f7fd7a5b971df246a09221c82c183937e23c156492734e8b95ee2,c488216b0e897855ef34b2fa9b5700d5c68e524f06d88e9d2f4d4a00474e7f7b,,,,,,,371226b2513f7fd7a5b971df246a09221c82c183937e23c156492734e8b95ee2,
EVENT_EMITTED,SEEK_CONFIRMATION,3748a2b7ad520cc7f84036142e6f36d332ba1dcdd1e60228885c255e7cb52416,a2494ac8421fa445a75dc76bfdb15c4b4ad091d4dd1a3309aa74908f4597cafb,,,,,,,3748a2b7ad520cc7f84036142e6f36d332ba1dcdd1e60228885c255e7cb52416,
EVENT_EMITTED,SEEK_CONFIRMATION,38bc68bec7b9ca1056b818da89107d420a5cac087fb4dc513de7ca2a086c35d7,59cebabfe665830e67865b0106c65123ff167c9ee880eea691393c1e75aaa4db,,,,,,,38bc68bec7b9ca1056b818da89107d420a5cac087fb4dc513de7ca2a086c35d7,
EVENT_EMITTED,SEEK_CONFIRMATION,38c662cb71956c70490dffd2cd44d959f753b583428cf59f20c20473df2288a0,6282740a5816df8de762a678f634f54f6fb796b432e0a1b3720235616abdf653,,,,,,,38c662cb71956c70490dffd2cd44d959f753b583428cf59f20c20473df2288a0,
EVENT_EMITTED,SEEK_CONFIRMATION,38cc2a82bccde98f06ab92a08d4d51ecef80ab0400431efdd2819e5dcd0d9575,733dab75fc9175a8b122183377c5a17cd3f7d33f121c7dde5ece708cdb378fbf,,,,,,,38cc2a82bccde98f06ab92a08d4d51ecef80ab0400431efdd2819e5dcd0d9575,
EVENT_EMITTED,SEEK_CONFIRMATION,39b246d25d3e57bcdfc64d0f834c914a10d3215a7d44b01cab16d92c6bd0eda9,02cd4f76f20108e5eb617714d534281f44179fc097e7cda98d0705404eab63aa,,,,,,,39b246d25d3e57bcdfc64d0f834c914a10d3215a7d44b01cab16d92c6bd0eda9,
EVENT_EMITTED,SEEK_CONFIRMATION,3b0dd47725c59756f51965757f01df63437978fe06c1451db9505aa1b12048aa,1c16ff638bf604af9ba5521f81fbcccaca8a7d9190d78a223819e0e648235f2b,,,,,,,3b0dd47725c59756f51965757f01df63437978fe06c1451db9505aa1b12048aa,
EVENT_EMITTED,SEEK_CONFIRMATION,3bf90ad4ed4eb481994c93983bd947a8f5b46b0b5b78cc0b1c4e2319f43357b2,018a1e1b48e15d6a5527fecd16f8638627487cde57f9726a82dd763a2c111323,,,,,,,3bf90ad4ed4eb481994c93983bd947a8f5b46b0b5b78cc0b1c4e2319f43357b2,
EVENT_EMITTED,SEEK_CONFIRMATION,3cb6828eaba4941b12d03d8ec74081cd982f3398fe54db0adb4a01e59b101622,ef7a0d75852d024fcc28d0e69c60b0892b84e0012c3b45e2be0487a56e90551f,,,,,,,3cb6828eaba4941b12d03d8ec74081cd982f3398fe54db0adb4a01e59b101622,
EVENT_EMITTED,SEEK_CONFIRMATION,3db6a48485822a745154cde6e67d18d7924ad38951e3ad957632669d8a53c53d,0777356e8766d0adc218b3858bfd8a9548f9fa990bff59440bd688a8b6c197ff,,,,,,,3db6a48485822a745154cde6e67d18d7924ad38951e3ad957632669d8a53c53d,
EVENT_EMITTED,SEEK_CONFIRMATION,3e3b7f941926f7892e14c1e0b3cad851bfadeb0660641fb4dd91e57719dc1743,b0487e3ea5591d232bbb9b7c72adbfa15cd505560c0b564ae338969626fd6890,,,,,,,3e3b7f941926f7892e14c1e0b3cad851bfadeb0660641fb4dd91e57719dc1743,
EVENT_EMITTED,SEEK_CONFIRMATION,3f882af2b1f081ef3003dfb07debc406937df9c8850f9d6727a1be216be245ab,11a39e01bc8ee11481df65d07cb9af37bdb2a52a8aa8f8c9317805a97ddfbc1d,,,,,,,3f882af2b1f081ef3003dfb07debc406937df9c8850f9d6727a1be216be245ab,
EVENT_EMITTED,SEEK_CONFIRMATION,3ff5b75e2307944ddd59d0ab66c2113b566d07f0d41d0f9e4ed6c0493da63f04,90b5efe350a2254b04a6f10006f8f7e79d4a88d25af69b2a748ee2915770347f,,,,,,,3ff5b75e2307944ddd59d0ab66c2113b566d07f0d41d0f9e4ed6c0493da63f04,
EVENT_EMITTED,SEEK_CONFIRMATION,40c41ba44d73c239ca27d4c53381f9b5c36262ee4d0dfdc9556f85eebe4c5afc,b3d8a02080631936ee59d25e1c400168225d44fadb4aebf46ed216b23f8318af,,,,,,,40c41ba44d73c239ca27d4c53381f9b5c36262ee4d0dfdc9556f85eebe4c5afc,
EVENT_EMITTED,SEEK_CONFIRMATION,42f0f0683d362768e7021d2bd1968e2cd6df454c4d5afd79ca2d0e276202d7b9,6c453caafefc7b68522b7dc08fc4cb5069cb6e8c20b50706f99d6f655a2451ae,,,,,,,42f0f0683d362768e7021d2bd1968e2cd6df454c4d5afd79ca2d0e276202d7b9,
EVENT_EMITTED,SEEK_CONFIRMATION,432b27e9e890b463ca3e22572fef6eb221a41df5ce0ef95622cae7f92f6c7d32,abaf0a9122cc28e4cd2a45b8e68690a82fba30f2f2d4f724421916a2f6d10b18,,,,,,,432b27e9e890b463ca3e22572fef6eb221a41df5ce0ef95622cae7f92f6c7d32,
EVENT_EMITTED,SEEK_CONFIRMATION,43dac19799918bf9e7834c6e55feaa0e88c1b9457c429ff76fadaa77d0de24f0,1e2164ff2560efc1549fed9c7496d3fe2463ac5b8b25a721d917aec4f8ab2dcc,,,,,,,43dac19799918bf9e7834c6e55feaa0e88c1b9457c429ff76fadaa77d0de24f0,
EVENT_EMITTED,SEEK_CONFIRMATION,46a0a455a5733c0186647d498c734ad6062c7d3e9434bb357a0c93c7bba2a42d,5cf723e73dd0fca8e363125e9bf900aacfd33c1c148efce3b6eb5b64990d42da,,,,,,,46a0a455a5733c0186647d498c734ad6062c7d3e9434bb357a0c93c7bba2a42d,
EVENT_EMITTED,SEEK_CONFIRMATION,46a230af7b71c9eec87649249ed374391b75ec03442febf30f023f301d6980cd,7df1d134534ee186e4886d3652d689d045671a269b31c325f5da87ec27bec069,,,,,,,46a230af7b71c9eec87649249ed374391b75ec03442febf30f023f301d6980cd,
EVENT_EMITTED,SEEK_CONFIRMATION,46b650d7ac169b84641b7e0f71c2f75544acc17f842bcc16179024c49208fddd,f9e610c63d3d344d3eda408b4f6c2dcfae804134a0ea602872fcb02bad1e64fc,,,,,,,46b650d7ac169b84641b7e0f71c2f75544acc17f842bcc16179024c49208fddd,
EVENT_EMITTED,SEEK_CONFIRMATION,4755d633e3b9edff0bf8a88033c0759769bbb625f5acefd4306421b5d3e58863,a7b3c3a9ca87f224ea036eaf9d30da0a8fa078551e6f054b486cc1d69d291f1b,,,,,,,4755d633e3b9edff0bf8a88033c0759769bbb625f5acefd4306421b5d3e58863,
EVENT_EMITTED,SEEK_CONFIRMATION,484ba20e738b6080987ae5e2aa4b8f5c2fb4a975f1394af3a76e59ccb07bf0a7,941daed9ae6df9f41688e728ed2996c829ace432d13d50ff446950ea2444957c,,,,,,,484ba20e738b6080987ae5e2aa4b8f5c2fb4a975f1394af3a76e59ccb07bf0a7,
EVENT_EMITTED,SEEK_CONFIRMATION,48608ad474fddf9d1a06ccfca8e4e0e5f4e5cd45abef1b26500b228d254c64fc,aaedf5715a5454a598ea96f50179e4f5c8376de2a2d88b6428609ae0cc0a29f7,,,,,,,48608ad474fddf9d1a06ccfca8e4e0e5f4e5cd45abef1b26500b228d254c64fc,
EVENT_EMITTED,SEEK_CONFIRMATION,48a0a0f525ec1b024c956553d12e82a78fcfd203c0cd97f425816a39ffaaffa6,fbb96976b982ed4363f57bfd7924aad694fadf08a857ef742faee4d9c56b4f49,,,,,,,48a0a0f525ec1b024c956553d12e82a78fcfd203c0cd97f425816a39ffaaffa6,
EVENT_EMITTED,SEEK_CONFIRMATION,48fa299c2d15d034e40c8a625d767cb9b19a8900dbe6d5e80eb5bcd1bc3bcd17,13cd19673dd0d16273d12a77431f8553509e18f44ce837fe0cf28955969e1b10,,,,,,,48fa299c2d15d034e40c8a625d767cb9b19a8900dbe6d5e80eb5bcd1bc3bcd17,
EVENT_EMITTED,SEEK_CONFIRMATION,493c02c27630594ab8e6ed040e0092fabeae6e698be5d23913b8b99eb90a116a,5f42256395a2d93b27a32408de69968d63a566106e96740eb7c59d641cc58ba2,,,,,,,493c02c27630594ab8e6ed040e0092fabeae6e698be5d23913b8b99eb90a116a,
EVENT_EMITTED,SEEK_CONFIRMATION,4984d5f6028fb05aeb108c248edb3886ebcfad15d724e019d793de8872fd7322,0e74cc51f7ef215506f8db59be00c6e1c4b7e648021c21b3686b8842f845215a,,,,,,,4984d5f6028fb05aeb108c248edb3886ebcfad15d724e019d793de8872fd7322,
EVENT_EMITTED,SEEK_CONFIRMATION,499962689c1079629807add0019831e7189a0e1ec9e25772fb4f899454119042,e86bc9d87b7d3b71ca341af347cc4c0d72996290158e8d4006f83b070040d72b,,,,,,,499962689c1079629807add0019831e7189a0e1ec9e25772fb4f899454119042,
EVENT_EMITTED,SEEK_CONFIRMATION,4b26b49fb88c8467b66fc0169dc61d1499cabc0b0a4b4b0180cc181f7739241a,75db773945e7f0c7177a55b1136aa7ee8e11aacd6c395259dbc60a89c865d741,,,,,,,4b26b49fb88c8467b66fc0169dc61d1499cabc0b0a4b4b0180cc181f7739241a,
EVENT_EMITTED,SEEK_CONFIRMATION,4c9598938657dc9c6ee55bf4838b01c8291cb630874d4e9bcc254443656cd2c7,e11fd68e44d378e677019e53c3cc788169f9d1c160a8eb8938b285380bd827e1,,,,,,,4c9598938657dc9c6ee55bf4838b01c8291cb630874d4e9bcc254443656cd2c7,
EVENT_EMITTED,SEEK_CONFIRMATION,4cde7a0f43b10783d598c3d6f0f2efef7d4b9b800405b9a6724e791c0b56fc91,028d2652901e122c59c988fdd42a55bd947609295a19b030b3556f07c76ab635,,,,,,,4cde7a0f43b10783d598c3d6f0f2efef7d4b9b800405b9a6724e791c0b56fc91,
EVENT_EMITTED,SEEK_CONFIRMATION,4d4949c1577fea539c6b0d77592eb481ff6569c46667c0b56c949878b84a076c,21b9156a6ffc75e924181c2a789c4a3b47cbc3a7afc14f1e317fe2e99d93dd06,,,,,,,4d4949c1577fea539c6b0d77592eb481ff6569c46667c0b56c949878b84a076c,
EVENT_EMITTED,SEEK_CONFIRMATION,4e201d5ce4dd563db06f9ac9956c58c3717d33083b9d32ceac292eb2820afc5a,a38aad1051d89302178fd5c8f1038429191eba7762098182c0dc3c67d5a78a82,,,,,,,4e201d5ce4dd563db06f9ac9956c58c3717d33083b9d32ceac292eb2820afc5a,
EVENT_EMITTED,SEEK_CONFIRMATION,4ea6a2442fb2e20b70f5ab95b90c31eba7106ab6d023f835b744a272500aa5f6,722c7ae33994558624b1ad1bbe0a77251eddb8011b793d9c91e3d09c687e83a5,,,,,,,4ea6a2442fb2e20b70f5ab95b90c31eba7106ab6d023f835b744a272500aa5f6,
EVENT_EMITTED,SEEK_CONFIRMATION,4f368b557db8982180351d01e9cf15b31d601cd534a846000d41d820ce29a37e,bb7345b494ae7ee83334d49ac9489dfaf9dc482247932b5173b9eaf1ca9bbbbc,,,,,,,4f368b557db8982180351d01e9cf15b31d601cd534a846000d41d820ce29a37e,
EVENT_EMITTED,SEEK_CONFIRMATION,5000c4bb2adabe667f239297bf8fe1f1020d0cb579185ef4e26264efce164a30,3271fd3cc20b13cf0910c3db12742830e955274e376fa185008b255befebd600,,,,,,,5000c4bb2adabe667f239297bf8fe1f1020d0cb579185ef4e26264efce164a30,
EVENT_EMITTED,SEEK_CONFIRMATION,5198295848a6d611cbe2fe10c7977af08b3c607fe1cc7c408d717c389337d547,2b6229510645886d0bbf36878b202949988aaab1661cf9aeb84d04aadef2630a,,,,,,,5198295848a6d611cbe2fe10c7977af08b3c607fe1cc7c408d717c389337d547,
EVENT_EMITTED,SEEK_CONFIRMATION,51b214b11fb51afc926a00855ea367ca1f2e12c801f84d19ee379b517f678bdc,bb96562aac413e1374b5cd942e6c08d6e08735520368c39de7e2f02fd0aaeb40,,,,,,,51b214b11fb51afc926a00855ea367ca1f2e12c801f84d19ee379b517f678bdc,
EVENT_EMITTED,SEEK_CONFIRMATION,5282b49b0072d18994013207d7db1ba7546280710bf301b7c62caa01a315cbf1,83c13e5c7e1a6b9faa8ee63af550b501ab663127345a5573641974c35db04c1c,,,,,,,5282b49b0072d18994013207d7db1ba7546280710bf301b7c62caa01a315cbf1,
EVENT_EMITTED,SEEK_CONFIRMATION,53beb021c1b30bd00196c5884e2b5ab4f9ad20d39546a66f2b1323677a03dee8,099ecf19172e6e5ce0603085f8dcc8aaaddc107b1d7dff685f2293fda2a043f1,,,,,,,53beb021c1b30bd00196c5884e2b5ab4f9ad20d39546a66f2b1323677a03dee8,
EVENT_EMITTED,SEEK_CONFIRMATION,54f01722f251034f7cd22400335e35f1258099be8c65d13003fd300e83d633eb,a2fe7b060f92547c5067239fa3b695f0afbeca66f96721ce07e1c354b349b904,,,,,,,54f01722f251034f7cd22400335e35f1258099be8c65d13003fd300e83d633eb,
EVENT_EMITTED,SEEK_CONFIRMATION,551838a28eb5a1568ca0bb4967dc38d8265fdb32a50b769172224c1f757005f0,f52b728ebf56afab3811b23e2915771e491dc35308c808e33081ca673e2a5e94,,,,,,,551838a28eb5a1568ca0bb4967dc38d8265fdb32a50b769172224c1f757005f0,
EVENT_EMITTED,SEEK_CONFIRMATION,558c408ccfec9974c1fad2a70caca627d5c806bb06bebdb6e29bcab5eb62d2d0,d214b69717fced409af7e28923b010b8bfd4c4cbaa388da0dcadd399b69bc018,,,,,,,558c408ccfec9974c1fad2a70caca627d5c806bb06bebdb6e29bcab5eb62d2d0,
EVENT_EMITTED,SEEK_CONFIRMATION,55f4876c3aba74cef6c8ebb5602d6f39c75461654c50addc20776194efd0e83c,da304f6674fd9e564e888de15efee142660bd2c30abf02ca9e4521983c1e0444,,,,,,,55f4876c3aba74cef6c8ebb5602d6f39c75461654c50addc20776194efd0e83c,
EVENT_EMITTED,SEEK_CONFIRMATION,560726e38e46f552ee2b98317c21b58a8f869347c1120c6f77eef63914a5575d,cfef70125e990ec31bd8700d92d5cf530a9bbfb60c72a11866158652f9e8bb32,,,,,,,560726e38e46f552ee2b98317c21b58a8f869347c1120c6f77eef63914a5575d,
EVENT_EMITTED,SEEK_CONFIRMATION,571dbb5040b5dc43eb5ad0d68e67d6d2f8b50a77229441a5dc8929909c4de071,b595318a2a1438d8bd9e4503b11fb60628a753083a471b3201d52db490606e97,,,,,,,571dbb5040b5dc43eb5ad0d68e67d6d2f8b50a77229441a5dc8929909c4de071,
EVENT_EMITTED,SEEK_CONFIRMATION,576353796a96983a072f8a689aae2b2991e4f4fef233a115059f98bfe54fb802,98c1bd5a0cfa4414a44d783d722b083bd76cbf1b5108faa20c4dd2e6950eda2f,,,,,,,576353796a96983a072f8a689aae2b2991e4f4fef233a115059f98bfe54fb802,
EVENT_EMITTED,SEEK_CONFIRMATION,584879515966c3be701a5575dd3c0428e321e88a78dbaa39d2f3a6a0cf970e06,5277c3ee462cb30ae1b880d53675286bd39566a7f9be7f90111101044223374f,,,,,,,584879515966c3be701a5575dd3c0428e321e88a78dbaa39d2f3a6a0cf970e06,
EVENT_EMITTED,SEEK_CONFIRMATION,5883ede8f1ae5dac55cd61942059291660ef5c438a7b235c820c46345bd5806c,55feaec5af6c68cbaf1d40c806728c03be37844ccfa2b2940a6e3c329b772634,,,,,,,5883ede8f1ae5dac55cd61942059291660ef5c438a7b235c820c46345bd5806c,
EVENT_EMITTED,SEEK_CONFIRMATION,591c069ea7197b1cd87629746d63681f8e81b9c8ae79096fd715aaa9aef1ac38,2699bd96fd91f3d787c6628e8740fe38de344eb0d3cee5ded0a66103beb52239,,,,,,,591c069ea7197b1cd87629746d63681f8e81b9c8ae79096fd715aaa9aef1ac38,
EVENT_EMITTED,SEEK_CONFIRMATION,5980c36af53970596db7e1bc27cc65d9b3cd3a7eb5c17c3af7d4058c500eb862,7ad9aa965823c3d8b88ba3ad60b98cce11d2b014425e4b202670fff945514051,,,,,,,5980c36af53970596db7e1bc27cc65d9b3cd3a7eb5c17c3af7d4058c500eb862,
EVENT_EMITTED,SEEK_CONFIRMATION,599b1a024e8424fc71cdcc3c185bfa40ad099a25560ee3bcab3f8eef4fab3885,45738cbf7a99e5174c81024b3acc1806f4186b119845b1fda166949a4daca2af,,,,,,,599b1a024e8424fc71cdcc3c185bfa40ad099a25560ee3bcab3f8eef4fab3885,
EVENT_EMITTED,SEEK_CONFIRMATION,59fdcf5a010c0ac4336c63709efa0572b86bab3fd48ab0958ad17db1427ed89e,7fe8995ece3df4e3a9cf357d0cac08fa5276bd3c7cd72d93e9ccd5b25543621f,,,,,,,59fdcf5a010c0ac4336c63709efa0572b86bab3fd48ab0958ad17db1427ed89e,
EVENT_EMITTED,SEEK_CONFIRMATION,5a9f6ea6120ab39457494190c99c40955289fca5ae37134dc2906ae89fe8f1e0,482010bd950efa57ae884bdc777d6bf92ec132e124c499f79bd0c7c346390302,,,,,,,5a9f6ea6120ab39457494190c99c40955289fca5ae37134dc2906ae89fe8f1e0,
EVENT_EMITTED,SEEK_CONFIRMATION,5afb85577e93530ad44667b093558d7943fe0c86acd7421869f2ff3bb03764e1,8ca2735b4e633afaeca4e21f919ccb3608b5a8d07b25bbe0218f61a5f60d33a3,,,,,,,5afb85577e93530ad44667b093558d7943fe0c86acd7421869f2ff3bb03764e1,
EVENT_EMITTED,SEEK_CONFIRMATION,5b0c98551c1cbf8c90ab2bd6b7847e75ddd7a7faef20dce0ed1e8292384dcb78,f177b3d5f95bc2d93203908804cf73269593739477ceb2b46ffd5a407808313b,,,,,,,5b0c98551c1cbf8c90ab2bd6b7847e75ddd7a7faef20dce0ed1e8292384dcb78,
EVENT_EMITTED,SEEK_CONFIRMATION,5c0787989c405add409cbac1b1fc938873cd2ed9f25b26fba1d26c56ff1e8c9e,341912d6bc34c32f28bee49a6712c0a338f168d00047aa5ae5fe2bb554bdcad6,,,,,,,5c0787989c405add409cbac1b1fc938873cd2ed9f25b26fba1d26c56ff1e8c9e,
EVENT_EMITTED,SEEK_CONFIRMATION,5c28c49b8f811b07600b70db65005e80b8059627e5213819cd95f690e76e654d,1f58950e469adce1077538cd6e7ad88436fb7caf52442ecd6b5edec06f53799d,,,,,,,5c28c49b8f811b07600b70db65005e80b8059627e5213819cd95f690e76e654d,
EVENT_EMITTED,SEEK_CONFIRMATION,5cb0bf8f79892ccc5499207b999c838a63e97d84f46b4c683514d82022fcbd53,68322431c9b7707559576ffb16e7a37dc39dfcc1137f24693b7fec6ec5842f9b,,,,,,,5cb0bf8f79892ccc5499207b999c838a63e97d84f46b4c683514d82022fcbd53,
EVENT_EMITTED,SEEK_CONFIRMATION,5cf30f1e41d2fbd73916b356d7a0c6c269bb6407ccaadffbcc516057ffca9809,8c80daf6473cb68d0a42ca9eebf36de098c95cfe537925250290465608ca3dcb,,,,,,,5cf30f1e41d2fbd73916b356d7a0c6c269bb6407ccaadffbcc516057ffca9809,
EVENT_EMITTED,SEEK_CONFIRMATION,5d763a0917f9022330a948629d9a8a27d6842dace2ee7a945ff96ab40914be62,e83453d49164508bd7319e590252167e409c341c81c4cb4aaadf3ed2f63292ba,,,,,,,5d763a0917f9022330a948629d9a8a27d6842dace2ee7a945ff96ab40914be62,
EVENT_EMITTED,SEEK_CONFIRMATION,5d8f89afecab6f15fd7298fc527f7498316f3cb40c1fc76f3cedef094f4262d8,a7ec5fb01a700c3dc0ec77fd415c643e3d83958de6d555e0bad9b43a9dbecf28,,,,,,,5d8f89afecab6f15fd7298fc527f7498316f3cb40c1fc76f3cedef094f4262d8,
EVENT_EMITTED,SEEK_CONFIRMATION,5db2d2cdea78a93820549c03bc03c43e1711f9e3c9f978224b2bd804079f4786,12b24773d7772917d789bee5514e4bfa337956b590de2ac5cbfbeaa8f7c0b59f,,,,,,,5db2d2cdea78a93820549c03bc03c43e1711f9e3c9f978224b2bd804079f4786,
EVENT_EMITTED,SEEK_CONFIRMATION,5ded9f5c96da05392b14bbfbf85e2e2ba89d074363b9ef1a040edd4c62f19d7a,e3fc177b7c7a9afca6d80407ea3afe3a4d66b59f597d1d449a563792bdbe4205,,,,,,,5ded9f5c96da05392b14bbfbf85e2e2ba89d074363b9ef1a040edd4c62f19d7a,
EVENT_EMITTED,SEEK_CONFIRMATION,5e0da4df246795474b99bcebab096e95c715dd573305b68697dc1257d95d4782,033fd709cfa6dcb324bf74525a36b9e8a2b1cb54069da19bffced2fc144c5a8c,,,,,,,5e0da4df246795474b99bcebab096e95c715dd573305b68697dc1257d95d4782,
EVENT_EMITTED,SEEK_CONFIRMATION,5e50c848083e2ed9f6500904cce7235bf1103f428e32bc1759ebc5050cbc64de,48901f030e0a44e3bf520ca1be3134be9b7fe8311a2af500e17b97b360a97cd7,,,,,,,5e50c848083e2ed9f6500904cce7235bf1103f428e32bc1759ebc5050cbc64de,
EVENT_EMITTED,SEEK_CONFIRMATION,5e63f980b828e221d5c64971c8ea187ba267b774b7cb36d55d1b9a12a9e8d386,7d6f332f0d5f7ca443aaac9e8d8adb7be6825c3a08935120674d882b55328e8f,,,,,,,5e63f980b828e221d5c64971c8ea187ba267b774b7cb36d55d1b9a12a9e8d386,
EVENT_EMITTED,SEEK_CONFIRMATION,5ee44d44ab2ec486a082b72f35584f057b28c9d07698f8f2221a24c53c1da443,df07bd54402f4fb94a5a0965b8e03234c064ce5dc481b71272fde3431d6e3adc,,,,,,,5ee44d44ab2ec486a082b72f35584f057b28c9d07698f8f2221a24c53c1da443,
EVENT_EMITTED,SEEK_CONFIRMATION,5fc81fa72fc952d544c525ef7d758db4968382b8a3443b4fde1870aaf35fa815,49acdc764f132b1a0006ae680f0875aab6939b5e5a9ab24879c888a837f10b24,,,,,,,5fc81fa72fc952d544c525ef7d758db4968382b8a3443b4fde1870aaf35fa815,
EVENT_EMITTED,SEEK_CONFIRMATION,6047cfd294add6d7c236041b10c1ea9a0a4e542971015102720ea9aabf8fc25d,138fc9a023f3e503869d1fc5dae3ef313ae50d85a93fa6f45484b07d9709b34a,,,,,,,6047cfd294add6d7c236041b10c1ea9a0a4e542971015102720ea9aabf8fc25d,
EVENT_EMITTED,SEEK_CONFIRMATION,606493f27d9db8b5b5918a04a758d2a762165e5f038d333e5f6178a089a7c981,ff23a11647fa152ce0af85bcadcccfdaa8b2830480f5bf02aaedecd078930b99,,,,,,,606493f27d9db8b5b5918a04a758d2a762165e5f038d333e5f6178a089a7c981,
EVENT_EMITTED,SEEK_CONFIRMATION,60f4490fc87f950e6d5d1675b71d118636406f5e9f619a43117c369481338b34,e2722faf588a66ce0cb87224da39b8ab71e73ff23ab9b7161c12cac78dab8668,,,,,,,60f4490fc87f950e6d5d1675b71d118636406f5e9f619a43117c369481338b34,
EVENT_EMITTED,SEEK_CONFIRMATION,611026a8b0afc7d1a3c6f72e8ebe328a28738007dca3b06f6801c90ba520c947,067207139c8f68d0ad90969f5ebd56f35d6495bfa99290987f6f65be2afb7364,,,,,,,611026a8b0afc7d1a3c6f72e8ebe328a28738007dca3b06f6801c90ba520c947,
EVENT_EMITTED,SEEK_CONFIRMATION,612ca7b3297f06d857ca62f6503947f1d5eaf1c03c819ee55fc6fc526f522de8,422047e1d03aed4af2d7a472357b2c3aa0abe7290ad61c827a02ee42e2f9bd13,,,,,,,612ca7b3297f06d857ca62f6503947f1d5eaf1c03c819ee55fc6fc526f522de8,
EVENT_EMITTED,SEEK_CONFIRMATION,615943f069630794328888f9669f281744eac0e9e8372e84fc4dc9cc35071ff8,5c19f6f2a82e47bc4621de523e117f32739e5c7121dfcdce96ce00b43d90a718,,,,,,,615943f069630794328888f9669f281744eac0e9e8372e84fc4dc9cc35071ff8,
EVENT_EMITTED,SEEK_CONFIRMATION,61e213511516626977de12f0f2f37cafecda7dffc66ea09c5afe351c282b3f8a,8d2ffac6ed9ae05a36654920bd2896f24017c30e28c2feec0fc762799e4409ee,,,,,,,61e213511516626977de12f0f2f37cafecda7dffc66ea09c5afe351c282b3f8a,
EVENT_EMITTED,SEEK_CONFIRMATION,61e6787121a84686448aa6e37e8c090f7389dcb8fed78c7ea126a2977f1f6b0f,a6e5079308cd1a7f74a4e6269a223eb2f3eeef28923d65ec7c019d376b0a6d48,,,,,,,61e6787121a84686448aa6e37e8c090f7389dcb8fed78c7ea126a2977f1f6b0f,
EVENT_EMITTED,SEEK_CONFIRMATION,625dba91851de0a43fd60c8abc9748b27374ec433e0ccbd59432c796e3793d22,6f3ffc8c1b81e84a9d0ad5af9a6bd2fecc6b0e018edf634292cb5e255c27af31,,,,,,,625dba91851de0a43fd60c8abc9748b27374ec433e0ccbd59432c796e3793d22,
EVENT_EMITTED,SEEK_CONFIRMATION,6297ab2107b634700de5c218728f64630de44eef6c050d4d7cc0dee361655497,90fb352e60c1b69c8ce2a882f4c57e8e98c9521266068224fd8fbf7777b0b7b2,,,,,,,6297ab2107b634700de5c218728f64630de44eef6c050d4d7cc0dee361655497,
EVENT_EMITTED,SEEK_CONFIRMATION,63b607fe2856773219b43e8d70bb3e9a4226e56f9a8d5faacd2f5f762a803437,010277a7018a6c6209b0ea4c79ef5c8aff2fb9d9e57dbc17837d0bb064e506c0,,,,,,,63b607fe2856773219b43e8d70bb3e9a4226e56f9a8d5faacd2f5f762a803437,
EVENT_EMITTED,SEEK_CONFIRMATION,6442d46d6e805920f296d1fae753ebaad9afd79cf2c70d5c42c1d80aa34de6ad,b812e07eceec4f2e74c26e681a78c24505a502acd793bde3a2a482b5ebfecec5,,,,,,,6442d46d6e805920f296d1fae753ebaad9afd79cf2c70d5c42c1d80aa34de6ad,
EVENT_EMITTED,SEEK_CONFIRMATION,644f70288d4b1016ac30acb10f90ce2a184709af9cc24edfa8736693d040a623,49ecd833b0bb82d09d31f25b8351069294ba427dfe52fe978ba2cb1735ebb8b7,,,,,,,644f70288d4b1016ac30acb10f90ce2a184709af9cc24edfa8736693d040a623,
EVENT_EMITTED,SEEK_CONFIRMATION,64d4ecbc80eafc947631ed33bc5f365feb03f6ecbd5968ee4ec4fbb5f1219141,906ec4e673683a81dcecb0212efb117a37c6f1307efbb36217165838618edae9,,,,,,,64d4ecbc80eafc947631ed33bc5f365feb03f6ecbd5968ee4ec4fbb5f1219141,
EVENT_EMITTED,SEEK_CONFIRMATION,6541915a0c90e74d347417483ae86857657fb76f820cd164b9f079787294839a,92edfcf62eaf46e9c249839769e93e393bb8ee52baab8ccb5bdac0257e720037,,,,,,,6541915a0c90e74d347417483ae86857657fb76f820cd164b9f079787294839a,
EVENT_EMITTED,SEEK_CONFIRMATION,6564106a5eae0cbd902f27f28d445458b08f2e368df9bbf39023a177e8a96456,bd37e0b4decef800f0f0037b9b523da85297866305af04c07c8e3fdcfcea1313,,,,,,,6564106a5eae0cbd902f27f28d445458b08f2e368df9bbf39023a177e8a96456,
EVENT_EMITTED,SEEK_CONFIRMATION,656a7a4de338a802fa4daf6c04fe16a4150f85f72a0e6ccb1caf9a48f17d35d3,fbd64f8d99f4d165847e815aa67052d0338f8d7ae1263a8fc3d51a6f66d892f5,,,,,,,656a7a4de338a802fa4daf6c04fe16a4150f85f72a0e6ccb1caf9a48f17d35d3,
EVENT_EMITTED,SEEK_CONFIRMATION,6576845619c69b0c879b8d7a985dc2d3aac52acb7dbfc4c28a37259985cfb5ea,5f5c854491dc083ee258beaebf3f00365ab075a1881e38fbece494bd05f70774,,,,,,,6576845619c69b0c879b8d7a985dc2d3aac52acb7dbfc4c28a37259985cfb5ea,
EVENT_EMITTED,SEEK_CONFIRMATION,65a5a18bd1bc5198f84783f4e6a90b46f72fc50f0774a9008ae81d2240eddef6,140165c73c08b11562c46648a16d7c66448c3ce152cc98fc6a4f823241af335b,,,,,,,65a5a18bd1bc5198f84783f4e6a90b46f72fc50f0774a9008ae81d2240eddef6,
EVENT_EMITTED,SEEK_CONFIRMATION,65cee9a26297e08777b6f0140e19f13e14f26027f9abe344162f3542b4c25fc1,47e80b4d0ef15a64a78aa70c7d8726334fe2b56f0944359eafa7ddeaae83ac4b,,,,,,,65cee9a26297e08777b6f0140e19f13e14f26027f9abe344162f3542b4c25fc1,
EVENT_EMITTED,SEEK_CONFIRMATION,668725333d9c0a7554ab9ac71b631df94269f6e778a8da5c383ba729eb55e30b,4c3481e29182d51737c04ac16318b0753422575d2521cdce0b3f1a0fa251b67e,,,,,,,668725333d9c0a7554ab9ac71b631df94269f6e778a8da5c383ba729eb55e30b,
EVENT_EMITTED,SEEK_CONFIRMATION,66ac9b857664d9341488e8b4e10eafea6cd433dc33590a03d0f1ff8062adbded,79373ecf74569795df09b229ec4313e9abd2cce3391276aa2df2ec16cf746af3,,,,,,,66ac9b857664d9341488e8b4e10eafea6cd433dc33590a03d0f1ff8062adbded,
EVENT_EMITTED,SEEK_CONFIRMATION,66dc9aea2c8e02e3f84e74e2f0072be89861bd2508449d9a9f954d803faa1227,555eced582045caca7325b5eed02f00034d99c63f6420c13dfa4bf5fb5841e5a,,,,,,,66dc9aea2c8e02e3f84e74e2f0072be89861bd2508449d9a9f954d803faa1227,
EVENT_EMITTED,SEEK_CONFIRMATION,678a2ba20a1374f0a37c4edb9b52705eb1145ae78194f4ed762fdbe669d018c5,047ee290b90feb0cab0b71486e54de4ebb9b17803986f2d79b1754f25ad3a6f1,,,,,,,678a2ba20a1374f0a37c4edb9b52705eb1145ae78194f4ed762fdbe669d018c5,
EVENT_EMITTED,SEEK_CONFIRMATION,682249eca002482b2b3834b4d7c51ecea22cb5d38b784cb66d056e6124bd1ab8,f6568f4f1c533952168ca402e35b6ba32b7065d90ee199ab103df130efcb3767,,,,,,,682249eca002482b2b3834b4d7c51ecea22cb5d38b784cb66d056e6124bd1ab8,
EVENT_EMITTED,SEEK_CONFIRMATION,693cdd5fda750885463c7538d83b86e6caea90d6a45d005fdb1581bc3ee6bfa6,0a1322d800bfe9e99c356340932ca57a6aab93e16d5485983aff4ca85ae6584a,,,,,,,693cdd5fda750885463c7538d83b86e6caea90d6a45d005fdb1581bc3ee6bfa6,
EVENT_EMITTED,SEEK_CONFIRMATION,6ae0604a569b94d94fecdd7f9717f25f989bee3f1bd371788835d0205c725da2,ac8612fe3152f526f877f38cd56b3ccba70f49b939d3651f360bd1197366962f,,,,,,,6ae0604a569b94d94fecdd7f9717f25f989bee3f1bd371788835d0205c725da2,
EVENT_EMITTED,SEEK_CONFIRMATION,6b3c149fbf4abae50e791813d3a79e80e212c4d2d8d093700f40ce3f59fad5fc,72c5d7d80843672392750997e29f17dd50c03c8061591840554b9fb3a33b4750,,,,,,,6b3c149fbf4abae50e791813d3a79e80e212c4d2d8d093700f40ce3f59fad5fc,
EVENT_EMITTED,SEEK_CONFIRMATION,6b9df3d7ee92b69d2134518da1c2ea0e4e4fa17a61b4da77e2f0caf81b6a1734,d3ff245431824fb691abe6214e1b0b715af1247bf890d68160c3ba92d36dd32d,,,,,,,6b9df3d7ee92b69d2134518da1c2ea0e4e4fa17a61b4da77e2f0caf81b6a1734,
EVENT_EMITTED,SEEK_CONFIRMATION,6cc8865f164f5173b65803937c550d7441d8f707d67a30928e079b452f8f7cc4,374bb4c8bed173cc34a62c748caae3e44bb78f2d4c3d57d5a59051fbd420a7bf,,,,,,,6cc8865f164f5173b65803937c550d7441d8f707d67a30928e079b452f8f7cc4,
EVENT_EMITTED,SEEK_CONFIRMATION,6daa8509bf4dcc703cc705408b70d275197801776fc07a916de187296a67f984,050001c873349915b8cbe04a594cc1e390014c0d4a281132c2e890a2c3da7b91,,,,,,,6daa8509bf4dcc703cc705408b70d275197801776fc07a916de187296a67f984,
EVENT_EMITTED,SEEK_CONFIRMATION,6e9b0b1922d626aa9bd4e5372661728a0cbaed8fd71ef2383b3b7f5061bb49c7,5f6bcf9d6f6301ac8dfac3a4e588fede0e42594169464ddfda5523b4dc069650,,,,,,,6e9b0b1922d626aa9bd4e5372661728a0cbaed8fd71ef2383b3b7f5061bb49c7,
EVENT_EMITTED,SEEK_CONFIRMATION,6ee925bafa81f2dd433f40413ff9942c55f151d186f675d41e7c75fdfa0735a4,62dfc34881d9e383b6725744d17c68462910d93bf19815ef5de1bdec9c6c14f9,,,,,,,6ee925bafa81f2dd433f40413ff9942c55f151d186f675d41e7c75fdfa0735a4,
EVENT_EMITTED,SEEK_CONFIRMATION,6f73a81aa944e420c87f208b8e0ea5c4f6838a869174aa2a45af27106dde7090,2ab9f919e2d827ffb38e6f42ea0f9b3fad4a13f392908b28da176617264ce2ac,,,,,,,6f73a81aa944e420c87f208b8e0ea5c4f6838a869174aa2a45af27106dde7090,
EVENT_EMITTED,SEEK_CONFIRMATION,6f7ee947dce4ab6d972c48133e257755dbc25ce8729e5d2c085e1478c3b1db05,7288812c3b4e5099125d166f39981f40ed2945fd5593c5e7721c6308e19e6666,,,,,,,6f7ee947dce4ab6d972c48133e257755dbc25ce8729e5d2c085e1478c3b1db05,
EVENT_EMITTED,SEEK_CONFIRMATION,6f9544d566b3b972a40294985359fd3692f2cfb6dee7a9fd7ea6992a156be5e7,e2ec558e7524582564581168540616beb3b6c730f44300f93da3235d031700d8,,,,,,,6f9544d566b3b972a40294985359fd3692f2cfb6dee7a9fd7ea6992a156be5e7,
EVENT_EMITTED,SEEK_CONFIRMATION,71d5fa7dfbc3112f0c82c13dc83630d1d5cf74bfc93747882a45639992b575cd,e531b141a2f5209a8aec80bea0ec6bf2c5724095df23b784e1b630f3ea1523b5,,,,,,,71d5fa7dfbc3112f0c82c13dc83630d1d5cf74bfc93747882a45639992b575cd,
EVENT_EMITTED,SEEK_CONFIRMATION,7225dd9aa0a4e1147487a1b8d2ad28b2694ebccfa40d81ec9a0464df697d0d1c,27c808cde193c759fbb01118d22dd34a5d56266206db4439408b02df3ca90944,,,,,,,7225dd9aa0a4e1147487a1b8d2ad28b2694ebccfa40d81ec9a0464df697d0d1c,
EVENT_EMITTED,SEEK_CONFIRMATION,7371367928e48db6dccbf51d473939560761ece9e81300d0a77f93c82ea55e11,7454ea38dce1e63de456151f8845ec898242209dd602c9ec8333f663525620db,,,,,,,7371367928e48db6dccbf51d473939560761ece9e81300d0a77f93c82ea55e11,
EVENT_EMITTED,SEEK_CONFIRMATION,75b8967ab8fea65c431444160a66f550fa1781074e6196b287354a8f91df4830,4c782fc31c20ccc755d277e45395941dda53167e525e455f2bd21aedcbe5f05d,,,,,,,75b8967ab8fea65c431444160a66f550fa1781074e6196b287354a8f91df4830,
EVENT_EMITTED,SEEK_CONFIRMATION,75cf778dacd626b45e4df329338f1a9e56a467d3b844f8896c5f4c8d5e17a938,2d9688a1647dc94c1edb6f46173a4135dd23bbd8e7f56802703496fe8539c334,,,,,,,75cf778dacd626b45e4df329338f1a9e56a467d3b844f8896c5f4c8d5e17a938,
EVENT_EMITTED,SEEK_CONFIRMATION,764f6e0db0f58450c69e76ccb127f690163c7430c8e4c08d805059d17ce640e3,d9483bc38541efc88bbde7c90277b54af76f3dc32342b23c2740c0d299520577,,,,,,,764f6e0db0f58450c69e76ccb127f690163c7430c8e4c08d805059d17ce640e3,
EVENT_EMITTED,SEEK_CONFIRMATION,7677c99acc0a0bae9ab299cb23d55d2bb4b63a5b1278436bb07d103c039a3899,716b364c733e77c6d566ee69a622e21fdff7b41e67c9c74e1741ed0e65beb378,,,,,,,7677c99acc0a0bae9ab299cb23d55d2bb4b63a5b1278436bb07d103c039a3899,
EVENT_EMITTED,SEEK_CONFIRMATION,77b31cf86e55efc91ab55ac98d412578ee6bf3a183da9e826beeb28b16a50265,f9b2dce4b975dcdf0cc41dbd25b33fbe54d63fd74143627cb774ae030ce65f3a,,,,,,,77b31cf86e55efc91ab55ac98d412578ee6bf3a183da9e826beeb28b16a50265,
EVENT_EMITTED,SEEK_CONFIRMATION,77f948155f2c885635fdff4c9ebc47875327c4772752d24fa79f2519ecadafca,c75c1a122e1a9e85db3f0a691ce2934b0710cc49ece106a3c3e298c75556e605,,,,,,,77f948155f2c885635fdff4c9ebc47875327c4772752d24fa79f2519ecadafca,
EVENT_EMITTED,SEEK_CONFIRMATION,78566a1a2cf795c55becb21fab4e53a6319b7dd65fe3817c079f891b82e6208e,af4b1f3667a2d9efc137cb005656c53382e48974cbaff20d6f52375794f69fdc,,,,,,,78566a1a2cf795c55becb21fab4e53a6319b7dd65fe3817c079f891b82e6208e,
EVENT_EMITTED,SEEK_CONFIRMATION,788924bc06b41cd8ffbc3f3e1e12a5f1187f8be235fda56ba34d72c905191d21,b1e93605f6b4cfefb2f7e4cc80e866820c457eb96a0ea0e6f407e4d3cae41d6d,,,,,,,788924bc06b41cd8ffbc3f3e1e12a5f1187f8be235fda56ba34d72c905191d21,
EVENT_EMITTED,SEEK_CONFIRMATION,7ad02a928bf5ee342944132cde8a3b6533a6ad5380f1e778f4f3d47515881944,15a142e74909d410a925bba4a9467be6b2694d6a4d858782180af0b589ada4a8,,,,,,,7ad02a928bf5ee342944132cde8a3b6533a6ad5380f1e778f4f3d47515881944,
EVENT_EMITTED,SEEK_CONFIRMATION,7b396edd1e400d6d00548cc928d82afc7dc06ea0b6f1e3dd81e0b7ad48455e6a,046bfd8d37baf688a1db934e2c16e691e4c940a3cc5cf1681c29a7bd15dfa9c5,,,,,,,7b396edd1e400d6d00548cc928d82afc7dc06ea0b6f1e3dd81e0b7ad48455e6a,
EVENT_EMITTED,SEEK_CONFIRMATION,7c0fcada613b9859aa795cdd85e4f6823b205e75374f4981e6d191f1ac40e48f,80b60d124c27d9fd8ec7b8e70df93f750d78fa60c9c16c616e16238b623bf608,,,,,,,7c0fcada613b9859aa795cdd85e4f6823b205e75374f4981e6d191f1ac40e48f,
EVENT_EMITTED,SEEK_CONFIRMATION,7c125e99e7fb328112a6c9cd3603bbf94eea28ff492564e2d89a2ad303ffa97f,1bd5b4d699d68ddc4b7f5a99e36e57f43ee39ab9fb97e1c3bb6f13825ce53eaa,,,,,,,7c125e99e7fb328112a6c9cd3603bbf94eea28ff492564e2d89a2ad303ffa97f,
EVENT_EMITTED,SEEK_CONFIRMATION,7ca23cbfa427dfbc4b313663bf21f0e3e8cc424b9dccd22c00d4ff401cdf6efc,b4a2f22da75faf3d9c848c025978251db89cb0a8becbf6d798309fdabbe74395,,,,,,,7ca23cbfa427dfbc4b313663bf21f0e3e8cc424b9dccd22c00d4ff401cdf6efc,
EVENT_EMITTED,SEEK_CONFIRMATION,7d12b467fc6020f97c0d5f363d97fe95181ce8c48591cb96450809fe711f1c42,2cc60824e0be19a1c46eab6bbe22884e5a162d05e6d9db8224ea62b130d2fd49,,,,,,,7d12b467fc6020f97c0d5f363d97fe95181ce8c48591cb96450809fe711f1c42,
EVENT_EMITTED,SEEK_CONFIRMATION,7d52510a265f3f718cf96daadb25bab9f51b60363bae1d6c73b4a341d6d25036,31b7b0aac1c3b889e408274287b414d6e603fb0a4dce254eb57ea58acf00d005,,,,,,,7d52510a265f3f718cf96daadb25bab9f51b60363bae1d6c73b4a341d6d25036,
EVENT_EMITTED,SEEK_CONFIRMATION,7db6fa7d4d201954b05669aca21d300aa9380d814e1589f7a10429a154c091a4,8f20228bdf769b7565cb1a0d8c085d120817737f3fc9348248a395f331a0db26,,,,,,,7db6fa7d4d201954b05669aca21d300aa9380d814e1589f7a10429a154c091a4,
EVENT_EMITTED,SEEK_CONFIRMATION,7e7532ac7424d5906d3373f987c442fe541d962a0feb7061a334622dcbbbc441,2f3b1170621127dee091ba1db1fc5c16b57794ece20940717369c067078bffbd,,,,,,,7e7532ac7424d5906d3373f987c442fe541d962a0feb7061a334622dcbbbc441,
EVENT_EMITTED,SEEK_CONFIRMATION,7e8a9807423fb383c8970f84522d81bbdbeeb7bb6d81faddcc9f26524feb9673,c41e5961318acdba36de0cf4a19d99bccf0c127ceb129c54ab377ff7f0e96766,,,,,,,7e8a9807423fb383c8970f84522d81bbdbeeb7bb6d81faddcc9f26524feb9673,
EVENT_EMITTED,SEEK_CONFIRMATION,7eb5e39ec0f44135c1875d29e9ec11a2102c8f9de1eaece192c0e985b96e75be,527407c6c33df537c3cdc917c58c7877ae92afe7c0beff92058c114d59cc9e27,,,,,,,7eb5e39ec0f44135c1875d29e9ec11a2102c8f9de1eaece192c0e985b96e75be,
EVENT_EMITTED,SEEK_CONFIRMATION,7efeef5b466aa57fa1e801d8270dc48c4bfa8f05f9ae7c00a98796725d31e733,341725b71a0ee45e40a3f7052dfa1587e0c465add118855cf1419b46356eefd3,,,,,,,7efeef5b466aa57fa1e801d8270dc48c4bfa8f05f9ae7c00a98796725d31e733,
EVENT_EMITTED,SEEK_CONFIRMATION,7f5b24b17c9830e3b47db547de50ea170acdd63e144c1669e5f9393af26ede86,fcb3a9efa0e842f4d0c313c4071df7c0a44ae7bcbc9edee1dfaefaa4fa101b9f,,,,,,,7f5b24b17c9830e3b47db547de50ea170acdd63e144c1669e5f9393af26ede86,
EVENT_EMITTED,SEEK_CONFIRMATION,7f9972f87e40933bba30c7bd31bac3c6db436d9963a8b60f0739edc198aecdf3,d42b8499a43c11a883bc15cbba48a9a73bbeef7b14f66fc8d70a346cb8d58e6f,,,,,,,7f9972f87e40933bba30c7bd31bac3c6db436d9963a8b60f0739edc198aecdf3,
EVENT_EMITTED,SEEK_CONFIRMATION,7f9d1da8278a431091b1edf61729c0177ef880e554836401d28ea7f6105568ed,ff2686f9207e639ac038a4d4120ea86fa20422ff5791e7c90188db7854b3628c,,,,,,,7f9d1da8278a431091b1edf61729c0177ef880e554836401d28ea7f6105568ed,
EVENT_EMITTED,SEEK_CONFIRMATION,8019a7e559f4ca08df439c726e69c425582b71ac0f06071a11bd64d1368d1d85,bc39573b6659aa520284ba25733970208f0c1820a04931f870e95bb34c5f049c,,,,,,,8019a7e559f4ca08df439c726e69c425582b71ac0f06071a11bd64d1368d1d85,
EVENT_EMITTED,SEEK_CONFIRMATION,805a58874f31561be0d09b2a9452283206ca363e354f1f5617527e07fc0c6d6e,c21f21122aaa15a5fd7931069105704ac4f2e970577dd6fca4c5fc54a2de92b9,,,,,,,805a58874f31561be0d09b2a9452283206ca363e354f1f5617527e07fc0c6d6e,
EVENT_EMITTED,SEEK_CONFIRMATION,821c84e4c5f80cdb9491deb41adc43c5305661525aa178516d712c1ef437564e,0ab2dc4b1dfc4eefc9d757faa8d08b506cc2b55333c6163bed663d82b5dec108,,,,,,,821c84e4c5f80cdb9491deb41adc43c5305661525aa178516d712c1ef437564e,
EVENT_EMITTED,SEEK_CONFIRMATION,82539d4b648f7c22174aaf75eda6f19f23073ea2a243647006af075b83c415e1,7a86b84b2298ba8f9f4bf4aae350a7c8bbd5a0e40de139de38dd9f69c40485b5,,,,,,,82539d4b648f7c22174aaf75eda6f19f23073ea2a243647006af075b83c415e1,
EVENT_EMITTED,SEEK_CONFIRMATION,825f7bf1c26df077d4dad29dfb29c07876cbae84eb0c3c71e0386769552edcb1,f9e6238220cf74cd5f258f9f82c4f40f33040bc1fd428c11df063934e4701d0b,,,,,,,825f7bf1c26df077d4dad29dfb29c07876cbae84eb0c3c71e0386769552edcb1,
EVENT_EMITTED,SEEK_CONFIRMATION,82bb41bc6f90951d91faae2570de83aab1c0f5afc75432897146c5dae81b27e7,aade5f07e31ed78a2774d700e2afef9aebc3eecb09bccad3bf58df3325813562,,,,,,,82bb41bc6f90951d91faae2570de83aab1c0f5afc75432897146c5dae81b27e7,
EVENT_EMITTED,SEEK_CONFIRMATION,82e232dcedd79806acd89c2a06ced9fe4b0fe2478499fd18f4b0f69d20c33bc2,1f0bd666d06b6dfaee0ecf6ebc35e8cf008c6bb6f49c0c28158489306de0eece,,,,,,,82e232dcedd79806acd89c2a06ced9fe4b0fe2478499fd18f4b0f69d20c33bc2,
EVENT_EMITTED,SEEK_CONFIRMATION,8359f33b9da1fcbade82fc6d3a525c957357abedffc3ef7478cd5e4cc05a250e,16afaff4fb52752debce4dffba8e0c91609d00edefbda4e9508e2b6295b561ef,,,,,,,8359f33b9da1fcbade82fc6d3a525c957357abedffc3ef7478cd5e4cc05a250e,
EVENT_EMITTED,SEEK_CONFIRMATION,84434605c07f5eda4e09a257689ff7d2cf2ed3a7ecb2174a1d45376edaa9ce30,54df6437bbe6fd05dac6a4aa4268185e4502bc7d87cd108875b8366695677a37,,,,,,,84434605c07f5eda4e09a257689ff7d2cf2ed3a7ecb2174a1d45376edaa9ce30,
EVENT_EMITTED,SEEK_CONFIRMATION,846385bf276b906fdcfe2a1331dd02acdb3664bbbe3aa084995e561060c515d4,b53193840deec3be13177a8b362cd08aeb767744b81f9036511ecc75bd54cf7f,,,,,,,846385bf276b906fdcfe2a1331dd02acdb3664bbbe3aa084995e561060c515d4,
EVENT_EMITTED,SEEK_CONFIRMATION,849b6dde4dbab4db90c161b3ea56a0cf7d1f376fe15434fe32d803b78dbcf466,ad7f6bdbc3164ffb6028aea7051a771d8962143d258d70a3136e8efd4aad35e8,,,,,,,849b6dde4dbab4db90c161b3ea56a0cf7d1f376fe15434fe32d803b78dbcf466,
EVENT_EMITTED,SEEK_CONFIRMATION,852d0cf5dfc2f606e6e49eb1a711bc056cc2c165d5fc1a803ad6fa8979ee5529,cc723b0d04eee8b41a4c966c418d1ce41de4063187ca94e5a6ba77a6c8c84c6c,,,,,,,852d0cf5dfc2f606e6e49eb1a711bc056cc2c165d5fc1a803ad6fa8979ee5529,
EVENT_EMITTED,SEEK_CONFIRMATION,854c22e189c050fa777cbed8a9a61c4bbd6c7de87c744b74191507ef1e243cd3,4276f74a5e1f8694838b83cc90e721049cdffe051c66ade9d6e207d934f1de1b,,,,,,,854c22e189c050fa777cbed8a9a61c4bbd6c7de87c744b74191507ef1e243cd3,
EVENT_EMITTED,SEEK_CONFIRMATION,85c23f2e163e7e1b6d89eb5666609b3e8c3c74476b5734e7d0ca925c20aa9317,f088c310e6e957dee55bb86c4561a6b0fd2ed4d6b51c15224494c71885408449,,,,,,,85c23f2e163e7e1b6d89eb5666609b3e8c3c74476b5734e7d0ca925c20aa9317,
EVENT_EMITTED,SEEK_CONFIRMATION,85e70c52a6f7cf8849447fc1b2e9da314ffdca9d5afd293aa76b63abd0cc35d6,13be7c1bff54fbdcf8da526474843de43b1a058dc8c21793a59ae4d53121a862,,,,,,,85e70c52a6f7cf8849447fc1b2e9da314ffdca9d5afd293aa76b63abd0cc35d6,
EVENT_EMITTED,SEEK_CONFIRMATION,8604efe97383e91925917806f6b7f429fe99643b8e1dc1bb4f84e2cf844c8ba7,22f4af80b514824c6323dbdc23ecc5937cf6e993652e251131640fb2bcda0c86,,,,,,,8604efe97383e91925917806f6b7f429fe99643b8e1dc1bb4f84e2cf844c8ba7,
EVENT_EMITTED,SEEK_CONFIRMATION,8750b736f8300c073eb3d74a90fcd264749314bbd474d0c6e0f4eff0916afc88,b71526fa595edcedcae0658d24830a6bf10298e95e557bf5e5f5e30a03794e99,,,,,,,8750b736f8300c073eb3d74a90fcd264749314bbd474d0c6e0f4eff0916afc88,
EVENT_EMITTED,SEEK_CONFIRMATION,879cde02b35eca8f1ba393537bfbabdb9c59b03c445c8c598b86ef6ed78bbc24,38f331847e3c8531267a384777d70f487f812b1802656e63573c28d8e6ac6a9f,,,,,,,879cde02b35eca8f1ba393537bfbabdb9c59b03c445c8c598b86ef6ed78bbc24,
EVENT_EMITTED,SEEK_CONFIRMATION,88a5b6fa40f4d2fd3227d02844dfd81cd9f1fe1600b71cdba07f7019ba5bc195,fdf2beb6451bde2bc51e872e4243f51aab7ef04984e4cbcbd3e6e15362891788,,,,,,,88a5b6fa40f4d2fd3227d02844dfd81cd9f1fe1600b71cdba07f7019ba5bc195,
EVENT_EMITTED,SEEK_CONFIRMATION,88f190989bb18ec82ee16147afb7eb5053b075ebce750515101a8839efb75f28,cd79f29f8d5dd0bbe18c3b190400e33d172d4ebd2e9a326769ee554036ea9328,,,,,,,88f190989bb18ec82ee16147afb7eb5053b075ebce750515101a8839efb75f28,
EVENT_EMITTED,SEEK_CONFIRMATION,8951d60f26c40b38d5e8ae5817108124a5b65d370206bdc3ded7c9adf6e3af5d,cfc2702fdd5c97ef60e8a0c6f534e565add7fe3ec0d336d878c221cca856b47f,,,,,,,8951d60f26c40b38d5e8ae5817108124a5b65d370206bdc3ded7c9adf6e3af5d,
EVENT_EMITTED,SEEK_CONFIRMATION,8a42bde683780672c1dea6766f142ca5ec3610b267b2e3171c3a3ec7ed3e7e69,257aa9e03935beab40ab9648392e7e3a10749d4630033b4dbc4976dcb9331304,,,,,,,8a42bde683780672c1dea6766f142ca5ec3610b267b2e3171c3a3ec7ed3e7e69,
EVENT_EMITTED,SEEK_CONFIRMATION,8b02f4b07072374becbb2c66eab4c8f813f502f643a45f7796a5ea9e6218b1ca,40c3e478bc78a29e719cf53b580a2a8d9601689b50672df4737686e5c6ab0ceb,,,,,,,8b02f4b07072374becbb2c66eab4c8f813f502f643a45f7796a5ea9e6218b1ca,
EVENT_EMITTED,SEEK_CONFIRMATION,8b10f0e8442aeaeb2917aef3f610063d871b166930362a1b7f9e0a686f0862ee,8dfb0b1da4661def55a68869239bb6603db458c715dc739a625a5e175d5c695e,,,,,,,8b10f0e8442aeaeb2917aef3f610063d871b166930362a1b7f9e0a686f0862ee,
EVENT_EMITTED,SEEK_CONFIRMATION,8b13c9c3e13268300e0e76bdd2c860336563d54152d47764d85b9c294e5bff24,304f3ef8da15dd48f6accb5b1ef28ae165a1b43d75d6026e4c50fcc1fc643af4,,,,,,,8b13c9c3e13268300e0e76bdd2c860336563d54152d47764d85b9c294e5bff24,
EVENT_EMITTED,SEEK_CONFIRMATION,8b25746d37c8684ffd6e7e9a36646a6453df0ca0bddc50b53f2b3e070070f783,07cf6ca5b74abb3c19d67eb4cd5065ca31fa5b32a10eb81a77dda96abc42411f,,,,,,,8b25746d37c8684ffd6e7e9a36646a6453df0ca0bddc50b53f2b3e070070f783,
EVENT_EMITTED,SEEK_CONFIRMATION,8bbe90c999541b539895e04cab39229c1d2e07844c377074ba9ea77ece074cbb,e678689d21a5cf04ff9c4bbfe5976a6b060fbdfe9420e2b7c0fa9efadf120bdd,,,,,,,8bbe90c999541b539895e04cab39229c1d2e07844c377074ba9ea77ece074cbb,
EVENT_EMITTED,SEEK_CONFIRMATION,8bff1c0c1fa966a9fcd3ed23057434f0f404d518a07d664be9298ed877b0392b,951c4ac8bb4ea1eefa2b2c6a5378c4d317901d656cc0363a32b00976761598b6,,,,,,,8bff1c0c1fa966a9fcd3ed23057434f0f404d518a07d664be9298ed877b0392b,
EVENT_EMITTED,SEEK_CONFIRMATION,8d619925dacf5fffa9268598b283fa21797864ad37af5452fea128c302b4323b,97ddec3283bdda147c2fa05416faccba4ea5e4b1112b8d1ee382cfc414d383a1,,,,,,,8d619925dacf5fffa9268598b283fa21797864ad37af5452fea128c302b4323b,
EVENT_EMITTED,SEEK_CONFIRMATION,8d8ae43dc67edbc2a78c09b8030907f0d0efce4c47c8b11b1e6f35b6b243e2ec,9fd799e5b208576ae24cd845031ae7f950aae98c18fc62fa3f6c8733855f935e,,,,,,,8d8ae43dc67edbc2a78c09b8030907f0d0efce4c47c8b11b1e6f35b6b243e2ec,
EVENT_EMITTED,SEEK_CONFIRMATION,8e6571bcbd4923a3122d5a6c6280d1b1ab2f83b48626bf4482a7d1acc57310e6,e2d02153ddbceac2d1e61378b740214608e2224b1f134621f79ac92c9d6e46da,,,,,,,8e6571bcbd4923a3122d5a6c6280d1b1ab2f83b48626bf4482a7d1acc57310e6,
EVENT_EMITTED,SEEK_CONFIRMATION,8f72d039842cf4be5a4abec1c0daceb7f7a24947152477bc6828b94cd2fc60f7,7b874a538a658a6d5eef90a956300a397358e1585cc339bdf4f80b7e9b7a86f4,,,,,,,8f72d039842cf4be5a4abec1c0daceb7f7a24947152477bc6828b94cd2fc60f7,
EVENT_EMITTED,SEEK_CONFIRMATION,8fa6023e9d629dea5edf552fc12d98b6f563f4037c32059b4e43d3a20e58f2b2,23a0ed613b4ee2d1be7d2f78c24b07fd5e366a96b7bddafd432358c65c9d0703,,,,,,,8fa6023e9d629dea5edf552fc12d98b6f563f4037c32059b4e43d3a20e58f2b2,
EVENT_EMITTED,SEEK_CONFIRMATION,8fbd91cccf76fd9f61c1ca70e48b090509e011ca7e100961ac42e17d5cbf7f4f,a041f8163bfc222b5b7d3c14510ab0a8b439cc3c71649a4245ca61ee2824215d,,,,,,,8fbd91cccf76fd9f61c1ca70e48b090509e011ca7e100961ac42e17d5cbf7f4f,
EVENT_EMITTED,SEEK_CONFIRMATION,8fc4f0f75282d4e053c5bc0a8ad2bbb3ad68e288e134ffbf0cfd70e707f556c9,6104f72deb2f87be81af7e3ac3992cd41f95a2ac8731fda85a77daffc7b5ae66,,,,,,,8fc4f0f75282d4e053c5bc0a8ad2bbb3ad68e288e134ffbf0cfd70e707f556c9,
EVENT_EMITTED,SEEK_CONFIRMATION,906fb40fc20c5d0c25765f1c4cd7818a400b2c4ae7d6f2d207375dc993e69fa5,7be95ba0473faff5fa128404c84ccf15ec74e800e79823a2cb6503a1379e74a9,,,,,,,906fb40fc20c5d0c25765f1c4cd7818a400b2c4ae7d6f2d207375dc993e69fa5,
EVENT_EMITTED,SEEK_CONFIRMATION,91475e46f3c40e4c8ee8b96d6f8d9d6163d8b853071e2f4ddcb66a5d53516019,3cd2930ed1ab6f868b5e72ba8119d5d2bdaee8b5a292bbc1e6f9745eb1b55af7,,,,,,,91475e46f3c40e4c8ee8b96d6f8d9d6163d8b853071e2f4ddcb66a5d53516019,
EVENT_EMITTED,SEEK_CONFIRMATION,9163ed2b03bf393846313aceff4db8f91fe2efd39c99edca1f5f06c71b2e9855,86dca7032358566b384f3e14dd5ca8ccb89123d75deb604a2643181ca234f899,,,,,,,9163ed2b03bf393846313aceff4db8f91fe2efd39c99edca1f5f06c71b2e9855,
EVENT_EMITTED,SEEK_CONFIRMATION,91f22c942e9ce807e4fff0ef16b2c0ae918dc972a18dbfa470096a216479d9e9,2c1b99e9557c197e322f9daacaec841dab2221ad60f477fe193f548eef657b7f,,,,,,,91f22c942e9ce807e4fff0ef16b2c0ae918dc972a18dbfa470096a216479d9e9,
EVENT_EMITTED,SEEK_CONFIRMATION,9269ea9cf31e5e3262a55f762755b1b314dca3cae3d33f1e4c190bf4ecbcc2bb,860bd280027c622f6074e1dce0c86fe0f878b83f02a8ee22d38cbba071d1f29d,,,,,,,9269ea9cf31e5e3262a55f762755b1b314dca3cae3d33f1e4c190bf4ecbcc2bb,
EVENT_EMITTED,SEEK_CONFIRMATION,93e9dde3aa0afcf130d3baf6a0dea002111ac55b881b662f9cbe78f1711d6d15,9a35f3312d52503bafa789d7d96f1e001652026f717454d5e651b87cefa95f47,,,,,,,93e9dde3aa0afcf130d3baf6a0dea002111ac55b881b662f9cbe78f1711d6d15,
EVENT_EMITTED,SEEK_CONFIRMATION,9441c7f118e7d71bd101ef3ca6e59e1741564ca52e42c8b307857a355110b95e,accb3cc4158287e1c1f8f71e399f85634aecc3c212c37d2e570f6ee2dbe48e6e,,,,,,,9441c7f118e7d71bd101ef3ca6e59e1741564ca52e42c8b307857a355110b95e,
EVENT_EMITTED,SEEK_CONFIRMATION,9559e3ed186ca899e5098928e153a86fa618fc3746c404ea843d168adbec0b5b,d0efb3cde4cb2b21869f0065e65087993304059f283a37a5402d0e41c0b731c1,,,,,,,9559e3ed186ca899e5098928e153a86fa618fc3746c404ea843d168adbec0b5b,
EVENT_EMITTED,SEEK_CONFIRMATION,95d91980d96aeb7528f371867f8e6e21faa703973780d7e012bea9ad7ed429c0,a3b3827ad099c596b929e7e2a9a1d5d72d277e1e49c4d5d340e742dfa9781a4b,,,,,,,95d91980d96aeb7528f371867f8e6e21faa703973780d7e012bea9ad7ed429c0,
EVENT_EMITTED,SEEK_CONFIRMATION,9632d5a37801783357eca83322657d852ad2f7a4eb48bd43a35cd035ee45e949,0f19f62da83b398cecce1d8f3e2ed7232f29c926956e0a0ce5f9cdd579c82891,,,,,,,9632d5a37801783357eca83322657d852ad2f7a4eb48bd43a35cd035ee45e949,
EVENT_EMITTED,SEEK_CONFIRMATION,986df8310367c269fe6cb0a353c2239be8b8a2918d9f506e8e358304b908e701,1caa646bbae239a819b04e192582a9593b05dfcd099d3cb9cb45a6fcc362a059,,,,,,,986df8310367c269fe6cb0a353c2239be8b8a2918d9f506e8e358304b908e701,
EVENT_EMITTED,SEEK_CONFIRMATION,9956cfb0ba7ac8d8ae79e613a0f498e03c04e000c123273f4231f050724fbd20,29cd90ab9315e238e01c236a7524d44e5fd34cecc655924b6c4adaaffd8466fe,,,,,,,9956cfb0ba7ac8d8ae79e613a0f498e03c04e000c123273f4231f050724fbd20,
EVENT_EMITTED,SEEK_CONFIRMATION,9a0a6c31fd713978d55a63f8ce555532e31bac6e4c3f348d10b7f02cba84fcf1,269bd8c8d4a3a429b22f905234e5aa9fbb36f866154b8f206016984f0be7f718,,,,,,,9a0a6c31fd713978d55a63f8ce555532e31bac6e4c3f348d10b7f02cba84fcf1,
EVENT_EMITTED,SEEK_CONFIRMATION,9a15d5207b570f6339395d529805556b085b39d4fe297eb8f84d105d7d8ac4a3,173bb83b4babb302ee6092c45e37ed63509afd1c5b01f04022494833922097c4,,,,,,,9a15d5207b570f6339395d529805556b085b39d4fe297eb8f84d105d7d8ac4a3,
EVENT_EMITTED,SEEK_CONFIRMATION,9a6bda8b9c2ef2d5bec53a096edaa85a3701087030942a758f9b6a5bd6b9b9d2,a1df1bbdc8c2854b70ab6f827881d0618870d62a1871d9ce8a8db9968a3d3ff7,,,,,,,9a6bda8b9c2ef2d5bec53a096edaa85a3701087030942a758f9b6a5bd6b9b9d2,
EVENT_EMITTED,SEEK_CONFIRMATION,9a8cde6e1b529463ac3da48d2b7767ab9ed451cbb547167ffe54a0b7c8ea243e,826b3f63222148b904439112e94e22695530e3b962182927aafc07fd16558f5e,,,,,,,9a8cde6e1b529463ac3da48d2b7767ab9ed451cbb547167ffe54a0b7c8ea243e,
EVENT_EMITTED,SEEK_CONFIRMATION,9a8cf031405d62819672390af61127e323001d637cd6ea4547a70e4950dbb401,7ea9c15c71b122e73c06d489cdbb8f4f8db0cf781dc249da7a5724ef5d4556c8,,,,,,,9a8cf031405d62819672390af61127e323001d637cd6ea4547a70e4950dbb401,
EVENT_EMITTED,SEEK_CONFIRMATION,9ab2031b2daf17deebff8efef564fb8996ffbd402c13db79df33f9c349dcbb74,314841a2430695dc841a9eb2be915a1a8a7a7c8b31821c9ebab328cef72afb5f,,,,,,,9ab2031b2daf17deebff8efef564fb8996ffbd402c13db79df33f9c349dcbb74,
EVENT_EMITTED,SEEK_CONFIRMATION,9b1d9a93104f9f084923aa18cf309ca3678b902a7554fc0619ef24513f4c3f4e,04332188afc352317a4ad35d567027307e847caa9554297977a1cedf26a76f40,,,,,,,9b1d9a93104f9f084923aa18cf309ca3678b902a7554fc0619ef24513f4c3f4e,
EVENT_EMITTED,SEEK_CONFIRMATION,9b666df6350e317049383bc5668f422d84a121fcf48d2a75d211f2ff8800a6ee,5fd3ef2c8d18041f913b6231beb2bff209f12a9f00bedd6c5bcdef9b24e8650b,,,,,,,9b666df6350e317049383bc5668f422d84a121fcf48d2a75d211f2ff8800a6ee,
EVENT_EMITTED,SEEK_CONFIRMATION,9b8cee8904647ac7edb3bc9d70f136883bdd9635f74715689f8cb7a1e4279908,41d3bd87d146617fd970c6d255129506445866c43e84697c9dcfa92302ebaded,,,,,,,9b8cee8904647ac7edb3bc9d70f136883bdd9635f74715689f8cb7a1e4279908,
EVENT_EMITTED,SEEK_CONFIRMATION,9cbd0855d9aa188f755649249f3dfa1bb99ff21d9c22edfd50e0ba32d9c25483,33f02afd059a4ceecfd984e304de7397480b28d04e3d22ff16787535c0776efe,,,,,,,9cbd0855d9aa188f755649249f3dfa1bb99ff21d9c22edfd50e0ba32d9c25483,
EVENT_EMITTED,SEEK_CONFIRMATION,9cc59499c95b6fdb82de664f231d897010124b27275cc4655efcd8ef231761d2,2d341cd850dbf21aa08901460ef8a48f338c629026cf280aa72b4f407fc54e89,,,,,,,9cc59499c95b6fdb82de664f231d897010124b27275cc4655efcd8ef231761d2,
EVENT_EMITTED,SEEK_CONFIRMATION,9d45fd06b14bca5b44cae955e123c3282029bce851a07839a74246d8822eecc7,1463f7f01f09a577f3660d8a502ac18b8055a37e32671eeef0ba10d98d842142,,,,,,,9d45fd06b14bca5b44cae955e123c3282029bce851a07839a74246d8822eecc7,
EVENT_EMITTED,SEEK_CONFIRMATION,9df467789ef9480c296480903542b175df58ab657a8c811b0cd09385f72ceee2,b781cc2c02c87b0563bc6e6cfe1b24679a0e3db231647ad3261277e8be581761,,,,,,,9df467789ef9480c296480903542b175df58ab657a8c811b0cd09385f72ceee2,
EVENT_EMITTED,SEEK_CONFIRMATION,9e4dba6d8909adde25d9975c14211b366d43221bbfbe31c83e8e31eb219cd051,a3afed6fc11b28000deb7ff8f5fa77bf958447fb3e5331eec652c70523519289,,,,,,,9e4dba6d8909adde25d9975c14211b366d43221bbfbe31c83e8e31eb219cd051,
EVENT_EMITTED,SEEK_CONFIRMATION,9f0f364af78400ccd272acacdbcf28523f104ded04b97566a52265aafdf0e6f7,4484edb991b81101de941308e8d3aaf48c240c6f20f46c5e8637f9893c65aaa1,,,,,,,9f0f364af78400ccd272acacdbcf28523f104ded04b97566a52265aafdf0e6f7,
EVENT_EMITTED,SEEK_CONFIRMATION,a09581052e9f92dbbb4c3fcf7e158bd2079a17775dd32261226d1b43b60e15f2,a54f038d8516c62607940f5bc5e64419bbc9c06e359c912f7e42f0f7af1f17a2,,,,,,,a09581052e9f92dbbb4c3fcf7e158bd2079a17775dd32261226d1b43b60e15f2,
EVENT_EMITTED,SEEK_CONFIRMATION,a0a8dac6bb9427f8cac07128e0d50bd32cdf3e9e3951c7ae9c456eab17c5d9f5,3acf0d37c9cee7c8ce47e45225fc0032fd4c24b4be498b936b3c830d3e59cd7b,,,,,,,a0a8dac6bb9427f8cac07128e0d50bd32cdf3e9e3951c7ae9c456eab17c5d9f5,
EVENT_EMITTED,SEEK_CONFIRMATION,a0f213a1896189a8480fa0a361094e00d5124a02ca759d057e32b344aef144ec,ed19755bd8c26336760d20ed8cdb6eb5849b96cfaeb7019e811e3ff5cbb457cd,,,,,,,a0f213a1896189a8480fa0a361094e00d5124a02ca759d057e32b344aef144ec,
EVENT_EMITTED,SEEK_CONFIRMATION,a17e0807656e1a6225e95279e5d4c572cafce89a8a6bc1486882e6ca6c3aad29,fb5957a38bb911592388c553f8ae9fbc002024699e8e1b84d7d3872ae38f38dd,,,,,,,a17e0807656e1a6225e95279e5d4c572cafce89a8a6bc1486882e6ca6c3aad29,
EVENT_EMITTED,SEEK_CONFIRMATION,a21d58845be7c8bb3d174c4867fcb85ce836bba7d1109e3143b6994980c49503,fa22e37a605dabf6dabc60b93a37aa27dd02ccb8b48777b8196f17fa9c6ea57a,,,,,,,a21d58845be7c8bb3d174c4867fcb85ce836bba7d1109e3143b6994980c49503,
EVENT_EMITTED,SEEK_CONFIRMATION,a2585af860ed616fd25a53dda108aa0ea2795783a2195b751a17275ffba65869,4ca8b10849141081cffb651d4ffddb6d9ad77c4c00238e1c27b242373d21d1b8,,,,,,,a2585af860ed616fd25a53dda108aa0ea2795783a2195b751a17275ffba65869,
EVENT_EMITTED,SEEK_CONFIRMATION,a357efa372c853c7f7bb6f883163c66dc307b6a03a5e519c98915dc4e656424b,ccfb5ed0c0a4d2f9f94fd7cdc0fec7c109f6dc21d1227ddcb5ecc44000389e19,,,,,,,a357efa372c853c7f7bb6f883163c66dc307b6a03a5e519c98915dc4e656424b,
EVENT_EMITTED,SEEK_CONFIRMATION,a39a9a8a03ad352c2a97d0099cf1a9da168c1b11dc9158524e0a0026092ad2c8,15d24e8b1081c7d61ca57ced8d6625760e84bfebe8f185c3758f1d78f2b16fc1,,,,,,,a39a9a8a03ad352c2a97d0099cf1a9da168c1b11dc9158524e0a0026092ad2c8,
EVENT_EMITTED,SEEK_CONFIRMATION,a422a726cc390b83e58886b6be500d72932abc1d49e2c2410a5968eef8a0b863,d1f31ace6b14cf53efb63b17a352fcaf4157fba8263c8fdb99fe0981e5ee4a9f,,,,,,,a422a726cc390b83e58886b6be500d72932abc1d49e2c2410a5968eef8a0b863,
EVENT_EMITTED,SEEK_CONFIRMATION,a452e55db770c8d30b950eef11e2722ba87bc02607573784878732dcc69bc398,0e8e2055c9412c216f6ad47f55362af95c2019b99206ed1deb23aa3e1390d3a4,,,,,,,a452e55db770c8d30b950eef11e2722ba87bc02607573784878732dcc69bc398,
EVENT_EMITTED,SEEK_CONFIRMATION,a4937f567103237b3b85eb16c5563fd50ef7e264d0502a03f3c2562102ed8c25,95f68f079994d9355077a7de1e76ae974e7736dfa3215b1fd2a604672465536d,,,,,,,a4937f567103237b3b85eb16c5563fd50ef7e264d0502a03f3c2562102ed8c25,
EVENT_EMITTED,SEEK_CONFIRMATION,a4eaec1474934f5be7c7c6357b2f7f47bc9b934dc9e18e19476eed70934dfe47,8de97df6d1460a451d3b44bc65660ef944976d038163519f52f08b685414447c,,,,,,,a4eaec1474934f5be7c7c6357b2f7f47bc9b934dc9e18e19476eed70934dfe47,
EVENT_EMITTED,SEEK_CONFIRMATION,a5c35a8fb1d52a3eb7da94296bc3345f3563e144697ad550558682922145c24f,b774068281ad19691ca827dc1bf15f37f5efa5a50c1a94145c9bfdb74a55a019,,,,,,,a5c35a8fb1d52a3eb7da94296bc3345f3563e144697ad550558682922145c24f,
EVENT_EMITTED,SEEK_CONFIRMATION,a5cb4335c862e3a984e7da870f11e5c93f45f72f21152381cdfaa788b9238dc8,141d6ea95ffe563f2ab639f6a4e615ea5dec9bb5e6e0a6da234d9a3c4dc85b91,,,,,,,a5cb4335c862e3a984e7da870f11e5c93f45f72f21152381cdfaa788b9238dc8,
EVENT_EMITTED,SEEK_CONFIRMATION,a5df2e74a7245f8199ba018915e537ed7824be28ded0fedecbcb4362845aa654,b503930cc1466fe77103b3a33eecde482bdd877c222beb7fee1826500d879466,,,,,,,a5df2e74a7245f8199ba018915e537ed7824be28ded0fedecbcb4362845aa654,
EVENT_EMITTED,SEEK_CONFIRMATION,a64ffa4735e3338ca031862f3f6168659147fd3dbe81f90161120a06bab77ff3,08a3f5b54e235a1cba24b8f8e848258a90f7745693135e3fc17dc7b5cd92ca3f,,,,,,,a64ffa4735e3338ca031862f3f6168659147fd3dbe81f90161120a06bab77ff3,
EVENT_EMITTED,SEEK_CONFIRMATION,a6b50bb445647e3dfb64c48b95eefbcf25bfd781c05f377b40100f128f061acc,80055615b529519a1cd323626a76379b60869e73d26087cc6a719c3a7a1b8acf,,,,,,,a6b50bb445647e3dfb64c48b95eefbcf25bfd781c05f377b40100f128f061acc,
EVENT_EMITTED,SEEK_CONFIRMATION,a7e72448ff49ecaefc7528d38a086adfdc39c8548aae7245fb50b8d9659a9bd4,7b337325567c7ecb94b5dded2a47cfc2e8fb6e35e15191f7a67a7f675319b0f0,,,,,,,a7e72448ff49ecaefc7528d38a086adfdc39c8548aae7245fb50b8d9659a9bd4,
EVENT_EMITTED,SEEK_CONFIRMATION,a9a42550c68bc30dd42a914801053c008c83cb8372ff6b0ea7cff33fd4489896,5439c1be187a544500e93d0f6822cf020e4a5ed4471c6ea90428b3bc80f3854e,,,,,,,a9a42550c68bc30dd42a914801053c008c83cb8372ff6b0ea7cff33fd4489896,
EVENT_EMITTED,SEEK_CONFIRMATION,aa61a0bebe997c44d3b3a426a56869a450c15fb950aa12bbcca09f4600f8f7d1,46ed2ae3a0ad43cf1805c6feb34bc1e7aecd50655b0ed3dcf0170eeb51da3195,,,,,,,aa61a0bebe997c44d3b3a426a56869a450c15fb950aa12bbcca09f4600f8f7d1,
EVENT_EMITTED,SEEK_CONFIRMATION,aa87a9d8642e0e19d08dc983935fc5ca33bd434503ec0d53bae6ae2b669ef8c6,1d830e3e8faac490f8a279524ca948f3f0888101dde140d41ebc94afd8929244,,,,,,,aa87a9d8642e0e19d08dc983935fc5ca33bd434503ec0d53bae6ae2b669ef8c6,
EVENT_EMITTED,SEEK_CONFIRMATION,aaa0ac9ff1372ec4595bef8524b7e1653cfea90e6f9fe820940248d585dfc322,6d5fa319df1187620fcfc51ede6e15dcb77751128c0495136c7a34fcfc356d37,,,,,,,aaa0ac9ff1372ec4595bef8524b7e1653cfea90e6f9fe820940248d585dfc322,
EVENT_EMITTED,SEEK_CONFIRMATION,aab577113ec28b5c187df9d456a93ba82e3f39712e02b7ee760c2f587ed46a68,ae28fd6d8706883691b03be2e1a317b3ddf33f42ba2e79e270bd05cd5965eba2,,,,,,,aab577113ec28b5c187df9d456a93ba82e3f39712e02b7ee760c2f587ed46a68,
EVENT_EMITTED,SEEK_CONFIRMATION,ad0b12dd56f3c529b53119a5c6fc3cb1b38dc729162a9526136743be39c46901,97583aa6c1c20bb9451dbc9f5dd91af8ef8d3066b2d93015e225c1f1ab4b24fa,,,,,,,ad0b12dd56f3c529b53119a5c6fc3cb1b38dc729162a9526136743be39c46901,
EVENT_EMITTED,SEEK_CONFIRMATION,adbf986a7573a5766a76c3b4b9cbbcad3c18a9c6dc559634278ef0430c58a9ba,9011fef6f95d72aa4e13b8e839444251a2b87880411abc9a2f8098c16a83862c,,,,,,,adbf986a7573a5766a76c3b4b9cbbcad3c18a9c6dc559634278ef0430c58a9ba,
EVENT_EMITTED,SEEK_CONFIRMATION,b022c185d488502eda784fdda22ed2dec81df400ccbaa9f93fad7d75ef54bccf,4a353d022a06955b88ab6698da9ce3c3579b04b004eeda710f2b838a14dca2cb,,,,,,,b022c185d488502eda784fdda22ed2dec81df400ccbaa9f93fad7d75ef54bccf,
EVENT_EMITTED,SEEK_CONFIRMATION,b04fbbc3b6137cd9b5a07c986ff3750cf078e8f31f3e0a17418a74f40be110db,6d33e0670c9dc7eaf7583b7ce594f11f3c014c791c6d6a3035cd3412d78f4258,,,,,,,b04fbbc3b6137cd9b5a07c986ff3750cf078e8f31f3e0a17418a74f40be110db,
EVENT_EMITTED,SEEK_CONFIRMATION,b0ab05fbdfb2ddd1fbe83125d22cc6ac8fc00f5fa3ea3429575b86cd38a37eef,e4c45a92f7fb6f9d6fbe1b3c7ad6f8cfcd014f7fd36a6fdfbfff6331f02c9251,,,,,,,b0ab05fbdfb2ddd1fbe83125d22cc6ac8fc00f5fa3ea3429575b86cd38a37eef,
EVENT_EMITTED,SEEK_CONFIRMATION,b1246e7f2ddbcf2a80c0ecacda9c97b595b650a5b114823f63492841291f10f5,49cb09b13bbea7a84981e066ea96d5dfbc86fc106b8ea9ebbc248e64f950f4ad,,,,,,,b1246e7f2ddbcf2a80c0ecacda9c97b595b650a5b114823f63492841291f10f5,
EVENT_EMITTED,SEEK_CONFIRMATION,b14a32fe652fe727e5bc20eeed6be701df71e72608fcebb8202b95e8ed9a8a7b,cd5ff0a16e40c65df00a9c599c9bace5972d2b7fab9f786d331f685a9059974d,,,,,,,b14a32fe652fe727e5bc20eeed6be701df71e72608fcebb8202b95e8ed9a8a7b,
EVENT_EMITTED,SEEK_CONFIRMATION,b1ad01320217a4c49050e01b6822e1dce376032de427c89ae3fba1af2a7d098c,fe14dc5631bc878807602b031f773f5f03a89d1063fd324700a0e695102290b7,,,,,,,b1ad01320217a4c49050e01b6822e1dce376032de427c89ae3fba1af2a7d098c,
EVENT_EMITTED,SEEK_CONFIRMATION,b1fdff57c718891b10c589ba1a92f6fb7304b9e462da31670edbc69b42f38f38,e556805c8409423b6d60ce492120409c8cec15e42651ca7f1cbea08c19e9cdef,,,,,,,b1fdff57c718891b10c589ba1a92f6fb7304b9e462da31670edbc69b42f38f38,
EVENT_EMITTED,SEEK_CONFIRMATION,b21130ba076b814e84cb1b1179f2badeaedd46ba2bfb9fc3d69837f7146b4163,872bc6bca7d7c9a48fe3144b4f79fe9b153f39c5b335768db77ce713b865e031,,,,,,,b21130ba076b814e84cb1b1179f2badeaedd46ba2bfb9fc3d69837f7146b4163,
EVENT_EMITTED,SEEK_CONFIRMATION,b4533193d1254175fb32ff54fe88cef04fdf8af51400b8fea9ff4ea121025f02,a6f10dd05bb01398ffa9ca1a1bf061b4b8a1b2ad6f8a4043a085cb89e34cb52b,,,,,,,b4533193d1254175fb32ff54fe88cef04fdf8af51400b8fea9ff4ea121025f02,
EVENT_EMITTED,SEEK_CONFIRMATION,b4aab023cd6f94bb4c6a4e84750a1da51a3af79f2b6a5e87204eb71d851458f9,181f988514aff2ed30f2242c4271889ee5f63e89915f0c399bc5683fa8f25bc4,,,,,,,b4aab023cd6f94bb4c6a4e84750a1da51a3af79f2b6a5e87204eb71d851458f9,
EVENT_EMITTED,SEEK_CONFIRMATION,b4c7e8b19ce49707ad05502ea4c3a346140adc6150a5e50216abd472026b3969,a335e202a400f5c1aa28e4c38ca78d54be94674407e322532128cc903e49f9ea,,,,,,,b4c7e8b19ce49707ad05502ea4c3a346140adc6150a5e50216abd472026b3969,
EVENT_EMITTED,SEEK_CONFIRMATION,b5124dd63e470091567f014b421b3219e4a8bf5a029ed690e956684e638aac51,b5e827c2fe1cc6d776811c6825fa96af863de462791d361d63aa408a24fa7e35,,,,,,,b5124dd63e470091567f014b421b3219e4a8bf5a029ed690e956684e638aac51,
EVENT_EMITTED,SEEK_CONFIRMATION,b514c07dfb175e29a40de7618948f1e73be6c8240e14e5bde3105db818147772,f24061de65971b4efa3b42705b44d6f93a5c99dc7637ab9b7f8940f9e82087a1,,,,,,,b514c07dfb175e29a40de7618948f1e73be6c8240e14e5bde3105db818147772,
EVENT_EMITTED,SEEK_CONFIRMATION,b58472250f405c569606b3cee8801ba4cbb7a4ef5ee782c1efbb11d1cecdccc5,9b24ab85bff62bb2a3e26331df18f73b85540ca596ac50fa5d583f933968ce3b,,,,,,,b58472250f405c569606b3cee8801ba4cbb7a4ef5ee782c1efbb11d1cecdccc5,
EVENT_EMITTED,SEEK_CONFIRMATION,b5ef762e2bfca3a1dd97a44900d7be0ce16b883e2a5c301a2844e7c8e3a6508d,ee3b5652253695c742ca2c98e34450c0b29c3e7cf862b9ab38fc4a703b7b7f94,,,,,,,b5ef762e2bfca3a1dd97a44900d7be0ce16b883e2a5c301a2844e7c8e3a6508d,
EVENT_EMITTED,SEEK_CONFIRMATION,b647e6b08168d7a769051de015136191849cacb2ecb31a03b7477cb200c59b3b,124830c5eed7a308820adb0579466ebf26aecb66607b6e0f93eac27f2d4515b6,,,,,,,b647e6b08168d7a769051de015136191849cacb2ecb31a03b7477cb200c59b3b,
EVENT_EMITTED,SEEK_CONFIRMATION,b868e906d4d28eccf386650419215f72bb0133edb589775225cf7613357c4c27,78219019ee3878347514336ecd5aadf3fc0ebb7cd526cdc7982c82a620891ae8,,,,,,,b868e906d4d28eccf386650419215f72bb0133edb589775225cf7613357c4c27,
EVENT_EMITTED,SEEK_CONFIRMATION,b9cd532f0204c7c20e0a685a0345265d2e2de6c4d90fa6f308889e6bad853f6f,caa27e9a648e1d34089cfafb2c64f93eec78d23febcd7c3bc9a7c7a6f5e8a0c0,,,,,,,b9cd532f0204c7c20e0a685a0345265d2e2de6c4d90fa6f308889e6bad853f6f,
EVENT_EMITTED,SEEK_CONFIRMATION,b9ead30dd1e4f19e7b21a9068d006ffb4bdda2e3c4ebf01b5e0035b6007d4461,d64a8e254fe33a6184b21a6df50d7dc94c3b1294ab76e594cec518d365a044a7,,,,,,,b9ead30dd1e4f19e7b21a9068d006ffb4bdda2e3c4ebf01b5e0035b6007d4461,
EVENT_EMITTED,SEEK_CONFIRMATION,b9eeb3992e7f90b51313a10bf3c63b66eb81fe36a8744f728d4dd9336bbdb93f,d4ff26701f54c8d4bbbd077e9ab544622ce07f6c29c263f3f7765674757d0439,,,,,,,b9eeb3992e7f90b51313a10bf3c63b66eb81fe36a8744f728d4dd9336bbdb93f,
EVENT_EMITTED,SEEK_CONFIRMATION,ba3d1590288962ed782e97b32f74de69d1e758b68d1d1828b2b028fdbe88e81b,a02ca54ea031a174b24e41c018c65ce0ac5c8feb9f1ad8e628c391d07549291e,,,,,,,ba3d1590288962ed782e97b32f74de69d1e758b68d1d1828b2b028fdbe88e81b,
EVENT_EMITTED,SEEK_CONFIRMATION,be2ea134740dfde7664a9657f7d21ade22c1c574217ef0b3f2a37e647675538e,5a1aa94bf32cb58e5a83c7df3e5bc93fab3ff9b78c7e05305a27bd1575e9c48f,,,,,,,be2ea134740dfde7664a9657f7d21ade22c1c574217ef0b3f2a37e647675538e,
EVENT_EMITTED,SEEK_CONFIRMATION,bf1de719d7dc6cfd3bd2318d58576d4f2e44abfa6f164258473eca1b25cb688f,8aeb266e9cbdb272e62a69595ac0415e4d04f0efa9ed81d3ae11c5b683a0e139,,,,,,,bf1de719d7dc6cfd3bd2318d58576d4f2e44abfa6f164258473eca1b25cb688f,
EVENT_EMITTED,SEEK_CONFIRMATION,bf1e1eb9349dc7d98373fb92b7b13bfb90fb10e72e88d778773b2ca2c62a0328,317ac2f1a41f6172582cc545d6ed766c84e3919350f58c99e6379539d2fccb92,,,,,,,bf1e1eb9349dc7d98373fb92b7b13bfb90fb10e72e88d778773b2ca2c62a0328,
EVENT_EMITTED,SEEK_CONFIRMATION,bf20a913f0d784516440677cf726c5dcd85a1a45f7bea15318a5147cd0dc998c,0045ebf2ed7f83f32f747e9ef6c7e966c6a8aabade2b0660be625cf4b306f242,,,,,,,bf20a913f0d784516440677cf726c5dcd85a1a45f7bea15318a5147cd0dc998c,
EVENT_EMITTED,SEEK_CONFIRMATION,bf40f60ff50ea66c1fd5cc6f1b6beec133e6faa7c4d47aeab22fb2fcb7aee2d9,91ba18d818aba8f6f9466fa9797ee5c1420425c003079646820ac825154bc726,,,,,,,bf40f60ff50ea66c1fd5cc6f1b6beec133e6faa7c4d47aeab22fb2fcb7aee2d9,
EVENT_EMITTED,SEEK_CONFIRMATION,bf78fe59f396f6cdf8438cbec2082299e14fb3a15e8839e3b628edd6205cd318,8998da95ca17523617a764c8fe03f2a4a85182770bbcfaf6c9959f4456cb1db2,,,,,,,bf78fe59f396f6cdf8438cbec2082299e14fb3a15e8839e3b628edd6205cd318,
EVENT_EMITTED,SEEK_CONFIRMATION,bfa8fda201e63a5c862844158398b75d4ca7218366499af758a0106121734f36,43e7f0dc7f18c4a0ef8ba8f9d5502d7cd19c482bf91066843cc61237f8e9eb12,,,,,,,bfa8fda201e63a5c862844158398b75d4ca7218366499af758a0106121734f36,
EVENT_EMITTED,SEEK_CONFIRMATION,bfaf4e5438030a75bca0f136b3efd457565145a44d9f258593798f778ba0ce2e,404f880501b7a4db30de3e7b0ba5aadbd64a0e8823c216fed979b37aaf71bf64,,,,,,,bfaf4e5438030a75bca0f136b3efd457565145a44d9f258593798f778ba0ce2e,
EVENT_EMITTED,SEEK_CONFIRMATION,c083e7774fe9a9de309a43b530dab6430c36473dfd23646422466affb510ea22,02cb1967141d680c36da0331601418bda58a21ab1f756540698735bb7f6f047b,,,,,,,c083e7774fe9a9de309a43b530dab6430c36473dfd23646422466affb510ea22,
EVENT_EMITTED,SEEK_CONFIRMATION,c09be56fc01998a9522bc6697f180c75fefc8dd3ef2dbd0baa4f15a42a8edc1d,b0c8503b504c73f6e2e9f89e3f450929cd42bd14cba89f4c910a88a294c942dd,,,,,,,c09be56fc01998a9522bc6697f180c75fefc8dd3ef2dbd0baa4f15a42a8edc1d,
EVENT_EMITTED,SEEK_CONFIRMATION,c0a781b0dab22864fa44dda70af79467dcd65af52f1f930f2a1775ff1096d796,856da9ef590ab19e8f87f3164b6de103b0f600702c656da9d839f67c0bb725d8,,,,,,,c0a781b0dab22864fa44dda70af79467dcd65af52f1f930f2a1775ff1096d796,
EVENT_EMITTED,SEEK_CONFIRMATION,c10ec6c40b706c8aac5f12b9c72caa1fdd5b214f3ccd7ffb0014e3406901712c,ae2fc2b09c9d429fc906ad2a5445f984c52be02f4dd81ff0211cb04f851396a4,,,,,,,c10ec6c40b706c8aac5f12b9c72caa1fdd5b214f3ccd7ffb0014e3406901712c,
EVENT_EMITTED,SEEK_CONFIRMATION,c17c337e7101cdccaf44666ae7acf833837fa0f73af8b9f968695dc33fee8d37,6b4e9502a8fd5c2ac8834273cadff5097ce70a4ae75e23ddb8b90fccd766bc76,,,,,,,c17c337e7101cdccaf44666ae7acf833837fa0f73af8b9f968695dc33fee8d37,
EVENT_EMITTED,SEEK_CONFIRMATION,c1d7f7d6c925d229a031fa25b02e334046bb7c5674cb8541d2d68c31a334f705,0593651a56f0ce5ba6f66bf5808a03c76b5e5df4be1bce332ca80e1d9dc8e650,,,,,,,c1d7f7d6c925d229a031fa25b02e334046bb7c5674cb8541d2d68c31a334f705,
EVENT_EMITTED,SEEK_CONFIRMATION,c28ec0a63f776d64d4d567c41962ed5b54dfe4efbce46ca815383f222624ff78,1b47f2e53426e06d64037cbdf7c6c5278d7e1ba67c0e318021269c35bf64f94a,,,,,,,c28ec0a63f776d64d4d567c41962ed5b54dfe4efbce46ca815383f222624ff78,
EVENT_EMITTED,SEEK_CONFIRMATION,c2d45ebf3034f698012782c75d4643be0384ec6830fc472f37a8afe64567a5cf,eb8b30a4bc74128be60bfff328f0cdf0dc491a11bd279cb07a50d7977a2750a9,,,,,,,c2d45ebf3034f698012782c75d4643be0384ec6830fc472f37a8afe64567a5cf,
EVENT_EMITTED,SEEK_CONFIRMATION,c3647edf52e24482b4fb5422d8ef4806069e79a75535960eb720cb6a4714220a,4ea61e102d8a186b2a347d1cac31c0f556c8f3d8bd212bb72052def2c2c0203c,,,,,,,c3647edf52e24482b4fb5422d8ef4806069e79a75535960eb720cb6a4714220a,
EVENT_EMITTED,SEEK_CONFIRMATION,c3f229d081a151cf9bba12801e4a14a017309b2188d532afefa8e884d7271fc0,79cee3dd76c2fc63c46577f2be3a2b1aa0dcf9369f5a5107bd7be9753bd6c197,,,,,,,c3f229d081a151cf9bba12801e4a14a017309b2188d532afefa8e884d7271fc0,
EVENT_EMITTED,SEEK_CONFIRMATION,c47c3c79883c44dbf6a5a41338d8dae6a561232fb14a5bd06cb8ed34943ec425,ea829bf042b1f6ede1a062faf08a42c2c2fad1d2da3fd504e6864df7bd4b8fe1,,,,,,,c47c3c79883c44dbf6a5a41338d8dae6a561232fb14a5bd06cb8ed34943ec425,
EVENT_EMITTED,SEEK_CONFIRMATION,c556945ac122a27c65b1efa6645684bc8fb17493fb9a1d26c5ee42f49bb2a4b9,9c73012c273520d2fd3ef41552e60d75ee1f4255bc9be04de8eb6f82944a3fd2,,,,,,,c556945ac122a27c65b1efa6645684bc8fb17493fb9a1d26c5ee42f49bb2a4b9,
EVENT_EMITTED,SEEK_CONFIRMATION,c5f558e336c414ebbcb76940f63f5a1000dc8da320a7f3a9e2f02a1b8a5441b2,8bbe91e5b2281970952c2be19012783239294ceadbbe64f97a25a0cb4c3a7448,,,,,,,c5f558e336c414ebbcb76940f63f5a1000dc8da320a7f3a9e2f02a1b8a5441b2,
EVENT_EMITTED,SEEK_CONFIRMATION,c6356142bd3521d338cdd85d1b4f4c3374a9744c5318cdf126199e31bbe656a6,57802be105582c3f8323da6c1f9bd512c3b10f3d9e328efc9e82c6ca783df829,,,,,,,c6356142bd3521d338cdd85d1b4f4c3374a9744c5318cdf126199e31bbe656a6,
EVENT_EMITTED,SEEK_CONFIRMATION,c6555290a51e8d008be3d9b03508f9fcab7eac83b518bc38654740cbe0df85a5,2bab339ef3c2d9077cd17d58cbac934e9df1af3186cc261e1ce362a867bfa9b4,,,,,,,c6555290a51e8d008be3d9b03508f9fcab7eac83b518bc38654740cbe0df85a5,
EVENT_EMITTED,SEEK_CONFIRMATION,c7064cf9418032f738c6c3d8d5032caf3b643f8de49e87802cc2f0ec641c4f31,245d2059f5f9d80ff83942241be3db0cc8125b9f2bae124a4136a42e7b833a46,,,,,,,c7064cf9418032f738c6c3d8d5032caf3b643f8de49e87802cc2f0ec641c4f31,
EVENT_EMITTED,SEEK_CONFIRMATION,c7100432ae691886f9425f37e1767a8e69c9ea7649afb5a57c32fe7f138a59d6,75e926dea65753c8666abe8815273f81ca24c3f2b26b962aa9a91b6cb34f74f2,,,,,,,c7100432ae691886f9425f37e1767a8e69c9ea7649afb5a57c32fe7f138a59d6,
EVENT_EMITTED,SEEK_CONFIRMATION,c86e919bd71c122fdf80498ab7e4169dd3d4f5842a1a8ab97763baaaa4af1fe2,9fd173a78ef89f078442e79e745f9a3c44d0ab75001ce9268b60437e92a04674,,,,,,,c86e919bd71c122fdf80498ab7e4169dd3d4f5842a1a8ab97763baaaa4af1fe2,
EVENT_EMITTED,SEEK_CONFIRMATION,c900d1656722e90b933acce91ef7d16325ab3c3b39a463bea212a8ed144eacee,b6cf40f8d1be4d3dd418dab7a196c393641b91e432d094696e8fc7083ead6dc8,,,,,,,c900d1656722e90b933acce91ef7d16325ab3c3b39a463bea212a8ed144eacee,
EVENT_EMITTED,SEEK_CONFIRMATION,c9fc8853c50f2895518523956aea5057e16fddd9bb36b375ec79de6d5373203e,b59fd38681941d52e6bb96084bfda11990695748512c9d4720639e4f31744e70,,,,,,,c9fc8853c50f2895518523956aea5057e16fddd9bb36b375ec79de6d5373203e,
EVENT_EMITTED,SEEK_CONFIRMATION,cabef6630bd3af4ecb301807cca706e658cf12865b321a0647d60c995eecbc64,fec1e3bae6961dbd3bd9423985a047ce5aa7ea3efef52e7b7a7f4eed6ccef02e,,,,,,,cabef6630bd3af4ecb301807cca706e658cf12865b321a0647d60c995eecbc64,
EVENT_EMITTED,SEEK_CONFIRMATION,cae00bdae016929f63f9a27cffbbc28f72f337d0d344d78f391400ee8ce7d744,3919fe390fa6670754b3898cf4d5a49f527c1ba3ce2ea7da64fc3993dc843496,,,,,,,cae00bdae016929f63f9a27cffbbc28f72f337d0d344d78f391400ee8ce7d744,
EVENT_EMITTED,SEEK_CONFIRMATION,cbaab1e990e72c319fac090c3d5079c3fe484cabbbd8eb80f2673a912b2ec200,39130a1f7252e05cdde334170fa6115824184a86cddb3a2848d053486954da70,,,,,,,cbaab1e990e72c319fac090c3d5079c3fe484cabbbd8eb80f2673a912b2ec200,
EVENT_EMITTED,SEEK_CONFIRMATION,cd828d5a5dc1c81059bd541064af6faae99609d243e5c5c5742b8ff581411977,12d8feb8a5bd6fecc930b6a5c107447b4f62fb9c569323469f32a5cd1951900c,,,,,,,cd828d5a5dc1c81059bd541064af6faae99609d243e5c5c5742b8ff581411977,
EVENT_EMITTED,SEEK_CONFIRMATION,cecf493ce9192a7bbb2754c50dfeaf99c35ab8396e5bc8d047a1f6112154f621,da3c3a7e2480633baabafced8698066e93ea3eb62176b2d34ab0a0a52d0390d1,,,,,,,cecf493ce9192a7bbb2754c50dfeaf99c35ab8396e5bc8d047a1f6112154f621,
EVENT_EMITTED,SEEK_CONFIRMATION,cef8140628d210a79ceebb3274f04336cf5c583dbe0629272b1f35d3bec24060,894d76c00ec849445f1f04592bb2f48569fdd151df1179bda26c7e03af0d5641,,,,,,,cef8140628d210a79ceebb3274f04336cf5c583dbe0629272b1f35d3bec24060,
EVENT_EMITTED,SEEK_CONFIRMATION,cf12bd7476307434b17f22850d555c99195c3525a8a71b44bf7dbe9376147fb8,b2cab58853079cb2c21fb98315b5a268bc7ece0a094e9ed859b4e3faa26253a4,,,,,,,cf12bd7476307434b17f22850d555c99195c3525a8a71b44bf7dbe9376147fb8,
EVENT_EMITTED,SEEK_CONFIRMATION,d08272d0e529fb11d9d923108cab467aa02f351d933b4df6b315082c6ed30ccd,0d7356d930b5db5d6346949fcd79ae967e3bb28a5e752634ef666d05c4cc7e20,,,,,,,d08272d0e529fb11d9d923108cab467aa02f351d933b4df6b315082c6ed30ccd,
EVENT_EMITTED,SEEK_CONFIRMATION,d128a3802f0fc7d7a00a5bc0ccf8a23785e3fd147722e382a4256313ed3dc4a0,4a8897cfcec6b55c71787aa40e206b46b1757dce76484341e0c5d131ce0b124b,,,,,,,d128a3802f0fc7d7a00a5bc0ccf8a23785e3fd147722e382a4256313ed3dc4a0,
EVENT_EMITTED,SEEK_CONFIRMATION,d1f7dabfe2e5fb94ddc2632888c664ee700253d76a994565b7cfdb82e7512eb5,769fe1cc86089d83854dacb2ddee45e1b6db68c443953536ebee279bdce464ef,,,,,,,d1f7dabfe2e5fb94ddc2632888c664ee700253d76a994565b7cfdb82e7512eb5,
EVENT_EMITTED,SEEK_CONFIRMATION,d1f84a169a74fdea315f6f4567814c52dd730f20808e129514a217ea853eeb74,ebe5775dc63bfbf79b132539c51f381861bcbd60f9f1b4466d1c9f42a29f27b1,,,,,,,d1f84a169a74fdea315f6f4567814c52dd730f20808e129514a217ea853eeb74,
EVENT_EMITTED,SEEK_CONFIRMATION,d2acfbd613fd09f11a5921480dc652e9905d64a4dcb3868560b5efcd0cafe6f7,14341b11cd96d4335baae0ce4dd382c0b1c40d6165f593361ef18de9f4e9b4a3,,,,,,,d2acfbd613fd09f11a5921480dc652e9905d64a4dcb3868560b5efcd0cafe6f7,
EVENT_EMITTED,SEEK_CONFIRMATION,d2b09c7212f2a28cb852c3e52f37c75c2c5723b0cbe9b369c30b06f80b4f1849,33c5a61a7f95c438e3ca7c078d0290746bc80f05d3d738ccf7761c278e855882,,,,,,,d2b09c7212f2a28cb852c3e52f37c75c2c5723b0cbe9b369c30b06f80b4f1849,
EVENT_EMITTED,SEEK_CONFIRMATION,d2f0689e73606ba26c0fcbb9c4e31e464c6faad787284a352b0e24f97b6535a2,56bf0d980a7144137325da94cde933a1ffbf74446e3cda651b9fbad916d53a8b,,,,,,,d2f0689e73606ba26c0fcbb9c4e31e464c6faad787284a352b0e24f97b6535a2,
EVENT_EMITTED,SEEK_CONFIRMATION,d3873b439f291573613ba0a6dcbb13121eaddde54ffba4caf0bbd67ad358df1d,66905a25317e3e57ce55950f5f6ab6e23def4c726992a5e78299cf1dcb2e0cb1,,,,,,,d3873b439f291573613ba0a6dcbb13121eaddde54ffba4caf0bbd67ad358df1d,
EVENT_EMITTED,SEEK_CONFIRMATION,d3936701049cd2c204f8758809332715f6cd281ad22b15f130ae8e47b9a7d01f,260332e822941b5cedccf93e7cae2c61cd12036b618880cf788331a1fd8ce600,,,,,,,d3936701049cd2c204f8758809332715f6cd281ad22b15f130ae8e47b9a7d01f,
EVENT_EMITTED,SEEK_CONFIRMATION,d3f2f9f9cbf83231b98177b5ff1e981aaa16eb6499c81d7e6cec8071fb6be753,f328d4fc941a3576ac56d911dc7b0ba5229ba856a1762a0691e47e58d8c27254,,,,,,,d3f2f9f9cbf83231b98177b5ff1e981aaa16eb6499c81d7e6cec8071fb6be753,
EVENT_EMITTED,SEEK_CONFIRMATION,d4778ae871f5fea067a6ab5ca8a936d435d64e196ed29d0a3f3684da30e9d292,e3ebe3746e63808c80e1c904b301278e18ef4d04fb5cc2d6fb7fc160efec7ff9,,,,,,,d4778ae871f5fea067a6ab5ca8a936d435d64e196ed29d0a3f3684da30e9d292,
EVENT_EMITTED,SEEK_CONFIRMATION,d591621e10b28dfcb7d6d8ef1e9bfe8d0d8b6ae625f0ee9b8d28aa878289624c,d9d194d098ce1419ebfb9f838689236406ef47b648a7c760ee10c8e853e5c35b,,,,,,,d591621e10b28dfcb7d6d8ef1e9bfe8d0d8b6ae625f0ee9b8d28aa878289624c,
EVENT_EMITTED,SEEK_CONFIRMATION,d6134d2e247a790664d3f3d1c13693139208c6a3313d949f801033f7b6891ff5,7851585f997a21db291da2d1bc970e5cae25d147e4698164ecc2b7e79c6da863,,,,,,,d6134d2e247a790664d3f3d1c13693139208c6a3313d949f801033f7b6891ff5,
EVENT_EMITTED,SEEK_CONFIRMATION,d625be4dda3254b9a914959d513801e90f13845316deb228da081bf43fee0b59,eb0122756e948e48eaa922d6084417e36df69aa4e1fd24b4cefb534a9aaeed91,,,,,,,d625be4dda3254b9a914959d513801e90f13845316deb228da081bf43fee0b59,
EVENT_EMITTED,SEEK_CONFIRMATION,d630a7268f78939133420045929a094766bc4cd7d7b6df2883547b5f9dff6ef5,8cb97ec79b9294d55ddc891617b7d87deacca224d07667aefb20259286d76875,,,,,,,d630a7268f78939133420045929a094766bc4cd7d7b6df2883547b5f9dff6ef5,
EVENT_EMITTED,SEEK_CONFIRMATION,d64d8f282f6c7f2b072880c142b8715cd26ca3d981d32695f5d16873bd768419,3f0c02e46fedcc85c93accae8be507f00abebc33fe83c779fec23e3f9669048b,,,,,,,d64d8f282f6c7f2b072880c142b8715cd26ca3d981d32695f5d16873bd768419,
EVENT_EMITTED,SEEK_CONFIRMATION,d68b17f675ae35113582fc6c285bccb69324eced8f16de0924dda34c4b1d613d,d879f7c78964b4186fd73b8efdd6a605d92e5e77052ae0303e08a9ba7772745f,,,,,,,d68b17f675ae35113582fc6c285bccb69324eced8f16de0924dda34c4b1d613d,
EVENT_EMITTED,SEEK_CONFIRMATION,d71fd788ce76237f8608b30c90cdf8252fca05cc0754fe41b5e24808d8c8a4be,1793b912d9fd55af866234558e48b25da579ae7ef31f9b6a7fd3e3115c917ca4,,,,,,,d71fd788ce76237f8608b30c90cdf8252fca05cc0754fe41b5e24808d8c8a4be,
EVENT_EMITTED,SEEK_CONFIRMATION,d7bbcaccfd20f000d129acea548ce0449f2a6b654c5986a5237a41b0c8e9c558,f29d2a5248bc4f82edd1b729ec1d502220d7812680b1e97925a6ca18ef297de6,,,,,,,d7bbcaccfd20f000d129acea548ce0449f2a6b654c5986a5237a41b0c8e9c558,
EVENT_EMITTED,SEEK_CONFIRMATION,d82617222b67c8b6ba92e86ff48e9517bfb62a76cc0adf92e5b3d3ec9d7914f4,d3b94915c2496d385e6c850783eb48f791cef24aba2be5c25a8aa42f85e24dfd,,,,,,,d82617222b67c8b6ba92e86ff48e9517bfb62a76cc0adf92e5b3d3ec9d7914f4,
EVENT_EMITTED,SEEK_CONFIRMATION,d8d291979e6b806979dd7f5d88cc911a829ae726effac18b92c46770246b70af,42555c49bd8459c8f7b91562adf2e33145fcbf0951a999ee27c0b8699d2c493c,,,,,,,d8d291979e6b806979dd7f5d88cc911a829ae726effac18b92c46770246b70af,
EVENT_EMITTED,SEEK_CONFIRMATION,d978e42c37e54acb6310a3aebb6bd6f4ec0b5acc76312300d9026c8d76b4f5c3,99b5062b48e7c803d96a1446e731a992ff8114e3e59c2de53ca5c793953344eb,,,,,,,d978e42c37e54acb6310a3aebb6bd6f4ec0b5acc76312300d9026c8d76b4f5c3,
EVENT_EMITTED,SEEK_CONFIRMATION,da237303cbecd4a2a5f69babbe247dacc15b84fbe2a085852175d3161381a1ec,786e237dff05e0d5f216f40e97811735a08ae616b4a6581537218038528ee747,,,,,,,da237303cbecd4a2a5f69babbe247dacc15b84fbe2a085852175d3161381a1ec,
EVENT_EMITTED,SEEK_CONFIRMATION,da241fd8254c2ba93bee2e08fe40abb506bd9032e32506a2a8c1a95deeff3cda,3b03f2944875d261e7f91d2dfb145bd95305eed89372e33e920a43012ec4584e,,,,,,,da241fd8254c2ba93bee2e08fe40abb506bd9032e32506a2a8c1a95deeff3cda,
EVENT_EMITTED,SEEK_CONFIRMATION,da39076a3e354bd14d2ad6f8ccc9698ce2b407a1b59e2b987b3ac078fa4bf2ab,868f2e84bb7b54339add5c9c23eb9497b1767c598015e4739f937a7a07c88f31,,,,,,,da39076a3e354bd14d2ad6f8ccc9698ce2b407a1b59e2b987b3ac078fa4bf2ab,
EVENT_EMITTED,SEEK_CONFIRMATION,da3cad2b0a7193d8f251f1e65c161fbbce79b0be1f6fc5a8fbf2b4c82f71284b,1d5a3d7034f2e375f9f1cabd64562e6d692e2c9a4eedc436744272c30f345a44,,,,,,,da3cad2b0a7193d8f251f1e65c161fbbce79b0be1f6fc5a8fbf2b4c82f71284b,
EVENT_EMITTED,SEEK_CONFIRMATION,daa3918a3f995eb50711a35285eb3f53b8fd48243c710dce9632f36001f43f5e,e4c284d361fe0d7848c56fc8662ac1df1de6c01af45fd37751dbc1660d1920a1,,,,,,,daa3918a3f995eb50711a35285eb3f53b8fd48243c710dce9632f36001f43f5e,
EVENT_EMITTED,SEEK_CONFIRMATION,db608a1af97e70c3d158d06d011e1bfaaf90b5998c7a5390411a2804b8ba6b0f,025ca7e6287b389ae6968c806597f193e4d49d3243c1bdd3a5386f971f80d4f8,,,,,,,db608a1af97e70c3d158d06d011e1bfaaf90b5998c7a5390411a2804b8ba6b0f,
EVENT_EMITTED,SEEK_CONFIRMATION,db6830b9619f0792d9464d83f4db1861282c6ba2fe3e9fcc56cc7c8dd8068bd5,9364514d0e9f73f84049073f1e1b404c0f54d6c3605e374ee4d3d66690d9eaea,,,,,,,db6830b9619f0792d9464d83f4db1861282c6ba2fe3e9fcc56cc7c8dd8068bd5,
EVENT_EMITTED,SEEK_CONFIRMATION,db701675d2f6b477ad3ea8c98d6c96b4d58bd0b827ed23d46203c7aab4547f46,68a8cfc133e2616adc4b2cb757110d373108750e081a3c64c85e037a41c64e28,,,,,,,db701675d2f6b477ad3ea8c98d6c96b4d58bd0b827ed23d46203c7aab4547f46,
EVENT_EMITTED,SEEK_CONFIRMATION,dc883080c082eb1f6463c75f6e03bd846ef27853a0f45bf4c9b6df8df1d86f22,6f10d2911be68b4df2d1dac19a1f58cd959952a4074e2ea85da81894f6c80b5f,,,,,,,dc883080c082eb1f6463c75f6e03bd846ef27853a0f45bf4c9b6df8df1d86f22,
EVENT_EMITTED,SEEK_CONFIRMATION,dcb5d8c7014eefa1d44ba8e6e56a04475dad98983cd306d63f42ec1c542731ad,613c0b9a9c37fbf5b74d59b67931248a80b739a04d737cc354aee6c6c773304f,,,,,,,dcb5d8c7014eefa1d44ba8e6e56a04475dad98983cd306d63f42ec1c542731ad,
EVENT_EMITTED,SEEK_CONFIRMATION,dcf513aa8329c2ae430259450c03f40e3c2cabd55d0c44e67da944fc78b1304e,022e75089a46699ee42ebefcf1c00d936760cc6f3251304701c8711c5ccfae07,,,,,,,dcf513aa8329c2ae430259450c03f40e3c2cabd55d0c44e67da944fc78b1304e,
EVENT_EMITTED,SEEK_CONFIRMATION,ddd3181d8bad3756cbbf6522a0484acaaea83fe539c093c2e0cd15abac71641c,17341f96866e8c736157407ccd4bce2b64a33c4569d86fa8a52322406405cce6,,,,,,,ddd3181d8bad3756cbbf6522a0484acaaea83fe539c093c2e0cd15abac71641c,
EVENT_EMITTED,SEEK_CONFIRMATION,de54ac465abc2c4fd5011ed4572ac8beae9026ececc6a2afcfc2c184bd263cf5,f1bec18e726cf53e00a2a4cd3b8605fb56d012ef846b151ebc1d9266ab4498a3,,,,,,,de54ac465abc2c4fd5011ed4572ac8beae9026ececc6a2afcfc2c184bd263cf5,
EVENT_EMITTED,SEEK_CONFIRMATION,dedaa81c7fc811f98cf93cce566bc2fda6fea64a102552acf70fbd43b8321837,44a8ac144d42df4c052ad58c2fee07a2f147c21aad725f65dab793c9d253ca1b,,,,,,,dedaa81c7fc811f98cf93cce566bc2fda6fea64a102552acf70fbd43b8321837,
EVENT_EMITTED,SEEK_CONFIRMATION,deddc5bd1e96cbc994ada9ff6f2b7a4ff590d6bbe8087668fe9cad623d3103d7,42c8c523a023da644417b40602b44caaf42d005b86194e18a83b6a8ebe6c6e90,,,,,,,deddc5bd1e96cbc994ada9ff6f2b7a4ff590d6bbe8087668fe9cad623d3103d7,
EVENT_EMITTED,SEEK_CONFIRMATION,df4722f137e24f57e94bb6c74f8ef69952caa5c3ba5d799a1be9dfe8a291a4d7,38438192f5e75634790bc105f1c1fd65f861b668a30d055920304635c2e69db5,,,,,,,df4722f137e24f57e94bb6c74f8ef69952caa5c3ba5d799a1be9dfe8a291a4d7,
EVENT_EMITTED,SEEK_CONFIRMATION,df6ab07d49da56452fc536c16b2522ccf601ae7abe3978edb38782822d2d4c1d,d876be95ae1a9d3bf87c24f115ebebf9294c588f5b4159afd111ab4d7a0fe9a8,,,,,,,df6ab07d49da56452fc536c16b2522ccf601ae7abe3978edb38782822d2d4c1d,
EVENT_EMITTED,SEEK_CONFIRMATION,dfd5c3e5039df2e8c499650f522d41efbb5ab320fa167addbd79045f42470483,183d6b18629a224d8d7251414ab4bce0681a262cbd1c5f5dbe3df84dbfa244c2,,,,,,,dfd5c3e5039df2e8c499650f522d41efbb5ab320fa167addbd79045f42470483,
EVENT_EMITTED,SEEK_CONFIRMATION,dfd61332f1bf82a6dbf3d1c0756d2191579b618647c9595ce65ec3a98ef7222e,e20dfa0e1c02b292868a30c6c9561df95681c7bfeddbcf2e7d6569364b5909d9,,,,,,,dfd61332f1bf82a6dbf3d1c0756d2191579b618647c9595ce65ec3a98ef7222e,
EVENT_EMITTED,SEEK_CONFIRMATION,e03df084d87c9d410ff8cc12bd948550483273a0e7000ef84ec8698636fe2322,1746acbd76baa5d160e6cb1167322c87a265e29088ecf061c21c3284ba44ac62,,,,,,,e03df084d87c9d410ff8cc12bd948550483273a0e7000ef84ec8698636fe2322,
EVENT_EMITTED,SEEK_CONFIRMATION,e04e572e5e1b14ddf04351116fb814716bea697713f9b646bdcd6eab49105025,c18fc0af6cf6a38dfb2214ca84ea2d9bd59d78af1b279ace119df1342ea7551f,,,,,,,e04e572e5e1b14ddf04351116fb814716bea697713f9b646bdcd6eab49105025,
EVENT_EMITTED,SEEK_CONFIRMATION,e060ccb0fe763b9196ec5f5103087df8c112a54bf09b0c5668b6272939b5128d,ae7b43d4ff12ee7754d44f905cb1cdfba85ecd07db150694d653ece01ec32d7d,,,,,,,e060ccb0fe763b9196ec5f5103087df8c112a54bf09b0c5668b6272939b5128d,
EVENT_EMITTED,SEEK_CONFIRMATION,e0794f7aae554d8182fa52473d90afcd552518a4a5e1dbdcf5cfcb5da436045a,785544556d9187f3d6a985521f2c6108b0aa8822725a3ddcbad46a0e94380be2,,,,,,,e0794f7aae554d8182fa52473d90afcd552518a4a5e1dbdcf5cfcb5da436045a,
EVENT_EMITTED,SEEK_CONFIRMATION,e0dec00f0ce50c8a15578f06283e5b86ca504393077e32069428dd936bb155d6,19d85fae1377f983b262f8b2d253dacf6b0c858a0981461856227d65de74e7d1,,,,,,,e0dec00f0ce50c8a15578f06283e5b86ca504393077e32069428dd936bb155d6,
EVENT_EMITTED,SEEK_CONFIRMATION,e0f2691e829f0fbde91badb9b57915e5879621adb6148430f3b9326a6f45ac6a,bb286badc94efdfaed9905ab561523129bf80b078cf5277b767edd848ffaf8bd,,,,,,,e0f2691e829f0fbde91badb9b57915e5879621adb6148430f3b9326a6f45ac6a,
EVENT_EMITTED,SEEK_CONFIRMATION,e0fdf5b5843d919e1741741b7a83b889e253cea2abcf9b9aa6b0cb0f372d2da1,6ed4e94976ed034d6c701dcb58194b5e140aca618322eff75336ad2f81002892,,,,,,,e0fdf5b5843d919e1741741b7a83b889e253cea2abcf9b9aa6b0cb0f372d2da1,
EVENT_EMITTED,SEEK_CONFIRMATION,e132f5ed80f372093feca7d332ef5602c50475f324d7b8329d9697d1e16772b2,7daa5c736b378f69543d0e90bb8fc0699d24f9ff3381dd84cac67266f8f85a57,,,,,,,e132f5ed80f372093feca7d332ef5602c50475f324d7b8329d9697d1e16772b2,
EVENT_EMITTED,SEEK_CONFIRMATION,e2262fa788540a2dda9ba8056ac2c2f9813db2b94a85b9c86b00cb950f373ee6,b1805f9e11c03ebd45fc87d0e4c1001b93f79fa301dadd290183a0446f44713d,,,,,,,e2262fa788540a2dda9ba8056ac2c2f9813db2b94a85b9c86b00cb950f373ee6,
EVENT_EMITTED,SEEK_CONFIRMATION,e2c0ab0ce18685c364d577e4dc4d1f2fda01eee68b07eaafea11966f7d12d93b,8981c4d8b9d6323a942b015308c53be2aa3e472a430e58a1747d71be84ff2b20,,,,,,,e2c0ab0ce18685c364d577e4dc4d1f2fda01eee68b07eaafea11966f7d12d93b,
EVENT_EMITTED,SEEK_CONFIRMATION,e2dc304f0b1b669397655900a8eacad01792ddfc1ca80906147b0bcbbb4ad408,22c18f91679632b9316033c870c938516aff526ccbe4885bbec44c3e1cc0cbbe,,,,,,,e2dc304f0b1b669397655900a8eacad01792ddfc1ca80906147b0bcbbb4ad408,
EVENT_EMITTED,SEEK_CONFIRMATION,e3307c7d83a6178238a823920b6b0286695fdfa5aeb5711692e6a03c66fbcce6,a0528547ea26435d2beff88e10f8ec052dfa5933168880cbafc0f3c5b26cb5ed,,,,,,,e3307c7d83a6178238a823920b6b0286695fdfa5aeb5711692e6a03c66fbcce6,
EVENT_EMITTED,SEEK_CONFIRMATION,e3629badd760ac22e4cedab3b0a8255a424817d3c3870fe49964021e1a068467,37bfd160a9e70812bb6457348e4b611b5fd7d9c704702f6d3198c42aa93097e8,,,,,,,e3629badd760ac22e4cedab3b0a8255a424817d3c3870fe49964021e1a068467,
EVENT_EMITTED,SEEK_CONFIRMATION,e3dd88f8bb7aeca6483031b8367a2c2ddbb28c35d87b8f805da5b7954ecf2bfa,7ae8e14f9ac477f64f4660c143f149effd418514e9acd6be5a88f7a13603e88e,,,,,,,e3dd88f8bb7aeca6483031b8367a2c2ddbb28c35d87b8f805da5b7954ecf2bfa,
EVENT_EMITTED,SEEK_CONFIRMATION,e4ec50c528196f0047b23379dc792f7192a5717676dcd449d32850254feb9968,9a14e3282904a7acb53f7eac0cfea5d2b0c60de5bfe729cd3896ed34e287c2a2,,,,,,,e4ec50c528196f0047b23379dc792f7192a5717676dcd449d32850254feb9968,
EVENT_EMITTED,SEEK_CONFIRMATION,e519802a354643a5386c761ebc499a15be2ab23b1266327240880512c5c0ab47,90d327db468d41a15c18f9dc4374d9965cd9c8ca68d857cbf6ccbd8da40c6960,,,,,,,e519802a354643a5386c761ebc499a15be2ab23b1266327240880512c5c0ab47,
EVENT_EMITTED,SEEK_CONFIRMATION,e5b713cdcc7935a49ebd840ec3edbe8689bc563fc0d1c4c98571068d108cfc10,bbea5b3b892ff44688cfaf7e076bcff62c86c863298c08d00a771df89c89d4f1,,,,,,,e5b713cdcc7935a49ebd840ec3edbe8689bc563fc0d1c4c98571068d108cfc10,
EVENT_EMITTED,SEEK_CONFIRMATION,e5c282dc611c99ecf29e7b06e34eafa73f0656442755d243406b16d468fba12c,65af91b81817d597c4bbb65d81690f4347dae265e9e16ef9d842806e67102bce,,,,,,,e5c282dc611c99ecf29e7b06e34eafa73f0656442755d243406b16d468fba12c,
EVENT_EMITTED,SEEK_CONFIRMATION,e64f41d76fb9fd37fbb6b2d90001c277cb92a045852898bd7fc5ca6c66243886,32c38217b4761cd5087a616c3ed87114561bd2f9b5c8879b71a3abe3a02437e1,,,,,,,e64f41d76fb9fd37fbb6b2d90001c277cb92a045852898bd7fc5ca6c66243886,
EVENT_EMITTED,SEEK_CONFIRMATION,e6531019a15fe200d103af8d41ef7caaa74f4bfccdebad6c50f08b3b4cf10468,d9fca52368158ee6afcb84ce518d457d3cc1d854f70f59d6f2fb01fb0a299bc9,,,,,,,e6531019a15fe200d103af8d41ef7caaa74f4bfccdebad6c50f08b3b4cf10468,
EVENT_EMITTED,SEEK_CONFIRMATION,e6844600fc3237489218741353bed25030c6a37ae8e819d429649e5d2fc72255,032694e082de9ad03c90689b02650324fda6f94b262210846872d11bd11385e7,,,,,,,e6844600fc3237489218741353bed25030c6a37ae8e819d429649e5d2fc72255,
EVENT_EMITTED,SEEK_CONFIRMATION,e69883723048927d598b9f1c0c477377474a99340b7840c916cf93c21a4b1135,7e26f88010c0a366ef45d44fbafc5f575289fa88d33d4e62674a32ede3277d9f,,,,,,,e69883723048927d598b9f1c0c477377474a99340b7840c916cf93c21a4b1135,
EVENT_EMITTED,SEEK_CONFIRMATION,e752ba2bdb9ab3023e00e0227718567b55dbdc28750a0cc8a4980c4dd121d82c,b5b38b6af8dc474e7c317f03f176837507cda66fb214b996ee9a56453b3de5bc,,,,,,,e752ba2bdb9ab3023e00e0227718567b55dbdc28750a0cc8a4980c4dd121d82c,
EVENT_EMITTED,SEEK_CONFIRMATION,e77a5002fb019ea969ec76198b071ef73053d77da490004f7100baf1a81cc758,0d42bee4dd06f49a94b52314b88c628231d1cf7b94dd9fc9cb66116844016d95,,,,,,,e77a5002fb019ea969ec76198b071ef73053d77da490004f7100baf1a81cc758,
EVENT_EMITTED,SEEK_CONFIRMATION,e780c8cd208827a014b3c36ea25aa708abc6f96ba3008a449eea45fee41f1cd2,08ca4727ae8507e200bb55df8e268096eb559dadd47c28b8f57a2f64fc8a7d74,,,,,,,e780c8cd208827a014b3c36ea25aa708abc6f96ba3008a449eea45fee41f1cd2,
EVENT_EMITTED,SEEK_CONFIRMATION,e78643f5ac9645da298d08859ea6aaf4b3c01a5613ec96ff20b65de41fe0c2eb,5798fb364803e77cefd572cc875f2e21a75128ee1f5f6bee5482048ece43d052,,,,,,,e78643f5ac9645da298d08859ea6aaf4b3c01a5613ec96ff20b65de41fe0c2eb,
EVENT_EMITTED,SEEK_CONFIRMATION,e7be95c47a2aa24f6092e1cac07d719c91533d59279bd56d6f20adfc70760b95,5248042418a6636dd5fc344e9264fae842de59ec7a55fbde9a115b11d10308a8,,,,,,,e7be95c47a2aa24f6092e1cac07d719c91533d59279bd56d6f20adfc70760b95,
EVENT_EMITTED,SEEK_CONFIRMATION,e7d00ae3326729c44ad973d4c300deac1cf297b615cf338e7285c4cf7cbbc3ae,e1d83b97a6834e9eeec1e3f55bf1109ed5e75770c009c55ca2341fe2ff4d97de,,,,,,,e7d00ae3326729c44ad973d4c300deac1cf297b615cf338e7285c4cf7cbbc3ae,
EVENT_EMITTED,SEEK_CONFIRMATION,e8e9052ccb216fedc0f4361b8fc4ad8bf15e8088999fc93b96f28e1db38a4a32,e34b82946585f3585e6f9a37d9acdaf79c1ec96ff5df152cbec52e0115b14f02,,,,,,,e8e9052ccb216fedc0f4361b8fc4ad8bf15e8088999fc93b96f28e1db38a4a32,
EVENT_EMITTED,SEEK_CONFIRMATION,e95ecc6dc8cf3d5b0347d3f4b281f3360f5da7400539ecff5218eda318fcb6e0,581a9235c39e1f6a1dec22f8f1877a62ca29fb111842685ba6fb9f7ec2371eab,,,,,,,e95ecc6dc8cf3d5b0347d3f4b281f3360f5da7400539ecff5218eda318fcb6e0,
EVENT_EMITTED,SEEK_CONFIRMATION,ea7c3f3a350813039a1d3555e0d8e75f2e2a01fa36c785f74085b9fb7c0113f1,d9ffb756fa19c6646e763ee0f03e1433973201aa4111d61ae4df98d27c4b0594,,,,,,,ea7c3f3a350813039a1d3555e0d8e75f2e2a01fa36c785f74085b9fb7c0113f1,
EVENT_EMITTED,SEEK_CONFIRMATION,eacce8ecf74950d62ee97379454ccdab57ea3c1de8d1df7f9ec7e923f45a294a,6c4437d9b031b6622a9e6d1285bc336fa290c52da2fa334297b83cad1189f607,,,,,,,eacce8ecf74950d62ee97379454ccdab57ea3c1de8d1df7f9ec7e923f45a294a,
EVENT_EMITTED,SEEK_CONFIRMATION,eb8d89977bf6673abe06191bb55bfd5166a4c4db46e7ddcb05fb8a74d13acabd,255b5cd921398633f51895fcc3dd92d3d2fb2d5efc2fee955b85ce7560ad53bc,,,,,,,eb8d89977bf6673abe06191bb55bfd5166a4c4db46e7ddcb05fb8a74d13acabd,
EVENT_EMITTED,SEEK_CONFIRMATION,ec4b07a03a2d550e6554663a265c4e81c57d0106efd0546d60c528ac21a341f8,dff49453cce72e7b8802c449d1c9635c4f0d430c715c671fa6058f04204a314b,,,,,,,ec4b07a03a2d550e6554663a265c4e81c57d0106efd0546d60c528ac21a341f8,
EVENT_EMITTED,SEEK_CONFIRMATION,ec9b619e30e735204e61c51b9aa5a224c3b4e64edb81c5f011fcdc62aeb7ce40,b16c05e386b4c6fe165803a25f0640cd28c74c40206acddb6d219fb890694290,,,,,,,ec9b619e30e735204e61c51b9aa5a224c3b4e64edb81c5f011fcdc62aeb7ce40,
EVENT_EMITTED,SEEK_CONFIRMATION,ecc174462999b52afad7cdf8bcc76100457890065b632a9389314d4d10949718,fb6a6ad66acbd6ae975fab033b837f2472dc4e8c645a2525c45a4413e2f558af,,,,,,,ecc174462999b52afad7cdf8bcc76100457890065b632a9389314d4d10949718,
EVENT_EMITTED,SEEK_CONFIRMATION,ecd5d9a173eb9e74aba2028c428f08e705d95f17271c98c3e0a7ea0947a992c3,69256ca7b12459d49bfec51ca893e83371f59e31d0c1e73501644dbd5a85a6ec,,,,,,,ecd5d9a173eb9e74aba2028c428f08e705d95f17271c98c3e0a7ea0947a992c3,
EVENT_EMITTED,SEEK_CONFIRMATION,ee1a674e426365f93faaf4be5fb8ffd23daf73295b7c40673a544584aa518159,93d8ef50508e2dcd6c5964196120ae9e5188b23435a7cca684ffac31271bb940,,,,,,,ee1a674e426365f93faaf4be5fb8ffd23daf73295b7c40673a544584aa518159,
EVENT_EMITTED,SEEK_CONFIRMATION,ef3d56994c72d12e4bc530d699dfae288d3d23b9459712dd6d6151d12800b352,958afef87a1e2f0de0a6ae5707df035e93542db28ef447919cc6fe419472a504,,,,,,,ef3d56994c72d12e4bc530d699dfae288d3d23b9459712dd6d6151d12800b352,
EVENT_EMITTED,SEEK_CONFIRMATION,f0951d0b29af754d343b8351d94b1d9b885070c0169ffe8e09b4a21bdc228236,23d56ddf2de69a83215db332fc860435054fa1299665ba4a89f96311a026a90d,,,,,,,f0951d0b29af754d343b8351d94b1d9b885070c0169ffe8e09b4a21bdc228236,
EVENT_EMITTED,SEEK_CONFIRMATION,f21c18649244e3dcfe92311e756ec8c8c10ba413cbc0afb921dc8899a73da8ab,66fe945107c885dab104f9d1cc4460f5fd0c72e881d73b24d2ba46ed8285c57a,,,,,,,f21c18649244e3dcfe92311e756ec8c8c10ba413cbc0afb921dc8899a73da8ab,
EVENT_EMITTED,SEEK_CONFIRMATION,f237dc2453726e9121ecfd6fb4b63f6a743be58fb06651bf577cfac59f937c7b,7d57588a5e7b735cc74aef155776b08f408af04ba9a9bd719ef95dda637d0b14,,,,,,,f237dc2453726e9121ecfd6fb4b63f6a743be58fb06651bf577cfac59f937c7b,
EVENT_EMITTED,SEEK_CONFIRMATION,f281acdf9ee602a55e489336c78859683be5c212850a0d490e8aa134d8220991,d67d12b1b012c97234e5543039a853a0dcddd2546a73ee7f424cc1a8800d0bfd,,,,,,,f281acdf9ee602a55e489336c78859683be5c212850a0d490e8aa134d8220991,
EVENT_EMITTED,SEEK_CONFIRMATION,f2d8a766d3c357dcd089e0248ecb9d2efaad4d01281a65af3b5dd5f0f9a20574,823ef7e8e88fd2315e469737b4f05e497a4b86f5d1c74699d2f72464750b16ea,,,,,,,f2d8a766d3c357dcd089e0248ecb9d2efaad4d01281a65af3b5dd5f0f9a20574,
EVENT_EMITTED,SEEK_CONFIRMATION,f2e52997332da7ddda647015acbd165d3cdb10cfdd92b2820405f839b382270b,c69388b250d73265333591ce3815c0077e6dc9b7391bed63214e81d12f07a41a,,,,,,,f2e52997332da7ddda647015acbd165d3cdb10cfdd92b2820405f839b382270b,
EVENT_EMITTED,SEEK_CONFIRMATION,f3011b15620d74e0c66efa319f928f6f2503575424584f54a56b6e2546f4f284,1d04e61cf2791d038444351e287ef66edfdd0964f7adebef63116d5f0f6a4e7b,,,,,,,f3011b15620d74e0c66efa319f928f6f2503575424584f54a56b6e2546f4f284,
EVENT_EMITTED,SEEK_CONFIRMATION,f30e681c3830c55e6c72899ff0938f46850e9669bd0d1251a2d5f9c8bf0a9e45,9d9cb16c2a010e5ff6ab678748e7cba5fb54b65f518254029af1c764819765c3,,,,,,,f30e681c3830c55e6c72899ff0938f46850e9669bd0d1251a2d5f9c8bf0a9e45,
EVENT_EMITTED,SEEK_CONFIRMATION,f3e7c3e793d990001d90a7f1a5670de557081d3bc6133336a7310ea948123663,7a1f6baa487eeebd7a8c2ee5e6ba94c644b3c563b32e217c352551fab4e672d3,,,,,,,f3e7c3e793d990001d90a7f1a5670de557081d3bc6133336a7310ea948123663,
EVENT_EMITTED,SEEK_CONFIRMATION,f41bb98c2da930dd093466151b3d5d8e0a7baeb9dfbdeb522ede35c185c4b92f,7aedeea9afca7c52f86374b37c353ac3e27aa3645f642b2030d355f223398537,,,,,,,f41bb98c2da930dd093466151b3d5d8e0a7baeb9dfbdeb522ede35c185c4b92f,
EVENT_EMITTED,SEEK_CONFIRMATION,f47689a8fd396ebae1d7f6e50a282fc8d9642e096fe29d6283ac9bd9385447b2,751c4154d3f62ef3c8a6b9ed3d4d904cb1f3c148fecd4cbac811c8c603e89c61,,,,,,,f47689a8fd396ebae1d7f6e50a282fc8d9642e096fe29d6283ac9bd9385447b2,
EVENT_EMITTED,SEEK_CONFIRMATION,f477f72755b03eb7b928f87f0912468643095a95e6e51d22cd5f7be5658cf03a,3ec4dab18a2104adbd534a11db6071b2cd26784236bb77207c9f6774361721e4,,,,,,,f477f72755b03eb7b928f87f0912468643095a95e6e51d22cd5f7be5658cf03a,
EVENT_EMITTED,SEEK_CONFIRMATION,f4a9a0bc2b0b23324d841b4284090e5c398e707674d5eed6cd90e114818931e9,1845b7f3b79d9a4f262a9eae008f2dc4440e596bf6362976180adef4b7d24373,,,,,,,f4a9a0bc2b0b23324d841b4284090e5c398e707674d5eed6cd90e114818931e9,
EVENT_EMITTED,SEEK_CONFIRMATION,f5b3ea216e94b8a3a38ecd445dbc746f0c6d76deadc9f0d3d717a78efe758484,43c354bc4cab08baaf251c9c1c405ea911e0052a4d07c6d3c00723a8862b506a,,,,,,,f5b3ea216e94b8a3a38ecd445dbc746f0c6d76deadc9f0d3d717a78efe758484,
EVENT_EMITTED,SEEK_CONFIRMATION,f76234a406ef85d730b951b787d2d43e631eb47af0b1bc4c69daa4eacaa9e231,e576fa2d2676b41bf122d59fbebe030b7ecbd204dd4005d4adab40685ad57c8d,,,,,,,f76234a406ef85d730b951b787d2d43e631eb47af0b1bc4c69daa4eacaa9e231,
EVENT_EMITTED,SEEK_CONFIRMATION,f7ee9ffe3c69a603e1b55f9b544cddbb393835977cbfefcdc7a9e28c7c6fa05c,49812f073c239a76fdbd3e2a593b574a1e46174dc2c6e1bf55878c78ece98cc7,,,,,,,f7ee9ffe3c69a603e1b55f9b544cddbb393835977cbfefcdc7a9e28c7c6fa05c,
EVENT_EMITTED,SEEK_CONFIRMATION,f85718d9635dbb058e7344a434b6cb4a8f217a93cefabde6dd8adcc40bb384d6,3b40af2d05f80f26cbd763e9d2c5495c90d31475fce3f35225456dddde9c32ce,,,,,,,f85718d9635dbb058e7344a434b6cb4a8f217a93cefabde6dd8adcc40bb384d6,
EVENT_EMITTED,SEEK_CONFIRMATION,f94cb7af08c8769eb0dc0872a75b7e6b168ff7511e12be70e79a48edc2d26991,596b2fcac22c78adbb7f818c9acefdc883cc4425320d4a391f2dbad12ea63528,,,,,,,f94cb7af08c8769eb0dc0872a75b7e6b168ff7511e12be70e79a48edc2d26991,
EVENT_EMITTED,SEEK_CONFIRMATION,f9863f425301555c84f847dfb0df73f2aaca174e819ba622d1cd3de07d9a42fb,5109b8529f0ce34c4bb3bcfd2280f17a046d59b6b39a39292c2dadfd4388e1cc,,,,,,,f9863f425301555c84f847dfb0df73f2aaca174e819ba622d1cd3de07d9a42fb,
EVENT_EMITTED,SEEK_CONFIRMATION,fc2927f4aa3016ad53aed4c6dc289984b82d98f4f481cdf89795389634b103f0,d2b76e912a880f19e3273c1ba9f6d8818af889a34130a0f2c345d683e8781a37,,,,,,,fc2927f4aa3016ad53aed4c6dc289984b82d98f4f481cdf89795389634b103f0,
EVENT_EMITTED,SEEK_CONFIRMATION,fc38cc10c44149a926f04122baea21ccdf6eb6ba47068660461e8f2ebfbc302a,21688101775b79dfe753073bb2889e43ce350535ee5aafe2e8c5fcb094c57fa1,,,,,,,fc38cc10c44149a926f04122baea21ccdf6eb6ba47068660461e8f2ebfbc302a,
EVENT_EMITTED,SEEK_CONFIRMATION,fd35472018d27c88694bede63ba26cc934cc24b848b0f05ae96503c186755066,465dc5666b6442ceb7fa31f1549382d0e34cd6c109ed44d49c16e5dfaba20563,,,,,,,fd35472018d27c88694bede63ba26cc934cc24b848b0f05ae96503c186755066,
EVENT_EMITTED,SEEK_CONFIRMATION,fdfd40e4014308d91d2b851c19f23c967300000562f036c17268ab830a4a7182,e2d9882e3cfd774a7650ee7463a5fcdd45ddf0a4e7aa1f42735168e8f6ce28ba,,,,,,,fdfd40e4014308d91d2b851c19f23c967300000562f036c17268ab830a4a7182,
EVENT_EMITTED,SEEK_CONFIRMATION,fe5e2ac0a213831569c6dab46170aad1a39d5ebc1d6500935efd29f0a2dacf2f,575ec0b3627ed71e1083bc5dadc1858087eaf681cf2bd82a00fa04c01ec5cb10,,,,,,,fe5e2ac0a213831569c6dab46170aad1a39d5ebc1d6500935efd29f0a2dacf2f,
EVENT_EMITTED,SEEK_CONFIRMATION,ff04b2d1ee87b972e2ee92a136a342a01d4e4267a99dbffbaf040bc55c3d283d,4b43f4b2407d6f849cc9fad52007d51450362ecdaca1eccae9521a2616ad3239,,,,,,,ff04b2d1ee87b972e2ee92a136a342a01d4e4267a99dbffbaf040bc55c3d283d,
EVENT_EMITTED,SEEK_CONFIRMATION,ff6c787c200fbab3958bfcbacfe34562dcab18b29775ced1a38af4117e740465,3b89228aeb9d5fddb1113e4bb4db638d624742168c18de80d58ffd5a38706e58,,,,,,,ff6c787c200fbab3958bfcbacfe34562dcab18b29775ced1a38af4117e740465,
EVENT_EMITTED,SEEK_CONFIRMATION,ffe03f1706794d77d264da11d8879966f67c23b400a93429d246eec859c7f69c,50d5153d75fede96ff70783c809817fc32d8a8ce55b853c41f297d6537151895,,,,,,,ffe03f1706794d77d264da11d8879966f67c23b400a93429d246eec859c7f69c,
INSUFFICIENT_LEFT_HISTORY,SEEK_CONFIRMED_SWING,,,,,,,,,,INSUFFICIENT_LEFT_HISTORY
INSUFFICIENT_LEFT_HISTORY,SEEK_CONFIRMED_SWING,,,,,,,,,,INSUFFICIENT_LEFT_HISTORY
INSUFFICIENT_RIGHT_HISTORY,SEEK_CONFIRMED_SWING,,,,,,,,,,INSUFFICIENT_RIGHT_HISTORY
INSUFFICIENT_RIGHT_HISTORY,SEEK_CONFIRMED_SWING,,,,,,,,,,INSUFFICIENT_RIGHT_HISTORY
NO_BREAK,SEEK_BREAK,,,61cf67e7597f965f284e8041c587d4fa60e7ba7360f74bf2554e072e19b10b48,,,,,,61cf67e7597f965f284e8041c587d4fa60e7ba7360f74bf2554e072e19b10b48,NO_BREAK
NO_BREAK,SEEK_BREAK,,,8172baa841b6066819b145123fce25d9fbf8b7de095770d99f39b46b84eb7f18,,,,,,8172baa841b6066819b145123fce25d9fbf8b7de095770d99f39b46b84eb7f18,NO_BREAK
RETEST_NOT_FOUND_WITHIN_12_BARS,SEEK_RETEST,07c6c91b0c23aaa925cb94bdf46a634cc4c510ce6ac21da09e423bec96a3e58d,,,,,,,,07c6c91b0c23aaa925cb94bdf46a634cc4c510ce6ac21da09e423bec96a3e58d,RETEST_NOT_FOUND_WITHIN_12_BARS
RETEST_NOT_FOUND_WITHIN_12_BARS,SEEK_RETEST,0a8a51838a01d766d12717561c5cebc2f75d94829f54fcdf0183a2bfe8f3c7a4,,,,,,,,0a8a51838a01d766d12717561c5cebc2f75d94829f54fcdf0183a2bfe8f3c7a4,RETEST_NOT_FOUND_WITHIN_12_BARS
RETEST_NOT_FOUND_WITHIN_12_BARS,SEEK_RETEST,0ab640723461436065c2afd9eda9a9515e01013277b1c0d593b8525536bafd16,,,,,,,,0ab640723461436065c2afd9eda9a9515e01013277b1c0d593b8525536bafd16,RETEST_NOT_FOUND_WITHIN_12_BARS
RETEST_NOT_FOUND_WITHIN_12_BARS,SEEK_RETEST,0fb0d8bdf31249b6c265a58b02ada867d188e06e85d78f5e795605278c1d28b4,,,,,,,,0fb0d8bdf31249b6c265a58b02ada867d188e06e85d78f5e795605278c1d28b4,RETEST_NOT_FOUND_WITHIN_12_BARS
RETEST_NOT_FOUND_WITHIN_12_BARS,SEEK_RETEST,1245d8ccf55aeabaf04de158edc8e9377cc415743deb2f281a2fe5ec91861589,,,,,,,,1245d8ccf55aeabaf04de158edc8e9377cc415743deb2f281a2fe5ec91861589,RETEST_NOT_FOUND_WITHIN_12_BARS
RETEST_NOT_FOUND_WITHIN_12_BARS,SEEK_RETEST,14a28732459d0180859f4ee5ba33e1221753d377c25d6a969fc91c70e1b08651,,,,,,,,14a28732459d0180859f4ee5ba33e1221753d377c25d6a969fc91c70e1b08651,RETEST_NOT_FOUND_WITHIN_12_BARS
RETEST_NOT_FOUND_WITHIN_12_BARS,SEEK_RETEST,14d55e8a5eb42f5a9fbf78b2ea4d33e76f5b07756f2098d6670e5775bbb3f56c,,,,,,,,14d55e8a5eb42f5a9fbf78b2ea4d33e76f5b07756f2098d6670e5775bbb3f56c,RETEST_NOT_FOUND_WITHIN_12_BARS
RETEST_NOT_FOUND_WITHIN_12_BARS,SEEK_RETEST,191d2319334019185be79b64b9b9d25f58b9f46253cf93d312da67a7355379cf,,,,,,,,191d2319334019185be79b64b9b9d25f58b9f46253cf93d312da67a7355379cf,RETEST_NOT_FOUND_WITHIN_12_BARS
RETEST_NOT_FOUND_WITHIN_12_BARS,SEEK_RETEST,1ab9208cb9a85cd12733f5acd07e0b64a7b4b934b32bdf50bff5c2cca81706ab,,,,,,,,1ab9208cb9a85cd12733f5acd07e0b64a7b4b934b32bdf50bff5c2cca81706ab,RETEST_NOT_FOUND_WITHIN_12_BARS
RETEST_NOT_FOUND_WITHIN_12_BARS,SEEK_RETEST,1c18e822b0a5ce7c0d50f49dc22f77a12f268bd5bcebc8e4bf792fb4f8311f19,,,,,,,,1c18e822b0a5ce7c0d50f49dc22f77a12f268bd5bcebc8e4bf792fb4f8311f19,RETEST_NOT_FOUND_WITHIN_12_BARS
RETEST_NOT_FOUND_WITHIN_12_BARS,SEEK_RETEST,1f0570c4d76ca4994af502979388cceaa4df9a0e8af8d2842c4217b38a12f1bc,,,,,,,,1f0570c4d76ca4994af502979388cceaa4df9a0e8af8d2842c4217b38a12f1bc,RETEST_NOT_FOUND_WITHIN_12_BARS
RETEST_NOT_FOUND_WITHIN_12_BARS,SEEK_RETEST,1f956453476167f203d206fb5b33779da63d2837c9d0455ce91d292bad9b2c15,,,,,,,,1f956453476167f203d206fb5b33779da63d2837c9d0455ce91d292bad9b2c15,RETEST_NOT_FOUND_WITHIN_12_BARS
RETEST_NOT_FOUND_WITHIN_12_BARS,SEEK_RETEST,22b397b59fa31412871c610d16491f4b0b6b2c01228fed2e608b72bd32063861,,,,,,,,22b397b59fa31412871c610d16491f4b0b6b2c01228fed2e608b72bd32063861,RETEST_NOT_FOUND_WITHIN_12_BARS
RETEST_NOT_FOUND_WITHIN_12_BARS,SEEK_RETEST,260fab23f772b2a502014851cc4271a0bff5381c149fb687788af7bed18769ff,,,,,,,,260fab23f772b2a502014851cc4271a0bff5381c149fb687788af7bed18769ff,RETEST_NOT_FOUND_WITHIN_12_BARS
RETEST_NOT_FOUND_WITHIN_12_BARS,SEEK_RETEST,2b125a95ee8960beaa148252de445089754a1af28282bb762f50e7b6c6d15d15,,,,,,,,2b125a95ee8960beaa148252de445089754a1af28282bb762f50e7b6c6d15d15,RETEST_NOT_FOUND_WITHIN_12_BARS
RETEST_NOT_FOUND_WITHIN_12_BARS,SEEK_RETEST,36ff0365337013def80071d719bb4029971b0d0fae57599473fa4457362eaa67,,,,,,,,36ff0365337013def80071d719bb4029971b0d0fae57599473fa4457362eaa67,RETEST_NOT_FOUND_WITHIN_12_BARS
RETEST_NOT_FOUND_WITHIN_12_BARS,SEEK_RETEST,373edf8ff14e36c0efc56078f9b5d5c29bd084a1c052c543f580d29a67506eb5,,,,,,,,373edf8ff14e36c0efc56078f9b5d5c29bd084a1c052c543f580d29a67506eb5,RETEST_NOT_FOUND_WITHIN_12_BARS
RETEST_NOT_FOUND_WITHIN_12_BARS,SEEK_RETEST,385792db8150aef410394501953d5686e33a3ff7eb885e50ee47a47ef6e37ef2,,,,,,,,385792db8150aef410394501953d5686e33a3ff7eb885e50ee47a47ef6e37ef2,RETEST_NOT_FOUND_WITHIN_12_BARS
RETEST_NOT_FOUND_WITHIN_12_BARS,SEEK_RETEST,398097e186f17a00b1af9f9a86fb1c4ca18cdc5dbaa9f0f9a6cebfe0902cb626,,,,,,,,398097e186f17a00b1af9f9a86fb1c4ca18cdc5dbaa9f0f9a6cebfe0902cb626,RETEST_NOT_FOUND_WITHIN_12_BARS
RETEST_NOT_FOUND_WITHIN_12_BARS,SEEK_RETEST,3a5009bd114cc7ef4fbb858de4342a1bd88fb8377d41ab17a23e3db0e37a9938,,,,,,,,3a5009bd114cc7ef4fbb858de4342a1bd88fb8377d41ab17a23e3db0e37a9938,RETEST_NOT_FOUND_WITHIN_12_BARS
RETEST_NOT_FOUND_WITHIN_12_BARS,SEEK_RETEST,448070a8ab853ce49d7b2f6e489303609d48dcc43678f0f3830e626d78e96bcf,,,,,,,,448070a8ab853ce49d7b2f6e489303609d48dcc43678f0f3830e626d78e96bcf,RETEST_NOT_FOUND_WITHIN_12_BARS
RETEST_NOT_FOUND_WITHIN_12_BARS,SEEK_RETEST,4715b871a6e6ed6fbdeecf706e62365627a83da6673b446d981595a4eb9961bc,,,,,,,,4715b871a6e6ed6fbdeecf706e62365627a83da6673b446d981595a4eb9961bc,RETEST_NOT_FOUND_WITHIN_12_BARS
RETEST_NOT_FOUND_WITHIN_12_BARS,SEEK_RETEST,4d3e3b8f402564837c8d26f1c0e436a18b059511880f7a467b79fab3a893ee92,,,,,,,,4d3e3b8f402564837c8d26f1c0e436a18b059511880f7a467b79fab3a893ee92,RETEST_NOT_FOUND_WITHIN_12_BARS
RETEST_NOT_FOUND_WITHIN_12_BARS,SEEK_RETEST,4fba6dc022758b82e1d50ef76e786bf6a3cb0df83b3f34ac47330a5497b2d804,,,,,,,,4fba6dc022758b82e1d50ef76e786bf6a3cb0df83b3f34ac47330a5497b2d804,RETEST_NOT_FOUND_WITHIN_12_BARS
RETEST_NOT_FOUND_WITHIN_12_BARS,SEEK_RETEST,5142b3e4454d3f22e019410abb8b6bbdff0be58adb58a0ff8d90672b42e2468c,,,,,,,,5142b3e4454d3f22e019410abb8b6bbdff0be58adb58a0ff8d90672b42e2468c,RETEST_NOT_FOUND_WITHIN_12_BARS
RETEST_NOT_FOUND_WITHIN_12_BARS,SEEK_RETEST,52be407fff341ff87cd3fb7bbba0b0cc67d2799ecb5783f5824780e17bd1689a,,,,,,,,52be407fff341ff87cd3fb7bbba0b0cc67d2799ecb5783f5824780e17bd1689a,RETEST_NOT_FOUND_WITHIN_12_BARS
RETEST_NOT_FOUND_WITHIN_12_BARS,SEEK_RETEST,545b45dc01c9c6b86295548381aeaa223d4948e725fec7ba78e2a7ffcb44063a,,,,,,,,545b45dc01c9c6b86295548381aeaa223d4948e725fec7ba78e2a7ffcb44063a,RETEST_NOT_FOUND_WITHIN_12_BARS
RETEST_NOT_FOUND_WITHIN_12_BARS,SEEK_RETEST,597877443b78b71f184c0a45e42daf236266881ea76f44d3fcd35b8a7af7ea68,,,,,,,,597877443b78b71f184c0a45e42daf236266881ea76f44d3fcd35b8a7af7ea68,RETEST_NOT_FOUND_WITHIN_12_BARS
RETEST_NOT_FOUND_WITHIN_12_BARS,SEEK_RETEST,5da139405555eb613e7b9d0212b60b483f6473b57a2e7a57fcc7626c713e2dab,,,,,,,,5da139405555eb613e7b9d0212b60b483f6473b57a2e7a57fcc7626c713e2dab,RETEST_NOT_FOUND_WITHIN_12_BARS
RETEST_NOT_FOUND_WITHIN_12_BARS,SEEK_RETEST,61c8b9db362925895840e482ce8aad8c34982c1ed3e7361cd566f7170bf3f47b,,,,,,,,61c8b9db362925895840e482ce8aad8c34982c1ed3e7361cd566f7170bf3f47b,RETEST_NOT_FOUND_WITHIN_12_BARS
RETEST_NOT_FOUND_WITHIN_12_BARS,SEEK_RETEST,62226b67b1897f2bc581e4014eb9643bee936f08073a9d311f3a476212acc914,,,,,,,,62226b67b1897f2bc581e4014eb9643bee936f08073a9d311f3a476212acc914,RETEST_NOT_FOUND_WITHIN_12_BARS
RETEST_NOT_FOUND_WITHIN_12_BARS,SEEK_RETEST,6309aecd1361957c4f5c254d2130da148bb94814a2aa47aa16ff438634367d59,,,,,,,,6309aecd1361957c4f5c254d2130da148bb94814a2aa47aa16ff438634367d59,RETEST_NOT_FOUND_WITHIN_12_BARS
RETEST_NOT_FOUND_WITHIN_12_BARS,SEEK_RETEST,6444ae95c7f08a91eb3d4d745b4a11843345badc822f549b36e255624e61ea93,,,,,,,,6444ae95c7f08a91eb3d4d745b4a11843345badc822f549b36e255624e61ea93,RETEST_NOT_FOUND_WITHIN_12_BARS
RETEST_NOT_FOUND_WITHIN_12_BARS,SEEK_RETEST,6a027d29b481a881c49fb3fa385ad0a937666bb185f60c83e195566d3eb0033b,,,,,,,,6a027d29b481a881c49fb3fa385ad0a937666bb185f60c83e195566d3eb0033b,RETEST_NOT_FOUND_WITHIN_12_BARS
RETEST_NOT_FOUND_WITHIN_12_BARS,SEEK_RETEST,7176da8a075f977b210f012b1151dfc2c058664f09671a4bd61a7076df08dee4,,,,,,,,7176da8a075f977b210f012b1151dfc2c058664f09671a4bd61a7076df08dee4,RETEST_NOT_FOUND_WITHIN_12_BARS
RETEST_NOT_FOUND_WITHIN_12_BARS,SEEK_RETEST,71adc5c3813fb5fa547d2c8c529b0572b2d496c559f4a24cbb2b1b7baf40227c,,,,,,,,71adc5c3813fb5fa547d2c8c529b0572b2d496c559f4a24cbb2b1b7baf40227c,RETEST_NOT_FOUND_WITHIN_12_BARS
RETEST_NOT_FOUND_WITHIN_12_BARS,SEEK_RETEST,72a1606bef2268042adfcb6f11814a8764733c1e1092f06142c13c62dce69461,,,,,,,,72a1606bef2268042adfcb6f11814a8764733c1e1092f06142c13c62dce69461,RETEST_NOT_FOUND_WITHIN_12_BARS
RETEST_NOT_FOUND_WITHIN_12_BARS,SEEK_RETEST,73a8a1eb9298ae05e053ec253e41a366a2a096ca1132247fe36f180791aedd85,,,,,,,,73a8a1eb9298ae05e053ec253e41a366a2a096ca1132247fe36f180791aedd85,RETEST_NOT_FOUND_WITHIN_12_BARS
RETEST_NOT_FOUND_WITHIN_12_BARS,SEEK_RETEST,764f892548ebbbbc6b235ea33f7b1de027dd8f24bd51a770e75ffb712f21ee66,,,,,,,,764f892548ebbbbc6b235ea33f7b1de027dd8f24bd51a770e75ffb712f21ee66,RETEST_NOT_FOUND_WITHIN_12_BARS
RETEST_NOT_FOUND_WITHIN_12_BARS,SEEK_RETEST,7d398c9c254eaa3248281c4939cc5d1ee0aacd04cec490ecc3d8972fae51d73f,,,,,,,,7d398c9c254eaa3248281c4939cc5d1ee0aacd04cec490ecc3d8972fae51d73f,RETEST_NOT_FOUND_WITHIN_12_BARS
RETEST_NOT_FOUND_WITHIN_12_BARS,SEEK_RETEST,81400a963a12519e1f312b605ef40d4129814de4ef127cc1efebc2f65b58ccfc,,,,,,,,81400a963a12519e1f312b605ef40d4129814de4ef127cc1efebc2f65b58ccfc,RETEST_NOT_FOUND_WITHIN_12_BARS
RETEST_NOT_FOUND_WITHIN_12_BARS,SEEK_RETEST,8255458cb0f92f7a6131b9ab519039cfdff72d583fd35881b7fd08ff3f9a0a4e,,,,,,,,8255458cb0f92f7a6131b9ab519039cfdff72d583fd35881b7fd08ff3f9a0a4e,RETEST_NOT_FOUND_WITHIN_12_BARS
RETEST_NOT_FOUND_WITHIN_12_BARS,SEEK_RETEST,83bca9789e9523f4c41e09d04b72c9f71e982b9f9f2198ea2e579123e38ae469,,,,,,,,83bca9789e9523f4c41e09d04b72c9f71e982b9f9f2198ea2e579123e38ae469,RETEST_NOT_FOUND_WITHIN_12_BARS
RETEST_NOT_FOUND_WITHIN_12_BARS,SEEK_RETEST,8affcd18c8df84e945780ec429d671657d82db496445c337658f7f3c7c216651,,,,,,,,8affcd18c8df84e945780ec429d671657d82db496445c337658f7f3c7c216651,RETEST_NOT_FOUND_WITHIN_12_BARS
RETEST_NOT_FOUND_WITHIN_12_BARS,SEEK_RETEST,91dfe74a9419489b85dd20b2573eb68f077bcd2a3d37651e35ba7b03920eef17,,,,,,,,91dfe74a9419489b85dd20b2573eb68f077bcd2a3d37651e35ba7b03920eef17,RETEST_NOT_FOUND_WITHIN_12_BARS
RETEST_NOT_FOUND_WITHIN_12_BARS,SEEK_RETEST,936668f323e72fc39b2eb5149c42b0d2a42ebb21b637d185c77854f28eb9c2bc,,,,,,,,936668f323e72fc39b2eb5149c42b0d2a42ebb21b637d185c77854f28eb9c2bc,RETEST_NOT_FOUND_WITHIN_12_BARS
RETEST_NOT_FOUND_WITHIN_12_BARS,SEEK_RETEST,9d696a810748af21b5aef0ec92c771fed68fe7d0f4bd34410a5fc6443d84ab2e,,,,,,,,9d696a810748af21b5aef0ec92c771fed68fe7d0f4bd34410a5fc6443d84ab2e,RETEST_NOT_FOUND_WITHIN_12_BARS
RETEST_NOT_FOUND_WITHIN_12_BARS,SEEK_RETEST,a67b83ce8ac26fb74ca06e9747f6f50c11847518fc09a17c9b81eb438976f3c1,,,,,,,,a67b83ce8ac26fb74ca06e9747f6f50c11847518fc09a17c9b81eb438976f3c1,RETEST_NOT_FOUND_WITHIN_12_BARS
RETEST_NOT_FOUND_WITHIN_12_BARS,SEEK_RETEST,a7f94824c2aa3709c53faf0db37547b76bfb6c52929d73c3d72c934eb1763083,,,,,,,,a7f94824c2aa3709c53faf0db37547b76bfb6c52929d73c3d72c934eb1763083,RETEST_NOT_FOUND_WITHIN_12_BARS
RETEST_NOT_FOUND_WITHIN_12_BARS,SEEK_RETEST,adadf0c9bff305652edba62b4034236dd97dd48179f89c9970ab7624f56e5ac0,,,,,,,,adadf0c9bff305652edba62b4034236dd97dd48179f89c9970ab7624f56e5ac0,RETEST_NOT_FOUND_WITHIN_12_BARS
RETEST_NOT_FOUND_WITHIN_12_BARS,SEEK_RETEST,ae2612f697f5eb48c10a72322175cbe0810f578b2c407e1a6b97e6d687265b47,,,,,,,,ae2612f697f5eb48c10a72322175cbe0810f578b2c407e1a6b97e6d687265b47,RETEST_NOT_FOUND_WITHIN_12_BARS
RETEST_NOT_FOUND_WITHIN_12_BARS,SEEK_RETEST,ba433b356b527ae64f8ac197dfaf7af0cafe1cfd6c2c5cf7ac811a42ead4398c,,,,,,,,ba433b356b527ae64f8ac197dfaf7af0cafe1cfd6c2c5cf7ac811a42ead4398c,RETEST_NOT_FOUND_WITHIN_12_BARS
RETEST_NOT_FOUND_WITHIN_12_BARS,SEEK_RETEST,bbe16c90cae33a4b02d9fb196b3990212ebdced1648137936a820483277c24bf,,,,,,,,bbe16c90cae33a4b02d9fb196b3990212ebdced1648137936a820483277c24bf,RETEST_NOT_FOUND_WITHIN_12_BARS
RETEST_NOT_FOUND_WITHIN_12_BARS,SEEK_RETEST,bc4d7dd7d910ab27179e14ccbfd99cb414301c35632ea3ad5f2472dcef88f584,,,,,,,,bc4d7dd7d910ab27179e14ccbfd99cb414301c35632ea3ad5f2472dcef88f584,RETEST_NOT_FOUND_WITHIN_12_BARS
RETEST_NOT_FOUND_WITHIN_12_BARS,SEEK_RETEST,bcbddaada1b0922023f52b7b51bebd88c3559465127c5a988070ad1c330a76ad,,,,,,,,bcbddaada1b0922023f52b7b51bebd88c3559465127c5a988070ad1c330a76ad,RETEST_NOT_FOUND_WITHIN_12_BARS
RETEST_NOT_FOUND_WITHIN_12_BARS,SEEK_RETEST,c23d698793bed020a9b75a1724b3646207c2369cf1d56950fa48f7a68609adb1,,,,,,,,c23d698793bed020a9b75a1724b3646207c2369cf1d56950fa48f7a68609adb1,RETEST_NOT_FOUND_WITHIN_12_BARS
RETEST_NOT_FOUND_WITHIN_12_BARS,SEEK_RETEST,c4076290360a8a5164f2359c45f2db4868465c39e1e7e2a9a7849afae91800cc,,,,,,,,c4076290360a8a5164f2359c45f2db4868465c39e1e7e2a9a7849afae91800cc,RETEST_NOT_FOUND_WITHIN_12_BARS
RETEST_NOT_FOUND_WITHIN_12_BARS,SEEK_RETEST,cc3fb3b9bcc3d009108aa24e8feec928a74d0a63c85da13d16ae0e1625bd94f3,,,,,,,,cc3fb3b9bcc3d009108aa24e8feec928a74d0a63c85da13d16ae0e1625bd94f3,RETEST_NOT_FOUND_WITHIN_12_BARS
RETEST_NOT_FOUND_WITHIN_12_BARS,SEEK_RETEST,cda56470f03fce765e1a6a987394b5dd5426a58e87af9fbe4e8bada96b1ce42e,,,,,,,,cda56470f03fce765e1a6a987394b5dd5426a58e87af9fbe4e8bada96b1ce42e,RETEST_NOT_FOUND_WITHIN_12_BARS
RETEST_NOT_FOUND_WITHIN_12_BARS,SEEK_RETEST,cf44e65ab6c69fd040faf3720bab9274ca5f9a5706c8949532acaa126edc6d46,,,,,,,,cf44e65ab6c69fd040faf3720bab9274ca5f9a5706c8949532acaa126edc6d46,RETEST_NOT_FOUND_WITHIN_12_BARS
RETEST_NOT_FOUND_WITHIN_12_BARS,SEEK_RETEST,d2d4002689852c159d8527cdc05388b5e5d5f29aab7fa6c419d77f28c7416040,,,,,,,,d2d4002689852c159d8527cdc05388b5e5d5f29aab7fa6c419d77f28c7416040,RETEST_NOT_FOUND_WITHIN_12_BARS
RETEST_NOT_FOUND_WITHIN_12_BARS,SEEK_RETEST,da1dd25712eab90402f6da2e07534426621c79e824521988b9c989b0c583f221,,,,,,,,da1dd25712eab90402f6da2e07534426621c79e824521988b9c989b0c583f221,RETEST_NOT_FOUND_WITHIN_12_BARS
RETEST_NOT_FOUND_WITHIN_12_BARS,SEEK_RETEST,e0f104e143e50704ebc62215063066dd1ad849176f6bca98e18ac699feb11cfd,,,,,,,,e0f104e143e50704ebc62215063066dd1ad849176f6bca98e18ac699feb11cfd,RETEST_NOT_FOUND_WITHIN_12_BARS
RETEST_NOT_FOUND_WITHIN_12_BARS,SEEK_RETEST,e5201a81a401ab391bcd11b8a2e911984c53188d620433266bae8feae48af01b,,,,,,,,e5201a81a401ab391bcd11b8a2e911984c53188d620433266bae8feae48af01b,RETEST_NOT_FOUND_WITHIN_12_BARS
RETEST_NOT_FOUND_WITHIN_12_BARS,SEEK_RETEST,e6a72cedcac80f119cf28ab6d07c7402534db10c8c7b87056f2f80216637926b,,,,,,,,e6a72cedcac80f119cf28ab6d07c7402534db10c8c7b87056f2f80216637926b,RETEST_NOT_FOUND_WITHIN_12_BARS
RETEST_NOT_FOUND_WITHIN_12_BARS,SEEK_RETEST,f334a7d92942fc00fc66c8cc77c2886776876cf4e14fb85fbf921d9e58e77970,,,,,,,,f334a7d92942fc00fc66c8cc77c2886776876cf4e14fb85fbf921d9e58e77970,RETEST_NOT_FOUND_WITHIN_12_BARS
RETEST_NOT_FOUND_WITHIN_12_BARS,SEEK_RETEST,f8e0c4f3f99e37fc680d6168c353269612d5fcd0659f0640279f0f3bea24fee7,,,,,,,,f8e0c4f3f99e37fc680d6168c353269612d5fcd0659f0640279f0f3bea24fee7,RETEST_NOT_FOUND_WITHIN_12_BARS
RETEST_NOT_FOUND_WITHIN_12_BARS,SEEK_RETEST,fbdd481d1f6c24c3d749468764d937698582d26f971ecd0cabca52333de48f26,,,,,,,,fbdd481d1f6c24c3d749468764d937698582d26f971ecd0cabca52333de48f26,RETEST_NOT_FOUND_WITHIN_12_BARS
