event_id,symbol,timeframe,direction,swing_type,swing_timestamp,swing_confirmation_timestamp,swing_price,break_timestamp,break_close,retest_timestamp,retest_price_reference,confirmation_timestamp,confirmation_open,confirmation_high,confirmation_low,confirmation_close,entry_reference_price,atr,year,source_row_keys,data_quality_status,exclusion_reason
0045ebf2ed7f83f32f747e9ef6c7e966c6a8aabade2b0660be625cf4b306f242,GOLD#,H1,LONG,SWING_HIGH,2020-06-26T14:00:00,2020-06-26T17:00:00,1765.18,2020-06-26T19:00:00,1766.65,2020-06-26T20:00:00,1765.18,2020-06-26T23:00:00,1767.49,1772.08,1766.8,1771.33,1771.33,5.187142857142857142857142857,2020,"[""GOLD#_H1_202001020900_202012311800.csv:2870"",""GOLD#_H1_202001020900_202012311800.csv:2874"",""GOLD#_H1_202001020900_202012311800.csv:2877"",""GOLD#_H1_202001020900_202012311800.csv:2878""]",VALID,
010277a7018a6c6209b0ea4c79ef5c8aff2fb9d9e57dbc17837d0bb064e506c0,GOLD#,H1,LONG,SWING_HIGH,2021-07-02T08:00:00,2021-07-02T11:00:00,1779.58,2021-07-02T12:00:00,1781.92,2021-07-02T16:00:00,1779.58,2021-07-02T21:00:00,1781.94,1788.18,1781.7,1787.96,1787.96,5.632142857142857142857142857,2021,"[""GOLD#_H1_202101040100_202112311800.csv:2941"",""GOLD#_H1_202101040100_202112311800.csv:2944"",""GOLD#_H1_202101040100_202112311800.csv:2952"",""GOLD#_H1_202101040100_202112311800.csv:2953""]",VALID,
018a1e1b48e15d6a5527fecd16f8638627487cde57f9726a82dd763a2c111323,GOLD#,H1,LONG,SWING_HIGH,2021-10-27T09:00:00,2021-10-27T12:00:00,1791.72,2021-10-27T16:00:00,1793.93,2021-10-27T18:00:00,1791.72,2021-10-27T21:00:00,1794.46,1797.96,1794.42,1797.77,1797.77,4.71,2021,"[""GOLD#_H1_202101040100_202112311800.csv:4843"",""GOLD#_H1_202101040100_202112311800.csv:4849"",""GOLD#_H1_202101040100_202112311800.csv:4853"",""GOLD#_H1_202101040100_202112311800.csv:4854""]",VALID,
022e75089a46699ee42ebefcf1c00d936760cc6f3251304701c8711c5ccfae07,GOLD#,H1,SHORT,SWING_LOW,2021-02-09T09:00:00,2021-02-09T12:00:00,1837.96,2021-02-09T17:00:00,1837.03,2021-02-09T18:00:00,1837.96,2021-02-09T19:00:00,1839.24,1839.78,1835.51,1835.89,1835.89,5.774285714285714285714285714,2021,"[""GOLD#_H1_202101040100_202112311800.csv:604"",""GOLD#_H1_202101040100_202112311800.csv:611"",""GOLD#_H1_202101040100_202112311800.csv:612"",""GOLD#_H1_202101040100_202112311800.csv:613""]",VALID,
025ca7e6287b389ae6968c806597f193e4d49d3243c1bdd3a5386f971f80d4f8,GOLD#,H1,LONG,SWING_HIGH,2022-07-13T05:00:00,2022-07-13T08:00:00,1728.74,2022-07-13T14:00:00,1729.84,2022-07-13T15:00:00,1728.74,2022-07-13T18:00:00,1723.35,1743.28,1720.5,1742.25,1742.25,5.860714285714285714285714286,2022,"[""GOLD#_H1_202201030100_202212302300.csv:3124"",""GOLD#_H1_202201030100_202212302300.csv:3132"",""GOLD#_H1_202201030100_202212302300.csv:3135"",""GOLD#_H1_202201030100_202212302300.csv:3136""]",VALID,
028d2652901e122c59c988fdd42a55bd947609295a19b030b3556f07c76ab635,GOLD#,H1,LONG,SWING_HIGH,2022-01-07T15:00:00,2022-01-07T18:00:00,1796.21,2022-01-07T21:00:00,1796.28,2022-01-07T22:00:00,1796.21,2022-01-10T10:00:00,1793.06,1795.79,1791.14,1793.67,1793.67,2.952857142857142857142857143,2022,"[""GOLD#_H1_202201030100_202212302300.csv:108"",""GOLD#_H1_202201030100_202212302300.csv:113"",""GOLD#_H1_202201030100_202212302300.csv:124"",""GOLD#_H1_202201030100_202212302300.csv:125""]",VALID,
02cb1967141d680c36da0331601418bda58a21ab1f756540698735bb7f6f047b,GOLD#,H1,SHORT,SWING_LOW,2020-08-24T07:00:00,2020-08-24T10:00:00,1930.65,2020-08-24T19:00:00,1930.3,2020-08-24T20:00:00,1930.65,2020-08-24T22:00:00,1929.18,1930.85,1925.62,1927.83,1927.83,8.199285714285714285714285714,2020,"[""GOLD#_H1_202001020900_202012311800.csv:3802"",""GOLD#_H1_202001020900_202012311800.csv:3813"",""GOLD#_H1_202001020900_202012311800.csv:3815"",""GOLD#_H1_202001020900_202012311800.csv:3816""]",VALID,
02cd4f76f20108e5eb617714d534281f44179fc097e7cda98d0705404eab63aa,GOLD#,H1,LONG,SWING_HIGH,2021-09-01T09:00:00,2021-09-01T12:00:00,1816.81,2021-09-01T16:00:00,1819.14,2021-09-01T17:00:00,1816.81,2021-09-01T19:00:00,1809.93,1815.34,1808.46,1815.29,1815.29,3.956428571428571428571428571,2021,"[""GOLD#_H1_202101040100_202112311800.csv:3927"",""GOLD#_H1_202101040100_202112311800.csv:3933"",""GOLD#_H1_202101040100_202112311800.csv:3935"",""GOLD#_H1_202101040100_202112311800.csv:3936""]",VALID,
032694e082de9ad03c90689b02650324fda6f94b262210846872d11bd11385e7,GOLD#,H1,SHORT,SWING_LOW,2022-01-26T09:00:00,2022-01-26T12:00:00,1843.73,2022-01-26T14:00:00,1843.04,2022-01-26T15:00:00,1843.73,2022-01-26T17:00:00,1844.01,1844.15,1831.21,1836.02,1836.02,2.680714285714285714285714286,2022,"[""GOLD#_H1_202201030100_202212302300.csv:399"",""GOLD#_H1_202201030100_202212302300.csv:403"",""GOLD#_H1_202201030100_202212302300.csv:405"",""GOLD#_H1_202201030100_202212302300.csv:406""]",VALID,
033fd709cfa6dcb324bf74525a36b9e8a2b1cb54069da19bffced2fc144c5a8c,GOLD#,H1,LONG,SWING_HIGH,2021-03-26T08:00:00,2021-03-26T11:00:00,1729.62,2021-03-26T12:00:00,1730.25,2021-03-26T13:00:00,1729.62,2021-03-26T17:00:00,1728.56,1732.37,1728.29,1730.96,1730.96,3.777142857142857142857142857,2021,"[""GOLD#_H1_202101040100_202112311800.csv:1359"",""GOLD#_H1_202101040100_202112311800.csv:1362"",""GOLD#_H1_202101040100_202112311800.csv:1366"",""GOLD#_H1_202101040100_202112311800.csv:1367""]",VALID,
04332188afc352317a4ad35d567027307e847caa9554297977a1cedf26a76f40,GOLD#,H1,SHORT,SWING_LOW,2021-04-19T09:00:00,2021-04-19T12:00:00,1775.29,2021-04-19T17:00:00,1773.67,2021-04-19T18:00:00,1775.29,2021-04-19T20:00:00,1772.19,1772.78,1768.9,1771.4,1771.4,5.260714285714285714285714286,2021,"[""GOLD#_H1_202101040100_202112311800.csv:1704"",""GOLD#_H1_202101040100_202112311800.csv:1711"",""GOLD#_H1_202101040100_202112311800.csv:1713"",""GOLD#_H1_202101040100_202112311800.csv:1714""]",VALID,
0468c6eada6bea759f54d4a07effb5d1aa7dd4a24371c829c4ddd45800ae6d21,GOLD#,H1,LONG,SWING_HIGH,2021-12-15T11:00:00,2021-12-15T14:00:00,1771.31,2021-12-15T15:00:00,1771.5,2021-12-15T16:00:00,1771.31,2021-12-15T22:00:00,1762.4,1770.42,1752.69,1769.53,1769.53,3.577857142857142857142857143,2021,"[""GOLD#_H1_202101040100_202112311800.csv:5643"",""GOLD#_H1_202101040100_202112311800.csv:5646"",""GOLD#_H1_202101040100_202112311800.csv:5652"",""GOLD#_H1_202101040100_202112311800.csv:5653""]",VALID,
046bfd8d37baf688a1db934e2c16e691e4c940a3cc5cf1681c29a7bd15dfa9c5,GOLD#,H1,LONG,SWING_HIGH,2022-11-22T06:00:00,2022-11-22T09:00:00,1745.74,2022-11-22T12:00:00,1746.96,2022-11-22T16:00:00,1745.74,2022-11-22T23:00:00,1738.17,1740.71,1737.31,1740.35,1740.35,3.452857142857142857142857143,2022,"[""GOLD#_H1_202201030100_202212302300.csv:5285"",""GOLD#_H1_202201030100_202212302300.csv:5290"",""GOLD#_H1_202201030100_202212302300.csv:5300"",""GOLD#_H1_202201030100_202212302300.csv:5301""]",VALID,
047ee290b90feb0cab0b71486e54de4ebb9b17803986f2d79b1754f25ad3a6f1,GOLD#,H1,SHORT,SWING_LOW,2021-11-25T07:00:00,2021-11-25T10:00:00,1791.41,2021-11-25T13:00:00,1791.12,2021-11-25T14:00:00,1791.41,2021-11-25T18:00:00,1790.69,1790.81,1787.83,1788.49,1788.49,2.067857142857142857142857143,2021,"[""GOLD#_H1_202101040100_202112311800.csv:5324"",""GOLD#_H1_202101040100_202112311800.csv:5329"",""GOLD#_H1_202101040100_202112311800.csv:5333"",""GOLD#_H1_202101040100_202112311800.csv:5334""]",VALID,
050001c873349915b8cbe04a594cc1e390014c0d4a281132c2e890a2c3da7b91,GOLD#,H1,SHORT,SWING_LOW,2022-08-31T04:00:00,2022-08-31T07:00:00,1720.6,2022-08-31T12:00:00,1714.09,2022-08-31T18:00:00,1720.6,2022-08-31T20:00:00,1718.67,1719.12,1715.68,1716.17,1716.17,4.698571428571428571428571429,2022,"[""GOLD#_H1_202201030100_202212302300.csv:3928"",""GOLD#_H1_202201030100_202212302300.csv:3935"",""GOLD#_H1_202201030100_202212302300.csv:3942"",""GOLD#_H1_202201030100_202212302300.csv:3943""]",VALID,
0593651a56f0ce5ba6f66bf5808a03c76b5e5df4be1bce332ca80e1d9dc8e650,GOLD#,H1,LONG,SWING_HIGH,2020-10-30T05:00:00,2020-10-30T08:00:00,1878.04,2020-10-30T14:00:00,1879.26,2020-10-30T15:00:00,1878.04,2020-11-02T04:00:00,1875.16,1882.43,1873.44,1881.2,1881.2,5.669285714285714285714285714,2020,"[""GOLD#_H1_202001020900_202012311800.csv:4924"",""GOLD#_H1_202001020900_202012311800.csv:4932"",""GOLD#_H1_202001020900_202012311800.csv:4943"",""GOLD#_H1_202001020900_202012311800.csv:4944""]",VALID,
064a9813a1ece7b29cb53f1e8cfc32bc7f04042ff19b65bdfc14632ae90b39ac,GOLD#,H1,LONG,SWING_HIGH,2020-02-11T11:00:00,2020-02-11T14:00:00,1569.96,2020-02-11T16:00:00,1571.93,2020-02-11T18:00:00,1569.96,2020-02-11T21:00:00,1565.73,1568.58,1565.29,1567.85,1567.85,3.057857142857142857142857143,2020,"[""GOLD#_H1_202001020900_202012311800.csv:644"",""GOLD#_H1_202001020900_202012311800.csv:648"",""GOLD#_H1_202001020900_202012311800.csv:652"",""GOLD#_H1_202001020900_202012311800.csv:653""]",VALID,
067207139c8f68d0ad90969f5ebd56f35d6495bfa99290987f6f65be2afb7364,GOLD#,H1,LONG,SWING_HIGH,2020-09-11T04:00:00,2020-09-11T07:00:00,1949.27,2020-09-11T17:00:00,1951.39,2020-09-11T18:00:00,1949.27,2020-09-14T03:00:00,1941.48,1943.15,1941.26,1942.81,1942.81,4.955,2020,"[""GOLD#_H1_202001020900_202012311800.csv:4117"",""GOLD#_H1_202001020900_202012311800.csv:4129"",""GOLD#_H1_202001020900_202012311800.csv:4137"",""GOLD#_H1_202001020900_202012311800.csv:4138""]",VALID,
06d90d3e343887e3c3e583920ec357c6a9f6d02bf881e5f531cd02c538cea338,GOLD#,H1,SHORT,SWING_LOW,2022-06-17T10:00:00,2022-06-17T13:00:00,1841.97,2022-06-17T18:00:00,1840.36,2022-06-17T19:00:00,1841.97,2022-06-17T21:00:00,1839.37,1841.2,1836.76,1836.95,1836.95,5.1,2022,"[""GOLD#_H1_202201030100_202212302300.csv:2719"",""GOLD#_H1_202201030100_202212302300.csv:2726"",""GOLD#_H1_202201030100_202212302300.csv:2728"",""GOLD#_H1_202201030100_202212302300.csv:2729""]",VALID,
0777356e8766d0adc218b3858bfd8a9548f9fa990bff59440bd688a8b6c197ff,GOLD#,H1,SHORT,SWING_LOW,2022-11-14T01:00:00,2022-11-14T04:00:00,1761.31,2022-11-14T07:00:00,1761.27,2022-11-14T08:00:00,1761.31,2022-11-14T12:00:00,1761.96,1762.05,1757,1757.19,1757.19,4.464285714285714285714285714,2022,"[""GOLD#_H1_202201030100_202212302300.csv:5142"",""GOLD#_H1_202201030100_202212302300.csv:5147"",""GOLD#_H1_202201030100_202212302300.csv:5151"",""GOLD#_H1_202201030100_202212302300.csv:5152""]",VALID,
07cf6ca5b74abb3c19d67eb4cd5065ca31fa5b32a10eb81a77dda96abc42411f,GOLD#,H1,LONG,SWING_HIGH,2022-11-02T05:00:00,2022-11-02T08:00:00,1653.28,2022-11-02T12:00:00,1654.59,2022-11-02T16:00:00,1653.28,2022-11-02T20:00:00,1647.57,1650.52,1646.15,1649.61,1649.61,3.386428571428571428571428571,2022,"[""GOLD#_H1_202201030100_202212302300.csv:4963"",""GOLD#_H1_202201030100_202212302300.csv:4969"",""GOLD#_H1_202201030100_202212302300.csv:4976"",""GOLD#_H1_202201030100_202212302300.csv:4977""]",VALID,
08a3f5b54e235a1cba24b8f8e848258a90f7745693135e3fc17dc7b5cd92ca3f,GOLD#,H1,LONG,SWING_HIGH,2022-02-07T15:00:00,2022-02-07T18:00:00,1817.13,2022-02-07T19:00:00,1817.28,2022-02-07T20:00:00,1817.13,2022-02-07T21:00:00,1819.93,1821.21,1819.56,1821.11,1821.11,3.187857142857142857142857143,2022,"[""GOLD#_H1_202201030100_202212302300.csv:589"",""GOLD#_H1_202201030100_202212302300.csv:592"",""GOLD#_H1_202201030100_202212302300.csv:593"",""GOLD#_H1_202201030100_202212302300.csv:594""]",VALID,
08ca4727ae8507e200bb55df8e268096eb559dadd47c28b8f57a2f64fc8a7d74,GOLD#,H1,SHORT,SWING_LOW,2020-09-11T15:00:00,2020-09-11T18:00:00,1941.81,2020-09-11T21:00:00,1939.79,2020-09-11T22:00:00,1941.81,2020-09-12T00:00:00,1942.33,1942.72,1939.56,1939.56,1939.56,4.980714285714285714285714286,2020,"[""GOLD#_H1_202001020900_202012311800.csv:4128"",""GOLD#_H1_202001020900_202012311800.csv:4133"",""GOLD#_H1_202001020900_202012311800.csv:4135"",""GOLD#_H1_202001020900_202012311800.csv:4136""]",VALID,
08caeeabc3e7a2b10032fc6f9cc4db0ab0f4bbc0a4548d3da07d85d5f3afc45b,GOLD#,H1,LONG,SWING_HIGH,2022-02-18T20:00:00,2022-02-18T23:00:00,1897.87,2022-02-21T02:00:00,1904.8,2022-02-21T03:00:00,1897.87,2022-02-21T11:00:00,1891.68,1897.64,1891.27,1896.07,1896.07,5.299285714285714285714285714,2022,"[""GOLD#_H1_202201030100_202212302300.csv:801"",""GOLD#_H1_202201030100_202212302300.csv:805"",""GOLD#_H1_202201030100_202212302300.csv:813"",""GOLD#_H1_202201030100_202212302300.csv:814""]",VALID,
099ecf19172e6e5ce0603085f8dcc8aaaddc107b1d7dff685f2293fda2a043f1,GOLD#,H1,SHORT,SWING_LOW,2021-04-09T21:00:00,2021-04-10T00:00:00,1741.33,2021-04-12T05:00:00,1739.3,2021-04-12T10:00:00,1741.33,2021-04-12T12:00:00,1739.07,1739.64,1737.03,1737.81,1737.81,2.743571428571428571428571429,2021,"[""GOLD#_H1_202101040100_202112311800.csv:1578"",""GOLD#_H1_202101040100_202112311800.csv:1584"",""GOLD#_H1_202101040100_202112311800.csv:1590"",""GOLD#_H1_202101040100_202112311800.csv:1591""]",VALID,
0a1322d800bfe9e99c356340932ca57a6aab93e16d5485983aff4ca85ae6584a,GOLD#,H1,LONG,SWING_HIGH,2022-04-29T04:00:00,2022-04-29T07:00:00,1905.86,2022-04-29T09:00:00,1906.87,2022-04-29T17:00:00,1905.86,2022-04-29T21:00:00,1908.21,1911.56,1907.27,1909.94,1909.94,5.992857142857142857142857143,2022,"[""GOLD#_H1_202201030100_202212302300.csv:1910"",""GOLD#_H1_202201030100_202212302300.csv:1914"",""GOLD#_H1_202201030100_202212302300.csv:1925"",""GOLD#_H1_202201030100_202212302300.csv:1926""]",VALID,
0ab2dc4b1dfc4eefc9d757faa8d08b506cc2b55333c6163bed663d82b5dec108,GOLD#,H1,SHORT,SWING_LOW,2021-06-01T08:00:00,2021-06-01T11:00:00,1909.78,2021-06-01T13:00:00,1905.48,2021-06-01T16:00:00,1909.78,2021-06-01T17:00:00,1910.21,1911.94,1902.19,1903.7,1903.7,4.002857142857142857142857143,2021,"[""GOLD#_H1_202101040100_202112311800.csv:2412"",""GOLD#_H1_202101040100_202112311800.csv:2416"",""GOLD#_H1_202101040100_202112311800.csv:2419"",""GOLD#_H1_202101040100_202112311800.csv:2420""]",VALID,
0d42bee4dd06f49a94b52314b88c628231d1cf7b94dd9fc9cb66116844016d95,GOLD#,H1,LONG,SWING_HIGH,2022-07-08T09:00:00,2022-07-08T12:00:00,1743.9,2022-07-08T18:00:00,1747.85,2022-07-08T19:00:00,1743.9,2022-07-11T02:00:00,1742.45,1744.4,1739.43,1743.7,1743.7,6.255714285714285714285714286,2022,"[""GOLD#_H1_202201030100_202212302300.csv:3059"",""GOLD#_H1_202201030100_202212302300.csv:3067"",""GOLD#_H1_202201030100_202212302300.csv:3073"",""GOLD#_H1_202201030100_202212302300.csv:3074""]",VALID,
0d7356d930b5db5d6346949fcd79ae967e3bb28a5e752634ef666d05c4cc7e20,GOLD#,H1,SHORT,SWING_LOW,2022-11-17T07:00:00,2022-11-17T10:00:00,1761.39,2022-11-17T16:00:00,1756.57,2022-11-17T18:00:00,1761.39,2022-11-17T19:00:00,1760.2,1760.43,1755.44,1758.09,1758.09,4.812142857142857142857142857,2022,"[""GOLD#_H1_202201030100_202212302300.csv:5217"",""GOLD#_H1_202201030100_202212302300.csv:5225"",""GOLD#_H1_202201030100_202212302300.csv:5227"",""GOLD#_H1_202201030100_202212302300.csv:5228""]",VALID,
0e74cc51f7ef215506f8db59be00c6e1c4b7e648021c21b3686b8842f845215a,GOLD#,H1,LONG,SWING_HIGH,2020-06-01T02:00:00,2020-06-01T05:00:00,1740.16,2020-06-01T08:00:00,1741.49,2020-06-01T11:00:00,1740.16,2020-06-01T18:00:00,1732.55,1738.54,1726.96,1737.8,1737.8,4.747142857142857142857142857,2020,"[""GOLD#_H1_202001020900_202012311800.csv:2421"",""GOLD#_H1_202001020900_202012311800.csv:2426"",""GOLD#_H1_202001020900_202012311800.csv:2435"",""GOLD#_H1_202001020900_202012311800.csv:2436""]",VALID,
0e8e2055c9412c216f6ad47f55362af95c2019b99206ed1deb23aa3e1390d3a4,GOLD#,H1,LONG,SWING_HIGH,2022-08-10T05:00:00,2022-08-10T08:00:00,1794.64,2022-08-10T16:00:00,1797.34,2022-08-10T17:00:00,1794.64,2022-08-10T18:00:00,1795.76,1802.25,1794.96,1801.95,1801.95,4.602857142857142857142857143,2022,"[""GOLD#_H1_202201030100_202212302300.csv:3584"",""GOLD#_H1_202201030100_202212302300.csv:3594"",""GOLD#_H1_202201030100_202212302300.csv:3595"",""GOLD#_H1_202201030100_202212302300.csv:3596""]",VALID,
0f19f62da83b398cecce1d8f3e2ed7232f29c926956e0a0ce5f9cdd579c82891,GOLD#,H1,LONG,SWING_HIGH,2020-12-07T02:00:00,2020-12-07T05:00:00,1839.34,2020-12-07T08:00:00,1842,2020-12-07T09:00:00,1839.34,2020-12-07T15:00:00,1830.33,1834.24,1829.07,1833.63,1833.63,4.805714285714285714285714286,2020,"[""GOLD#_H1_202001020900_202012311800.csv:5511"",""GOLD#_H1_202001020900_202012311800.csv:5516"",""GOLD#_H1_202001020900_202012311800.csv:5522"",""GOLD#_H1_202001020900_202012311800.csv:5523""]",VALID,
11a39e01bc8ee11481df65d07cb9af37bdb2a52a8aa8f8c9317805a97ddfbc1d,GOLD#,H1,SHORT,SWING_LOW,2020-12-07T01:00:00,2020-12-07T04:00:00,1832.97,2020-12-07T11:00:00,1827.98,2020-12-07T13:00:00,1832.97,2020-12-07T14:00:00,1831.58,1831.82,1827.51,1830.29,1830.29,4.639285714285714285714285714,2020,"[""GOLD#_H1_202001020900_202012311800.csv:5510"",""GOLD#_H1_202001020900_202012311800.csv:5519"",""GOLD#_H1_202001020900_202012311800.csv:5521"",""GOLD#_H1_202001020900_202012311800.csv:5522""]",VALID,
124830c5eed7a308820adb0579466ebf26aecb66607b6e0f93eac27f2d4515b6,GOLD#,H1,SHORT,SWING_LOW,2021-09-06T08:00:00,2021-09-06T11:00:00,1825.46,2021-09-06T12:00:00,1824.77,2021-09-06T13:00:00,1825.46,2021-09-06T16:00:00,1823.83,1823.89,1822.28,1822.61,1822.61,2.142142857142857142857142857,2021,"[""GOLD#_H1_202101040100_202112311800.csv:3995"",""GOLD#_H1_202101040100_202112311800.csv:3998"",""GOLD#_H1_202101040100_202112311800.csv:4001"",""GOLD#_H1_202101040100_202112311800.csv:4002""]",VALID,
12b24773d7772917d789bee5514e4bfa337956b590de2ac5cbfbeaa8f7c0b59f,GOLD#,H1,LONG,SWING_HIGH,2022-11-04T16:00:00,2022-11-04T19:00:00,1675.48,2022-11-04T21:00:00,1680.62,2022-11-07T02:00:00,1675.48,2022-11-07T06:00:00,1672.5,1674.82,1671.11,1673.56,1673.56,6.275,2022,"[""GOLD#_H1_202201030100_202212302300.csv:5020"",""GOLD#_H1_202201030100_202212302300.csv:5024"",""GOLD#_H1_202201030100_202212302300.csv:5030"",""GOLD#_H1_202201030100_202212302300.csv:5031""]",VALID,
12d8feb8a5bd6fecc930b6a5c107447b4f62fb9c569323469f32a5cd1951900c,GOLD#,H1,LONG,SWING_HIGH,2022-08-08T04:00:00,2022-08-08T07:00:00,1775.42,2022-08-08T11:00:00,1777.67,2022-08-08T12:00:00,1775.42,2022-08-08T14:00:00,1777.61,1780.06,1776.34,1779.96,1779.96,3.227142857142857142857142857,2022,"[""GOLD#_H1_202201030100_202212302300.csv:3537"",""GOLD#_H1_202201030100_202212302300.csv:3543"",""GOLD#_H1_202201030100_202212302300.csv:3545"",""GOLD#_H1_202201030100_202212302300.csv:3546""]",VALID,
138fc9a023f3e503869d1fc5dae3ef313ae50d85a93fa6f45484b07d9709b34a,GOLD#,H1,SHORT,SWING_LOW,2020-09-25T23:00:00,2020-09-28T03:00:00,1859.59,2020-09-28T04:00:00,1859.58,2020-09-28T05:00:00,1859.59,2020-09-28T09:00:00,1861.53,1861.89,1856.15,1856.99,1856.99,4.865714285714285714285714286,2020,"[""GOLD#_H1_202001020900_202012311800.csv:4366"",""GOLD#_H1_202001020900_202012311800.csv:4369"",""GOLD#_H1_202001020900_202012311800.csv:4373"",""GOLD#_H1_202001020900_202012311800.csv:4374""]",VALID,
13be7c1bff54fbdcf8da526474843de43b1a058dc8c21793a59ae4d53121a862,GOLD#,H1,LONG,SWING_HIGH,2022-05-11T05:00:00,2022-05-11T08:00:00,1839.99,2022-05-11T10:00:00,1844.16,2022-05-11T16:00:00,1839.99,2022-05-11T17:00:00,1839.5,1858.08,1837.72,1853.28,1853.28,5.394285714285714285714285714,2022,"[""GOLD#_H1_202201030100_202212302300.csv:2095"",""GOLD#_H1_202201030100_202212302300.csv:2099"",""GOLD#_H1_202201030100_202212302300.csv:2105"",""GOLD#_H1_202201030100_202212302300.csv:2106""]",VALID,
13cd19673dd0d16273d12a77431f8553509e18f44ce837fe0cf28955969e1b10,GOLD#,H1,SHORT,SWING_LOW,2021-06-22T11:00:00,2021-06-22T14:00:00,1776.39,2021-06-22T16:00:00,1774.63,2021-06-22T17:00:00,1776.39,2021-06-22T23:00:00,1780.03,1780.82,1775.79,1776.3,1776.3,5.91,2021,"[""GOLD#_H1_202101040100_202112311800.csv:2760"",""GOLD#_H1_202101040100_202112311800.csv:2764"",""GOLD#_H1_202101040100_202112311800.csv:2770"",""GOLD#_H1_202101040100_202112311800.csv:2771""]",VALID,
140165c73c08b11562c46648a16d7c66448c3ce152cc98fc6a4f823241af335b,GOLD#,H1,SHORT,SWING_LOW,2020-10-06T11:00:00,2020-10-06T14:00:00,1906.55,2020-10-06T19:00:00,1902.33,2020-10-06T22:00:00,1906.55,2020-10-06T23:00:00,1897.05,1897.47,1886.79,1887.81,1887.81,6.235,2020,"[""GOLD#_H1_202001020900_202012311800.csv:4515"",""GOLD#_H1_202001020900_202012311800.csv:4522"",""GOLD#_H1_202001020900_202012311800.csv:4525"",""GOLD#_H1_202001020900_202012311800.csv:4526""]",VALID,
141d6ea95ffe563f2ab639f6a4e615ea5dec9bb5e6e0a6da234d9a3c4dc85b91,GOLD#,H1,SHORT,SWING_LOW,2020-10-23T17:00:00,2020-10-23T20:00:00,1894.47,2020-10-26T01:00:00,1893.48,2020-10-26T02:00:00,1894.47,2020-10-26T04:00:00,1900.12,1902.39,1896.39,1897.57,1897.57,5.494285714285714285714285714,2020,"[""GOLD#_H1_202001020900_202012311800.csv:4820"",""GOLD#_H1_202001020900_202012311800.csv:4827"",""GOLD#_H1_202001020900_202012311800.csv:4829"",""GOLD#_H1_202001020900_202012311800.csv:4830""]",VALID,
14341b11cd96d4335baae0ce4dd382c0b1c40d6165f593361ef18de9f4e9b4a3,GOLD#,H1,SHORT,SWING_LOW,2020-10-02T11:00:00,2020-10-02T14:00:00,1905.19,2020-10-02T17:00:00,1903.07,2020-10-02T18:00:00,1905.19,2020-10-03T00:00:00,1901.55,1901.98,1898.61,1899.05,1899.05,6.663571428571428571428571429,2020,"[""GOLD#_H1_202001020900_202012311800.csv:4469"",""GOLD#_H1_202001020900_202012311800.csv:4474"",""GOLD#_H1_202001020900_202012311800.csv:4480"",""GOLD#_H1_202001020900_202012311800.csv:4481""]",VALID,
1463f7f01f09a577f3660d8a502ac18b8055a37e32671eeef0ba10d98d842142,GOLD#,H1,SHORT,SWING_LOW,2020-04-27T04:00:00,2020-04-27T07:00:00,1720.41,2020-04-27T08:00:00,1720,2020-04-27T09:00:00,1720.41,2020-04-27T10:00:00,1722.05,1723.71,1713.24,1714.69,1714.69,5.785,2020,"[""GOLD#_H1_202001020900_202012311800.csv:1852"",""GOLD#_H1_202001020900_202012311800.csv:1855"",""GOLD#_H1_202001020900_202012311800.csv:1856"",""GOLD#_H1_202001020900_202012311800.csv:1857""]",VALID,
15a142e74909d410a925bba4a9467be6b2694d6a4d858782180af0b589ada4a8,GOLD#,H1,LONG,SWING_HIGH,2021-01-18T04:00:00,2021-01-18T07:00:00,1832.05,2021-01-18T08:00:00,1838.51,2021-01-18T12:00:00,1832.05,2021-01-18T19:00:00,1836.59,1839.39,1835.95,1837.96,1837.96,5.027857142857142857142857143,2021,"[""GOLD#_H1_202101040100_202112311800.csv:235"",""GOLD#_H1_202101040100_202112311800.csv:238"",""GOLD#_H1_202101040100_202112311800.csv:248"",""GOLD#_H1_202101040100_202112311800.csv:249""]",VALID,
15d24e8b1081c7d61ca57ced8d6625760e84bfebe8f185c3758f1d78f2b16fc1,GOLD#,H1,LONG,SWING_HIGH,2020-10-08T04:00:00,2020-10-08T07:00:00,1889.1,2020-10-08T10:00:00,1894.04,2020-10-08T18:00:00,1889.1,2020-10-08T21:00:00,1885.45,1892.47,1881.81,1891.85,1891.85,5.157142857142857142857142857,2020,"[""GOLD#_H1_202001020900_202012311800.csv:4554"",""GOLD#_H1_202001020900_202012311800.csv:4559"",""GOLD#_H1_202001020900_202012311800.csv:4569"",""GOLD#_H1_202001020900_202012311800.csv:4570""]",VALID,
16afaff4fb52752debce4dffba8e0c91609d00edefbda4e9508e2b6295b561ef,GOLD#,H1,LONG,SWING_HIGH,2022-12-16T09:00:00,2022-12-16T12:00:00,1784.91,2022-12-16T15:00:00,1785.12,2022-12-16T16:00:00,1784.91,2022-12-16T17:00:00,1785.43,1793.8,1782.17,1792.18,1792.18,4.012857142857142857142857143,2022,"[""GOLD#_H1_202201030100_202212302300.csv:5697"",""GOLD#_H1_202201030100_202212302300.csv:5702"",""GOLD#_H1_202201030100_202212302300.csv:5703"",""GOLD#_H1_202201030100_202212302300.csv:5704""]",VALID,
17341f96866e8c736157407ccd4bce2b64a33c4569d86fa8a52322406405cce6,GOLD#,H1,LONG,SWING_HIGH,2021-12-08T08:00:00,2021-12-08T11:00:00,1791.53,2021-12-08T13:00:00,1791.89,2021-12-08T14:00:00,1791.53,2021-12-08T20:00:00,1782.44,1784.94,1782.26,1784.23,1784.23,3.853571428571428571428571429,2021,"[""GOLD#_H1_202101040100_202112311800.csv:5525"",""GOLD#_H1_202101040100_202112311800.csv:5529"",""GOLD#_H1_202101040100_202112311800.csv:5535"",""GOLD#_H1_202101040100_202112311800.csv:5536""]",VALID,
173bb83b4babb302ee6092c45e37ed63509afd1c5b01f04022494833922097c4,GOLD#,H1,SHORT,SWING_LOW,2021-02-15T02:00:00,2021-02-15T05:00:00,1820.01,2021-02-15T09:00:00,1818.68,2021-02-15T11:00:00,1820.01,2021-02-15T16:00:00,1821.4,1822.37,1817.21,1817.86,1817.86,4.097142857142857142857142857,2021,"[""GOLD#_H1_202101040100_202112311800.csv:689"",""GOLD#_H1_202101040100_202112311800.csv:695"",""GOLD#_H1_202101040100_202112311800.csv:701"",""GOLD#_H1_202101040100_202112311800.csv:702""]",VALID,
1746acbd76baa5d160e6cb1167322c87a265e29088ecf061c21c3284ba44ac62,GOLD#,H1,SHORT,SWING_LOW,2020-06-18T05:00:00,2020-06-18T08:00:00,1723.69,2020-06-18T15:00:00,1721.89,2020-06-18T16:00:00,1723.69,2020-06-18T18:00:00,1722.7,1723.14,1717.28,1722.04,1722.04,5.594285714285714285714285714,2020,"[""GOLD#_H1_202001020900_202012311800.csv:2723"",""GOLD#_H1_202001020900_202012311800.csv:2732"",""GOLD#_H1_202001020900_202012311800.csv:2734"",""GOLD#_H1_202001020900_202012311800.csv:2735""]",VALID,
1793b912d9fd55af866234558e48b25da579ae7ef31f9b6a7fd3e3115c917ca4,GOLD#,H1,LONG,SWING_HIGH,2020-07-06T03:00:00,2020-07-06T06:00:00,1776.38,2020-07-06T10:00:00,1776.72,2020-07-06T11:00:00,1776.38,2020-07-06T15:00:00,1775.89,1779.6,1775.64,1779.35,1779.35,2.971428571428571428571428571,2020,"[""GOLD#_H1_202001020900_202012311800.csv:2993"",""GOLD#_H1_202001020900_202012311800.csv:2999"",""GOLD#_H1_202001020900_202012311800.csv:3003"",""GOLD#_H1_202001020900_202012311800.csv:3004""]",VALID,
181f988514aff2ed30f2242c4271889ee5f63e89915f0c399bc5683fa8f25bc4,GOLD#,H1,SHORT,SWING_LOW,2022-10-24T05:00:00,2022-10-24T08:00:00,1651.88,2022-10-24T11:00:00,1649.29,2022-10-24T15:00:00,1651.88,2022-10-24T21:00:00,1650.61,1650.87,1649.1,1649.27,1649.27,5.349285714285714285714285714,2022,"[""GOLD#_H1_202201030100_202212302300.csv:4801"",""GOLD#_H1_202201030100_202212302300.csv:4806"",""GOLD#_H1_202201030100_202212302300.csv:4815"",""GOLD#_H1_202201030100_202212302300.csv:4816""]",VALID,
182ecec25bb009bf031f27ca81d897047b9184d403d3a9af082736eed9045c0a,GOLD#,H1,SHORT,SWING_LOW,2021-12-07T11:00:00,2021-12-07T14:00:00,1777.48,2021-12-07T16:00:00,1775.39,2021-12-07T17:00:00,1777.48,2021-12-08T00:00:00,1785.24,1785.24,1783.85,1784.03,1784.03,4.253571428571428571428571429,2021,"[""GOLD#_H1_202101040100_202112311800.csv:5505"",""GOLD#_H1_202101040100_202112311800.csv:5509"",""GOLD#_H1_202101040100_202112311800.csv:5516"",""GOLD#_H1_202101040100_202112311800.csv:5517""]",VALID,
183d6b18629a224d8d7251414ab4bce0681a262cbd1c5f5dbe3df84dbfa244c2,GOLD#,H1,LONG,SWING_HIGH,2022-06-24T21:00:00,2022-06-25T00:00:00,1830.85,2022-06-27T02:00:00,1833.7,2022-06-27T03:00:00,1830.85,2022-06-27T05:00:00,1828.99,1836.91,1828.43,1834.71,1834.71,5.277142857142857142857142857,2022,"[""GOLD#_H1_202201030100_202212302300.csv:2843"",""GOLD#_H1_202201030100_202212302300.csv:2846"",""GOLD#_H1_202201030100_202212302300.csv:2848"",""GOLD#_H1_202201030100_202212302300.csv:2849""]",VALID,
1845b7f3b79d9a4f262a9eae008f2dc4440e596bf6362976180adef4b7d24373,GOLD#,H1,LONG,SWING_HIGH,2021-05-21T08:00:00,2021-05-21T11:00:00,1877.08,2021-05-21T13:00:00,1878.22,2021-05-21T17:00:00,1877.08,2021-05-21T21:00:00,1872.81,1877.62,1872.65,1877.48,1877.48,5.045,2021,"[""GOLD#_H1_202101040100_202112311800.csv:2255"",""GOLD#_H1_202101040100_202112311800.csv:2259"",""GOLD#_H1_202101040100_202112311800.csv:2266"",""GOLD#_H1_202101040100_202112311800.csv:2267""]",VALID,
194da9e680c83ee27cf1064be42655eb3505f93d78c7f1b7348bce15a0402cca,GOLD#,H1,SHORT,SWING_LOW,2021-12-08T10:00:00,2021-12-08T13:00:00,1785.83,2021-12-08T15:00:00,1784.57,2021-12-08T22:00:00,1785.83,2021-12-09T00:00:00,1785.53,1785.74,1782.26,1783,1783,3.67,2021,"[""GOLD#_H1_202101040100_202112311800.csv:5527"",""GOLD#_H1_202101040100_202112311800.csv:5531"",""GOLD#_H1_202101040100_202112311800.csv:5539"",""GOLD#_H1_202101040100_202112311800.csv:5540""]",VALID,
19d85fae1377f983b262f8b2d253dacf6b0c858a0981461856227d65de74e7d1,GOLD#,H1,LONG,SWING_HIGH,2020-01-30T06:00:00,2020-01-30T09:00:00,1580.71,2020-01-30T10:00:00,1581.55,2020-01-30T11:00:00,1580.71,2020-01-30T18:00:00,1578.07,1585.22,1576.33,1583.61,1583.61,2.941428571428571428571428571,2020,"[""GOLD#_H1_202001020900_202012311800.csv:455"",""GOLD#_H1_202001020900_202012311800.csv:458"",""GOLD#_H1_202001020900_202012311800.csv:465"",""GOLD#_H1_202001020900_202012311800.csv:466""]",VALID,
1b07036c1b81c53248661ce3c0e0cfe2225d67e1aaf782cc1352614a23287043,GOLD#,H1,LONG,SWING_HIGH,2022-05-27T22:00:00,2022-05-30T02:00:00,1854.87,2022-05-30T05:00:00,1856.68,2022-05-30T14:00:00,1854.87,2022-05-30T17:00:00,1855.32,1861.06,1855.06,1859.08,1859.08,3.6,2022,"[""GOLD#_H1_202201030100_202212302300.csv:2388"",""GOLD#_H1_202201030100_202212302300.csv:2393"",""GOLD#_H1_202201030100_202212302300.csv:2404"",""GOLD#_H1_202201030100_202212302300.csv:2405""]",VALID,
1b47f2e53426e06d64037cbdf7c6c5278d7e1ba67c0e318021269c35bf64f94a,GOLD#,H1,SHORT,SWING_LOW,2022-03-09T12:00:00,2022-03-09T15:00:00,2004.17,2022-03-09T16:00:00,1989.77,2022-03-09T19:00:00,2004.17,2022-03-09T20:00:00,2001.36,2003.19,1983.42,1985.5,1985.5,13.29928571428571428571428571,2022,"[""GOLD#_H1_202201030100_202212302300.csv:1090"",""GOLD#_H1_202201030100_202212302300.csv:1093"",""GOLD#_H1_202201030100_202212302300.csv:1096"",""GOLD#_H1_202201030100_202212302300.csv:1097""]",VALID,
1bd5b4d699d68ddc4b7f5a99e36e57f43ee39ab9fb97e1c3bb6f13825ce53eaa,GOLD#,H1,SHORT,SWING_LOW,2020-11-23T04:00:00,2020-11-23T07:00:00,1870.44,2020-11-23T11:00:00,1868.89,2020-11-23T12:00:00,1870.44,2020-11-23T13:00:00,1868.98,1869.86,1864.28,1865.56,1865.56,2.941428571428571428571428571,2020,"[""GOLD#_H1_202001020900_202012311800.csv:5290"",""GOLD#_H1_202001020900_202012311800.csv:5296"",""GOLD#_H1_202001020900_202012311800.csv:5297"",""GOLD#_H1_202001020900_202012311800.csv:5298""]",VALID,
1c16ff638bf604af9ba5521f81fbcccaca8a7d9190d78a223819e0e648235f2b,GOLD#,H1,SHORT,SWING_LOW,2020-03-13T10:00:00,2020-03-13T13:00:00,1578.87,2020-03-13T16:00:00,1574.78,2020-03-13T17:00:00,1578.87,2020-03-13T18:00:00,1563.33,1568.36,1521.68,1534.72,1534.72,15.71214285714285714285714286,2020,"[""GOLD#_H1_202001020900_202012311800.csv:1169"",""GOLD#_H1_202001020900_202012311800.csv:1174"",""GOLD#_H1_202001020900_202012311800.csv:1175"",""GOLD#_H1_202001020900_202012311800.csv:1176""]",VALID,
1caa646bbae239a819b04e192582a9593b05dfcd099d3cb9cb45a6fcc362a059,GOLD#,H1,SHORT,SWING_LOW,2021-05-04T08:00:00,2021-05-04T11:00:00,1783.81,2021-05-04T13:00:00,1782.84,2021-05-04T14:00:00,1783.81,2021-05-04T19:00:00,1794.6,1795.36,1773.76,1775.6,1775.6,4.192142857142857142857142857,2021,"[""GOLD#_H1_202101040100_202112311800.csv:1956"",""GOLD#_H1_202101040100_202112311800.csv:1960"",""GOLD#_H1_202101040100_202112311800.csv:1965"",""GOLD#_H1_202101040100_202112311800.csv:1966""]",VALID,
1d04e61cf2791d038444351e287ef66edfdd0964f7adebef63116d5f0f6a4e7b,GOLD#,H1,SHORT,SWING_LOW,2020-11-18T08:00:00,2020-11-18T11:00:00,1876.53,2020-11-18T13:00:00,1874.77,2020-11-18T17:00:00,1876.53,2020-11-18T20:00:00,1880.05,1881.83,1874.6,1875.2,1875.2,5.379285714285714285714285714,2020,"[""GOLD#_H1_202001020900_202012311800.csv:5225"",""GOLD#_H1_202001020900_202012311800.csv:5229"",""GOLD#_H1_202001020900_202012311800.csv:5235"",""GOLD#_H1_202001020900_202012311800.csv:5236""]",VALID,
1d5a3d7034f2e375f9f1cabd64562e6d692e2c9a4eedc436744272c30f345a44,GOLD#,H1,SHORT,SWING_LOW,2020-09-04T09:00:00,2020-09-04T12:00:00,1930.98,2020-09-04T16:00:00,1927.4,2020-09-04T17:00:00,1930.98,2020-09-05T00:00:00,1934.88,1934.89,1931.44,1932.66,1932.66,8.368571428571428571428571429,2020,"[""GOLD#_H1_202001020900_202012311800.csv:4011"",""GOLD#_H1_202001020900_202012311800.csv:4017"",""GOLD#_H1_202001020900_202012311800.csv:4024"",""GOLD#_H1_202001020900_202012311800.csv:4025""]",VALID,
1d830e3e8faac490f8a279524ca948f3f0888101dde140d41ebc94afd8929244,GOLD#,H1,LONG,SWING_HIGH,2021-06-23T12:00:00,2021-06-23T15:00:00,1785.4,2021-06-23T17:00:00,1794.29,2021-06-23T20:00:00,1785.4,2021-06-24T00:00:00,1774.91,1779.15,1774.91,1779.13,1779.13,5.02,2021,"[""GOLD#_H1_202101040100_202112311800.csv:2784"",""GOLD#_H1_202101040100_202112311800.csv:2788"",""GOLD#_H1_202101040100_202112311800.csv:2794"",""GOLD#_H1_202101040100_202112311800.csv:2795""]",VALID,
1d9f914f1201e449ba92cbcd1fe36229548b54e44b3e4d424aeb13e7af2ac877,GOLD#,H1,LONG,SWING_HIGH,2022-01-07T05:00:00,2022-01-07T08:00:00,1793.13,2022-01-07T14:00:00,1793.18,2022-01-07T15:00:00,1793.13,2022-01-07T19:00:00,1789.18,1794.4,1789.16,1793.81,1793.81,4.222142857142857142857142857,2022,"[""GOLD#_H1_202201030100_202212302300.csv:98"",""GOLD#_H1_202201030100_202212302300.csv:106"",""GOLD#_H1_202201030100_202212302300.csv:110"",""GOLD#_H1_202201030100_202212302300.csv:111""]",VALID,
1e2164ff2560efc1549fed9c7496d3fe2463ac5b8b25a721d917aec4f8ab2dcc,GOLD#,H1,LONG,SWING_HIGH,2022-09-29T04:00:00,2022-09-29T07:00:00,1659.38,2022-09-29T19:00:00,1659.99,2022-09-29T20:00:00,1659.38,2022-09-29T23:00:00,1658.91,1662.18,1658.29,1661.12,1661.12,6.609285714285714285714285714,2022,"[""GOLD#_H1_202201030100_202212302300.csv:4409"",""GOLD#_H1_202201030100_202212302300.csv:4423"",""GOLD#_H1_202201030100_202212302300.csv:4426"",""GOLD#_H1_202201030100_202212302300.csv:4427""]",VALID,
1f0bd666d06b6dfaee0ecf6ebc35e8cf008c6bb6f49c0c28158489306de0eece,GOLD#,H1,SHORT,SWING_LOW,2021-08-05T11:00:00,2021-08-05T14:00:00,1808.27,2021-08-05T17:00:00,1803.59,2021-08-05T20:00:00,1808.27,2021-08-05T22:00:00,1804.89,1805.03,1803.2,1803.65,1803.65,4.393571428571428571428571429,2021,"[""GOLD#_H1_202101040100_202112311800.csv:3492"",""GOLD#_H1_202101040100_202112311800.csv:3497"",""GOLD#_H1_202101040100_202112311800.csv:3501"",""GOLD#_H1_202101040100_202112311800.csv:3502""]",VALID,
1f58950e469adce1077538cd6e7ad88436fb7caf52442ecd6b5edec06f53799d,GOLD#,H1,SHORT,SWING_LOW,2022-06-09T11:00:00,2022-06-09T14:00:00,1847.51,2022-06-09T15:00:00,1846.2,2022-06-09T16:00:00,1847.51,2022-06-09T18:00:00,1846.67,1846.96,1840.03,1842.55,1842.55,3.585,2022,"[""GOLD#_H1_202201030100_202212302300.csv:2582"",""GOLD#_H1_202201030100_202212302300.csv:2585"",""GOLD#_H1_202201030100_202212302300.csv:2587"",""GOLD#_H1_202201030100_202212302300.csv:2588""]",VALID,
1fcaf660482822ec14d1ea4110c038744e3e954d362ffb4871081600665099ca,GOLD#,H1,SHORT,SWING_LOW,2022-12-14T10:00:00,2022-12-14T13:00:00,1806.52,2022-12-14T15:00:00,1805.43,2022-12-14T16:00:00,1806.52,2022-12-14T20:00:00,1810.76,1811.08,1807.88,1808.29,1808.29,3.392857142857142857142857143,2022,"[""GOLD#_H1_202201030100_202212302300.csv:5652"",""GOLD#_H1_202201030100_202212302300.csv:5656"",""GOLD#_H1_202201030100_202212302300.csv:5660"",""GOLD#_H1_202201030100_202212302300.csv:5661""]",VALID,
206addf43bfca7acfda3a800fdfdedfb841c947bcea355db3ff4aec486be600f,GOLD#,H1,LONG,SWING_HIGH,2022-01-10T03:00:00,2022-01-10T06:00:00,1796.57,2022-01-10T13:00:00,1799.77,2022-01-10T15:00:00,1796.57,2022-01-10T20:00:00,1793.88,1800.18,1793.25,1799.42,1799.42,3.978571428571428571428571429,2022,"[""GOLD#_H1_202201030100_202212302300.csv:119"",""GOLD#_H1_202201030100_202212302300.csv:128"",""GOLD#_H1_202201030100_202212302300.csv:134"",""GOLD#_H1_202201030100_202212302300.csv:135""]",VALID,
207a10e7413b2608e7a734de745d75ceaad5db06885d56b70e7120e1c4d15133,GOLD#,H1,LONG,SWING_HIGH,2021-08-04T10:00:00,2021-08-04T13:00:00,1815.18,2021-08-04T15:00:00,1817.79,2021-08-04T18:00:00,1815.18,2021-08-04T21:00:00,1811.97,1813.03,1810.52,1812.24,1812.24,4.963571428571428571428571429,2021,"[""GOLD#_H1_202101040100_202112311800.csv:3468"",""GOLD#_H1_202101040100_202112311800.csv:3472"",""GOLD#_H1_202101040100_202112311800.csv:3477"",""GOLD#_H1_202101040100_202112311800.csv:3478""]",VALID,
211dbbcb914efe3cd3b0008724069943aaafdbaa55307e422035b8c700e24a4c,GOLD#,H1,SHORT,SWING_LOW,2021-07-13T11:00:00,2021-07-13T14:00:00,1805.79,2021-07-13T16:00:00,1800.27,2021-07-13T17:00:00,1805.79,2021-07-13T21:00:00,1811.49,1811.57,1807.08,1807.37,1807.37,5.521428571428571428571428571,2021,"[""GOLD#_H1_202101040100_202112311800.csv:3101"",""GOLD#_H1_202101040100_202112311800.csv:3105"",""GOLD#_H1_202101040100_202112311800.csv:3109"",""GOLD#_H1_202101040100_202112311800.csv:3110""]",VALID,
21688101775b79dfe753073bb2889e43ce350535ee5aafe2e8c5fcb094c57fa1,GOLD#,H1,SHORT,SWING_LOW,2022-11-18T16:00:00,2022-11-18T19:00:00,1749.88,2022-11-18T21:00:00,1749.01,2022-11-19T00:00:00,1749.88,2022-11-21T03:00:00,1752.34,1752.95,1749.46,1750.47,1750.47,4.715714285714285714285714286,2022,"[""GOLD#_H1_202201030100_202212302300.csv:5249"",""GOLD#_H1_202201030100_202212302300.csv:5253"",""GOLD#_H1_202201030100_202212302300.csv:5257"",""GOLD#_H1_202201030100_202212302300.csv:5258""]",VALID,
21b9156a6ffc75e924181c2a789c4a3b47cbc3a7afc14f1e317fe2e99d93dd06,GOLD#,H1,SHORT,SWING_LOW,2020-06-25T08:00:00,2020-06-25T11:00:00,1759.47,2020-06-25T14:00:00,1759.2,2020-06-25T15:00:00,1759.47,2020-06-25T18:00:00,1762.03,1763.23,1757.31,1759.83,1759.83,4.812142857142857142857142857,2020,"[""GOLD#_H1_202001020900_202012311800.csv:2841"",""GOLD#_H1_202001020900_202012311800.csv:2846"",""GOLD#_H1_202001020900_202012311800.csv:2849"",""GOLD#_H1_202001020900_202012311800.csv:2850""]",VALID,
226e1aa447243ca7aaa52287c468f13e848d5a9515fab2f027ca102b62ac57fc,GOLD#,H1,SHORT,SWING_LOW,2021-11-12T05:00:00,2021-11-12T08:00:00,1855.05,2021-11-12T11:00:00,1853.3,2021-11-12T16:00:00,1855.05,2021-11-12T22:00:00,1867.89,1867.91,1863.55,1863.55,1863.55,5.000714285714285714285714286,2021,"[""GOLD#_H1_202101040100_202112311800.csv:5115"",""GOLD#_H1_202101040100_202112311800.csv:5120"",""GOLD#_H1_202101040100_202112311800.csv:5130"",""GOLD#_H1_202101040100_202112311800.csv:5131""]",VALID,
22c18f91679632b9316033c870c938516aff526ccbe4885bbec44c3e1cc0cbbe,GOLD#,H1,LONG,SWING_HIGH,2022-07-28T11:00:00,2022-07-28T14:00:00,1748.49,2022-07-28T17:00:00,1751.27,2022-07-28T18:00:00,1748.49,2022-07-28T23:00:00,1753.35,1755.55,1753.1,1755.29,1755.29,6.042857142857142857142857143,2022,"[""GOLD#_H1_202201030100_202212302300.csv:3383"",""GOLD#_H1_202201030100_202212302300.csv:3388"",""GOLD#_H1_202201030100_202212302300.csv:3393"",""GOLD#_H1_202201030100_202212302300.csv:3394""]",VALID,
22f4af80b514824c6323dbdc23ecc5937cf6e993652e251131640fb2bcda0c86,GOLD#,H1,SHORT,SWING_LOW,2021-07-16T14:00:00,2021-07-16T17:00:00,1815.4,2021-07-16T18:00:00,1812.68,2021-07-16T20:00:00,1815.4,2021-07-16T23:00:00,1813.28,1813.58,1808.77,1810.29,1810.29,5.12,2021,"[""GOLD#_H1_202101040100_202112311800.csv:3173"",""GOLD#_H1_202101040100_202112311800.csv:3176"",""GOLD#_H1_202101040100_202112311800.csv:3180"",""GOLD#_H1_202101040100_202112311800.csv:3181""]",VALID,
230ced318d2fd1c0e90eb55bd975d0627ebde669fceeedb0aff97ae56e995dd9,GOLD#,H1,LONG,SWING_HIGH,2022-11-25T16:00:00,2022-11-25T19:00:00,1752.6,2022-11-25T20:00:00,1753.19,2022-11-28T02:00:00,1752.6,2022-11-28T07:00:00,1749.64,1751.71,1749.37,1751.52,1751.52,3.928571428571428571428571429,2022,"[""GOLD#_H1_202201030100_202212302300.csv:5362"",""GOLD#_H1_202201030100_202212302300.csv:5365"",""GOLD#_H1_202201030100_202212302300.csv:5371"",""GOLD#_H1_202201030100_202212302300.csv:5372""]",VALID,
23a0ed613b4ee2d1be7d2f78c24b07fd5e366a96b7bddafd432358c65c9d0703,GOLD#,H1,SHORT,SWING_LOW,2020-05-11T08:00:00,2020-05-11T11:00:00,1702.14,2020-05-11T13:00:00,1701.29,2020-05-11T16:00:00,1702.14,2020-05-11T18:00:00,1704.28,1704.95,1696.19,1697.13,1697.13,5.305,2020,"[""GOLD#_H1_202001020900_202012311800.csv:2086"",""GOLD#_H1_202001020900_202012311800.csv:2090"",""GOLD#_H1_202001020900_202012311800.csv:2094"",""GOLD#_H1_202001020900_202012311800.csv:2095""]",VALID,
23d56ddf2de69a83215db332fc860435054fa1299665ba4a89f96311a026a90d,GOLD#,H1,LONG,SWING_HIGH,2021-04-05T11:00:00,2021-04-05T14:00:00,1728.5,2021-04-05T18:00:00,1728.75,2021-04-05T19:00:00,1728.5,2021-04-05T23:00:00,1725.96,1728.52,1725.93,1727.98,1727.98,4.059285714285714285714285714,2021,"[""GOLD#_H1_202101040100_202112311800.csv:1476"",""GOLD#_H1_202101040100_202112311800.csv:1482"",""GOLD#_H1_202101040100_202112311800.csv:1486"",""GOLD#_H1_202101040100_202112311800.csv:1487""]",VALID,
245987b33cd4bce51005c78da29392580910fe2250d715868c38c3b2b1291382,GOLD#,H1,SHORT,SWING_LOW,2021-02-17T10:00:00,2021-02-17T13:00:00,1783.71,2021-02-17T16:00:00,1779.19,2021-02-17T17:00:00,1783.71,2021-02-17T18:00:00,1781.57,1782.47,1770.78,1773.44,1773.44,5.86,2021,"[""GOLD#_H1_202101040100_202112311800.csv:739"",""GOLD#_H1_202101040100_202112311800.csv:744"",""GOLD#_H1_202101040100_202112311800.csv:745"",""GOLD#_H1_202101040100_202112311800.csv:746""]",VALID,
245d2059f5f9d80ff83942241be3db0cc8125b9f2bae124a4136a42e7b833a46,GOLD#,H1,SHORT,SWING_LOW,2021-06-29T07:00:00,2021-06-29T10:00:00,1773.73,2021-06-29T11:00:00,1773.3,2021-06-29T16:00:00,1773.73,2021-06-29T23:00:00,1763.86,1764.01,1760.11,1760.94,1760.94,6.757857142857142857142857143,2021,"[""GOLD#_H1_202101040100_202112311800.csv:2871"",""GOLD#_H1_202101040100_202112311800.csv:2874"",""GOLD#_H1_202101040100_202112311800.csv:2885"",""GOLD#_H1_202101040100_202112311800.csv:2886""]",VALID,
255b5cd921398633f51895fcc3dd92d3d2fb2d5efc2fee955b85ce7560ad53bc,GOLD#,H1,LONG,SWING_HIGH,2021-08-17T04:00:00,2021-08-17T07:00:00,1788.66,2021-08-17T09:00:00,1791.48,2021-08-17T16:00:00,1788.66,2021-08-17T21:00:00,1782.46,1786.29,1782.13,1784.18,1784.18,4.03,2021,"[""GOLD#_H1_202101040100_202112311800.csv:3669"",""GOLD#_H1_202101040100_202112311800.csv:3673"",""GOLD#_H1_202101040100_202112311800.csv:3684"",""GOLD#_H1_202101040100_202112311800.csv:3685""]",VALID,
257aa9e03935beab40ab9648392e7e3a10749d4630033b4dbc4976dcb9331304,GOLD#,H1,SHORT,SWING_LOW,2022-06-27T11:00:00,2022-06-27T14:00:00,1833.79,2022-06-27T16:00:00,1831.84,2022-06-27T17:00:00,1833.79,2022-06-27T18:00:00,1828.5,1828.75,1824.46,1825.15,1825.15,4.32,2022,"[""GOLD#_H1_202201030100_202212302300.csv:2856"",""GOLD#_H1_202201030100_202212302300.csv:2860"",""GOLD#_H1_202201030100_202212302300.csv:2861"",""GOLD#_H1_202201030100_202212302300.csv:2862""]",VALID,
260332e822941b5cedccf93e7cae2c61cd12036b618880cf788331a1fd8ce600,GOLD#,H1,LONG,SWING_HIGH,2020-11-20T08:00:00,2020-11-20T11:00:00,1869.73,2020-11-20T17:00:00,1875.45,2020-11-23T02:00:00,1869.73,2020-11-23T03:00:00,1871.81,1873.5,1871.44,1873.22,1873.22,3.875714285714285714285714286,2020,"[""GOLD#_H1_202001020900_202012311800.csv:5271"",""GOLD#_H1_202001020900_202012311800.csv:5279"",""GOLD#_H1_202001020900_202012311800.csv:5287"",""GOLD#_H1_202001020900_202012311800.csv:5288""]",VALID,
2699bd96fd91f3d787c6628e8740fe38de344eb0d3cee5ded0a66103beb52239,GOLD#,H1,SHORT,SWING_LOW,2021-11-18T08:00:00,2021-11-18T11:00:00,1862.55,2021-11-18T13:00:00,1861.3,2021-11-18T14:00:00,1862.55,2021-11-18T18:00:00,1861.54,1863.6,1857.52,1860.05,1860.05,4.596428571428571428571428571,2021,"[""GOLD#_H1_202101040100_202112311800.csv:5210"",""GOLD#_H1_202101040100_202112311800.csv:5214"",""GOLD#_H1_202101040100_202112311800.csv:5218"",""GOLD#_H1_202101040100_202112311800.csv:5219""]",VALID,
269bd8c8d4a3a429b22f905234e5aa9fbb36f866154b8f206016984f0be7f718,GOLD#,H1,SHORT,SWING_LOW,2022-07-04T04:00:00,2022-07-04T07:00:00,1805.25,2022-07-04T14:00:00,1803.93,2022-07-04T15:00:00,1805.25,2022-07-04T19:00:00,1809.95,1809.96,1805.62,1806.4,1806.4,3.455714285714285714285714286,2022,"[""GOLD#_H1_202201030100_202212302300.csv:2964"",""GOLD#_H1_202201030100_202212302300.csv:2973"",""GOLD#_H1_202201030100_202212302300.csv:2977"",""GOLD#_H1_202201030100_202212302300.csv:2978""]",VALID,
27c808cde193c759fbb01118d22dd34a5d56266206db4439408b02df3ca90944,GOLD#,H1,LONG,SWING_HIGH,2021-03-05T20:00:00,2021-03-05T23:00:00,1705.29,2021-03-08T02:00:00,1707.68,2021-03-08T03:00:00,1705.29,2021-03-08T04:00:00,1706.88,1713.73,1706.73,1713.21,1713.21,6.993571428571428571428571429,2021,"[""GOLD#_H1_202101040100_202112311800.csv:1025"",""GOLD#_H1_202101040100_202112311800.csv:1029"",""GOLD#_H1_202101040100_202112311800.csv:1030"",""GOLD#_H1_202101040100_202112311800.csv:1031""]",VALID,
280a178a5511154c47fa9621f9a36682b03d4019b91d4691dbf5c3df7981e6fa,GOLD#,H1,LONG,SWING_HIGH,2021-05-28T11:00:00,2021-05-28T14:00:00,1894.68,2021-05-28T17:00:00,1898.18,2021-05-28T18:00:00,1894.68,2021-05-28T20:00:00,1895.7,1900.36,1895.66,1899.9,1899.9,4.522857142857142857142857143,2021,"[""GOLD#_H1_202101040100_202112311800.csv:2373"",""GOLD#_H1_202101040100_202112311800.csv:2378"",""GOLD#_H1_202101040100_202112311800.csv:2380"",""GOLD#_H1_202101040100_202112311800.csv:2381""]",VALID,
29cd90ab9315e238e01c236a7524d44e5fd34cecc655924b6c4adaaffd8466fe,GOLD#,H1,LONG,SWING_HIGH,2021-05-10T08:00:00,2021-05-10T11:00:00,1839.08,2021-05-10T14:00:00,1839.94,2021-05-10T15:00:00,1839.08,2021-05-10T16:00:00,1841.11,1842.91,1838.69,1842.14,1842.14,3.857857142857142857142857143,2021,"[""GOLD#_H1_202101040100_202112311800.csv:2048"",""GOLD#_H1_202101040100_202112311800.csv:2053"",""GOLD#_H1_202101040100_202112311800.csv:2054"",""GOLD#_H1_202101040100_202112311800.csv:2055""]",VALID,
2a7640a2222bd44498ccdd112513cf1a52540bab4c85d5a751e963076d8b6b4f,GOLD#,H1,LONG,SWING_HIGH,2021-05-28T17:00:00,2021-05-28T20:00:00,1900.52,2021-05-28T21:00:00,1902.11,2021-05-28T22:00:00,1900.52,2021-05-28T23:00:00,1901.45,1905.14,1901.19,1903.79,1903.79,4.881428571428571428571428571,2021,"[""GOLD#_H1_202101040100_202112311800.csv:2379"",""GOLD#_H1_202101040100_202112311800.csv:2382"",""GOLD#_H1_202101040100_202112311800.csv:2383"",""GOLD#_H1_202101040100_202112311800.csv:2384""]",VALID,
2ab9f919e2d827ffb38e6f42ea0f9b3fad4a13f392908b28da176617264ce2ac,GOLD#,H1,LONG,SWING_HIGH,2020-06-19T09:00:00,2020-06-19T12:00:00,1732.8,2020-06-19T15:00:00,1733.89,2020-06-19T16:00:00,1732.8,2020-06-19T18:00:00,1734.5,1740.42,1733.36,1737.82,1737.82,3.445714285714285714285714286,2020,"[""GOLD#_H1_202001020900_202012311800.csv:2750"",""GOLD#_H1_202001020900_202012311800.csv:2755"",""GOLD#_H1_202001020900_202012311800.csv:2757"",""GOLD#_H1_202001020900_202012311800.csv:2758""]",VALID,
2b6229510645886d0bbf36878b202949988aaab1661cf9aeb84d04aadef2630a,GOLD#,H1,SHORT,SWING_LOW,2021-11-23T11:00:00,2021-11-23T14:00:00,1792.74,2021-11-23T15:00:00,1791.73,2021-11-23T16:00:00,1792.74,2021-11-23T19:00:00,1786.3,1786.3,1781.91,1782.88,1782.88,5.628571428571428571428571429,2021,"[""GOLD#_H1_202101040100_202112311800.csv:5282"",""GOLD#_H1_202101040100_202112311800.csv:5285"",""GOLD#_H1_202101040100_202112311800.csv:5288"",""GOLD#_H1_202101040100_202112311800.csv:5289""]",VALID,
2bab339ef3c2d9077cd17d58cbac934e9df1af3186cc261e1ce362a867bfa9b4,GOLD#,H1,LONG,SWING_HIGH,2021-12-07T14:00:00,2021-12-07T17:00:00,1784.54,2021-12-07T19:00:00,1785.8,2021-12-07T20:00:00,1784.54,2021-12-07T22:00:00,1783.97,1785.52,1783.71,1784.76,1784.76,4.486428571428571428571428571,2021,"[""GOLD#_H1_202101040100_202112311800.csv:5508"",""GOLD#_H1_202101040100_202112311800.csv:5512"",""GOLD#_H1_202101040100_202112311800.csv:5514"",""GOLD#_H1_202101040100_202112311800.csv:5515""]",VALID,
2c1b99e9557c197e322f9daacaec841dab2221ad60f477fe193f548eef657b7f,GOLD#,H1,LONG,SWING_HIGH,2022-07-15T16:00:00,2022-07-15T19:00:00,1714.06,2022-07-18T05:00:00,1714.31,2022-07-18T06:00:00,1714.06,2022-07-18T07:00:00,1713.68,1717.7,1713.48,1715.85,1715.85,4.766428571428571428571428571,2022,"[""GOLD#_H1_202201030100_202212302300.csv:3181"",""GOLD#_H1_202201030100_202212302300.csv:3192"",""GOLD#_H1_202201030100_202212302300.csv:3193"",""GOLD#_H1_202201030100_202212302300.csv:3194""]",VALID,
2cc60824e0be19a1c46eab6bbe22884e5a162d05e6d9db8224ea62b130d2fd49,GOLD#,H1,LONG,SWING_HIGH,2020-11-16T11:00:00,2020-11-16T14:00:00,1895.22,2020-11-16T19:00:00,1895.28,2020-11-16T20:00:00,1895.22,2020-11-17T00:00:00,1887.28,1889.88,1886.76,1888.53,1888.53,7.479285714285714285714285714,2020,"[""GOLD#_H1_202001020900_202012311800.csv:5182"",""GOLD#_H1_202001020900_202012311800.csv:5189"",""GOLD#_H1_202001020900_202012311800.csv:5193"",""GOLD#_H1_202001020900_202012311800.csv:5194""]",VALID,
2d341cd850dbf21aa08901460ef8a48f338c629026cf280aa72b4f407fc54e89,GOLD#,H1,SHORT,SWING_LOW,2022-01-27T10:00:00,2022-01-27T13:00:00,1809.45,2022-01-27T15:00:00,1807.04,2022-01-27T17:00:00,1809.45,2022-01-27T18:00:00,1805.57,1807.56,1795.59,1796.42,1796.42,5.575,2022,"[""GOLD#_H1_202201030100_202212302300.csv:423"",""GOLD#_H1_202201030100_202212302300.csv:427"",""GOLD#_H1_202201030100_202212302300.csv:429"",""GOLD#_H1_202201030100_202212302300.csv:430""]",VALID,
2d9688a1647dc94c1edb6f46173a4135dd23bbd8e7f56802703496fe8539c334,GOLD#,H1,LONG,SWING_HIGH,2020-06-24T08:00:00,2020-06-24T11:00:00,1771.15,2020-06-24T12:00:00,1775.11,2020-06-24T16:00:00,1771.15,2020-06-24T18:00:00,1768.55,1774.67,1765.4,1774.03,1774.03,5.219285714285714285714285714,2020,"[""GOLD#_H1_202001020900_202012311800.csv:2818"",""GOLD#_H1_202001020900_202012311800.csv:2821"",""GOLD#_H1_202001020900_202012311800.csv:2826"",""GOLD#_H1_202001020900_202012311800.csv:2827""]",VALID,
2ebd42e25b63a78619c9fd3a954dafc83a065ed70915c67c6e067dbb6418606f,GOLD#,H1,LONG,SWING_HIGH,2022-07-01T18:00:00,2022-07-01T21:00:00,1808.8,2022-07-01T22:00:00,1809.03,2022-07-01T23:00:00,1808.8,2022-07-04T06:00:00,1807.92,1814.08,1807.75,1809.42,1809.42,5.967142857142857142857142857,2022,"[""GOLD#_H1_202201030100_202212302300.csv:2955"",""GOLD#_H1_202201030100_202212302300.csv:2958"",""GOLD#_H1_202201030100_202212302300.csv:2964"",""GOLD#_H1_202201030100_202212302300.csv:2965""]",VALID,
2f3b1170621127dee091ba1db1fc5c16b57794ece20940717369c067078bffbd,GOLD#,H1,SHORT,SWING_LOW,2020-06-26T08:00:00,2020-06-26T11:00:00,1758.04,2020-06-26T17:00:00,1749.92,2020-06-26T19:00:00,1758.04,2020-06-29T05:00:00,1774.58,1775.08,1767.68,1769.16,1769.16,5.55,2020,"[""GOLD#_H1_202001020900_202012311800.csv:2864"",""GOLD#_H1_202001020900_202012311800.csv:2872"",""GOLD#_H1_202001020900_202012311800.csv:2882"",""GOLD#_H1_202001020900_202012311800.csv:2883""]",VALID,
2f928ac22f5fbcf1a7573e8365d69b279ca8c6596ca5036bf6da8b08a3c25200,GOLD#,H1,LONG,SWING_HIGH,2022-12-19T05:00:00,2022-12-19T08:00:00,1796.81,2022-12-19T11:00:00,1796.89,2022-12-19T12:00:00,1796.81,2022-12-19T20:00:00,1788.06,1790.88,1787.83,1790.03,1790.03,3.847142857142857142857142857,2022,"[""GOLD#_H1_202201030100_202212302300.csv:5716"",""GOLD#_H1_202201030100_202212302300.csv:5721"",""GOLD#_H1_202201030100_202212302300.csv:5729"",""GOLD#_H1_202201030100_202212302300.csv:5730""]",VALID,
304f3ef8da15dd48f6accb5b1ef28ae165a1b43d75d6026e4c50fcc1fc643af4,GOLD#,H1,SHORT,SWING_LOW,2022-07-07T11:00:00,2022-07-07T14:00:00,1740,2022-07-07T16:00:00,1739.51,2022-07-07T17:00:00,1740,2022-07-07T19:00:00,1741.5,1742.96,1739.4,1739.77,1739.77,5.175,2022,"[""GOLD#_H1_202201030100_202212302300.csv:3038"",""GOLD#_H1_202201030100_202212302300.csv:3042"",""GOLD#_H1_202201030100_202212302300.csv:3044"",""GOLD#_H1_202201030100_202212302300.csv:3045""]",VALID,
30c0535ee863dfb9a357b2c02c79446f6c9c5bda5cded3920da9ea277c7b0247,GOLD#,H1,LONG,SWING_HIGH,2020-07-24T16:00:00,2020-07-24T19:00:00,1906.56,2020-07-27T02:00:00,1906.57,2020-07-27T03:00:00,1906.56,2020-07-27T04:00:00,1913.49,1918.49,1912.35,1915.14,1915.14,5.27,2020,"[""GOLD#_H1_202001020900_202012311800.csv:3328"",""GOLD#_H1_202001020900_202012311800.csv:3336"",""GOLD#_H1_202001020900_202012311800.csv:3337"",""GOLD#_H1_202001020900_202012311800.csv:3338""]",VALID,
314841a2430695dc841a9eb2be915a1a8a7a7c8b31821c9ebab328cef72afb5f,GOLD#,H1,LONG,SWING_HIGH,2021-04-08T10:00:00,2021-04-08T13:00:00,1747.6,2021-04-08T15:00:00,1749.45,2021-04-08T16:00:00,1747.6,2021-04-08T17:00:00,1747.48,1757.5,1747.38,1753.76,1753.76,3.480714285714285714285714286,2021,"[""GOLD#_H1_202101040100_202112311800.csv:1544"",""GOLD#_H1_202101040100_202112311800.csv:1548"",""GOLD#_H1_202101040100_202112311800.csv:1549"",""GOLD#_H1_202101040100_202112311800.csv:1550""]",VALID,
317ac2f1a41f6172582cc545d6ed766c84e3919350f58c99e6379539d2fccb92,GOLD#,H1,LONG,SWING_HIGH,2020-08-06T09:00:00,2020-08-06T12:00:00,2053.92,2020-08-06T15:00:00,2059.12,2020-08-06T16:00:00,2053.92,2020-08-06T17:00:00,2054.33,2067.97,2053.81,2066.61,2066.61,6.805,2020,"[""GOLD#_H1_202001020900_202012311800.csv:3528"",""GOLD#_H1_202001020900_202012311800.csv:3533"",""GOLD#_H1_202001020900_202012311800.csv:3534"",""GOLD#_H1_202001020900_202012311800.csv:3535""]",VALID,
31b7b0aac1c3b889e408274287b414d6e603fb0a4dce254eb57ea58acf00d005,GOLD#,H1,LONG,SWING_HIGH,2021-05-20T11:00:00,2021-05-20T14:00:00,1876.28,2021-05-20T17:00:00,1877.08,2021-05-20T18:00:00,1876.28,2021-05-20T20:00:00,1880.12,1883.81,1878.26,1882.58,1882.58,4.843571428571428571428571429,2021,"[""GOLD#_H1_202101040100_202112311800.csv:2235"",""GOLD#_H1_202101040100_202112311800.csv:2240"",""GOLD#_H1_202101040100_202112311800.csv:2242"",""GOLD#_H1_202101040100_202112311800.csv:2243""]",VALID,
3271fd3cc20b13cf0910c3db12742830e955274e376fa185008b255befebd600,GOLD#,H1,LONG,SWING_HIGH,2020-02-27T08:00:00,2020-02-27T11:00:00,1652.5,2020-02-27T15:00:00,1653.5,2020-02-27T16:00:00,1652.5,2020-02-28T00:00:00,1636.83,1644.66,1635.17,1644.05,1644.05,7.433571428571428571428571429,2020,"[""GOLD#_H1_202001020900_202012311800.csv:913"",""GOLD#_H1_202001020900_202012311800.csv:919"",""GOLD#_H1_202001020900_202012311800.csv:927"",""GOLD#_H1_202001020900_202012311800.csv:928""]",VALID,
32c38217b4761cd5087a616c3ed87114561bd2f9b5c8879b71a3abe3a02437e1,GOLD#,H1,SHORT,SWING_LOW,2022-08-17T15:00:00,2022-08-17T18:00:00,1764.78,2022-08-17T19:00:00,1762.12,2022-08-17T22:00:00,1764.78,2022-08-18T00:00:00,1764.43,1765.3,1761.95,1761.95,1761.95,5.096428571428571428571428571,2022,"[""GOLD#_H1_202201030100_202212302300.csv:3709"",""GOLD#_H1_202201030100_202212302300.csv:3712"",""GOLD#_H1_202201030100_202212302300.csv:3716"",""GOLD#_H1_202201030100_202212302300.csv:3717""]",VALID,
331f61c5265f5cea92d62acbaba0ac825187a7fb1de11de161604ee6abedac4c,GOLD#,H1,LONG,SWING_HIGH,2021-02-22T03:00:00,2021-02-22T06:00:00,1789.7,2021-02-22T09:00:00,1790.8,2021-02-22T10:00:00,1789.7,2021-02-22T12:00:00,1794.43,1799.27,1793.6,1797.25,1797.25,4.506428571428571428571428571,2021,"[""GOLD#_H1_202101040100_202112311800.csv:801"",""GOLD#_H1_202101040100_202112311800.csv:806"",""GOLD#_H1_202101040100_202112311800.csv:808"",""GOLD#_H1_202101040100_202112311800.csv:809""]",VALID,
33c5a61a7f95c438e3ca7c078d0290746bc80f05d3d738ccf7761c278e855882,GOLD#,H1,SHORT,SWING_LOW,2021-03-29T04:00:00,2021-03-29T07:00:00,1726.32,2021-03-29T10:00:00,1725.28,2021-03-29T11:00:00,1726.32,2021-03-29T12:00:00,1726.36,1727.02,1723.66,1724.76,1724.76,2.769285714285714285714285714,2021,"[""GOLD#_H1_202101040100_202112311800.csv:1377"",""GOLD#_H1_202101040100_202112311800.csv:1382"",""GOLD#_H1_202101040100_202112311800.csv:1383"",""GOLD#_H1_202101040100_202112311800.csv:1384""]",VALID,
33f02afd059a4ceecfd984e304de7397480b28d04e3d22ff16787535c0776efe,GOLD#,H1,SHORT,SWING_LOW,2021-06-16T10:00:00,2021-06-16T13:00:00,1856.85,2021-06-16T14:00:00,1855.01,2021-06-16T16:00:00,1856.85,2021-06-16T22:00:00,1857.82,1858.84,1830.82,1835.11,1835.11,3.959285714285714285714285714,2021,"[""GOLD#_H1_202101040100_202112311800.csv:2667"",""GOLD#_H1_202101040100_202112311800.csv:2670"",""GOLD#_H1_202101040100_202112311800.csv:2677"",""GOLD#_H1_202101040100_202112311800.csv:2678""]",VALID,
34024468154c46cce49cb0a9a9ff71a1bce2e1485ddbbf26098d8a4965b5bf72,GOLD#,H1,LONG,SWING_HIGH,2020-02-07T21:00:00,2020-02-08T00:00:00,1573.22,2020-02-10T02:00:00,1574.81,2020-02-10T03:00:00,1573.22,2020-02-10T07:00:00,1570.78,1572.26,1570.47,1572.08,1572.08,4.249285714285714285714285714,2020,"[""GOLD#_H1_202001020900_202012311800.csv:608"",""GOLD#_H1_202001020900_202012311800.csv:611"",""GOLD#_H1_202001020900_202012311800.csv:615"",""GOLD#_H1_202001020900_202012311800.csv:616""]",VALID,
341725b71a0ee45e40a3f7052dfa1587e0c465add118855cf1419b46356eefd3,GOLD#,H1,SHORT,SWING_LOW,2021-08-10T08:00:00,2021-08-10T11:00:00,1732.72,2021-08-10T12:00:00,1731.46,2021-08-10T16:00:00,1732.72,2021-08-10T17:00:00,1727.65,1729.82,1720.83,1721.93,1721.93,3.935,2021,"[""GOLD#_H1_202101040100_202112311800.csv:3558"",""GOLD#_H1_202101040100_202112311800.csv:3561"",""GOLD#_H1_202101040100_202112311800.csv:3565"",""GOLD#_H1_202101040100_202112311800.csv:3566""]",VALID,
341912d6bc34c32f28bee49a6712c0a338f168d00047aa5ae5fe2bb554bdcad6,GOLD#,H1,SHORT,SWING_LOW,2022-11-14T07:00:00,2022-11-14T10:00:00,1757.84,2022-11-14T12:00:00,1757.19,2022-11-14T13:00:00,1757.84,2022-11-15T00:00:00,1772.15,1772.49,1771.08,1771.14,1771.14,4.704285714285714285714285714,2022,"[""GOLD#_H1_202201030100_202212302300.csv:5148"",""GOLD#_H1_202201030100_202212302300.csv:5152"",""GOLD#_H1_202201030100_202212302300.csv:5163"",""GOLD#_H1_202201030100_202212302300.csv:5164""]",VALID,
362f7fc867fb2fce9de4919b3d4352b7a76fc6e54ccd1e35bb11b06cf55f85ae,GOLD#,H1,SHORT,SWING_LOW,2022-08-19T07:00:00,2022-08-19T10:00:00,1751.71,2022-08-19T14:00:00,1751.26,2022-08-19T15:00:00,1751.71,2022-08-19T18:00:00,1751.55,1752.5,1745.71,1748.04,1748.04,3.899285714285714285714285714,2022,"[""GOLD#_H1_202201030100_202212302300.csv:3747"",""GOLD#_H1_202201030100_202212302300.csv:3753"",""GOLD#_H1_202201030100_202212302300.csv:3756"",""GOLD#_H1_202201030100_202212302300.csv:3757""]",VALID,
374bb4c8bed173cc34a62c748caae3e44bb78f2d4c3d57d5a59051fbd420a7bf,GOLD#,H1,SHORT,SWING_LOW,2021-10-04T06:00:00,2021-10-04T09:00:00,1757.77,2021-10-04T11:00:00,1753.47,2021-10-04T16:00:00,1757.77,2021-10-04T21:00:00,1768.9,1769.01,1763.9,1764.13,1764.13,5.685714285714285714285714286,2021,"[""GOLD#_H1_202101040100_202112311800.csv:4449"",""GOLD#_H1_202101040100_202112311800.csv:4453"",""GOLD#_H1_202101040100_202112311800.csv:4462"",""GOLD#_H1_202101040100_202112311800.csv:4463""]",VALID,
37bfd160a9e70812bb6457348e4b611b5fd7d9c704702f6d3198c42aa93097e8,GOLD#,H1,SHORT,SWING_LOW,2020-08-25T08:00:00,2020-08-25T11:00:00,1929.34,2020-08-25T12:00:00,1925.5,2020-08-25T14:00:00,1929.34,2020-08-25T18:00:00,1923.64,1925.28,1915.24,1918.01,1918.01,6.197142857142857142857142857,2020,"[""GOLD#_H1_202001020900_202012311800.csv:3826"",""GOLD#_H1_202001020900_202012311800.csv:3829"",""GOLD#_H1_202001020900_202012311800.csv:3834"",""GOLD#_H1_202001020900_202012311800.csv:3835""]",VALID,
38438192f5e75634790bc105f1c1fd65f861b668a30d055920304635c2e69db5,GOLD#,H1,SHORT,SWING_LOW,2021-06-25T13:00:00,2021-06-25T16:00:00,1781.23,2021-06-25T19:00:00,1778.98,2021-06-28T02:00:00,1781.23,2021-06-28T04:00:00,1781.9,1781.92,1779.93,1780.53,1780.53,3.19,2021,"[""GOLD#_H1_202101040100_202112311800.csv:2831"",""GOLD#_H1_202101040100_202112311800.csv:2836"",""GOLD#_H1_202101040100_202112311800.csv:2843"",""GOLD#_H1_202101040100_202112311800.csv:2844""]",VALID,
38f331847e3c8531267a384777d70f487f812b1802656e63573c28d8e6ac6a9f,GOLD#,H1,SHORT,SWING_LOW,2020-03-10T12:00:00,2020-03-10T15:00:00,1655.78,2020-03-10T16:00:00,1653.58,2020-03-10T17:00:00,1655.78,2020-03-10T22:00:00,1653.69,1653.88,1641.36,1641.93,1641.93,9.051428571428571428571428571,2020,"[""GOLD#_H1_202001020900_202012311800.csv:1102"",""GOLD#_H1_202001020900_202012311800.csv:1105"",""GOLD#_H1_202001020900_202012311800.csv:1110"",""GOLD#_H1_202001020900_202012311800.csv:1111""]",VALID,
39130a1f7252e05cdde334170fa6115824184a86cddb3a2848d053486954da70,GOLD#,H1,LONG,SWING_HIGH,2022-07-22T23:00:00,2022-07-25T03:00:00,1727.43,2022-07-25T07:00:00,1727.44,2022-07-25T08:00:00,1727.43,2022-07-25T13:00:00,1728.45,1736.07,1728.26,1734.98,1734.98,3.69,2022,"[""GOLD#_H1_202201030100_202212302300.csv:3303"",""GOLD#_H1_202201030100_202212302300.csv:3309"",""GOLD#_H1_202201030100_202212302300.csv:3314"",""GOLD#_H1_202201030100_202212302300.csv:3315""]",VALID,
3919fe390fa6670754b3898cf4d5a49f527c1ba3ce2ea7da64fc3993dc843496,GOLD#,H1,SHORT,SWING_LOW,2020-01-28T14:00:00,2020-01-28T17:00:00,1571.61,2020-01-28T18:00:00,1570.17,2020-01-28T19:00:00,1571.61,2020-01-28T22:00:00,1569.54,1570.13,1567.92,1569.14,1569.14,3.671428571428571428571428571,2020,"[""GOLD#_H1_202001020900_202012311800.csv:417"",""GOLD#_H1_202001020900_202012311800.csv:420"",""GOLD#_H1_202001020900_202012311800.csv:423"",""GOLD#_H1_202001020900_202012311800.csv:424""]",VALID,
39895205f0c972e24840ce80b0498b61acb91cb9f331a3cf4ea92c55b7231223,GOLD#,H1,LONG,SWING_HIGH,2020-09-15T08:00:00,2020-09-15T11:00:00,1969.22,2020-09-15T14:00:00,1970.72,2020-09-15T15:00:00,1969.22,2020-09-15T20:00:00,1951.72,1958.15,1951.48,1957.93,1957.93,5.498571428571428571428571429,2020,"[""GOLD#_H1_202001020900_202012311800.csv:4167"",""GOLD#_H1_202001020900_202012311800.csv:4172"",""GOLD#_H1_202001020900_202012311800.csv:4177"",""GOLD#_H1_202001020900_202012311800.csv:4178""]",VALID,
3acf0d37c9cee7c8ce47e45225fc0032fd4c24b4be498b936b3c830d3e59cd7b,GOLD#,H1,LONG,SWING_HIGH,2022-09-12T01:00:00,2022-09-12T04:00:00,1720.18,2022-09-12T10:00:00,1720.58,2022-09-12T11:00:00,1720.18,2022-09-12T15:00:00,1727.25,1729.89,1725.98,1729.56,1729.56,3.711428571428571428571428571,2022,"[""GOLD#_H1_202201030100_202212302300.csv:4107"",""GOLD#_H1_202201030100_202212302300.csv:4115"",""GOLD#_H1_202201030100_202212302300.csv:4119"",""GOLD#_H1_202201030100_202212302300.csv:4120""]",VALID,
3b03f2944875d261e7f91d2dfb145bd95305eed89372e33e920a43012ec4584e,GOLD#,H1,LONG,SWING_HIGH,2022-09-16T07:00:00,2022-09-16T10:00:00,1665.4,2022-09-16T14:00:00,1665.97,2022-09-16T15:00:00,1665.4,2022-09-16T18:00:00,1665.33,1680.37,1664.9,1677,1677,5.217142857142857142857142857,2022,"[""GOLD#_H1_202201030100_202212302300.csv:4205"",""GOLD#_H1_202201030100_202212302300.csv:4211"",""GOLD#_H1_202201030100_202212302300.csv:4214"",""GOLD#_H1_202201030100_202212302300.csv:4215""]",VALID,
3b40af2d05f80f26cbd763e9d2c5495c90d31475fce3f35225456dddde9c32ce,GOLD#,H1,LONG,SWING_HIGH,2021-11-08T08:00:00,2021-11-08T11:00:00,1821.41,2021-11-08T16:00:00,1821.73,2021-11-08T17:00:00,1821.41,2021-11-08T19:00:00,1821.45,1824.26,1819.31,1823.95,1823.95,3.912857142857142857142857143,2021,"[""GOLD#_H1_202101040100_202112311800.csv:5026"",""GOLD#_H1_202101040100_202112311800.csv:5033"",""GOLD#_H1_202101040100_202112311800.csv:5035"",""GOLD#_H1_202101040100_202112311800.csv:5036""]",VALID,
3b89228aeb9d5fddb1113e4bb4db638d624742168c18de80d58ffd5a38706e58,GOLD#,H1,LONG,SWING_HIGH,2022-07-25T06:00:00,2022-07-25T09:00:00,1728.86,2022-07-25T13:00:00,1734.98,2022-07-25T15:00:00,1728.86,2022-07-25T21:00:00,1717.94,1721.32,1717.58,1719.22,1719.22,4.412142857142857142857142857,2022,"[""GOLD#_H1_202201030100_202212302300.csv:3309"",""GOLD#_H1_202201030100_202212302300.csv:3315"",""GOLD#_H1_202201030100_202212302300.csv:3322"",""GOLD#_H1_202201030100_202212302300.csv:3323""]",VALID,
3bfff1bed51e2d9feb05b17920b642c645d5c74f515da29faba2312a37bf25b6,GOLD#,H1,SHORT,SWING_LOW,2021-05-12T15:00:00,2021-05-12T18:00:00,1821.34,2021-05-12T20:00:00,1820.35,2021-05-12T21:00:00,1821.34,2021-05-13T00:00:00,1819.78,1820.56,1813.16,1815.3,1815.3,6.263571428571428571428571429,2021,"[""GOLD#_H1_202101040100_202112311800.csv:2101"",""GOLD#_H1_202101040100_202112311800.csv:2105"",""GOLD#_H1_202101040100_202112311800.csv:2108"",""GOLD#_H1_202101040100_202112311800.csv:2109""]",VALID,
3cd165ebb0b85b93e4d394c13f918c2e92fdf5af3523e03ead96ae4d22c71db4,GOLD#,H1,LONG,SWING_HIGH,2021-05-04T11:00:00,2021-05-04T14:00:00,1790.49,2021-05-04T17:00:00,1794.91,2021-05-04T18:00:00,1790.49,2021-05-05T00:00:00,1777.99,1779.96,1777.99,1778.68,1778.68,6.039285714285714285714285714,2021,"[""GOLD#_H1_202101040100_202112311800.csv:1959"",""GOLD#_H1_202101040100_202112311800.csv:1964"",""GOLD#_H1_202101040100_202112311800.csv:1970"",""GOLD#_H1_202101040100_202112311800.csv:1971""]",VALID,
3cd2930ed1ab6f868b5e72ba8119d5d2bdaee8b5a292bbc1e6f9745eb1b55af7,GOLD#,H1,LONG,SWING_HIGH,2021-06-28T01:00:00,2021-06-28T04:00:00,1782.78,2021-06-28T09:00:00,1785.58,2021-06-28T10:00:00,1782.78,2021-06-28T17:00:00,1777.53,1782.88,1776.95,1780.12,1780.12,4.772857142857142857142857143,2021,"[""GOLD#_H1_202101040100_202112311800.csv:2842"",""GOLD#_H1_202101040100_202112311800.csv:2849"",""GOLD#_H1_202101040100_202112311800.csv:2856"",""GOLD#_H1_202101040100_202112311800.csv:2857""]",VALID,
3d14bc3590f2c93b4f2be14baf95c916c432dfbe9533f5be2c3d02fbb947efc6,GOLD#,H1,SHORT,SWING_LOW,2020-01-16T07:00:00,2020-01-16T10:00:00,1551.45,2020-01-16T18:00:00,1550.76,2020-01-16T20:00:00,1551.45,2020-01-16T21:00:00,1551.51,1551.61,1549.36,1550.36,1550.36,2.742142857142857142857142857,2020,"[""GOLD#_H1_202001020900_202012311800.csv:230"",""GOLD#_H1_202001020900_202012311800.csv:240"",""GOLD#_H1_202001020900_202012311800.csv:242"",""GOLD#_H1_202001020900_202012311800.csv:243""]",VALID,
3ec4dab18a2104adbd534a11db6071b2cd26784236bb77207c9f6774361721e4,GOLD#,H1,SHORT,SWING_LOW,2022-05-12T10:00:00,2022-05-12T13:00:00,1843.97,2022-05-12T15:00:00,1842.48,2022-05-12T16:00:00,1843.97,2022-05-12T17:00:00,1845.19,1849.09,1838.64,1839.1,1839.1,5.777142857142857142857142857,2022,"[""GOLD#_H1_202201030100_202212302300.csv:2123"",""GOLD#_H1_202201030100_202212302300.csv:2127"",""GOLD#_H1_202201030100_202212302300.csv:2128"",""GOLD#_H1_202201030100_202212302300.csv:2129""]",VALID,
3f0c02e46fedcc85c93accae8be507f00abebc33fe83c779fec23e3f9669048b,GOLD#,H1,LONG,SWING_HIGH,2021-09-03T10:00:00,2021-09-03T13:00:00,1814.38,2021-09-03T15:00:00,1814.65,2021-09-03T16:00:00,1814.38,2021-09-03T18:00:00,1824.73,1830.94,1821.93,1830.32,1830.32,3.387142857142857142857142857,2021,"[""GOLD#_H1_202101040100_202112311800.csv:3974"",""GOLD#_H1_202101040100_202112311800.csv:3978"",""GOLD#_H1_202101040100_202112311800.csv:3980"",""GOLD#_H1_202101040100_202112311800.csv:3981""]",VALID,
3f552c9564dc78732f1ccc9d0fa8636610425dfbd648eb9cf08ce4eff836a394,GOLD#,H1,SHORT,SWING_LOW,2022-08-19T17:00:00,2022-08-19T20:00:00,1745.71,2022-08-22T03:00:00,1745.7,2022-08-22T04:00:00,1745.71,2022-08-22T08:00:00,1746.52,1746.55,1743.9,1744.77,1744.77,3.082142857142857142857142857,2022,"[""GOLD#_H1_202201030100_202212302300.csv:3757"",""GOLD#_H1_202201030100_202212302300.csv:3765"",""GOLD#_H1_202201030100_202212302300.csv:3769"",""GOLD#_H1_202201030100_202212302300.csv:3770""]",VALID,
404f880501b7a4db30de3e7b0ba5aadbd64a0e8823c216fed979b37aaf71bf64,GOLD#,H1,SHORT,SWING_LOW,2021-10-05T09:00:00,2021-10-05T12:00:00,1755.14,2021-10-05T14:00:00,1754.26,2021-10-05T15:00:00,1755.14,2021-10-05T17:00:00,1756.55,1757.27,1750.29,1752.96,1752.96,3.693571428571428571428571429,2021,"[""GOLD#_H1_202101040100_202112311800.csv:4475"",""GOLD#_H1_202101040100_202112311800.csv:4479"",""GOLD#_H1_202101040100_202112311800.csv:4481"",""GOLD#_H1_202101040100_202112311800.csv:4482""]",VALID,
40c3e478bc78a29e719cf53b580a2a8d9601689b50672df4737686e5c6ab0ceb,GOLD#,H1,LONG,SWING_HIGH,2022-08-29T09:00:00,2022-08-29T12:00:00,1725.87,2022-08-29T14:00:00,1728.77,2022-08-29T15:00:00,1725.87,2022-08-29T16:00:00,1727.69,1736.83,1725.62,1736.23,1736.23,4.415,2022,"[""GOLD#_H1_202201030100_202212302300.csv:3887"",""GOLD#_H1_202201030100_202212302300.csv:3891"",""GOLD#_H1_202201030100_202212302300.csv:3892"",""GOLD#_H1_202201030100_202212302300.csv:3893""]",VALID,
41d3bd87d146617fd970c6d255129506445866c43e84697c9dcfa92302ebaded,GOLD#,H1,LONG,SWING_HIGH,2022-11-09T05:00:00,2022-11-09T08:00:00,1712.52,2022-11-09T11:00:00,1713.55,2022-11-09T12:00:00,1712.52,2022-11-09T17:00:00,1709.99,1716.33,1709.64,1711.73,1711.73,3.691428571428571428571428571,2022,"[""GOLD#_H1_202201030100_202212302300.csv:5077"",""GOLD#_H1_202201030100_202212302300.csv:5082"",""GOLD#_H1_202201030100_202212302300.csv:5087"",""GOLD#_H1_202201030100_202212302300.csv:5088""]",VALID,
422047e1d03aed4af2d7a472357b2c3aa0abe7290ad61c827a02ee42e2f9bd13,GOLD#,H1,LONG,SWING_HIGH,2020-10-01T09:00:00,2020-10-01T12:00:00,1900.16,2020-10-01T15:00:00,1900.72,2020-10-01T16:00:00,1900.16,2020-10-01T19:00:00,1904.21,1911.87,1904.11,1910.58,1910.58,5.508571428571428571428571429,2020,"[""GOLD#_H1_202001020900_202012311800.csv:4444"",""GOLD#_H1_202001020900_202012311800.csv:4449"",""GOLD#_H1_202001020900_202012311800.csv:4452"",""GOLD#_H1_202001020900_202012311800.csv:4453""]",VALID,
42555c49bd8459c8f7b91562adf2e33145fcbf0951a999ee27c0b8699d2c493c,GOLD#,H1,SHORT,SWING_LOW,2020-12-23T08:00:00,2020-12-23T11:00:00,1862.99,2020-12-23T15:00:00,1861.39,2020-12-23T16:00:00,1862.99,2020-12-23T22:00:00,1873.33,1874.11,1870.38,1871.58,1871.58,5.262142857142857142857142857,2020,"[""GOLD#_H1_202001020900_202012311800.csv:5793"",""GOLD#_H1_202001020900_202012311800.csv:5799"",""GOLD#_H1_202001020900_202012311800.csv:5805"",""GOLD#_H1_202001020900_202012311800.csv:5806""]",VALID,
4276f74a5e1f8694838b83cc90e721049cdffe051c66ade9d6e207d934f1de1b,GOLD#,H1,LONG,SWING_HIGH,2021-05-26T06:00:00,2021-05-26T09:00:00,1907.7,2021-05-26T11:00:00,1909.24,2021-05-26T12:00:00,1907.7,2021-05-26T23:00:00,1895.83,1896.79,1893.89,1896.63,1896.63,5.650714285714285714285714286,2021,"[""GOLD#_H1_202101040100_202112311800.csv:2322"",""GOLD#_H1_202101040100_202112311800.csv:2326"",""GOLD#_H1_202101040100_202112311800.csv:2337"",""GOLD#_H1_202101040100_202112311800.csv:2338""]",VALID,
42c8c523a023da644417b40602b44caaf42d005b86194e18a83b6a8ebe6c6e90,GOLD#,H1,LONG,SWING_HIGH,2021-06-10T09:00:00,2021-06-10T12:00:00,1888.05,2021-06-10T16:00:00,1890.8,2021-06-10T17:00:00,1888.05,2021-06-10T19:00:00,1888.82,1894.04,1888.7,1893.71,1893.71,5.831428571428571428571428571,2021,"[""GOLD#_H1_202101040100_202112311800.csv:2574"",""GOLD#_H1_202101040100_202112311800.csv:2580"",""GOLD#_H1_202101040100_202112311800.csv:2582"",""GOLD#_H1_202101040100_202112311800.csv:2583""]",VALID,
43c354bc4cab08baaf251c9c1c405ea911e0052a4d07c6d3c00723a8862b506a,GOLD#,H1,SHORT,SWING_LOW,2020-09-08T06:00:00,2020-09-08T09:00:00,1922.7,2020-09-08T13:00:00,1919.85,2020-09-08T18:00:00,1922.7,2020-09-08T22:00:00,1939.91,1940.41,1930.17,1931.68,1931.68,8.585714285714285714285714286,2020,"[""GOLD#_H1_202001020900_202012311800.csv:4050"",""GOLD#_H1_202001020900_202012311800.csv:4056"",""GOLD#_H1_202001020900_202012311800.csv:4064"",""GOLD#_H1_202001020900_202012311800.csv:4065""]",VALID,
43e7f0dc7f18c4a0ef8ba8f9d5502d7cd19c482bf91066843cc61237f8e9eb12,GOLD#,H1,SHORT,SWING_LOW,2022-01-06T11:00:00,2022-01-06T14:00:00,1793.64,2022-01-06T15:00:00,1791.88,2022-01-06T17:00:00,1793.64,2022-01-06T21:00:00,1790.81,1791.4,1787.57,1787.59,1787.59,5.948571428571428571428571429,2022,"[""GOLD#_H1_202201030100_202212302300.csv:81"",""GOLD#_H1_202201030100_202212302300.csv:84"",""GOLD#_H1_202201030100_202212302300.csv:89"",""GOLD#_H1_202201030100_202212302300.csv:90""]",VALID,
4458f65fe9a70235785a06cbf548c53943367d1bea30650af7b9c460d96cb1e0,GOLD#,H1,LONG,SWING_HIGH,2020-05-25T06:00:00,2020-05-25T09:00:00,1729.23,2020-05-25T13:00:00,1730.69,2020-05-25T14:00:00,1729.23,2020-05-25T18:00:00,1725.88,1733.08,1725.47,1731.72,1731.72,3.303571428571428571428571429,2020,"[""GOLD#_H1_202001020900_202012311800.csv:2314"",""GOLD#_H1_202001020900_202012311800.csv:2320"",""GOLD#_H1_202001020900_202012311800.csv:2324"",""GOLD#_H1_202001020900_202012311800.csv:2325""]",VALID,
4484edb991b81101de941308e8d3aaf48c240c6f20f46c5e8637f9893c65aaa1,GOLD#,H1,LONG,SWING_HIGH,2020-08-28T15:00:00,2020-08-28T18:00:00,1964.59,2020-08-28T19:00:00,1968.52,2020-08-28T21:00:00,1964.59,2020-08-31T02:00:00,1965.82,1975.14,1965.05,1972.98,1972.98,8.74,2020,"[""GOLD#_H1_202001020900_202012311800.csv:3902"",""GOLD#_H1_202001020900_202012311800.csv:3905"",""GOLD#_H1_202001020900_202012311800.csv:3910"",""GOLD#_H1_202001020900_202012311800.csv:3911""]",VALID,
44a8ac144d42df4c052ad58c2fee07a2f147c21aad725f65dab793c9d253ca1b,GOLD#,H1,LONG,SWING_HIGH,2021-02-01T05:00:00,2021-02-01T08:00:00,1863.76,2021-02-01T09:00:00,1865.52,2021-02-01T10:00:00,1863.76,2021-02-01T14:00:00,1859.98,1865.91,1857.88,1864.14,1864.14,7.681428571428571428571428571,2021,"[""GOLD#_H1_202101040100_202112311800.csv:462"",""GOLD#_H1_202101040100_202112311800.csv:465"",""GOLD#_H1_202101040100_202112311800.csv:469"",""GOLD#_H1_202101040100_202112311800.csv:470""]",VALID,
44c61fb01e35963bb5cacc9e84aad5f92b4154dfe9c5a193e99d5b8fe01a7c5e,GOLD#,H1,LONG,SWING_HIGH,2020-10-09T17:00:00,2020-10-09T20:00:00,1929.14,2020-10-10T00:00:00,1930.1,2020-10-12T02:00:00,1929.14,2020-10-12T09:00:00,1928.6,1931.87,1928.02,1930.5,1930.5,5.062142857142857142857142857,2020,"[""GOLD#_H1_202001020900_202012311800.csv:4590"",""GOLD#_H1_202001020900_202012311800.csv:4596"",""GOLD#_H1_202001020900_202012311800.csv:4603"",""GOLD#_H1_202001020900_202012311800.csv:4604""]",VALID,
45483a05d935a31ccec3c3aa6c9fc1f00dd0d9c9b327e688d6f1cf5dcf657f8b,GOLD#,H1,LONG,SWING_HIGH,2021-02-12T12:00:00,2021-02-12T15:00:00,1821.94,2021-02-12T18:00:00,1828.29,2021-02-12T20:00:00,1821.94,2021-02-13T00:00:00,1821.26,1824.63,1820.94,1824.34,1824.34,6.121428571428571428571428571,2021,"[""GOLD#_H1_202101040100_202112311800.csv:676"",""GOLD#_H1_202101040100_202112311800.csv:681"",""GOLD#_H1_202101040100_202112311800.csv:686"",""GOLD#_H1_202101040100_202112311800.csv:687""]",VALID,
45738cbf7a99e5174c81024b3acc1806f4186b119845b1fda166949a4daca2af,GOLD#,H1,SHORT,SWING_LOW,2021-01-19T07:00:00,2021-01-19T10:00:00,1836.21,2021-01-19T17:00:00,1835.9,2021-01-19T18:00:00,1836.21,2021-01-19T22:00:00,1840.84,1841.27,1837.06,1839.19,1839.19,4.820714285714285714285714286,2021,"[""GOLD#_H1_202101040100_202112311800.csv:257"",""GOLD#_H1_202101040100_202112311800.csv:266"",""GOLD#_H1_202101040100_202112311800.csv:270"",""GOLD#_H1_202101040100_202112311800.csv:271""]",VALID,
465dc5666b6442ceb7fa31f1549382d0e34cd6c109ed44d49c16e5dfaba20563,GOLD#,H1,SHORT,SWING_LOW,2022-11-21T11:00:00,2022-11-21T14:00:00,1736.9,2022-11-21T18:00:00,1736.65,2022-11-21T20:00:00,1736.9,2022-11-21T22:00:00,1737.18,1739.32,1735.38,1735.39,1735.39,4.296428571428571428571428571,2022,"[""GOLD#_H1_202201030100_202212302300.csv:5267"",""GOLD#_H1_202201030100_202212302300.csv:5273"",""GOLD#_H1_202201030100_202212302300.csv:5276"",""GOLD#_H1_202201030100_202212302300.csv:5277""]",VALID,
46ed2ae3a0ad43cf1805c6feb34bc1e7aecd50655b0ed3dcf0170eeb51da3195,GOLD#,H1,SHORT,SWING_LOW,2022-10-27T10:00:00,2022-10-27T13:00:00,1659.1,2022-10-27T17:00:00,1658.31,2022-10-27T18:00:00,1659.1,2022-10-27T20:00:00,1661.23,1662.41,1656.8,1657.97,1657.97,4.921428571428571428571428571,2022,"[""GOLD#_H1_202201030100_202212302300.csv:4875"",""GOLD#_H1_202201030100_202212302300.csv:4881"",""GOLD#_H1_202201030100_202212302300.csv:4883"",""GOLD#_H1_202201030100_202212302300.csv:4884""]",VALID,
47e80b4d0ef15a64a78aa70c7d8726334fe2b56f0944359eafa7ddeaae83ac4b,GOLD#,H1,LONG,SWING_HIGH,2022-06-08T10:00:00,2022-06-08T13:00:00,1851.31,2022-06-08T15:00:00,1851.52,2022-06-08T16:00:00,1851.31,2022-06-08T18:00:00,1852.5,1856.69,1852.07,1856.15,1856.15,3.748571428571428571428571429,2022,"[""GOLD#_H1_202201030100_202212302300.csv:2558"",""GOLD#_H1_202201030100_202212302300.csv:2562"",""GOLD#_H1_202201030100_202212302300.csv:2564"",""GOLD#_H1_202201030100_202212302300.csv:2565""]",VALID,
482010bd950efa57ae884bdc777d6bf92ec132e124c499f79bd0c7c346390302,GOLD#,H1,SHORT,SWING_LOW,2022-09-30T16:00:00,2022-09-30T19:00:00,1661.99,2022-09-30T22:00:00,1661.93,2022-09-30T23:00:00,1661.99,2022-10-03T06:00:00,1668.79,1668.85,1663.48,1663.48,1663.48,4.64,2022,"[""GOLD#_H1_202201030100_202212302300.csv:4444"",""GOLD#_H1_202201030100_202212302300.csv:4449"",""GOLD#_H1_202201030100_202212302300.csv:4455"",""GOLD#_H1_202201030100_202212302300.csv:4456""]",VALID,
48901f030e0a44e3bf520ca1be3134be9b7fe8311a2af500e17b97b360a97cd7,GOLD#,H1,LONG,SWING_HIGH,2022-11-11T15:00:00,2022-11-11T18:00:00,1766.08,2022-11-11T22:00:00,1768.07,2022-11-11T23:00:00,1766.08,2022-11-12T00:00:00,1767.79,1772.57,1766.37,1770.97,1770.97,6.06,2022,"[""GOLD#_H1_202201030100_202212302300.csv:5133"",""GOLD#_H1_202201030100_202212302300.csv:5139"",""GOLD#_H1_202201030100_202212302300.csv:5140"",""GOLD#_H1_202201030100_202212302300.csv:5141""]",VALID,
493f586d3251dc9b869f8c8c65f6c4c1c142718a9df2a956cc45b309190ba793,GOLD#,H1,SHORT,SWING_LOW,2021-07-23T09:00:00,2021-07-23T12:00:00,1801.26,2021-07-23T14:00:00,1797.72,2021-07-23T16:00:00,1801.26,2021-07-26T02:00:00,1802.34,1802.65,1800.37,1800.83,1800.83,5.188571428571428571428571429,2021,"[""GOLD#_H1_202101040100_202112311800.csv:3283"",""GOLD#_H1_202101040100_202112311800.csv:3287"",""GOLD#_H1_202101040100_202112311800.csv:3297"",""GOLD#_H1_202101040100_202112311800.csv:3298""]",VALID,
49812f073c239a76fdbd3e2a593b574a1e46174dc2c6e1bf55878c78ece98cc7,GOLD#,H1,SHORT,SWING_LOW,2021-11-22T09:00:00,2021-11-22T12:00:00,1840.28,2021-11-22T13:00:00,1839.55,2021-11-22T14:00:00,1840.28,2021-11-22T16:00:00,1839.86,1842.04,1834.79,1837.8,1837.8,4.331428571428571428571428571,2021,"[""GOLD#_H1_202101040100_202112311800.csv:5257"",""GOLD#_H1_202101040100_202112311800.csv:5260"",""GOLD#_H1_202101040100_202112311800.csv:5262"",""GOLD#_H1_202101040100_202112311800.csv:5263""]",VALID,
49acdc764f132b1a0006ae680f0875aab6939b5e5a9ab24879c888a837f10b24,GOLD#,H1,SHORT,SWING_LOW,2021-01-29T16:00:00,2021-01-29T19:00:00,1852.71,2021-01-29T20:00:00,1852.15,2021-01-29T21:00:00,1852.71,2021-01-29T23:00:00,1850,1851.4,1841.78,1841.78,1841.78,8.720714285714285714285714286,2021,"[""GOLD#_H1_202101040100_202112311800.csv:450"",""GOLD#_H1_202101040100_202112311800.csv:453"",""GOLD#_H1_202101040100_202112311800.csv:455"",""GOLD#_H1_202101040100_202112311800.csv:456""]",VALID,
49cb09b13bbea7a84981e066ea96d5dfbc86fc106b8ea9ebbc248e64f950f4ad,GOLD#,H1,LONG,SWING_HIGH,2021-11-30T11:00:00,2021-11-30T14:00:00,1798.43,2021-11-30T17:00:00,1802.44,2021-11-30T18:00:00,1798.43,2021-11-30T21:00:00,1774.43,1777.3,1773.63,1776.42,1776.42,7.47,2021,"[""GOLD#_H1_202101040100_202112311800.csv:5390"",""GOLD#_H1_202101040100_202112311800.csv:5395"",""GOLD#_H1_202101040100_202112311800.csv:5398"",""GOLD#_H1_202101040100_202112311800.csv:5399""]",VALID,
49ecd833b0bb82d09d31f25b8351069294ba427dfe52fe978ba2cb1735ebb8b7,GOLD#,H1,SHORT,SWING_LOW,2020-08-14T15:00:00,2020-08-14T18:00:00,1941.84,2020-08-14T20:00:00,1933.97,2020-08-14T21:00:00,1941.84,2020-08-17T03:00:00,1949.16,1949.38,1931.93,1932.59,1932.59,8.222857142857142857142857143,2020,"[""GOLD#_H1_202001020900_202012311800.csv:3672"",""GOLD#_H1_202001020900_202012311800.csv:3676"",""GOLD#_H1_202001020900_202012311800.csv:3681"",""GOLD#_H1_202001020900_202012311800.csv:3682""]",VALID,
4a353d022a06955b88ab6698da9ce3c3579b04b004eeda710f2b838a14dca2cb,GOLD#,H1,SHORT,SWING_LOW,2021-07-27T05:00:00,2021-07-27T08:00:00,1794.57,2021-07-27T10:00:00,1794.49,2021-07-27T11:00:00,1794.57,2021-07-27T18:00:00,1800.28,1803.14,1794.48,1797.4,1797.4,4.052142857142857142857142857,2021,"[""GOLD#_H1_202101040100_202112311800.csv:3325"",""GOLD#_H1_202101040100_202112311800.csv:3329"",""GOLD#_H1_202101040100_202112311800.csv:3336"",""GOLD#_H1_202101040100_202112311800.csv:3337""]",VALID,
4a8897cfcec6b55c71787aa40e206b46b1757dce76484341e0c5d131ce0b124b,GOLD#,H1,LONG,SWING_HIGH,2020-07-27T06:00:00,2020-07-27T09:00:00,1944.42,2020-07-27T14:00:00,1944.76,2020-07-27T15:00:00,1944.42,2020-07-27T21:00:00,1934.99,1940.37,1933.51,1940.24,1940.24,8.004285714285714285714285714,2020,"[""GOLD#_H1_202001020900_202012311800.csv:3341"",""GOLD#_H1_202001020900_202012311800.csv:3348"",""GOLD#_H1_202001020900_202012311800.csv:3354"",""GOLD#_H1_202001020900_202012311800.csv:3355""]",VALID,
4b43f4b2407d6f849cc9fad52007d51450362ecdaca1eccae9521a2616ad3239,GOLD#,H1,LONG,SWING_HIGH,2021-05-28T23:00:00,2021-05-31T03:00:00,1905.7,2021-05-31T05:00:00,1907.75,2021-05-31T09:00:00,1905.7,2021-05-31T12:00:00,1904.83,1906.68,1904.08,1906.37,1906.37,2.921428571428571428571428571,2021,"[""GOLD#_H1_202101040100_202112311800.csv:2385"",""GOLD#_H1_202101040100_202112311800.csv:2389"",""GOLD#_H1_202101040100_202112311800.csv:2395"",""GOLD#_H1_202101040100_202112311800.csv:2396""]",VALID,
4b97eefb614ac284ada126a88de15dcdbda3a29657afc2e3aa0bafcd9ec7bde1,GOLD#,H1,SHORT,SWING_LOW,2021-03-05T15:00:00,2021-03-05T18:00:00,1687.27,2021-03-08T14:00:00,1685.84,2021-03-08T15:00:00,1687.27,2021-03-08T18:00:00,1686.81,1690.85,1679.4,1681.68,1681.68,6.871428571428571428571428571,2021,"[""GOLD#_H1_202101040100_202112311800.csv:1020"",""GOLD#_H1_202101040100_202112311800.csv:1041"",""GOLD#_H1_202101040100_202112311800.csv:1044"",""GOLD#_H1_202101040100_202112311800.csv:1045""]",VALID,
4bc55ace8428bdad3760997d4e80f372e6f1a752fcf5fdf69e54182fde0d4f43,GOLD#,H1,SHORT,SWING_LOW,2020-01-28T09:00:00,2020-01-28T12:00:00,1576.8,2020-01-28T15:00:00,1574.01,2020-01-28T17:00:00,1576.8,2020-01-28T18:00:00,1575.87,1575.91,1567.33,1570.17,1570.17,2.918571428571428571428571429,2020,"[""GOLD#_H1_202001020900_202012311800.csv:412"",""GOLD#_H1_202001020900_202012311800.csv:417"",""GOLD#_H1_202001020900_202012311800.csv:419"",""GOLD#_H1_202001020900_202012311800.csv:420""]",VALID,
4c3481e29182d51737c04ac16318b0753422575d2521cdce0b3f1a0fa251b67e,GOLD#,H1,SHORT,SWING_LOW,2022-05-31T14:00:00,2022-05-31T17:00:00,1844.56,2022-05-31T19:00:00,1843.58,2022-05-31T20:00:00,1844.56,2022-05-31T22:00:00,1842.5,1843.28,1839.81,1840.71,1840.71,5.016428571428571428571428571,2022,"[""GOLD#_H1_202201030100_202212302300.csv:2424"",""GOLD#_H1_202201030100_202212302300.csv:2428"",""GOLD#_H1_202201030100_202212302300.csv:2430"",""GOLD#_H1_202201030100_202212302300.csv:2431""]",VALID,
4c782fc31c20ccc755d277e45395941dda53167e525e455f2bd21aedcbe5f05d,GOLD#,H1,SHORT,SWING_LOW,2022-09-27T12:00:00,2022-09-27T15:00:00,1632.42,2022-09-27T20:00:00,1629.43,2022-09-27T22:00:00,1632.42,2022-09-27T23:00:00,1631.59,1631.68,1626.73,1627.32,1627.32,5.144285714285714285714285714,2022,"[""GOLD#_H1_202201030100_202212302300.csv:4371"",""GOLD#_H1_202201030100_202212302300.csv:4378"",""GOLD#_H1_202201030100_202212302300.csv:4380"",""GOLD#_H1_202201030100_202212302300.csv:4381""]",VALID,
4ca8b10849141081cffb651d4ffddb6d9ad77c4c00238e1c27b242373d21d1b8,GOLD#,H1,SHORT,SWING_LOW,2020-09-14T09:00:00,2020-09-14T12:00:00,1943.24,2020-09-14T13:00:00,1941.85,2020-09-14T14:00:00,1943.24,2020-09-14T20:00:00,1958.56,1959.1,1955.03,1956.18,1956.18,4.715714285714285714285714286,2020,"[""GOLD#_H1_202001020900_202012311800.csv:4145"",""GOLD#_H1_202001020900_202012311800.csv:4148"",""GOLD#_H1_202001020900_202012311800.csv:4154"",""GOLD#_H1_202001020900_202012311800.csv:4155""]",VALID,
4e26892dd3017aea03b280bf8ec6217335267551e5b1876b9fe64884f32739c3,GOLD#,H1,LONG,SWING_HIGH,2022-03-21T12:00:00,2022-03-21T15:00:00,1928.89,2022-03-21T16:00:00,1929.85,2022-03-21T20:00:00,1928.89,2022-03-21T21:00:00,1932,1941.2,1931.19,1935.99,1935.99,5.166428571428571428571428571,2022,"[""GOLD#_H1_202201030100_202212302300.csv:1275"",""GOLD#_H1_202201030100_202212302300.csv:1278"",""GOLD#_H1_202201030100_202212302300.csv:1282"",""GOLD#_H1_202201030100_202212302300.csv:1283""]",VALID,
4ea61e102d8a186b2a347d1cac31c0f556c8f3d8bd212bb72052def2c2c0203c,GOLD#,H1,LONG,SWING_HIGH,2020-05-15T09:00:00,2020-05-15T12:00:00,1738.47,2020-05-15T16:00:00,1742.61,2020-05-15T17:00:00,1738.47,2020-05-15T19:00:00,1742.63,1748.97,1741.34,1748.69,1748.69,5.558571428571428571428571429,2020,"[""GOLD#_H1_202001020900_202012311800.csv:2179"",""GOLD#_H1_202001020900_202012311800.csv:2185"",""GOLD#_H1_202001020900_202012311800.csv:2187"",""GOLD#_H1_202001020900_202012311800.csv:2188""]",VALID,
4f27c7be2906a1eebecb2498e03c99722d9adcabe933dfba9c4ce3cf609d1b45,GOLD#,H1,LONG,SWING_HIGH,2020-10-19T04:00:00,2020-10-19T07:00:00,1902.82,2020-10-19T08:00:00,1902.92,2020-10-19T09:00:00,1902.82,2020-10-19T14:00:00,1911.12,1913.92,1910.83,1913.68,1913.68,3.636428571428571428571428571,2020,"[""GOLD#_H1_202001020900_202012311800.csv:4715"",""GOLD#_H1_202001020900_202012311800.csv:4718"",""GOLD#_H1_202001020900_202012311800.csv:4723"",""GOLD#_H1_202001020900_202012311800.csv:4724""]",VALID,
50d5153d75fede96ff70783c809817fc32d8a8ce55b853c41f297d6537151895,GOLD#,H1,LONG,SWING_HIGH,2020-03-06T15:00:00,2020-03-06T18:00:00,1689.53,2020-03-09T01:00:00,1697.99,2020-03-09T06:00:00,1689.53,2020-03-09T10:00:00,1669.49,1685.28,1668.45,1681.22,1681.22,14.99642857142857142857142857,2020,"[""GOLD#_H1_202001020900_202012311800.csv:1058"",""GOLD#_H1_202001020900_202012311800.csv:1067"",""GOLD#_H1_202001020900_202012311800.csv:1075"",""GOLD#_H1_202001020900_202012311800.csv:1076""]",VALID,
50f46469d66be6a8c68d1c08636080ccb467273f1405a840b5bfa38d225c1d08,GOLD#,H1,SHORT,SWING_LOW,2021-06-25T19:00:00,2021-06-25T22:00:00,1776.2,2021-06-28T05:00:00,1773.38,2021-06-28T06:00:00,1776.2,2021-06-28T12:00:00,1783.21,1783.25,1774.08,1779.13,1779.13,3.495,2021,"[""GOLD#_H1_202101040100_202112311800.csv:2837"",""GOLD#_H1_202101040100_202112311800.csv:2845"",""GOLD#_H1_202101040100_202112311800.csv:2851"",""GOLD#_H1_202101040100_202112311800.csv:2852""]",VALID,
5109b8529f0ce34c4bb3bcfd2280f17a046d59b6b39a39292c2dadfd4388e1cc,GOLD#,H1,LONG,SWING_HIGH,2022-01-11T10:00:00,2022-01-11T13:00:00,1810.17,2022-01-11T18:00:00,1811.5,2022-01-11T19:00:00,1810.17,2022-01-11T20:00:00,1815.05,1817.61,1813.79,1817.35,1817.35,3.628571428571428571428571429,2022,"[""GOLD#_H1_202201030100_202212302300.csv:149"",""GOLD#_H1_202201030100_202212302300.csv:156"",""GOLD#_H1_202201030100_202212302300.csv:157"",""GOLD#_H1_202201030100_202212302300.csv:158""]",VALID,
5248042418a6636dd5fc344e9264fae842de59ec7a55fbde9a115b11d10308a8,GOLD#,H1,SHORT,SWING_LOW,2022-11-18T07:00:00,2022-11-18T10:00:00,1761.12,2022-11-18T14:00:00,1760.31,2022-11-18T15:00:00,1761.12,2022-11-18T17:00:00,1760.21,1761.17,1749.88,1753.53,1753.53,3.790714285714285714285714286,2022,"[""GOLD#_H1_202201030100_202212302300.csv:5240"",""GOLD#_H1_202201030100_202212302300.csv:5246"",""GOLD#_H1_202201030100_202212302300.csv:5248"",""GOLD#_H1_202201030100_202212302300.csv:5249""]",VALID,
527407c6c33df537c3cdc917c58c7877ae92afe7c0beff92058c114d59cc9e27,GOLD#,H1,SHORT,SWING_LOW,2021-12-23T08:00:00,2021-12-23T11:00:00,1804.75,2021-12-23T13:00:00,1804.51,2021-12-23T14:00:00,1804.75,2021-12-23T17:00:00,1807.22,1807.85,1798.94,1802.94,1802.94,2.592857142857142857142857143,2021,"[""GOLD#_H1_202101040100_202112311800.csv:5778"",""GOLD#_H1_202101040100_202112311800.csv:5782"",""GOLD#_H1_202101040100_202112311800.csv:5785"",""GOLD#_H1_202101040100_202112311800.csv:5786""]",VALID,
5277c3ee462cb30ae1b880d53675286bd39566a7f9be7f90111101044223374f,GOLD#,H1,LONG,SWING_HIGH,2021-08-09T04:00:00,2021-08-09T07:00:00,1741.87,2021-08-09T09:00:00,1742.44,2021-08-09T10:00:00,1741.87,2021-08-09T11:00:00,1745.35,1752.51,1743.58,1749,1749,15.52928571428571428571428571,2021,"[""GOLD#_H1_202101040100_202112311800.csv:3531"",""GOLD#_H1_202101040100_202112311800.csv:3535"",""GOLD#_H1_202101040100_202112311800.csv:3536"",""GOLD#_H1_202101040100_202112311800.csv:3537""]",VALID,
5439c1be187a544500e93d0f6822cf020e4a5ed4471c6ea90428b3bc80f3854e,GOLD#,H1,LONG,SWING_HIGH,2020-09-28T07:00:00,2020-09-28T10:00:00,1863.92,2020-09-28T15:00:00,1865.13,2020-09-28T16:00:00,1863.92,2020-09-28T19:00:00,1866.11,1873.39,1866.11,1872.95,1872.95,6.499285714285714285714285714,2020,"[""GOLD#_H1_202001020900_202012311800.csv:4373"",""GOLD#_H1_202001020900_202012311800.csv:4380"",""GOLD#_H1_202001020900_202012311800.csv:4383"",""GOLD#_H1_202001020900_202012311800.csv:4384""]",VALID,
54df6437bbe6fd05dac6a4aa4268185e4502bc7d87cd108875b8366695677a37,GOLD#,H1,LONG,SWING_HIGH,2022-01-25T09:00:00,2022-01-25T12:00:00,1843.25,2022-01-25T17:00:00,1850.31,2022-01-25T18:00:00,1843.25,2022-01-25T21:00:00,1849.75,1852.6,1849.72,1852.17,1852.17,4.318571428571428571428571429,2022,"[""GOLD#_H1_202201030100_202212302300.csv:376"",""GOLD#_H1_202201030100_202212302300.csv:383"",""GOLD#_H1_202201030100_202212302300.csv:386"",""GOLD#_H1_202201030100_202212302300.csv:387""]",VALID,
555eced582045caca7325b5eed02f00034d99c63f6420c13dfa4bf5fb5841e5a,GOLD#,H1,LONG,SWING_HIGH,2020-04-03T15:00:00,2020-04-03T18:00:00,1621.33,2020-04-03T22:00:00,1623.19,2020-04-03T23:00:00,1621.33,2020-04-06T09:00:00,1616.8,1620.02,1614.85,1619.04,1619.04,6.522142857142857142857142857,2020,"[""GOLD#_H1_202001020900_202012311800.csv:1518"",""GOLD#_H1_202001020900_202012311800.csv:1524"",""GOLD#_H1_202001020900_202012311800.csv:1533"",""GOLD#_H1_202001020900_202012311800.csv:1534""]",VALID,
55feaec5af6c68cbaf1d40c806728c03be37844ccfa2b2940a6e3c329b772634,GOLD#,H1,SHORT,SWING_LOW,2022-04-22T06:00:00,2022-04-22T09:00:00,1945.91,2022-04-22T12:00:00,1943.81,2022-04-22T17:00:00,1945.91,2022-04-22T21:00:00,1936.39,1936.73,1932.12,1933.22,1933.22,7.477857142857142857142857143,2022,"[""GOLD#_H1_202201030100_202212302300.csv:1797"",""GOLD#_H1_202201030100_202212302300.csv:1802"",""GOLD#_H1_202201030100_202212302300.csv:1810"",""GOLD#_H1_202201030100_202212302300.csv:1811""]",VALID,
563d1bc2f3440e87bde8759d14452a08429e02cabc4d116e2e0761ad18c243d1,GOLD#,H1,SHORT,SWING_LOW,2021-04-29T13:00:00,2021-04-29T16:00:00,1772.12,2021-04-29T17:00:00,1757.56,2021-04-29T22:00:00,1772.12,2021-04-30T00:00:00,1774.58,1774.86,1771.62,1771.77,1771.77,6.267142857142857142857142857,2021,"[""GOLD#_H1_202101040100_202112311800.csv:1892"",""GOLD#_H1_202101040100_202112311800.csv:1895"",""GOLD#_H1_202101040100_202112311800.csv:1901"",""GOLD#_H1_202101040100_202112311800.csv:1902""]",VALID,
56bf0d980a7144137325da94cde933a1ffbf74446e3cda651b9fbad916d53a8b,GOLD#,H1,SHORT,SWING_LOW,2021-11-04T03:00:00,2021-11-04T06:00:00,1773.37,2021-11-04T09:00:00,1772.69,2021-11-04T10:00:00,1773.37,2021-11-04T18:00:00,1796.56,1796.94,1791.09,1792.35,1792.35,4.069285714285714285714285714,2021,"[""GOLD#_H1_202101040100_202112311800.csv:4976"",""GOLD#_H1_202101040100_202112311800.csv:4981"",""GOLD#_H1_202101040100_202112311800.csv:4989"",""GOLD#_H1_202101040100_202112311800.csv:4990""]",VALID,
56dcc5d26400b9c3b8a008029be8a7ebf04c21a008312b221048e7b5f0e202db,GOLD#,H1,LONG,SWING_HIGH,2021-02-05T19:00:00,2021-02-05T22:00:00,1815.03,2021-02-08T02:00:00,1817.98,2021-02-08T03:00:00,1815.03,2021-02-08T08:00:00,1810.57,1815.86,1810.57,1812.94,1812.94,4.667857142857142857142857143,2021,"[""GOLD#_H1_202101040100_202112311800.csv:568"",""GOLD#_H1_202101040100_202112311800.csv:573"",""GOLD#_H1_202101040100_202112311800.csv:578"",""GOLD#_H1_202101040100_202112311800.csv:579""]",VALID,
575ec0b3627ed71e1083bc5dadc1858087eaf681cf2bd82a00fa04c01ec5cb10,GOLD#,H1,LONG,SWING_HIGH,2021-04-16T20:00:00,2021-04-16T23:00:00,1780.26,2021-04-19T04:00:00,1782.07,2021-04-19T05:00:00,1780.26,2021-04-19T10:00:00,1777.74,1781.32,1775.29,1779.97,1779.97,3.615,2021,"[""GOLD#_H1_202101040100_202112311800.csv:1692"",""GOLD#_H1_202101040100_202112311800.csv:1698"",""GOLD#_H1_202101040100_202112311800.csv:1703"",""GOLD#_H1_202101040100_202112311800.csv:1704""]",VALID,
57802be105582c3f8323da6c1f9bd512c3b10f3d9e328efc9e82c6ca783df829,GOLD#,H1,LONG,SWING_HIGH,2021-02-05T10:00:00,2021-02-05T13:00:00,1811.26,2021-02-05T19:00:00,1812.84,2021-02-05T20:00:00,1811.26,2021-02-06T00:00:00,1810.99,1813.89,1809.95,1813.74,1813.74,6.036428571428571428571428571,2021,"[""GOLD#_H1_202101040100_202112311800.csv:559"",""GOLD#_H1_202101040100_202112311800.csv:567"",""GOLD#_H1_202101040100_202112311800.csv:571"",""GOLD#_H1_202101040100_202112311800.csv:572""]",VALID,
5798fb364803e77cefd572cc875f2e21a75128ee1f5f6bee5482048ece43d052,GOLD#,H1,SHORT,SWING_LOW,2022-03-18T15:00:00,2022-03-18T18:00:00,1921.7,2022-03-18T22:00:00,1920.09,2022-03-21T01:00:00,1921.7,2022-03-21T08:00:00,1928.11,1928.37,1924.79,1925.51,1925.51,5.389285714285714285714285714,2022,"[""GOLD#_H1_202201030100_202212302300.csv:1255"",""GOLD#_H1_202201030100_202212302300.csv:1261"",""GOLD#_H1_202201030100_202212302300.csv:1269"",""GOLD#_H1_202201030100_202212302300.csv:1270""]",VALID,
581a9235c39e1f6a1dec22f8f1877a62ca29fb111842685ba6fb9f7ec2371eab,GOLD#,H1,SHORT,SWING_LOW,2021-12-06T07:00:00,2021-12-06T10:00:00,1781.03,2021-12-06T12:00:00,1779.72,2021-12-06T13:00:00,1781.03,2021-12-06T21:00:00,1780.79,1781.24,1777.75,1778.71,1778.71,4.201428571428571428571428571,2021,"[""GOLD#_H1_202101040100_202112311800.csv:5478"",""GOLD#_H1_202101040100_202112311800.csv:5482"",""GOLD#_H1_202101040100_202112311800.csv:5490"",""GOLD#_H1_202101040100_202112311800.csv:5491""]",VALID,
596b2fcac22c78adbb7f818c9acefdc883cc4425320d4a391f2dbad12ea63528,GOLD#,H1,LONG,SWING_HIGH,2020-12-30T06:00:00,2020-12-30T09:00:00,1886.13,2020-12-30T17:00:00,1887.35,2020-12-30T18:00:00,1886.13,2020-12-30T20:00:00,1886.68,1888.95,1884.83,1888.66,1888.66,3.722142857142857142857142857,2020,"[""GOLD#_H1_202001020900_202012311800.csv:5878"",""GOLD#_H1_202001020900_202012311800.csv:5888"",""GOLD#_H1_202001020900_202012311800.csv:5890"",""GOLD#_H1_202001020900_202012311800.csv:5891""]",VALID,
59cebabfe665830e67865b0106c65123ff167c9ee880eea691393c1e75aaa4db,GOLD#,H1,SHORT,SWING_LOW,2021-05-27T11:00:00,2021-05-27T14:00:00,1894.08,2021-05-27T17:00:00,1891.76,2021-05-27T18:00:00,1894.08,2021-05-28T00:00:00,1897.7,1897.94,1895.85,1896.32,1896.32,5.060714285714285714285714286,2021,"[""GOLD#_H1_202101040100_202112311800.csv:2350"",""GOLD#_H1_202101040100_202112311800.csv:2355"",""GOLD#_H1_202101040100_202112311800.csv:2361"",""GOLD#_H1_202101040100_202112311800.csv:2362""]",VALID,
5a1aa94bf32cb58e5a83c7df3e5bc93fab3ff9b78c7e05305a27bd1575e9c48f,GOLD#,H1,LONG,SWING_HIGH,2020-10-20T13:00:00,2020-10-20T16:00:00,1908,2020-10-20T18:00:00,1908.78,2020-10-20T19:00:00,1908,2020-10-20T21:00:00,1908.85,1913.5,1908.85,1912.87,1912.87,5.232142857142857142857142857,2020,"[""GOLD#_H1_202001020900_202012311800.csv:4747"",""GOLD#_H1_202001020900_202012311800.csv:4751"",""GOLD#_H1_202001020900_202012311800.csv:4753"",""GOLD#_H1_202001020900_202012311800.csv:4754""]",VALID,
5c19f6f2a82e47bc4621de523e117f32739e5c7121dfcdce96ce00b43d90a718,GOLD#,H1,SHORT,SWING_LOW,2022-04-18T13:00:00,2022-04-18T16:00:00,1987.75,2022-04-18T18:00:00,1983.93,2022-04-18T19:00:00,1987.75,2022-04-18T21:00:00,1986.5,1987.54,1977.65,1978.29,1978.29,5.183571428571428571428571429,2022,"[""GOLD#_H1_202201030100_202212302300.csv:1712"",""GOLD#_H1_202201030100_202212302300.csv:1716"",""GOLD#_H1_202201030100_202212302300.csv:1718"",""GOLD#_H1_202201030100_202212302300.csv:1719""]",VALID,
5cf723e73dd0fca8e363125e9bf900aacfd33c1c148efce3b6eb5b64990d42da,GOLD#,H1,LONG,SWING_HIGH,2020-01-14T10:00:00,2020-01-14T13:00:00,1545.85,2020-01-14T17:00:00,1546.34,2020-01-14T18:00:00,1545.85,2020-01-14T21:00:00,1543.51,1548.78,1542.9,1545.67,1545.67,3.149285714285714285714285714,2020,"[""GOLD#_H1_202001020900_202012311800.csv:187"",""GOLD#_H1_202001020900_202012311800.csv:193"",""GOLD#_H1_202001020900_202012311800.csv:196"",""GOLD#_H1_202001020900_202012311800.csv:197""]",VALID,
5e4f67ca6cdddfa79b9b3167ac919ebcc3be489ceaf9682fe4aabea550a8f81d,GOLD#,H1,LONG,SWING_HIGH,2021-01-22T21:00:00,2021-01-23T00:00:00,1858,2021-01-25T03:00:00,1858.22,2021-01-25T04:00:00,1858,2021-01-25T12:00:00,1852.19,1856.52,1850.12,1855.98,1855.98,3.727857142857142857142857143,2021,"[""GOLD#_H1_202101040100_202112311800.csv:340"",""GOLD#_H1_202101040100_202112311800.csv:344"",""GOLD#_H1_202101040100_202112311800.csv:352"",""GOLD#_H1_202101040100_202112311800.csv:353""]",VALID,
5f42256395a2d93b27a32408de69968d63a566106e96740eb7c59d641cc58ba2,GOLD#,H1,SHORT,SWING_LOW,2020-09-09T09:00:00,2020-09-09T12:00:00,1923.9,2020-09-09T14:00:00,1922.4,2020-09-09T15:00:00,1923.9,2020-09-10T00:00:00,1948.4,1948.91,1946.17,1946.31,1946.31,6.909285714285714285714285714,2020,"[""GOLD#_H1_202001020900_202012311800.csv:4076"",""GOLD#_H1_202001020900_202012311800.csv:4080"",""GOLD#_H1_202001020900_202012311800.csv:4089"",""GOLD#_H1_202001020900_202012311800.csv:4090""]",VALID,
5f5c854491dc083ee258beaebf3f00365ab075a1881e38fbece494bd05f70774,GOLD#,H1,SHORT,SWING_LOW,2020-06-02T04:00:00,2020-06-02T07:00:00,1736.3,2020-06-02T11:00:00,1735.61,2020-06-02T12:00:00,1736.3,2020-06-02T18:00:00,1744.65,1745.08,1738.66,1740.19,1740.19,3.737857142857142857142857143,2020,"[""GOLD#_H1_202001020900_202012311800.csv:2446"",""GOLD#_H1_202001020900_202012311800.csv:2452"",""GOLD#_H1_202001020900_202012311800.csv:2458"",""GOLD#_H1_202001020900_202012311800.csv:2459""]",VALID,
5f6bcf9d6f6301ac8dfac3a4e588fede0e42594169464ddfda5523b4dc069650,GOLD#,H1,LONG,SWING_HIGH,2022-03-31T10:00:00,2022-03-31T13:00:00,1933.87,2022-03-31T16:00:00,1934.05,2022-03-31T17:00:00,1933.87,2022-03-31T19:00:00,1940.04,1945.03,1939.54,1944.3,1944.3,5.775,2022,"[""GOLD#_H1_202201030100_202212302300.csv:1456"",""GOLD#_H1_202201030100_202212302300.csv:1461"",""GOLD#_H1_202201030100_202212302300.csv:1463"",""GOLD#_H1_202201030100_202212302300.csv:1464""]",VALID,
5fd3ef2c8d18041f913b6231beb2bff209f12a9f00bedd6c5bcdef9b24e8650b,GOLD#,H1,LONG,SWING_HIGH,2020-11-03T11:00:00,2020-11-03T14:00:00,1900.78,2020-11-03T16:00:00,1906.54,2020-11-03T17:00:00,1900.78,2020-11-03T20:00:00,1906.63,1910.38,1906.13,1908.87,1908.87,5.033571428571428571428571429,2020,"[""GOLD#_H1_202001020900_202012311800.csv:4975"",""GOLD#_H1_202001020900_202012311800.csv:4979"",""GOLD#_H1_202001020900_202012311800.csv:4982"",""GOLD#_H1_202001020900_202012311800.csv:4983""]",VALID,
6104f72deb2f87be81af7e3ac3992cd41f95a2ac8731fda85a77daffc7b5ae66,GOLD#,H1,SHORT,SWING_LOW,2021-09-15T11:00:00,2021-09-15T14:00:00,1798.78,2021-09-15T16:00:00,1796.72,2021-09-15T17:00:00,1798.78,2021-09-15T18:00:00,1796.61,1798.19,1791.91,1793.99,1793.99,3.390714285714285714285714286,2021,"[""GOLD#_H1_202101040100_202112311800.csv:4155"",""GOLD#_H1_202101040100_202112311800.csv:4159"",""GOLD#_H1_202101040100_202112311800.csv:4160"",""GOLD#_H1_202101040100_202112311800.csv:4161""]",VALID,
613c0b9a9c37fbf5b74d59b67931248a80b739a04d737cc354aee6c6c773304f,GOLD#,H1,SHORT,SWING_LOW,2020-12-04T08:00:00,2020-12-04T11:00:00,1837.88,2020-12-04T16:00:00,1837.59,2020-12-04T17:00:00,1837.88,2020-12-04T18:00:00,1843.01,1843.25,1829.11,1831.97,1831.97,5.402142857142857142857142857,2020,"[""GOLD#_H1_202001020900_202012311800.csv:5494"",""GOLD#_H1_202001020900_202012311800.csv:5501"",""GOLD#_H1_202001020900_202012311800.csv:5502"",""GOLD#_H1_202001020900_202012311800.csv:5503""]",VALID,
627c9a6f0e1332413da6aa321da9e46da9c7f9a23f0ad69044234400bdc9b57e,GOLD#,H1,SHORT,SWING_LOW,2021-12-09T04:00:00,2021-12-09T07:00:00,1782.15,2021-12-09T14:00:00,1780.2,2021-12-09T17:00:00,1782.15,2021-12-10T00:00:00,1775.24,1775.76,1774.69,1775.12,1775.12,4.405,2021,"[""GOLD#_H1_202101040100_202112311800.csv:5544"",""GOLD#_H1_202101040100_202112311800.csv:5553"",""GOLD#_H1_202101040100_202112311800.csv:5562"",""GOLD#_H1_202101040100_202112311800.csv:5563""]",VALID,
6282740a5816df8de762a678f634f54f6fb796b432e0a1b3720235616abdf653,GOLD#,H1,SHORT,SWING_LOW,2020-08-31T04:00:00,2020-08-31T07:00:00,1967.43,2020-08-31T10:00:00,1965.25,2020-08-31T15:00:00,1967.43,2020-08-31T18:00:00,1968.71,1974.06,1962.7,1962.88,1962.88,5.469285714285714285714285714,2020,"[""GOLD#_H1_202001020900_202012311800.csv:3914"",""GOLD#_H1_202001020900_202012311800.csv:3919"",""GOLD#_H1_202001020900_202012311800.csv:3926"",""GOLD#_H1_202001020900_202012311800.csv:3927""]",VALID,
62dfc34881d9e383b6725744d17c68462910d93bf19815ef5de1bdec9c6c14f9,GOLD#,H1,SHORT,SWING_LOW,2020-09-07T04:00:00,2020-09-07T07:00:00,1931.94,2020-09-07T09:00:00,1929.69,2020-09-07T10:00:00,1931.94,2020-09-07T13:00:00,1931.17,1931.21,1926.77,1928.66,1928.66,5.191428571428571428571428571,2020,"[""GOLD#_H1_202001020900_202012311800.csv:4029"",""GOLD#_H1_202001020900_202012311800.csv:4033"",""GOLD#_H1_202001020900_202012311800.csv:4036"",""GOLD#_H1_202001020900_202012311800.csv:4037""]",VALID,
6328e78d2dd4776048fba928a0f4c620ce236c3d539c2d0d0597c922422768d9,GOLD#,H1,LONG,SWING_HIGH,2022-12-13T09:00:00,2022-12-13T12:00:00,1788.63,2022-12-13T15:00:00,1789.08,2022-12-13T16:00:00,1788.63,2022-12-13T17:00:00,1810.99,1824.51,1810.91,1822.04,1822.04,4.607142857142857142857142857,2022,"[""GOLD#_H1_202201030100_202212302300.csv:5628"",""GOLD#_H1_202201030100_202212302300.csv:5633"",""GOLD#_H1_202201030100_202212302300.csv:5634"",""GOLD#_H1_202201030100_202212302300.csv:5635""]",VALID,
65af91b81817d597c4bbb65d81690f4347dae265e9e16ef9d842806e67102bce,GOLD#,H1,LONG,SWING_HIGH,2020-07-31T18:00:00,2020-07-31T21:00:00,1977.01,2020-08-03T02:00:00,1983.83,2020-08-03T04:00:00,1977.01,2020-08-03T09:00:00,1973.76,1977.1,1973.76,1976.82,1976.82,6.67,2020,"[""GOLD#_H1_202001020900_202012311800.csv:3445"",""GOLD#_H1_202001020900_202012311800.csv:3451"",""GOLD#_H1_202001020900_202012311800.csv:3457"",""GOLD#_H1_202001020900_202012311800.csv:3458""]",VALID,
66905a25317e3e57ce55950f5f6ab6e23def4c726992a5e78299cf1dcb2e0cb1,GOLD#,H1,LONG,SWING_HIGH,2020-06-04T07:00:00,2020-06-04T10:00:00,1705.31,2020-06-04T13:00:00,1707.43,2020-06-04T17:00:00,1705.31,2020-06-04T19:00:00,1706.61,1714.76,1705.92,1713.91,1713.91,6.207857142857142857142857143,2020,"[""GOLD#_H1_202001020900_202012311800.csv:2495"",""GOLD#_H1_202001020900_202012311800.csv:2500"",""GOLD#_H1_202001020900_202012311800.csv:2505"",""GOLD#_H1_202001020900_202012311800.csv:2506""]",VALID,
66fe945107c885dab104f9d1cc4460f5fd0c72e881d73b24d2ba46ed8285c57a,GOLD#,H1,LONG,SWING_HIGH,2021-11-12T08:00:00,2021-11-12T11:00:00,1859.98,2021-11-12T18:00:00,1860.7,2021-11-12T19:00:00,1859.98,2021-11-12T20:00:00,1863.53,1865.7,1861.6,1864.69,1864.69,4.662142857142857142857142857,2021,"[""GOLD#_H1_202101040100_202112311800.csv:5118"",""GOLD#_H1_202101040100_202112311800.csv:5127"",""GOLD#_H1_202101040100_202112311800.csv:5128"",""GOLD#_H1_202101040100_202112311800.csv:5129""]",VALID,
679eacf9ae6707b9e742b6c1844efa237ca94c58ed4325595be2fa9802a796f9,GOLD#,H1,SHORT,SWING_LOW,2022-10-31T03:00:00,2022-10-31T06:00:00,1640.66,2022-10-31T11:00:00,1637.04,2022-10-31T14:00:00,1640.66,2022-10-31T15:00:00,1639.73,1641.61,1635.66,1637.08,1637.08,3.419285714285714285714285714,2022,"[""GOLD#_H1_202201030100_202212302300.csv:4915"",""GOLD#_H1_202201030100_202212302300.csv:4922"",""GOLD#_H1_202201030100_202212302300.csv:4925"",""GOLD#_H1_202201030100_202212302300.csv:4926""]",VALID,
68322431c9b7707559576ffb16e7a37dc39dfcc1137f24693b7fec6ec5842f9b,GOLD#,H1,SHORT,SWING_LOW,2021-01-25T03:00:00,2021-01-25T06:00:00,1852.76,2021-01-25T09:00:00,1850.63,2021-01-25T10:00:00,1852.76,2021-01-25T17:00:00,1865.05,1866.19,1854.96,1855.92,1855.92,4.671428571428571428571428571,2021,"[""GOLD#_H1_202101040100_202112311800.csv:345"",""GOLD#_H1_202101040100_202112311800.csv:350"",""GOLD#_H1_202101040100_202112311800.csv:357"",""GOLD#_H1_202101040100_202112311800.csv:358""]",VALID,
68a8cfc133e2616adc4b2cb757110d373108750e081a3c64c85e037a41c64e28,GOLD#,H1,LONG,SWING_HIGH,2020-12-11T12:00:00,2020-12-11T15:00:00,1839.52,2020-12-11T16:00:00,1839.98,2020-12-11T17:00:00,1839.52,2020-12-11T18:00:00,1841.18,1847.72,1839.06,1844.5,1844.5,5.471428571428571428571428571,2020,"[""GOLD#_H1_202001020900_202012311800.csv:5613"",""GOLD#_H1_202001020900_202012311800.csv:5616"",""GOLD#_H1_202001020900_202012311800.csv:5617"",""GOLD#_H1_202001020900_202012311800.csv:5618""]",VALID,
69256ca7b12459d49bfec51ca893e83371f59e31d0c1e73501644dbd5a85a6ec,GOLD#,H1,SHORT,SWING_LOW,2022-12-19T02:00:00,2022-12-19T05:00:00,1790.87,2022-12-19T08:00:00,1790.73,2022-12-19T09:00:00,1790.87,2022-12-19T14:00:00,1795.87,1796.55,1793.74,1794.9,1794.9,2.972857142857142857142857143,2022,"[""GOLD#_H1_202201030100_202212302300.csv:5713"",""GOLD#_H1_202201030100_202212302300.csv:5718"",""GOLD#_H1_202201030100_202212302300.csv:5723"",""GOLD#_H1_202201030100_202212302300.csv:5724""]",VALID,
6a8e723333fcc2385dc09ddf32876e7bf4ab2adc72c6615288523aa597d7e457,GOLD#,H1,SHORT,SWING_LOW,2021-10-21T10:00:00,2021-10-21T13:00:00,1780.86,2021-10-21T15:00:00,1778.47,2021-10-21T16:00:00,1780.86,2021-10-21T21:00:00,1780.34,1781.64,1778.59,1778.77,1778.77,4.395,2021,"[""GOLD#_H1_202101040100_202112311800.csv:4752"",""GOLD#_H1_202101040100_202112311800.csv:4756"",""GOLD#_H1_202101040100_202112311800.csv:4761"",""GOLD#_H1_202101040100_202112311800.csv:4762""]",VALID,
6b4e9502a8fd5c2ac8834273cadff5097ce70a4ae75e23ddb8b90fccd766bc76,GOLD#,H1,SHORT,SWING_LOW,2020-02-26T04:00:00,2020-02-26T07:00:00,1636.83,2020-02-26T16:00:00,1632.1,2020-02-26T17:00:00,1636.83,2020-02-26T23:00:00,1647.99,1649.04,1636.07,1636.07,1636.07,6.982142857142857142857142857,2020,"[""GOLD#_H1_202001020900_202012311800.csv:886"",""GOLD#_H1_202001020900_202012311800.csv:897"",""GOLD#_H1_202001020900_202012311800.csv:903"",""GOLD#_H1_202001020900_202012311800.csv:904""]",VALID,
6c4437d9b031b6622a9e6d1285bc336fa290c52da2fa334297b83cad1189f607,GOLD#,H1,SHORT,SWING_LOW,2022-10-28T15:00:00,2022-10-28T18:00:00,1640.02,2022-10-28T19:00:00,1639.64,2022-10-28T20:00:00,1640.02,2022-10-31T03:00:00,1643.49,1645.12,1642.13,1642.19,1642.19,4.91,2022,"[""GOLD#_H1_202201030100_202212302300.csv:4903"",""GOLD#_H1_202201030100_202212302300.csv:4906"",""GOLD#_H1_202201030100_202212302300.csv:4913"",""GOLD#_H1_202201030100_202212302300.csv:4914""]",VALID,
6c453caafefc7b68522b7dc08fc4cb5069cb6e8c20b50706f99d6f655a2451ae,GOLD#,H1,SHORT,SWING_LOW,2021-12-27T06:00:00,2021-12-27T09:00:00,1808.58,2021-12-27T11:00:00,1806.13,2021-12-27T16:00:00,1808.58,2021-12-27T20:00:00,1811.44,1811.44,1807.6,1808.26,1808.26,2.677142857142857142857142857,2021,"[""GOLD#_H1_202101040100_202112311800.csv:5799"",""GOLD#_H1_202101040100_202112311800.csv:5803"",""GOLD#_H1_202101040100_202112311800.csv:5811"",""GOLD#_H1_202101040100_202112311800.csv:5812""]",VALID,
6c57ad49c3c2623ca3d9581e44648068b96739c40c3e614cf8efad6abb86dcc0,GOLD#,H1,LONG,SWING_HIGH,2022-07-21T09:00:00,2022-07-21T12:00:00,1693.75,2022-07-21T16:00:00,1706.6,2022-07-21T17:00:00,1693.75,2022-07-21T18:00:00,1705.72,1713.36,1703.56,1711.57,1711.57,6.45,2022,"[""GOLD#_H1_202201030100_202212302300.csv:3266"",""GOLD#_H1_202201030100_202212302300.csv:3272"",""GOLD#_H1_202201030100_202212302300.csv:3273"",""GOLD#_H1_202201030100_202212302300.csv:3274""]",VALID,
6cf9ce2aed41977bdced55ee13d4f3051ea3d2db39db7bd278b87d76f79cdbf2,GOLD#,H1,LONG,SWING_HIGH,2020-05-04T06:00:00,2020-05-04T09:00:00,1701.56,2020-05-04T10:00:00,1705.01,2020-05-04T16:00:00,1701.56,2020-05-04T21:00:00,1705.89,1708.5,1702.98,1707.93,1707.93,6.972142857142857142857142857,2020,"[""GOLD#_H1_202001020900_202012311800.csv:1969"",""GOLD#_H1_202001020900_202012311800.csv:1972"",""GOLD#_H1_202001020900_202012311800.csv:1982"",""GOLD#_H1_202001020900_202012311800.csv:1983""]",VALID,
6d33e0670c9dc7eaf7583b7ce594f11f3c014c791c6d6a3035cd3412d78f4258,GOLD#,H1,LONG,SWING_HIGH,2022-05-06T08:00:00,2022-05-06T11:00:00,1877.88,2022-05-06T12:00:00,1881.75,2022-05-06T16:00:00,1877.88,2022-05-06T18:00:00,1880.96,1887.67,1879.61,1885.66,1885.66,5.75,2022,"[""GOLD#_H1_202201030100_202212302300.csv:2029"",""GOLD#_H1_202201030100_202212302300.csv:2032"",""GOLD#_H1_202201030100_202212302300.csv:2037"",""GOLD#_H1_202201030100_202212302300.csv:2038""]",VALID,
6d5fa319df1187620fcfc51ede6e15dcb77751128c0495136c7a34fcfc356d37,GOLD#,H1,SHORT,SWING_LOW,2022-07-13T09:00:00,2022-07-13T12:00:00,1722.49,2022-07-13T16:00:00,1712.69,2022-07-13T17:00:00,1722.49,2022-07-13T22:00:00,1739.79,1739.82,1733.7,1734.73,1734.73,7.721428571428571428571428571,2022,"[""GOLD#_H1_202201030100_202212302300.csv:3128"",""GOLD#_H1_202201030100_202212302300.csv:3134"",""GOLD#_H1_202201030100_202212302300.csv:3139"",""GOLD#_H1_202201030100_202212302300.csv:3140""]",VALID,
6e112488e69873c5166242ae26ef738762b39388d3ffb44a034169ffed165eb0,GOLD#,H1,LONG,SWING_HIGH,2020-01-17T09:00:00,2020-01-17T12:00:00,1556.99,2020-01-17T15:00:00,1558.89,2020-01-17T16:00:00,1556.99,2020-01-17T20:00:00,1557.85,1560.13,1557.55,1559.77,1559.77,2.673571428571428571428571429,2020,"[""GOLD#_H1_202001020900_202012311800.csv:255"",""GOLD#_H1_202001020900_202012311800.csv:260"",""GOLD#_H1_202001020900_202012311800.csv:264"",""GOLD#_H1_202001020900_202012311800.csv:265""]",VALID,
6ed4e94976ed034d6c701dcb58194b5e140aca618322eff75336ad2f81002892,GOLD#,H1,SHORT,SWING_LOW,2022-08-01T03:00:00,2022-08-01T06:00:00,1760.48,2022-08-01T08:00:00,1760.26,2022-08-01T09:00:00,1760.48,2022-08-01T16:00:00,1772.67,1775.17,1765.73,1769.42,1769.42,4.051428571428571428571428571,2022,"[""GOLD#_H1_202201030100_202212302300.csv:3421"",""GOLD#_H1_202201030100_202212302300.csv:3425"",""GOLD#_H1_202201030100_202212302300.csv:3432"",""GOLD#_H1_202201030100_202212302300.csv:3433""]",VALID,
6f10d2911be68b4df2d1dac19a1f58cd959952a4074e2ea85da81894f6c80b5f,GOLD#,H1,LONG,SWING_HIGH,2021-07-27T10:00:00,2021-07-27T13:00:00,1801.12,2021-07-27T16:00:00,1802.76,2021-07-27T17:00:00,1801.12,2021-07-27T21:00:00,1799.8,1801.95,1799.53,1801.67,1801.67,4.562142857142857142857142857,2021,"[""GOLD#_H1_202101040100_202112311800.csv:3330"",""GOLD#_H1_202101040100_202112311800.csv:3335"",""GOLD#_H1_202101040100_202112311800.csv:3339"",""GOLD#_H1_202101040100_202112311800.csv:3340""]",VALID,
6f3ffc8c1b81e84a9d0ad5af9a6bd2fecc6b0e018edf634292cb5e255c27af31,GOLD#,H1,SHORT,SWING_LOW,2020-12-18T22:00:00,2020-12-21T02:00:00,1878.49,2020-12-21T13:00:00,1870.34,2020-12-21T14:00:00,1878.49,2020-12-21T21:00:00,1877.99,1879.16,1875.34,1877.04,1877.04,10.53214285714285714285714286,2020,"[""GOLD#_H1_202001020900_202012311800.csv:5738"",""GOLD#_H1_202001020900_202012311800.csv:5751"",""GOLD#_H1_202001020900_202012311800.csv:5758"",""GOLD#_H1_202001020900_202012311800.csv:5759""]",VALID,
716b364c733e77c6d566ee69a622e21fdff7b41e67c9c74e1741ed0e65beb378,GOLD#,H1,LONG,SWING_HIGH,2022-08-12T10:00:00,2022-08-12T13:00:00,1794.12,2022-08-12T17:00:00,1798.1,2022-08-12T18:00:00,1794.12,2022-08-12T21:00:00,1797.17,1801.88,1797.13,1798.98,1798.98,4.500714285714285714285714286,2022,"[""GOLD#_H1_202201030100_202212302300.csv:3635"",""GOLD#_H1_202201030100_202212302300.csv:3641"",""GOLD#_H1_202201030100_202212302300.csv:3644"",""GOLD#_H1_202201030100_202212302300.csv:3645""]",VALID,
722c7ae33994558624b1ad1bbe0a77251eddb8011b793d9c91e3d09c687e83a5,GOLD#,H1,SHORT,SWING_LOW,2022-07-18T15:00:00,2022-07-18T18:00:00,1711.43,2022-07-18T19:00:00,1710.45,2022-07-18T20:00:00,1711.43,2022-07-18T21:00:00,1711.95,1712.75,1709.6,1709.79,1709.79,5.175,2022,"[""GOLD#_H1_202201030100_202212302300.csv:3203"",""GOLD#_H1_202201030100_202212302300.csv:3206"",""GOLD#_H1_202201030100_202212302300.csv:3207"",""GOLD#_H1_202201030100_202212302300.csv:3208""]",VALID,
7288812c3b4e5099125d166f39981f40ed2945fd5593c5e7721c6308e19e6666,GOLD#,H1,SHORT,SWING_LOW,2021-07-30T08:00:00,2021-07-30T11:00:00,1825.82,2021-07-30T16:00:00,1822.71,2021-07-30T17:00:00,1825.82,2021-07-30T20:00:00,1822.65,1822.67,1814.2,1814.33,1814.33,3.201428571428571428571428571,2021,"[""GOLD#_H1_202101040100_202112311800.csv:3397"",""GOLD#_H1_202101040100_202112311800.csv:3404"",""GOLD#_H1_202101040100_202112311800.csv:3407"",""GOLD#_H1_202101040100_202112311800.csv:3408""]",VALID,
72bcdf122e8c814128846ecc98e347768f90a08945e064fefdd662cf383b711c,GOLD#,H1,LONG,SWING_HIGH,2021-05-17T01:00:00,2021-05-17T04:00:00,1847.98,2021-05-17T05:00:00,1851.18,2021-05-17T15:00:00,1847.98,2021-05-17T17:00:00,1845.58,1856.51,1843.97,1854.32,1854.32,3.565714285714285714285714286,2021,"[""GOLD#_H1_202101040100_202112311800.csv:2156"",""GOLD#_H1_202101040100_202112311800.csv:2159"",""GOLD#_H1_202101040100_202112311800.csv:2170"",""GOLD#_H1_202101040100_202112311800.csv:2171""]",VALID,
72c5d7d80843672392750997e29f17dd50c03c8061591840554b9fb3a33b4750,GOLD#,H1,LONG,SWING_HIGH,2020-12-15T10:00:00,2020-12-15T13:00:00,1847.42,2020-12-15T16:00:00,1852.76,2020-12-15T17:00:00,1847.42,2020-12-15T20:00:00,1849.07,1850.75,1847.98,1850.37,1850.37,5.19,2020,"[""GOLD#_H1_202001020900_202012311800.csv:5657"",""GOLD#_H1_202001020900_202012311800.csv:5662"",""GOLD#_H1_202001020900_202012311800.csv:5665"",""GOLD#_H1_202001020900_202012311800.csv:5666""]",VALID,
72cb1f55a7e55494fcd6ea0173ed110e584770f6d60f782a05b2fff7c9d655af,GOLD#,H1,SHORT,SWING_LOW,2022-11-07T04:00:00,2022-11-07T07:00:00,1670.35,2022-11-07T10:00:00,1668.11,2022-11-07T11:00:00,1670.35,2022-11-07T14:00:00,1678.27,1678.45,1675.91,1676.99,1676.99,4.167857142857142857142857143,2022,"[""GOLD#_H1_202201030100_202212302300.csv:5030"",""GOLD#_H1_202201030100_202212302300.csv:5035"",""GOLD#_H1_202201030100_202212302300.csv:5038"",""GOLD#_H1_202201030100_202212302300.csv:5039""]",VALID,
733dab75fc9175a8b122183377c5a17cd3f7d33f121c7dde5ece708cdb378fbf,GOLD#,H1,LONG,SWING_HIGH,2021-05-05T06:00:00,2021-05-05T09:00:00,1783.32,2021-05-05T19:00:00,1784.03,2021-05-05T20:00:00,1783.32,2021-05-05T23:00:00,1784.39,1786.16,1784.08,1786.06,1786.06,4.135714285714285714285714286,2021,"[""GOLD#_H1_202101040100_202112311800.csv:1977"",""GOLD#_H1_202101040100_202112311800.csv:1989"",""GOLD#_H1_202101040100_202112311800.csv:1992"",""GOLD#_H1_202101040100_202112311800.csv:1993""]",VALID,
7454ea38dce1e63de456151f8845ec898242209dd602c9ec8333f663525620db,GOLD#,H1,LONG,SWING_HIGH,2021-07-06T10:00:00,2021-07-06T13:00:00,1809.09,2021-07-06T15:00:00,1809.78,2021-07-06T16:00:00,1809.09,2021-07-06T22:00:00,1795.43,1797.47,1794.21,1796.67,1796.67,5.071428571428571428571428571,2021,"[""GOLD#_H1_202101040100_202112311800.csv:2985"",""GOLD#_H1_202101040100_202112311800.csv:2989"",""GOLD#_H1_202101040100_202112311800.csv:2995"",""GOLD#_H1_202101040100_202112311800.csv:2996""]",VALID,
751c4154d3f62ef3c8a6b9ed3d4d904cb1f3c148fecd4cbac811c8c603e89c61,GOLD#,H1,LONG,SWING_HIGH,2021-10-29T22:00:00,2021-11-01T01:00:00,1783.7,2021-11-01T04:00:00,1784.53,2021-11-01T07:00:00,1783.7,2021-11-01T08:00:00,1783.58,1786.76,1783.41,1786.67,1786.67,3.344285714285714285714285714,2021,"[""GOLD#_H1_202101040100_202112311800.csv:4902"",""GOLD#_H1_202101040100_202112311800.csv:4907"",""GOLD#_H1_202101040100_202112311800.csv:4910"",""GOLD#_H1_202101040100_202112311800.csv:4911""]",VALID,
756431875fa0fc824a4557a041a9519db0e736d17acfab3c6f4c49380b33ae7b,GOLD#,H1,SHORT,SWING_LOW,2021-09-24T08:00:00,2021-09-24T11:00:00,1750.21,2021-09-24T15:00:00,1749.33,2021-09-24T16:00:00,1750.21,2021-09-24T17:00:00,1745.26,1745.35,1740.5,1742.88,1742.88,3.588571428571428571428571429,2021,"[""GOLD#_H1_202101040100_202112311800.csv:4313"",""GOLD#_H1_202101040100_202112311800.csv:4319"",""GOLD#_H1_202101040100_202112311800.csv:4320"",""GOLD#_H1_202101040100_202112311800.csv:4321""]",VALID,
75db773945e7f0c7177a55b1136aa7ee8e11aacd6c395259dbc60a89c865d741,GOLD#,H1,LONG,SWING_HIGH,2020-10-21T11:00:00,2020-10-21T14:00:00,1922.76,2020-10-21T16:00:00,1924.8,2020-10-21T17:00:00,1922.76,2020-10-21T18:00:00,1926.04,1931.37,1924.41,1927.44,1927.44,4.666428571428571428571428571,2020,"[""GOLD#_H1_202001020900_202012311800.csv:4768"",""GOLD#_H1_202001020900_202012311800.csv:4772"",""GOLD#_H1_202001020900_202012311800.csv:4773"",""GOLD#_H1_202001020900_202012311800.csv:4774""]",VALID,
75e926dea65753c8666abe8815273f81ca24c3f2b26b962aa9a91b6cb34f74f2,GOLD#,H1,LONG,SWING_HIGH,2020-03-03T06:00:00,2020-03-03T09:00:00,1601.12,2020-03-03T14:00:00,1602.97,2020-03-03T15:00:00,1601.12,2020-03-03T17:00:00,1605.18,1606.79,1601.78,1606.69,1606.69,4.447857142857142857142857143,2020,"[""GOLD#_H1_202001020900_202012311800.csv:980"",""GOLD#_H1_202001020900_202012311800.csv:987"",""GOLD#_H1_202001020900_202012311800.csv:989"",""GOLD#_H1_202001020900_202012311800.csv:990""]",VALID,
7679911b59f6781c7e54ca11d391e0cc3b27a5fa00d76b6a5842608862d3560d,GOLD#,H1,LONG,SWING_HIGH,2020-05-19T12:00:00,2020-05-19T15:00:00,1738.87,2020-05-19T18:00:00,1743.69,2020-05-19T19:00:00,1738.87,2020-05-19T21:00:00,1742.17,1743.33,1740.36,1742.82,1742.82,5.827857142857142857142857143,2020,"[""GOLD#_H1_202001020900_202012311800.csv:2228"",""GOLD#_H1_202001020900_202012311800.csv:2233"",""GOLD#_H1_202001020900_202012311800.csv:2235"",""GOLD#_H1_202001020900_202012311800.csv:2236""]",VALID,
769fe1cc86089d83854dacb2ddee45e1b6db68c443953536ebee279bdce464ef,GOLD#,H1,LONG,SWING_HIGH,2021-03-10T09:00:00,2021-03-10T12:00:00,1716.76,2021-03-10T16:00:00,1719.93,2021-03-10T17:00:00,1716.76,2021-03-10T21:00:00,1719.33,1724.04,1716.38,1723.3,1723.3,4.651428571428571428571428571,2021,"[""GOLD#_H1_202101040100_202112311800.csv:1083"",""GOLD#_H1_202101040100_202112311800.csv:1089"",""GOLD#_H1_202101040100_202112311800.csv:1093"",""GOLD#_H1_202101040100_202112311800.csv:1094""]",VALID,
76e2f3a60897d0e607fa4a4c60a18267bffe3cd5fd1a99c4d23a0c88b5936a8a,GOLD#,H1,SHORT,SWING_LOW,2022-03-30T07:00:00,2022-03-30T10:00:00,1921.93,2022-03-30T11:00:00,1920.94,2022-03-30T12:00:00,1921.93,2022-03-30T20:00:00,1937.02,1937.17,1931.72,1932.09,1932.09,5.675,2022,"[""GOLD#_H1_202201030100_202212302300.csv:1430"",""GOLD#_H1_202201030100_202212302300.csv:1433"",""GOLD#_H1_202201030100_202212302300.csv:1441"",""GOLD#_H1_202201030100_202212302300.csv:1442""]",VALID,
777f85fe575114992160cc200f0d76e0d062630ae294ed2b3a76d19c9bc4edd1,GOLD#,H1,SHORT,SWING_LOW,2022-01-26T16:00:00,2022-01-26T19:00:00,1831.21,2022-01-26T20:00:00,1830.21,2022-01-26T21:00:00,1831.21,2022-01-26T22:00:00,1828.9,1833.17,1815.54,1819.5,1819.5,4.195,2022,"[""GOLD#_H1_202201030100_202212302300.csv:406"",""GOLD#_H1_202201030100_202212302300.csv:409"",""GOLD#_H1_202201030100_202212302300.csv:410"",""GOLD#_H1_202201030100_202212302300.csv:411""]",VALID,
7818a376c0d4b0c33d58632ce0e72f1162196fee87e2fdab725221264fcc625b,GOLD#,H1,LONG,SWING_HIGH,2022-12-09T15:00:00,2022-12-09T18:00:00,1804.34,2022-12-09T19:00:00,1804.66,2022-12-09T20:00:00,1804.34,2022-12-09T22:00:00,1798.51,1800.13,1796.78,1799.72,1799.72,5.536428571428571428571428571,2022,"[""GOLD#_H1_202201030100_202212302300.csv:5588"",""GOLD#_H1_202201030100_202212302300.csv:5591"",""GOLD#_H1_202201030100_202212302300.csv:5593"",""GOLD#_H1_202201030100_202212302300.csv:5594""]",VALID,
78219019ee3878347514336ecd5aadf3fc0ebb7cd526cdc7982c82a620891ae8,GOLD#,H1,LONG,SWING_HIGH,2020-01-30T13:00:00,2020-01-30T16:00:00,1581.71,2020-01-30T18:00:00,1583.61,2020-01-30T19:00:00,1581.71,2020-01-30T20:00:00,1581.14,1585.91,1579.98,1584.78,1584.78,3.581428571428571428571428571,2020,"[""GOLD#_H1_202001020900_202012311800.csv:462"",""GOLD#_H1_202001020900_202012311800.csv:466"",""GOLD#_H1_202001020900_202012311800.csv:467"",""GOLD#_H1_202001020900_202012311800.csv:468""]",VALID,
7851585f997a21db291da2d1bc970e5cae25d147e4698164ecc2b7e79c6da863,GOLD#,H1,SHORT,SWING_LOW,2022-01-20T07:00:00,2022-01-20T10:00:00,1838.39,2022-01-20T13:00:00,1837.13,2022-01-20T14:00:00,1838.39,2022-01-20T19:00:00,1846.78,1846.78,1838.5,1841.7,1841.7,3.497142857142857142857142857,2022,"[""GOLD#_H1_202201030100_202212302300.csv:305"",""GOLD#_H1_202201030100_202212302300.csv:310"",""GOLD#_H1_202201030100_202212302300.csv:315"",""GOLD#_H1_202201030100_202212302300.csv:316""]",VALID,
785544556d9187f3d6a985521f2c6108b0aa8822725a3ddcbad46a0e94380be2,GOLD#,H1,SHORT,SWING_LOW,2021-02-23T12:00:00,2021-02-23T15:00:00,1803.49,2021-02-23T17:00:00,1801.51,2021-02-23T18:00:00,1803.49,2021-02-23T21:00:00,1806.7,1807.76,1801.86,1803.89,1803.89,5.637142857142857142857142857,2021,"[""GOLD#_H1_202101040100_202112311800.csv:833"",""GOLD#_H1_202101040100_202112311800.csv:837"",""GOLD#_H1_202101040100_202112311800.csv:840"",""GOLD#_H1_202101040100_202112311800.csv:841""]",VALID,
7858bcff1348832dc4f69211d081c0a8bf3e0fab13f0be6351274481998ebeca,GOLD#,H1,SHORT,SWING_LOW,2022-04-05T15:00:00,2022-04-05T18:00:00,1924.1,2022-04-05T19:00:00,1920.89,2022-04-05T20:00:00,1924.1,2022-04-05T23:00:00,1923.77,1924.66,1919.42,1920.34,1920.34,7.283571428571428571428571429,2022,"[""GOLD#_H1_202201030100_202212302300.csv:1530"",""GOLD#_H1_202201030100_202212302300.csv:1533"",""GOLD#_H1_202201030100_202212302300.csv:1536"",""GOLD#_H1_202201030100_202212302300.csv:1537""]",VALID,
786e237dff05e0d5f216f40e97811735a08ae616b4a6581537218038528ee747,GOLD#,H1,LONG,SWING_HIGH,2022-01-24T07:00:00,2022-01-24T10:00:00,1839.54,2022-01-24T11:00:00,1840.45,2022-01-24T13:00:00,1839.54,2022-01-24T20:00:00,1834.95,1838.63,1833.43,1838.45,1838.45,4.16,2022,"[""GOLD#_H1_202201030100_202212302300.csv:351"",""GOLD#_H1_202201030100_202212302300.csv:354"",""GOLD#_H1_202201030100_202212302300.csv:362"",""GOLD#_H1_202201030100_202212302300.csv:363""]",VALID,
786ff633c88d7c8a587f2325bfc4d95981083d313a741e7f37a9ac4a5a5e6de6,GOLD#,H1,LONG,SWING_HIGH,2020-05-13T09:00:00,2020-05-13T12:00:00,1705.91,2020-05-13T15:00:00,1708.18,2020-05-13T17:00:00,1705.91,2020-05-13T23:00:00,1712.36,1717.8,1712.15,1717.23,1717.23,5.292142857142857142857142857,2020,"[""GOLD#_H1_202001020900_202012311800.csv:2133"",""GOLD#_H1_202001020900_202012311800.csv:2138"",""GOLD#_H1_202001020900_202012311800.csv:2145"",""GOLD#_H1_202001020900_202012311800.csv:2146""]",VALID,
79373ecf74569795df09b229ec4313e9abd2cce3391276aa2df2ec16cf746af3,GOLD#,H1,SHORT,SWING_LOW,2021-08-18T14:00:00,2021-08-18T17:00:00,1782.75,2021-08-18T18:00:00,1781.7,2021-08-18T19:00:00,1782.75,2021-08-18T21:00:00,1782.98,1783.78,1780.5,1781.14,1781.14,3.985,2021,"[""GOLD#_H1_202101040100_202112311800.csv:3702"",""GOLD#_H1_202101040100_202112311800.csv:3705"",""GOLD#_H1_202101040100_202112311800.csv:3707"",""GOLD#_H1_202101040100_202112311800.csv:3708""]",VALID,
79cee3dd76c2fc63c46577f2be3a2b1aa0dcf9369f5a5107bd7be9753bd6c197,GOLD#,H1,LONG,SWING_HIGH,2020-11-09T01:00:00,2020-11-09T04:00:00,1959.75,2020-11-09T06:00:00,1960.73,2020-11-09T09:00:00,1959.75,2020-11-09T11:00:00,1956.85,1963.24,1956.02,1959.57,1959.57,4.665714285714285714285714286,2020,"[""GOLD#_H1_202001020900_202012311800.csv:5057"",""GOLD#_H1_202001020900_202012311800.csv:5061"",""GOLD#_H1_202001020900_202012311800.csv:5065"",""GOLD#_H1_202001020900_202012311800.csv:5066""]",VALID,
7a1f6baa487eeebd7a8c2ee5e6ba94c644b3c563b32e217c352551fab4e672d3,GOLD#,H1,SHORT,SWING_LOW,2022-08-12T14:00:00,2022-08-12T17:00:00,1784.91,2022-08-15T12:00:00,1783.56,2022-08-15T16:00:00,1784.91,2022-08-15T22:00:00,1780.08,1780.16,1777.44,1778.72,1778.72,5.113571428571428571428571429,2022,"[""GOLD#_H1_202201030100_202212302300.csv:3639"",""GOLD#_H1_202201030100_202212302300.csv:3659"",""GOLD#_H1_202201030100_202212302300.csv:3668"",""GOLD#_H1_202201030100_202212302300.csv:3669""]",VALID,
7a6b89324af07469a062becbde8d3fade1ac94f50504e99b3bbbbbbb96487b70,GOLD#,H1,LONG,SWING_HIGH,2022-03-17T13:00:00,2022-03-17T16:00:00,1946.87,2022-03-17T17:00:00,1948.56,2022-03-17T18:00:00,1946.87,2022-03-17T23:00:00,1937.41,1942.75,1936.37,1942.49,1942.49,6.551428571428571428571428571,2022,"[""GOLD#_H1_202201030100_202212302300.csv:1230"",""GOLD#_H1_202201030100_202212302300.csv:1233"",""GOLD#_H1_202201030100_202212302300.csv:1238"",""GOLD#_H1_202201030100_202212302300.csv:1239""]",VALID,
7a6e2c5680aa758668b5ee41f4b6fca127fe50e05a586c3f4d4094b70e070bae,GOLD#,H1,LONG,SWING_HIGH,2022-01-24T01:00:00,2022-01-24T04:00:00,1837.11,2022-01-24T07:00:00,1837.82,2022-01-24T08:00:00,1837.11,2022-01-24T11:00:00,1837.88,1841.65,1837.6,1840.45,1840.45,2.987142857142857142857142857,2022,"[""GOLD#_H1_202201030100_202212302300.csv:345"",""GOLD#_H1_202201030100_202212302300.csv:350"",""GOLD#_H1_202201030100_202212302300.csv:353"",""GOLD#_H1_202201030100_202212302300.csv:354""]",VALID,
7a86b84b2298ba8f9f4bf4aae350a7c8bbd5a0e40de139de38dd9f69c40485b5,GOLD#,H1,LONG,SWING_HIGH,2022-03-01T13:00:00,2022-03-01T16:00:00,1926.31,2022-03-01T18:00:00,1926.58,2022-03-01T19:00:00,1926.31,2022-03-01T21:00:00,1934.76,1942.72,1934.35,1941.85,1941.85,7.415714285714285714285714286,2022,"[""GOLD#_H1_202201030100_202212302300.csv:953"",""GOLD#_H1_202201030100_202212302300.csv:957"",""GOLD#_H1_202201030100_202212302300.csv:959"",""GOLD#_H1_202201030100_202212302300.csv:960""]",VALID,
7ad9aa965823c3d8b88ba3ad60b98cce11d2b014425e4b202670fff945514051,GOLD#,H1,SHORT,SWING_LOW,2020-03-18T11:00:00,2020-03-18T14:00:00,1487.33,2020-03-18T19:00:00,1485.47,2020-03-18T20:00:00,1487.33,2020-03-18T23:00:00,1495.3,1495.92,1483.54,1486.12,1486.12,18.87571428571428571428571429,2020,"[""GOLD#_H1_202001020900_202012311800.csv:1239"",""GOLD#_H1_202001020900_202012311800.csv:1246"",""GOLD#_H1_202001020900_202012311800.csv:1249"",""GOLD#_H1_202001020900_202012311800.csv:1250""]",VALID,
7ae8e14f9ac477f64f4660c143f149effd418514e9acd6be5a88f7a13603e88e,GOLD#,H1,SHORT,SWING_LOW,2021-06-04T20:00:00,2021-06-04T23:00:00,1888.19,2021-06-07T05:00:00,1887.07,2021-06-07T07:00:00,1888.19,2021-06-07T08:00:00,1887.23,1887.5,1885.51,1885.78,1885.78,3.064285714285714285714285714,2021,"[""GOLD#_H1_202101040100_202112311800.csv:2493"",""GOLD#_H1_202101040100_202112311800.csv:2500"",""GOLD#_H1_202101040100_202112311800.csv:2502"",""GOLD#_H1_202101040100_202112311800.csv:2503""]",VALID,
7aedeea9afca7c52f86374b37c353ac3e27aa3645f642b2030d355f223398537,GOLD#,H1,LONG,SWING_HIGH,2021-09-14T10:00:00,2021-09-14T13:00:00,1794.97,2021-09-14T16:00:00,1796.93,2021-09-14T17:00:00,1794.97,2021-09-14T18:00:00,1793.87,1807.93,1791.95,1804.4,1804.4,4.285,2021,"[""GOLD#_H1_202101040100_202112311800.csv:4131"",""GOLD#_H1_202101040100_202112311800.csv:4136"",""GOLD#_H1_202101040100_202112311800.csv:4137"",""GOLD#_H1_202101040100_202112311800.csv:4138""]",VALID,
7b337325567c7ecb94b5dded2a47cfc2e8fb6e35e15191f7a67a7f675319b0f0,GOLD#,H1,LONG,SWING_HIGH,2021-06-02T10:00:00,2021-06-02T13:00:00,1900.65,2021-06-02T15:00:00,1901.15,2021-06-02T18:00:00,1900.65,2021-06-02T20:00:00,1905.52,1906.92,1905.29,1906.4,1906.4,4.292142857142857142857142857,2021,"[""GOLD#_H1_202101040100_202112311800.csv:2437"",""GOLD#_H1_202101040100_202112311800.csv:2441"",""GOLD#_H1_202101040100_202112311800.csv:2445"",""GOLD#_H1_202101040100_202112311800.csv:2446""]",VALID,
7b874a538a658a6d5eef90a956300a397358e1585cc339bdf4f80b7e9b7a86f4,GOLD#,H1,LONG,SWING_HIGH,2022-08-03T08:00:00,2022-08-03T11:00:00,1770.63,2022-08-03T16:00:00,1771.86,2022-08-03T17:00:00,1770.63,2022-08-03T21:00:00,1759.37,1762.31,1758.82,1761.87,1761.87,5.103571428571428571428571429,2022,"[""GOLD#_H1_202201030100_202212302300.csv:3472"",""GOLD#_H1_202201030100_202212302300.csv:3479"",""GOLD#_H1_202201030100_202212302300.csv:3483"",""GOLD#_H1_202201030100_202212302300.csv:3484""]",VALID,
7bb3b662b915d39205d234e4f7f80ced7eb8b8c1f4ad52e94544f6e1b625d39a,GOLD#,H1,SHORT,SWING_LOW,2021-07-15T06:00:00,2021-07-15T09:00:00,1823.61,2021-07-15T16:00:00,1823.29,2021-07-15T17:00:00,1823.61,2021-07-15T18:00:00,1825.22,1825.55,1820.38,1821.1,1821.1,3.887857142857142857142857143,2021,"[""GOLD#_H1_202101040100_202112311800.csv:3142"",""GOLD#_H1_202101040100_202112311800.csv:3151"",""GOLD#_H1_202101040100_202112311800.csv:3152"",""GOLD#_H1_202101040100_202112311800.csv:3153""]",VALID,
7be95ba0473faff5fa128404c84ccf15ec74e800e79823a2cb6503a1379e74a9,GOLD#,H1,SHORT,SWING_LOW,2021-09-14T04:00:00,2021-09-14T07:00:00,1789.63,2021-09-14T12:00:00,1788.81,2021-09-14T16:00:00,1789.63,2021-09-14T20:00:00,1805.94,1806.23,1803.28,1803.65,1803.65,5.417142857142857142857142857,2021,"[""GOLD#_H1_202101040100_202112311800.csv:4125"",""GOLD#_H1_202101040100_202112311800.csv:4132"",""GOLD#_H1_202101040100_202112311800.csv:4139"",""GOLD#_H1_202101040100_202112311800.csv:4140""]",VALID,
7d57588a5e7b735cc74aef155776b08f408af04ba9a9bd719ef95dda637d0b14,GOLD#,H1,SHORT,SWING_LOW,2021-11-16T09:00:00,2021-11-16T12:00:00,1862.23,2021-11-16T17:00:00,1859.44,2021-11-16T18:00:00,1862.23,2021-11-16T19:00:00,1861.12,1861.42,1853.58,1855.2,1855.2,5.122142857142857142857142857,2021,"[""GOLD#_H1_202101040100_202112311800.csv:5165"",""GOLD#_H1_202101040100_202112311800.csv:5172"",""GOLD#_H1_202101040100_202112311800.csv:5173"",""GOLD#_H1_202101040100_202112311800.csv:5174""]",VALID,
7d6f332f0d5f7ca443aaac9e8d8adb7be6825c3a08935120674d882b55328e8f,GOLD#,H1,SHORT,SWING_LOW,2020-02-27T09:00:00,2020-02-27T12:00:00,1641.28,2020-02-27T20:00:00,1640.69,2020-02-27T21:00:00,1641.28,2020-02-27T23:00:00,1641.38,1643.31,1635.52,1636.91,1636.91,7.257857142857142857142857143,2020,"[""GOLD#_H1_202001020900_202012311800.csv:914"",""GOLD#_H1_202001020900_202012311800.csv:924"",""GOLD#_H1_202001020900_202012311800.csv:926"",""GOLD#_H1_202001020900_202012311800.csv:927""]",VALID,
7daa5c736b378f69543d0e90bb8fc0699d24f9ff3381dd84cac67266f8f85a57,GOLD#,H1,LONG,SWING_HIGH,2021-03-19T05:00:00,2021-03-19T08:00:00,1734.99,2021-03-19T09:00:00,1740.35,2021-03-19T14:00:00,1734.99,2021-03-19T18:00:00,1735.59,1740.76,1734.31,1739.89,1739.89,5.383571428571428571428571429,2021,"[""GOLD#_H1_202101040100_202112311800.csv:1241"",""GOLD#_H1_202101040100_202112311800.csv:1244"",""GOLD#_H1_202101040100_202112311800.csv:1252"",""GOLD#_H1_202101040100_202112311800.csv:1253""]",VALID,
7df1d134534ee186e4886d3652d689d045671a269b31c325f5da87ec27bec069,GOLD#,H1,SHORT,SWING_LOW,2022-01-10T02:00:00,2022-01-10T05:00:00,1792.29,2022-01-10T06:00:00,1792.02,2022-01-10T07:00:00,1792.29,2022-01-10T15:00:00,1800.26,1801.38,1791.63,1791.96,1791.96,2.94,2022,"[""GOLD#_H1_202201030100_202212302300.csv:118"",""GOLD#_H1_202201030100_202212302300.csv:121"",""GOLD#_H1_202201030100_202212302300.csv:129"",""GOLD#_H1_202201030100_202212302300.csv:130""]",VALID,
7e26f88010c0a366ef45d44fbafc5f575289fa88d33d4e62674a32ede3277d9f,GOLD#,H1,LONG,SWING_HIGH,2021-05-14T12:00:00,2021-05-14T15:00:00,1837.31,2021-05-14T17:00:00,1838.69,2021-05-14T18:00:00,1837.31,2021-05-14T22:00:00,1839.56,1841.77,1839.52,1841.68,1841.68,4.512142857142857142857142857,2021,"[""GOLD#_H1_202101040100_202112311800.csv:2144"",""GOLD#_H1_202101040100_202112311800.csv:2148"",""GOLD#_H1_202101040100_202112311800.csv:2152"",""GOLD#_H1_202101040100_202112311800.csv:2153""]",VALID,
7ea9c15c71b122e73c06d489cdbb8f4f8db0cf781dc249da7a5724ef5d4556c8,GOLD#,H1,LONG,SWING_HIGH,2022-03-07T03:00:00,2022-03-07T06:00:00,2000.96,2022-03-07T13:00:00,2002.25,2022-03-07T14:00:00,2000.96,2022-03-07T20:00:00,1979.63,1986.09,1978.5,1984.21,1984.21,11.14071428571428571428571429,2022,"[""GOLD#_H1_202201030100_202212302300.csv:1035"",""GOLD#_H1_202201030100_202212302300.csv:1044"",""GOLD#_H1_202201030100_202212302300.csv:1050"",""GOLD#_H1_202201030100_202212302300.csv:1051""]",VALID,
7fa01beefce96330a54678dde4f57df427d99bdbc62cc0171fb41db536731f7e,GOLD#,H1,LONG,SWING_HIGH,2022-10-17T04:00:00,2022-10-17T07:00:00,1652.61,2022-10-17T09:00:00,1653.83,2022-10-17T10:00:00,1652.61,2022-10-17T11:00:00,1649.73,1657.44,1649.73,1655.95,1655.95,3.807857142857142857142857143,2022,"[""GOLD#_H1_202201030100_202212302300.csv:4685"",""GOLD#_H1_202201030100_202212302300.csv:4689"",""GOLD#_H1_202201030100_202212302300.csv:4690"",""GOLD#_H1_202201030100_202212302300.csv:4691""]",VALID,
7fe8995ece3df4e3a9cf357d0cac08fa5276bd3c7cd72d93e9ccd5b25543621f,GOLD#,H1,SHORT,SWING_LOW,2022-06-03T12:00:00,2022-06-03T15:00:00,1863.3,2022-06-03T16:00:00,1858.3,2022-06-03T17:00:00,1863.3,2022-06-03T19:00:00,1857.7,1857.91,1851.56,1851.88,1851.88,3.910714285714285714285714286,2022,"[""GOLD#_H1_202201030100_202212302300.csv:2491"",""GOLD#_H1_202201030100_202212302300.csv:2494"",""GOLD#_H1_202201030100_202212302300.csv:2496"",""GOLD#_H1_202201030100_202212302300.csv:2497""]",VALID,
80055615b529519a1cd323626a76379b60869e73d26087cc6a719c3a7a1b8acf,GOLD#,H1,SHORT,SWING_LOW,2021-08-20T17:00:00,2021-08-20T20:00:00,1778.34,2021-08-23T02:00:00,1778.18,2021-08-23T03:00:00,1778.34,2021-08-23T09:00:00,1787.63,1788.14,1786.21,1786.24,1786.24,3.222857142857142857142857143,2021,"[""GOLD#_H1_202101040100_202112311800.csv:3751"",""GOLD#_H1_202101040100_202112311800.csv:3758"",""GOLD#_H1_202101040100_202112311800.csv:3764"",""GOLD#_H1_202101040100_202112311800.csv:3765""]",VALID,
80b60d124c27d9fd8ec7b8e70df93f750d78fa60c9c16c616e16238b623bf608,GOLD#,H1,SHORT,SWING_LOW,2022-06-30T07:00:00,2022-06-30T10:00:00,1815,2022-06-30T13:00:00,1812.95,2022-06-30T16:00:00,1815,2022-06-30T18:00:00,1817.02,1818.05,1804.79,1809.03,1809.03,5.562857142857142857142857143,2022,"[""GOLD#_H1_202201030100_202212302300.csv:2921"",""GOLD#_H1_202201030100_202212302300.csv:2926"",""GOLD#_H1_202201030100_202212302300.csv:2930"",""GOLD#_H1_202201030100_202212302300.csv:2931""]",VALID,
80b848a5502ae4bbba0305be41c0ed2c9ed17e20f972e2042bc242aac3b73aec,GOLD#,H1,SHORT,SWING_LOW,2020-04-21T08:00:00,2020-04-21T11:00:00,1685.85,2020-04-21T13:00:00,1677.58,2020-04-21T18:00:00,1685.85,2020-04-21T20:00:00,1677.26,1681.74,1671.63,1672.77,1672.77,10.41571428571428571428571429,2020,"[""GOLD#_H1_202001020900_202012311800.csv:1764"",""GOLD#_H1_202001020900_202012311800.csv:1768"",""GOLD#_H1_202001020900_202012311800.csv:1774"",""GOLD#_H1_202001020900_202012311800.csv:1775""]",VALID,
81888867c8bd00fed073e3a319885beff60acd60b746ca2fd224dee7325b4d68,GOLD#,H1,SHORT,SWING_LOW,2020-03-04T17:00:00,2020-03-04T20:00:00,1636.87,2020-03-04T21:00:00,1636.15,2020-03-04T22:00:00,1636.87,2020-03-05T00:00:00,1638.39,1638.39,1634.07,1636.45,1636.45,6.556428571428571428571428571,2020,"[""GOLD#_H1_202001020900_202012311800.csv:1014"",""GOLD#_H1_202001020900_202012311800.csv:1017"",""GOLD#_H1_202001020900_202012311800.csv:1019"",""GOLD#_H1_202001020900_202012311800.csv:1020""]",VALID,
823ef7e8e88fd2315e469737b4f05e497a4b86f5d1c74699d2f72464750b16ea,GOLD#,H1,SHORT,SWING_LOW,2022-12-05T01:00:00,2022-12-05T04:00:00,1794.33,2022-12-05T14:00:00,1793.91,2022-12-05T15:00:00,1794.33,2022-12-05T16:00:00,1797.88,1798.47,1790.94,1792.55,1792.55,4.013571428571428571428571429,2022,"[""GOLD#_H1_202201030100_202212302300.csv:5482"",""GOLD#_H1_202201030100_202212302300.csv:5494"",""GOLD#_H1_202201030100_202212302300.csv:5495"",""GOLD#_H1_202201030100_202212302300.csv:5496""]",VALID,
826b3f63222148b904439112e94e22695530e3b962182927aafc07fd16558f5e,GOLD#,H1,SHORT,SWING_LOW,2021-07-16T10:00:00,2021-07-16T13:00:00,1820.85,2021-07-16T14:00:00,1819.49,2021-07-16T16:00:00,1820.85,2021-07-16T18:00:00,1824.99,1826.09,1811.79,1812.68,1812.68,3.888571428571428571428571429,2021,"[""GOLD#_H1_202101040100_202112311800.csv:3169"",""GOLD#_H1_202101040100_202112311800.csv:3172"",""GOLD#_H1_202101040100_202112311800.csv:3175"",""GOLD#_H1_202101040100_202112311800.csv:3176""]",VALID,
83c13e5c7e1a6b9faa8ee63af550b501ab663127345a5573641974c35db04c1c,GOLD#,H1,LONG,SWING_HIGH,2022-04-04T11:00:00,2022-04-04T14:00:00,1933.08,2022-04-04T18:00:00,1934.66,2022-04-04T19:00:00,1933.08,2022-04-04T22:00:00,1929.51,1933.31,1928.81,1932,1932,5.864285714285714285714285714,2022,"[""GOLD#_H1_202201030100_202212302300.csv:1503"",""GOLD#_H1_202201030100_202212302300.csv:1509"",""GOLD#_H1_202201030100_202212302300.csv:1512"",""GOLD#_H1_202201030100_202212302300.csv:1513""]",VALID,
83f57d634cff108cd098eb1424cdd15613dfb5323a48019b4fa8ed235cfafa4c,GOLD#,H1,SHORT,SWING_LOW,2022-04-04T13:00:00,2022-04-04T16:00:00,1925.56,2022-04-04T17:00:00,1925.3,2022-04-04T18:00:00,1925.56,2022-04-04T21:00:00,1931.52,1931.67,1928.76,1929.52,1929.52,5.806428571428571428571428571,2022,"[""GOLD#_H1_202201030100_202212302300.csv:1505"",""GOLD#_H1_202201030100_202212302300.csv:1508"",""GOLD#_H1_202201030100_202212302300.csv:1511"",""GOLD#_H1_202201030100_202212302300.csv:1512""]",VALID,
856da9ef590ab19e8f87f3164b6de103b0f600702c656da9d839f67c0bb725d8,GOLD#,H1,LONG,SWING_HIGH,2021-11-03T10:00:00,2021-11-03T13:00:00,1783.85,2021-11-03T14:00:00,1784.54,2021-11-03T15:00:00,1783.85,2021-11-03T20:00:00,1761.96,1766.06,1761.71,1764.86,1764.86,4.64,2021,"[""GOLD#_H1_202101040100_202112311800.csv:4960"",""GOLD#_H1_202101040100_202112311800.csv:4963"",""GOLD#_H1_202101040100_202112311800.csv:4968"",""GOLD#_H1_202101040100_202112311800.csv:4969""]",VALID,
860bd280027c622f6074e1dce0c86fe0f878b83f02a8ee22d38cbba071d1f29d,GOLD#,H1,LONG,SWING_HIGH,2021-06-30T05:00:00,2021-06-30T08:00:00,1764.55,2021-06-30T18:00:00,1765.51,2021-06-30T19:00:00,1764.55,2021-06-30T20:00:00,1765.41,1774.33,1765.41,1772.18,1772.18,4.693571428571428571428571429,2021,"[""GOLD#_H1_202101040100_202112311800.csv:2892"",""GOLD#_H1_202101040100_202112311800.csv:2904"",""GOLD#_H1_202101040100_202112311800.csv:2905"",""GOLD#_H1_202101040100_202112311800.csv:2906""]",VALID,
868f2e84bb7b54339add5c9c23eb9497b1767c598015e4739f937a7a07c88f31,GOLD#,H1,LONG,SWING_HIGH,2022-09-05T07:00:00,2022-09-05T10:00:00,1714.04,2022-09-05T13:00:00,1714.16,2022-09-05T14:00:00,1714.04,2022-09-05T20:00:00,1710.46,1712.2,1710.18,1712.15,1712.15,2.916428571428571428571428571,2022,"[""GOLD#_H1_202201030100_202212302300.csv:4000"",""GOLD#_H1_202201030100_202212302300.csv:4005"",""GOLD#_H1_202201030100_202212302300.csv:4011"",""GOLD#_H1_202201030100_202212302300.csv:4012""]",VALID,
86dca7032358566b384f3e14dd5ca8ccb89123d75deb604a2643181ca234f899,GOLD#,H1,SHORT,SWING_LOW,2020-12-14T01:00:00,2020-12-14T04:00:00,1833.86,2020-12-14T09:00:00,1833.56,2020-12-14T10:00:00,1833.86,2020-12-14T11:00:00,1832.92,1834.26,1826.15,1828.18,1828.18,2.886428571428571428571428571,2020,"[""GOLD#_H1_202001020900_202012311800.csv:5625"",""GOLD#_H1_202001020900_202012311800.csv:5632"",""GOLD#_H1_202001020900_202012311800.csv:5633"",""GOLD#_H1_202001020900_202012311800.csv:5634""]",VALID,
872bc6bca7d7c9a48fe3144b4f79fe9b153f39c5b335768db77ce713b865e031,GOLD#,H1,SHORT,SWING_LOW,2022-12-09T17:00:00,2022-12-09T20:00:00,1790.19,2022-12-12T05:00:00,1788.27,2022-12-12T10:00:00,1790.19,2022-12-12T15:00:00,1794.42,1794.71,1788.22,1789.34,1789.34,2.991428571428571428571428571,2022,"[""GOLD#_H1_202201030100_202212302300.csv:5590"",""GOLD#_H1_202201030100_202212302300.csv:5600"",""GOLD#_H1_202201030100_202212302300.csv:5609"",""GOLD#_H1_202201030100_202212302300.csv:5610""]",VALID,
87dd77723c5b904c8d00b9d187f6d8180e81c0bf838d97c94732df134eb37c10,GOLD#,H1,SHORT,SWING_LOW,2020-12-28T08:00:00,2020-12-28T11:00:00,1877.25,2020-12-28T14:00:00,1872.89,2020-12-28T15:00:00,1877.25,2020-12-28T18:00:00,1893.68,1896.45,1878.66,1881.11,1881.11,7.060714285714285714285714286,2020,"[""GOLD#_H1_202001020900_202012311800.csv:5834"",""GOLD#_H1_202001020900_202012311800.csv:5839"",""GOLD#_H1_202001020900_202012311800.csv:5842"",""GOLD#_H1_202001020900_202012311800.csv:5843""]",VALID,
894d76c00ec849445f1f04592bb2f48569fdd151df1179bda26c7e03af0d5641,GOLD#,H1,LONG,SWING_HIGH,2020-03-13T09:00:00,2020-03-13T12:00:00,1594.22,2020-03-13T15:00:00,1595.05,2020-03-13T16:00:00,1594.22,2020-03-13T23:00:00,1523.68,1532.93,1516.36,1529.26,1529.26,18.555,2020,"[""GOLD#_H1_202001020900_202012311800.csv:1168"",""GOLD#_H1_202001020900_202012311800.csv:1173"",""GOLD#_H1_202001020900_202012311800.csv:1180"",""GOLD#_H1_202001020900_202012311800.csv:1181""]",VALID,
8981c4d8b9d6323a942b015308c53be2aa3e472a430e58a1747d71be84ff2b20,GOLD#,H1,LONG,SWING_HIGH,2020-12-10T12:00:00,2020-12-10T15:00:00,1838.69,2020-12-10T16:00:00,1845.31,2020-12-10T18:00:00,1838.69,2020-12-10T22:00:00,1833.57,1836.05,1831.85,1835.48,1835.48,6.946428571428571428571428571,2020,"[""GOLD#_H1_202001020900_202012311800.csv:5590"",""GOLD#_H1_202001020900_202012311800.csv:5593"",""GOLD#_H1_202001020900_202012311800.csv:5598"",""GOLD#_H1_202001020900_202012311800.csv:5599""]",VALID,
8998da95ca17523617a764c8fe03f2a4a85182770bbcfaf6c9959f4456cb1db2,GOLD#,H1,SHORT,SWING_LOW,2020-04-17T17:00:00,2020-04-17T20:00:00,1683.66,2020-04-17T22:00:00,1683.12,2020-04-17T23:00:00,1683.66,2020-04-20T02:00:00,1681.02,1683.94,1674.62,1674.64,1674.64,8.366428571428571428571428571,2020,"[""GOLD#_H1_202001020900_202012311800.csv:1727"",""GOLD#_H1_202001020900_202012311800.csv:1731"",""GOLD#_H1_202001020900_202012311800.csv:1733"",""GOLD#_H1_202001020900_202012311800.csv:1734""]",VALID,
8a1399903fa4560eabb7a7e3b10817447b24756002bd5c2d474579fcfe72d11e,GOLD#,H1,LONG,SWING_HIGH,2021-09-09T06:00:00,2021-09-09T09:00:00,1790.46,2021-09-09T11:00:00,1792.3,2021-09-09T17:00:00,1790.46,2021-09-09T19:00:00,1789.09,1792.83,1788.1,1792.17,1792.17,4.227142857142857142857142857,2021,"[""GOLD#_H1_202101040100_202112311800.csv:4058"",""GOLD#_H1_202101040100_202112311800.csv:4062"",""GOLD#_H1_202101040100_202112311800.csv:4069"",""GOLD#_H1_202101040100_202112311800.csv:4070""]",VALID,
8aeb266e9cbdb272e62a69595ac0415e4d04f0efa9ed81d3ae11c5b683a0e139,GOLD#,H1,SHORT,SWING_LOW,2021-09-17T21:00:00,2021-09-18T00:00:00,1750.02,2021-09-20T06:00:00,1748.81,2021-09-20T09:00:00,1750.02,2021-09-20T15:00:00,1756.98,1758.41,1753.94,1755.83,1755.83,3.973571428571428571428571429,2021,"[""GOLD#_H1_202101040100_202112311800.csv:4211"",""GOLD#_H1_202101040100_202112311800.csv:4218"",""GOLD#_H1_202101040100_202112311800.csv:4226"",""GOLD#_H1_202101040100_202112311800.csv:4227""]",VALID,
8bbe91e5b2281970952c2be19012783239294ceadbbe64f97a25a0cb4c3a7448,GOLD#,H1,LONG,SWING_HIGH,2020-01-23T07:00:00,2020-01-23T10:00:00,1560.86,2020-01-23T17:00:00,1562.97,2020-01-23T18:00:00,1560.86,2020-01-23T19:00:00,1562.67,1566.95,1562.39,1563.79,1563.79,3.461428571428571428571428571,2020,"[""GOLD#_H1_202001020900_202012311800.csv:341"",""GOLD#_H1_202001020900_202012311800.csv:350"",""GOLD#_H1_202001020900_202012311800.csv:351"",""GOLD#_H1_202001020900_202012311800.csv:352""]",VALID,
8c80daf6473cb68d0a42ca9eebf36de098c95cfe537925250290465608ca3dcb,GOLD#,H1,LONG,SWING_HIGH,2020-06-05T19:00:00,2020-06-05T22:00:00,1683.42,2020-06-06T00:00:00,1685.38,2020-06-08T02:00:00,1683.42,2020-06-08T04:00:00,1681.35,1684.56,1680.57,1682.16,1682.16,7.495714285714285714285714286,2020,"[""GOLD#_H1_202001020900_202012311800.csv:2530"",""GOLD#_H1_202001020900_202012311800.csv:2534"",""GOLD#_H1_202001020900_202012311800.csv:2536"",""GOLD#_H1_202001020900_202012311800.csv:2537""]",VALID,
8ca2735b4e633afaeca4e21f919ccb3608b5a8d07b25bbe0218f61a5f60d33a3,GOLD#,H1,LONG,SWING_HIGH,2021-02-10T09:00:00,2021-02-10T12:00:00,1847,2021-02-10T16:00:00,1851.22,2021-02-10T17:00:00,1847,2021-02-10T20:00:00,1841,1842.86,1837.66,1842.32,1842.32,6.160714285714285714285714286,2021,"[""GOLD#_H1_202101040100_202112311800.csv:627"",""GOLD#_H1_202101040100_202112311800.csv:633"",""GOLD#_H1_202101040100_202112311800.csv:636"",""GOLD#_H1_202101040100_202112311800.csv:637""]",VALID,
8cb97ec79b9294d55ddc891617b7d87deacca224d07667aefb20259286d76875,GOLD#,H1,SHORT,SWING_LOW,2022-02-21T03:00:00,2022-02-21T06:00:00,1891.56,2022-02-21T08:00:00,1891.53,2022-02-21T09:00:00,1891.56,2022-02-21T14:00:00,1897.32,1898.64,1894.32,1894.55,1894.55,5.716428571428571428571428571,2022,"[""GOLD#_H1_202201030100_202212302300.csv:807"",""GOLD#_H1_202201030100_202212302300.csv:811"",""GOLD#_H1_202201030100_202212302300.csv:816"",""GOLD#_H1_202201030100_202212302300.csv:817""]",VALID,
8d2ffac6ed9ae05a36654920bd2896f24017c30e28c2feec0fc762799e4409ee,GOLD#,H1,SHORT,SWING_LOW,2020-06-30T08:00:00,2020-06-30T11:00:00,1769.2,2020-06-30T15:00:00,1765.95,2020-06-30T16:00:00,1769.2,2020-06-30T21:00:00,1783.57,1784.25,1779.88,1780,1780,4.325,2020,"[""GOLD#_H1_202001020900_202012311800.csv:2910"",""GOLD#_H1_202001020900_202012311800.csv:2916"",""GOLD#_H1_202001020900_202012311800.csv:2921"",""GOLD#_H1_202001020900_202012311800.csv:2922""]",VALID,
8dc7dbe088eb6fdccaf31bc4ca3f319af2c2d2c61ce3a2e474b9e5fa9f5cbc5b,GOLD#,H1,LONG,SWING_HIGH,2021-11-05T04:00:00,2021-11-05T07:00:00,1796.08,2021-11-05T09:00:00,1796.65,2021-11-05T10:00:00,1796.08,2021-11-05T16:00:00,1790.92,1803.48,1790.59,1799.31,1799.31,3.712857142857142857142857143,2021,"[""GOLD#_H1_202101040100_202112311800.csv:5000"",""GOLD#_H1_202101040100_202112311800.csv:5004"",""GOLD#_H1_202101040100_202112311800.csv:5010"",""GOLD#_H1_202101040100_202112311800.csv:5011""]",VALID,
8de97df6d1460a451d3b44bc65660ef944976d038163519f52f08b685414447c,GOLD#,H1,SHORT,SWING_LOW,2021-09-13T10:00:00,2021-09-13T13:00:00,1786.89,2021-09-13T16:00:00,1785.9,2021-09-13T17:00:00,1786.89,2021-09-13T20:00:00,1795.22,1795.51,1792.93,1793.71,1793.71,3.771428571428571428571428571,2021,"[""GOLD#_H1_202101040100_202112311800.csv:4108"",""GOLD#_H1_202101040100_202112311800.csv:4113"",""GOLD#_H1_202101040100_202112311800.csv:4116"",""GOLD#_H1_202101040100_202112311800.csv:4117""]",VALID,
8dfb0b1da4661def55a68869239bb6603db458c715dc739a625a5e175d5c695e,GOLD#,H1,SHORT,SWING_LOW,2021-01-26T09:00:00,2021-01-26T12:00:00,1850,2021-01-26T13:00:00,1849.15,2021-01-26T14:00:00,1850,2021-01-26T21:00:00,1852.71,1853.67,1850.98,1851.85,1851.85,5.056428571428571428571428571,2021,"[""GOLD#_H1_202101040100_202112311800.csv:374"",""GOLD#_H1_202101040100_202112311800.csv:377"",""GOLD#_H1_202101040100_202112311800.csv:384"",""GOLD#_H1_202101040100_202112311800.csv:385""]",VALID,
8f20228bdf769b7565cb1a0d8c085d120817737f3fc9348248a395f331a0db26,GOLD#,H1,LONG,SWING_HIGH,2020-01-17T15:00:00,2020-01-17T18:00:00,1560.69,2020-01-20T08:00:00,1561.84,2020-01-20T10:00:00,1560.69,2020-01-20T16:00:00,1559.55,1560.94,1558.18,1560.35,1560.35,1.665714285714285714285714286,2020,"[""GOLD#_H1_202001020900_202012311800.csv:261"",""GOLD#_H1_202001020900_202012311800.csv:276"",""GOLD#_H1_202001020900_202012311800.csv:283"",""GOLD#_H1_202001020900_202012311800.csv:284""]",VALID,
9011fef6f95d72aa4e13b8e839444251a2b87880411abc9a2f8098c16a83862c,GOLD#,H1,LONG,SWING_HIGH,2021-09-24T18:00:00,2021-09-24T21:00:00,1754.03,2021-09-27T05:00:00,1758.84,2021-09-27T11:00:00,1754.03,2021-09-27T16:00:00,1748.24,1755.03,1748.1,1753.86,1753.86,3.728571428571428571428571429,2021,"[""GOLD#_H1_202101040100_202112311800.csv:4323"",""GOLD#_H1_202101040100_202112311800.csv:4332"",""GOLD#_H1_202101040100_202112311800.csv:4342"",""GOLD#_H1_202101040100_202112311800.csv:4343""]",VALID,
906ec4e673683a81dcecb0212efb117a37c6f1307efbb36217165838618edae9,GOLD#,H1,LONG,SWING_HIGH,2022-08-12T16:00:00,2022-08-12T19:00:00,1798.7,2022-08-12T21:00:00,1798.98,2022-08-12T22:00:00,1798.7,2022-08-15T04:00:00,1799.11,1801.55,1798.73,1801.2,1801.2,4.216428571428571428571428571,2022,"[""GOLD#_H1_202201030100_202212302300.csv:3641"",""GOLD#_H1_202201030100_202212302300.csv:3645"",""GOLD#_H1_202201030100_202212302300.csv:3650"",""GOLD#_H1_202201030100_202212302300.csv:3651""]",VALID,
90b5efe350a2254b04a6f10006f8f7e79d4a88d25af69b2a748ee2915770347f,GOLD#,H1,LONG,SWING_HIGH,2021-01-25T07:00:00,2021-01-25T10:00:00,1856.56,2021-01-25T13:00:00,1862.59,2021-01-25T17:00:00,1856.56,2021-01-25T20:00:00,1855.19,1859.09,1854.47,1858.34,1858.34,5.66,2021,"[""GOLD#_H1_202101040100_202112311800.csv:349"",""GOLD#_H1_202101040100_202112311800.csv:354"",""GOLD#_H1_202101040100_202112311800.csv:360"",""GOLD#_H1_202101040100_202112311800.csv:361""]",VALID,
90bd94ae36df2fa29f226172b8e3498c4a3a6a224dc5203cf8c5cbe4a93b994a,GOLD#,H1,LONG,SWING_HIGH,2020-07-02T05:00:00,2020-07-02T08:00:00,1770.3,2020-07-02T12:00:00,1772.25,2020-07-02T16:00:00,1770.3,2020-07-02T17:00:00,1760.14,1774.15,1757.23,1773.46,1773.46,3.537142857142857142857142857,2020,"[""GOLD#_H1_202001020900_202012311800.csv:2953"",""GOLD#_H1_202001020900_202012311800.csv:2959"",""GOLD#_H1_202001020900_202012311800.csv:2963"",""GOLD#_H1_202001020900_202012311800.csv:2964""]",VALID,
90d327db468d41a15c18f9dc4374d9965cd9c8ca68d857cbf6ccbd8da40c6960,GOLD#,H1,SHORT,SWING_LOW,2020-08-03T10:00:00,2020-08-03T13:00:00,1970.29,2020-08-03T14:00:00,1967.82,2020-08-03T15:00:00,1970.29,2020-08-03T17:00:00,1967.57,1971.16,1961.69,1964.4,1964.4,5.096428571428571428571428571,2020,"[""GOLD#_H1_202001020900_202012311800.csv:3460"",""GOLD#_H1_202001020900_202012311800.csv:3463"",""GOLD#_H1_202001020900_202012311800.csv:3465"",""GOLD#_H1_202001020900_202012311800.csv:3466""]",VALID,
90fb352e60c1b69c8ce2a882f4c57e8e98c9521266068224fd8fbf7777b0b7b2,GOLD#,H1,SHORT,SWING_LOW,2021-09-10T16:00:00,2021-09-10T19:00:00,1789.55,2021-09-10T21:00:00,1789.42,2021-09-10T22:00:00,1789.55,2021-09-10T23:00:00,1790.49,1790.66,1787.2,1787.78,1787.78,4.727857142857142857142857143,2021,"[""GOLD#_H1_202101040100_202112311800.csv:4091"",""GOLD#_H1_202101040100_202112311800.csv:4095"",""GOLD#_H1_202101040100_202112311800.csv:4096"",""GOLD#_H1_202101040100_202112311800.csv:4097""]",VALID,
91ba18d818aba8f6f9466fa9797ee5c1420425c003079646820ac825154bc726,GOLD#,H1,SHORT,SWING_LOW,2020-12-22T09:00:00,2020-12-22T12:00:00,1866.62,2020-12-22T18:00:00,1861.52,2020-12-22T19:00:00,1866.62,2020-12-22T21:00:00,1867.71,1867.91,1861.67,1862.28,1862.28,6.3,2020,"[""GOLD#_H1_202001020900_202012311800.csv:5771"",""GOLD#_H1_202001020900_202012311800.csv:5779"",""GOLD#_H1_202001020900_202012311800.csv:5781"",""GOLD#_H1_202001020900_202012311800.csv:5782""]",VALID,
92edfcf62eaf46e9c249839769e93e393bb8ee52baab8ccb5bdac0257e720037,GOLD#,H1,SHORT,SWING_LOW,2021-12-17T22:00:00,2021-12-20T02:00:00,1795.74,2021-12-20T14:00:00,1795.44,2021-12-20T15:00:00,1795.74,2021-12-20T17:00:00,1796.23,1798.21,1791.68,1791.91,1791.91,3.209285714285714285714285714,2021,"[""GOLD#_H1_202101040100_202112311800.csv:5700"",""GOLD#_H1_202101040100_202112311800.csv:5714"",""GOLD#_H1_202101040100_202112311800.csv:5716"",""GOLD#_H1_202101040100_202112311800.csv:5717""]",VALID,
9364514d0e9f73f84049073f1e1b404c0f54d6c3605e374ee4d3d66690d9eaea,GOLD#,H1,SHORT,SWING_LOW,2020-10-29T03:00:00,2020-10-29T06:00:00,1875.78,2020-10-29T14:00:00,1871.89,2020-10-29T17:00:00,1875.78,2020-10-29T18:00:00,1873.62,1873.73,1865.61,1867.79,1867.79,5.283571428571428571428571429,2020,"[""GOLD#_H1_202001020900_202012311800.csv:4899"",""GOLD#_H1_202001020900_202012311800.csv:4909"",""GOLD#_H1_202001020900_202012311800.csv:4912"",""GOLD#_H1_202001020900_202012311800.csv:4913""]",VALID,
93d8ef50508e2dcd6c5964196120ae9e5188b23435a7cca684ffac31271bb940,GOLD#,H1,LONG,SWING_HIGH,2020-07-17T23:00:00,2020-07-20T03:00:00,1811.37,2020-07-20T12:00:00,1811.78,2020-07-20T13:00:00,1811.37,2020-07-20T15:00:00,1811.06,1815.09,1810.67,1815.05,1815.05,2.352142857142857142857142857,2020,"[""GOLD#_H1_202001020900_202012311800.csv:3220"",""GOLD#_H1_202001020900_202012311800.csv:3231"",""GOLD#_H1_202001020900_202012311800.csv:3233"",""GOLD#_H1_202001020900_202012311800.csv:3234""]",VALID,
941daed9ae6df9f41688e728ed2996c829ace432d13d50ff446950ea2444957c,GOLD#,H1,LONG,SWING_HIGH,2021-03-02T15:00:00,2021-03-02T18:00:00,1736.06,2021-03-02T20:00:00,1736.48,2021-03-02T21:00:00,1736.06,2021-03-03T00:00:00,1733.05,1739.09,1733.05,1738.1,1738.1,7.285,2021,"[""GOLD#_H1_202101040100_202112311800.csv:951"",""GOLD#_H1_202101040100_202112311800.csv:955"",""GOLD#_H1_202101040100_202112311800.csv:958"",""GOLD#_H1_202101040100_202112311800.csv:959""]",VALID,
94d1a4a88cbc91390d19855bec53b1de578697362547b539574264b013022255,GOLD#,H1,SHORT,SWING_LOW,2020-11-03T05:00:00,2020-11-03T08:00:00,1890.64,2020-11-03T10:00:00,1890.55,2020-11-03T11:00:00,1890.64,2020-11-03T21:00:00,1908.83,1910.39,1905.67,1906.05,1906.05,4.977857142857142857142857143,2020,"[""GOLD#_H1_202001020900_202012311800.csv:4969"",""GOLD#_H1_202001020900_202012311800.csv:4973"",""GOLD#_H1_202001020900_202012311800.csv:4983"",""GOLD#_H1_202001020900_202012311800.csv:4984""]",VALID,
951c4ac8bb4ea1eefa2b2c6a5378c4d317901d656cc0363a32b00976761598b6,GOLD#,H1,LONG,SWING_HIGH,2022-01-12T07:00:00,2022-01-12T10:00:00,1821.47,2022-01-12T17:00:00,1821.94,2022-01-12T18:00:00,1821.47,2022-01-12T19:00:00,1823.68,1824.78,1820.04,1824.75,1824.75,3.202857142857142857142857143,2022,"[""GOLD#_H1_202201030100_202212302300.csv:169"",""GOLD#_H1_202201030100_202212302300.csv:178"",""GOLD#_H1_202201030100_202212302300.csv:179"",""GOLD#_H1_202201030100_202212302300.csv:180""]",VALID,
958afef87a1e2f0de0a6ae5707df035e93542db28ef447919cc6fe419472a504,GOLD#,H1,LONG,SWING_HIGH,2021-08-16T10:00:00,2021-08-16T13:00:00,1777.57,2021-08-16T16:00:00,1778.19,2021-08-16T17:00:00,1777.57,2021-08-16T18:00:00,1786.5,1789.37,1782.52,1788.32,1788.32,4.226428571428571428571428571,2021,"[""GOLD#_H1_202101040100_202112311800.csv:3652"",""GOLD#_H1_202101040100_202112311800.csv:3657"",""GOLD#_H1_202101040100_202112311800.csv:3658"",""GOLD#_H1_202101040100_202112311800.csv:3659""]",VALID,
95ee586c21cda3ec68ab228e2557c7bb3e429ddea7b36f58d8fbc6ca0c604fdf,GOLD#,H1,LONG,SWING_HIGH,2022-06-07T07:00:00,2022-06-07T10:00:00,1844.47,2022-06-07T12:00:00,1846.6,2022-06-07T16:00:00,1844.47,2022-06-07T17:00:00,1844.99,1853.54,1842.29,1851.42,1851.42,4.24,2022,"[""GOLD#_H1_202201030100_202212302300.csv:2532"",""GOLD#_H1_202201030100_202212302300.csv:2536"",""GOLD#_H1_202201030100_202212302300.csv:2540"",""GOLD#_H1_202201030100_202212302300.csv:2541""]",VALID,
95f68f079994d9355077a7de1e76ae974e7736dfa3215b1fd2a604672465536d,GOLD#,H1,LONG,SWING_HIGH,2021-10-13T04:00:00,2021-10-13T07:00:00,1762.95,2021-10-13T11:00:00,1765,2021-10-13T16:00:00,1762.95,2021-10-13T17:00:00,1761.22,1782.7,1757.83,1781.48,1781.48,4.002142857142857142857142857,2021,"[""GOLD#_H1_202101040100_202112311800.csv:4608"",""GOLD#_H1_202101040100_202112311800.csv:4614"",""GOLD#_H1_202101040100_202112311800.csv:4619"",""GOLD#_H1_202101040100_202112311800.csv:4620""]",VALID,
9645472649469f8d112e75f20465496395ff13de6105f501bb054589e7489085,GOLD#,H1,LONG,SWING_HIGH,2021-05-11T08:00:00,2021-05-11T11:00:00,1838.01,2021-05-11T13:00:00,1838.39,2021-05-11T14:00:00,1838.01,2021-05-11T19:00:00,1829.47,1833.6,1827.95,1833.38,1833.38,5.191428571428571428571428571,2021,"[""GOLD#_H1_202101040100_202112311800.csv:2071"",""GOLD#_H1_202101040100_202112311800.csv:2075"",""GOLD#_H1_202101040100_202112311800.csv:2080"",""GOLD#_H1_202101040100_202112311800.csv:2081""]",VALID,
97583aa6c1c20bb9451dbc9f5dd91af8ef8d3066b2d93015e225c1f1ab4b24fa,GOLD#,H1,SHORT,SWING_LOW,2020-07-15T08:00:00,2020-07-15T11:00:00,1805.69,2020-07-15T15:00:00,1805.32,2020-07-15T16:00:00,1805.69,2020-07-15T17:00:00,1806.99,1808.39,1802.42,1804.04,1804.04,3.282142857142857142857142857,2020,"[""GOLD#_H1_202001020900_202012311800.csv:3159"",""GOLD#_H1_202001020900_202012311800.csv:3165"",""GOLD#_H1_202001020900_202012311800.csv:3166"",""GOLD#_H1_202001020900_202012311800.csv:3167""]",VALID,
97ddec3283bdda147c2fa05416faccba4ea5e4b1112b8d1ee382cfc414d383a1,GOLD#,H1,LONG,SWING_HIGH,2021-10-04T09:00:00,2021-10-04T12:00:00,1762.66,2021-10-04T18:00:00,1766.19,2021-10-04T19:00:00,1762.66,2021-10-04T20:00:00,1765.41,1770,1765.01,1768.96,1768.96,5.62,2021,"[""GOLD#_H1_202101040100_202112311800.csv:4452"",""GOLD#_H1_202101040100_202112311800.csv:4460"",""GOLD#_H1_202101040100_202112311800.csv:4461"",""GOLD#_H1_202101040100_202112311800.csv:4462""]",VALID,
9849daef0fe968a54f54cdd8385939575548f91a48fe8502d34ecb45f516db24,GOLD#,H1,LONG,SWING_HIGH,2022-02-18T10:00:00,2022-02-18T13:00:00,1895.78,2022-02-18T16:00:00,1896.43,2022-02-18T17:00:00,1895.78,2022-02-18T20:00:00,1895.98,1897.77,1894.33,1896.79,1896.79,4.435,2022,"[""GOLD#_H1_202201030100_202212302300.csv:791"",""GOLD#_H1_202201030100_202212302300.csv:796"",""GOLD#_H1_202201030100_202212302300.csv:799"",""GOLD#_H1_202201030100_202212302300.csv:800""]",VALID,
986a2a4bdd3bc77d447443e0b3f28e08dbb5a1ed2bcd58fd202fced9167aba2e,GOLD#,H1,SHORT,SWING_LOW,2022-10-13T10:00:00,2022-10-13T13:00:00,1666.98,2022-10-13T16:00:00,1654.67,2022-10-13T19:00:00,1666.98,2022-10-13T23:00:00,1667.25,1667.76,1663.6,1663.92,1663.92,8.83,2022,"[""GOLD#_H1_202201030100_202212302300.csv:4645"",""GOLD#_H1_202201030100_202212302300.csv:4650"",""GOLD#_H1_202201030100_202212302300.csv:4656"",""GOLD#_H1_202201030100_202212302300.csv:4657""]",VALID,
98c1bd5a0cfa4414a44d783d722b083bd76cbf1b5108faa20c4dd2e6950eda2f,GOLD#,H1,LONG,SWING_HIGH,2021-07-01T09:00:00,2021-07-01T12:00:00,1778.99,2021-07-01T17:00:00,1779.72,2021-07-01T18:00:00,1778.99,2021-07-01T21:00:00,1771.67,1776.76,1771.6,1773.23,1773.23,4.575714285714285714285714286,2021,"[""GOLD#_H1_202101040100_202112311800.csv:2919"",""GOLD#_H1_202101040100_202112311800.csv:2926"",""GOLD#_H1_202101040100_202112311800.csv:2929"",""GOLD#_H1_202101040100_202112311800.csv:2930""]",VALID,
99b5062b48e7c803d96a1446e731a992ff8114e3e59c2de53ca5c793953344eb,GOLD#,H1,LONG,SWING_HIGH,2020-02-07T12:00:00,2020-02-07T15:00:00,1569.83,2020-02-07T17:00:00,1572.93,2020-02-07T18:00:00,1569.83,2020-02-07T20:00:00,1567.78,1569.42,1566.55,1569.08,1569.08,4.055714285714285714285714286,2020,"[""GOLD#_H1_202001020900_202012311800.csv:599"",""GOLD#_H1_202001020900_202012311800.csv:603"",""GOLD#_H1_202001020900_202012311800.csv:605"",""GOLD#_H1_202001020900_202012311800.csv:606""]",VALID,
9a14e3282904a7acb53f7eac0cfea5d2b0c60de5bfe729cd3896ed34e287c2a2,GOLD#,H1,SHORT,SWING_LOW,2020-05-08T15:00:00,2020-05-08T18:00:00,1705.92,2020-05-08T22:00:00,1704.55,2020-05-08T23:00:00,1705.92,2020-05-09T00:00:00,1706.7,1706.8,1700.64,1700.85,1700.85,6.785714285714285714285714286,2020,"[""GOLD#_H1_202001020900_202012311800.csv:2070"",""GOLD#_H1_202001020900_202012311800.csv:2076"",""GOLD#_H1_202001020900_202012311800.csv:2077"",""GOLD#_H1_202001020900_202012311800.csv:2078""]",VALID,
9a35f3312d52503bafa789d7d96f1e001652026f717454d5e651b87cefa95f47,GOLD#,H1,LONG,SWING_HIGH,2021-07-15T04:00:00,2021-07-15T07:00:00,1829.09,2021-07-15T10:00:00,1831.12,2021-07-15T14:00:00,1829.09,2021-07-15T20:00:00,1825.45,1827.34,1824.7,1826.99,1826.99,4.117142857142857142857142857,2021,"[""GOLD#_H1_202101040100_202112311800.csv:3140"",""GOLD#_H1_202101040100_202112311800.csv:3145"",""GOLD#_H1_202101040100_202112311800.csv:3154"",""GOLD#_H1_202101040100_202112311800.csv:3155""]",VALID,
9b24ab85bff62bb2a3e26331df18f73b85540ca596ac50fa5d583f933968ce3b,GOLD#,H1,LONG,SWING_HIGH,2021-10-21T09:00:00,2021-10-21T12:00:00,1787.64,2021-10-21T13:00:00,1787.65,2021-10-21T14:00:00,1787.64,2021-10-21T19:00:00,1780.13,1782.7,1778.74,1782.5,1782.5,4.433571428571428571428571429,2021,"[""GOLD#_H1_202101040100_202112311800.csv:4751"",""GOLD#_H1_202101040100_202112311800.csv:4754"",""GOLD#_H1_202101040100_202112311800.csv:4759"",""GOLD#_H1_202101040100_202112311800.csv:4760""]",VALID,
9bdfb3f62a604acccfe63234a7ddbd024cef3141e7479b722f9de69a93e0db5f,GOLD#,H1,LONG,SWING_HIGH,2022-05-23T03:00:00,2022-05-23T06:00:00,1853.71,2022-05-23T07:00:00,1854.36,2022-05-23T10:00:00,1853.71,2022-05-23T11:00:00,1853.09,1857.39,1852.31,1856.43,1856.43,4.218571428571428571428571429,2022,"[""GOLD#_H1_202201030100_202212302300.csv:2277"",""GOLD#_H1_202201030100_202212302300.csv:2280"",""GOLD#_H1_202201030100_202212302300.csv:2283"",""GOLD#_H1_202201030100_202212302300.csv:2284""]",VALID,
9c73012c273520d2fd3ef41552e60d75ee1f4255bc9be04de8eb6f82944a3fd2,GOLD#,H1,SHORT,SWING_LOW,2020-09-28T04:00:00,2020-09-28T07:00:00,1857.71,2020-09-28T09:00:00,1856.99,2020-09-28T10:00:00,1857.71,2020-09-28T12:00:00,1858.47,1859.35,1849.09,1852.2,1852.2,4.154285714285714285714285714,2020,"[""GOLD#_H1_202001020900_202012311800.csv:4370"",""GOLD#_H1_202001020900_202012311800.csv:4374"",""GOLD#_H1_202001020900_202012311800.csv:4376"",""GOLD#_H1_202001020900_202012311800.csv:4377""]",VALID,
9d9cb16c2a010e5ff6ab678748e7cba5fb54b65f518254029af1c764819765c3,GOLD#,H1,SHORT,SWING_LOW,2022-02-28T05:00:00,2022-02-28T08:00:00,1904.39,2022-02-28T10:00:00,1896.4,2022-02-28T13:00:00,1904.39,2022-02-28T19:00:00,1908.11,1908.32,1890.98,1892.76,1892.76,7.760714285714285714285714286,2022,"[""GOLD#_H1_202201030100_202212302300.csv:922"",""GOLD#_H1_202201030100_202212302300.csv:926"",""GOLD#_H1_202201030100_202212302300.csv:934"",""GOLD#_H1_202201030100_202212302300.csv:935""]",VALID,
9dc488981bbb2c8431f1dc28d136ca06d7cd25f7d563d01796482d9744a14716,GOLD#,H1,LONG,SWING_HIGH,2022-12-09T07:00:00,2022-12-09T10:00:00,1797.74,2022-12-09T14:00:00,1800.44,2022-12-09T16:00:00,1797.74,2022-12-09T19:00:00,1796.79,1806.1,1795.97,1804.66,1804.66,4.752142857142857142857142857,2022,"[""GOLD#_H1_202201030100_202212302300.csv:5580"",""GOLD#_H1_202201030100_202212302300.csv:5586"",""GOLD#_H1_202201030100_202212302300.csv:5590"",""GOLD#_H1_202201030100_202212302300.csv:5591""]",VALID,
9e8f9013984e2fab0a37eaea2b0d70c1bb9fa1caf766b6be8d371c8088fd8246,GOLD#,H1,LONG,SWING_HIGH,2020-02-28T21:00:00,2020-02-29T00:00:00,1592.75,2020-03-02T03:00:00,1597.02,2020-03-02T05:00:00,1592.75,2020-03-02T06:00:00,1595.36,1600.47,1592.62,1598.82,1598.82,16.24928571428571428571428571,2020,"[""GOLD#_H1_202001020900_202012311800.csv:949"",""GOLD#_H1_202001020900_202012311800.csv:953"",""GOLD#_H1_202001020900_202012311800.csv:955"",""GOLD#_H1_202001020900_202012311800.csv:956""]",VALID,
9fd173a78ef89f078442e79e745f9a3c44d0ab75001ce9268b60437e92a04674,GOLD#,H1,SHORT,SWING_LOW,2021-10-07T12:00:00,2021-10-07T15:00:00,1758.07,2021-10-07T16:00:00,1755.03,2021-10-07T17:00:00,1758.07,2021-10-07T22:00:00,1757.73,1757.9,1755.07,1755.78,1755.78,4.665,2021,"[""GOLD#_H1_202101040100_202112311800.csv:4524"",""GOLD#_H1_202101040100_202112311800.csv:4527"",""GOLD#_H1_202101040100_202112311800.csv:4532"",""GOLD#_H1_202101040100_202112311800.csv:4533""]",VALID,
9fd799e5b208576ae24cd845031ae7f950aae98c18fc62fa3f6c8733855f935e,GOLD#,H1,SHORT,SWING_LOW,2020-09-18T09:00:00,2020-09-18T12:00:00,1950.75,2020-09-18T17:00:00,1946.65,2020-09-18T18:00:00,1950.75,2020-09-18T22:00:00,1954.68,1954.77,1950.27,1951.52,1951.52,4.903571428571428571428571429,2020,"[""GOLD#_H1_202001020900_202012311800.csv:4237"",""GOLD#_H1_202001020900_202012311800.csv:4244"",""GOLD#_H1_202001020900_202012311800.csv:4248"",""GOLD#_H1_202001020900_202012311800.csv:4249""]",VALID,
a02ca54ea031a174b24e41c018c65ce0ac5c8feb9f1ad8e628c391d07549291e,GOLD#,H1,LONG,SWING_HIGH,2021-08-02T08:00:00,2021-08-02T11:00:00,1813.34,2021-08-02T18:00:00,1814.51,2021-08-02T19:00:00,1813.34,2021-08-02T20:00:00,1814.36,1818.31,1814.3,1817.72,1817.72,4.067857142857142857142857143,2021,"[""GOLD#_H1_202101040100_202112311800.csv:3420"",""GOLD#_H1_202101040100_202112311800.csv:3429"",""GOLD#_H1_202101040100_202112311800.csv:3430"",""GOLD#_H1_202101040100_202112311800.csv:3431""]",VALID,
a041f8163bfc222b5b7d3c14510ab0a8b439cc3c71649a4245ca61ee2824215d,GOLD#,H1,LONG,SWING_HIGH,2020-10-15T10:00:00,2020-10-15T13:00:00,1903.53,2020-10-15T19:00:00,1903.64,2020-10-15T20:00:00,1903.53,2020-10-15T21:00:00,1903.48,1907.67,1902.6,1905.05,1905.05,6.481428571428571428571428571,2020,"[""GOLD#_H1_202001020900_202012311800.csv:4675"",""GOLD#_H1_202001020900_202012311800.csv:4683"",""GOLD#_H1_202001020900_202012311800.csv:4684"",""GOLD#_H1_202001020900_202012311800.csv:4685""]",VALID,
a0528547ea26435d2beff88e10f8ec052dfa5933168880cbafc0f3c5b26cb5ed,GOLD#,H1,SHORT,SWING_LOW,2021-06-09T05:00:00,2021-06-09T08:00:00,1891.35,2021-06-09T12:00:00,1889.3,2021-06-09T15:00:00,1891.35,2021-06-09T18:00:00,1894.35,1895.27,1887.93,1891.01,1891.01,3.61,2021,"[""GOLD#_H1_202101040100_202112311800.csv:2547"",""GOLD#_H1_202101040100_202112311800.csv:2553"",""GOLD#_H1_202101040100_202112311800.csv:2558"",""GOLD#_H1_202101040100_202112311800.csv:2559""]",VALID,
a1df1bbdc8c2854b70ab6f827881d0618870d62a1871d9ce8a8db9968a3d3ff7,GOLD#,H1,LONG,SWING_HIGH,2022-04-04T03:00:00,2022-04-04T06:00:00,1926.76,2022-04-04T10:00:00,1927.94,2022-04-04T13:00:00,1926.76,2022-04-04T15:00:00,1928.87,1931.11,1928.15,1929.2,1929.2,4.212857142857142857142857143,2022,"[""GOLD#_H1_202201030100_202212302300.csv:1495"",""GOLD#_H1_202201030100_202212302300.csv:1501"",""GOLD#_H1_202201030100_202212302300.csv:1505"",""GOLD#_H1_202201030100_202212302300.csv:1506""]",VALID,
a2494ac8421fa445a75dc76bfdb15c4b4ad091d4dd1a3309aa74908f4597cafb,GOLD#,H1,LONG,SWING_HIGH,2022-10-11T11:00:00,2022-10-11T14:00:00,1669.88,2022-10-11T15:00:00,1670.2,2022-10-11T16:00:00,1669.88,2022-10-11T19:00:00,1669.38,1681.82,1669.16,1681.57,1681.57,5.164285714285714285714285714,2022,"[""GOLD#_H1_202201030100_202212302300.csv:4600"",""GOLD#_H1_202201030100_202212302300.csv:4603"",""GOLD#_H1_202201030100_202212302300.csv:4606"",""GOLD#_H1_202201030100_202212302300.csv:4607""]",VALID,
a2fe7b060f92547c5067239fa3b695f0afbeca66f96721ce07e1c354b349b904,GOLD#,H1,LONG,SWING_HIGH,2021-02-19T08:00:00,2021-02-19T11:00:00,1777.5,2021-02-19T16:00:00,1783.32,2021-02-19T21:00:00,1777.5,2021-02-19T23:00:00,1780.3,1782.47,1779.52,1781.91,1781.91,6.557142857142857142857142857,2021,"[""GOLD#_H1_202101040100_202112311800.csv:783"",""GOLD#_H1_202101040100_202112311800.csv:790"",""GOLD#_H1_202101040100_202112311800.csv:796"",""GOLD#_H1_202101040100_202112311800.csv:797""]",VALID,
a335e202a400f5c1aa28e4c38ca78d54be94674407e322532128cc903e49f9ea,GOLD#,H1,SHORT,SWING_LOW,2022-07-11T04:00:00,2022-07-11T07:00:00,1738.35,2022-07-11T11:00:00,1736.74,2022-07-11T12:00:00,1738.35,2022-07-11T13:00:00,1737.95,1739.93,1734.75,1735.19,1735.19,2.877142857142857142857142857,2022,"[""GOLD#_H1_202201030100_202212302300.csv:3077"",""GOLD#_H1_202201030100_202212302300.csv:3083"",""GOLD#_H1_202201030100_202212302300.csv:3084"",""GOLD#_H1_202201030100_202212302300.csv:3085""]",VALID,
a33fc842b02ca63fb3f12a571aa6ce1d5ef74850f420803457d7f6b68c01195d,GOLD#,H1,LONG,SWING_HIGH,2022-09-22T11:00:00,2022-09-22T14:00:00,1678.11,2022-09-22T16:00:00,1681.83,2022-09-22T17:00:00,1678.11,2022-09-22T20:00:00,1671.51,1676.35,1670.58,1674.01,1674.01,7.313571428571428571428571429,2022,"[""GOLD#_H1_202201030100_202212302300.csv:4301"",""GOLD#_H1_202201030100_202212302300.csv:4305"",""GOLD#_H1_202201030100_202212302300.csv:4308"",""GOLD#_H1_202201030100_202212302300.csv:4309""]",VALID,
a38aad1051d89302178fd5c8f1038429191eba7762098182c0dc3c67d5a78a82,GOLD#,H1,LONG,SWING_HIGH,2020-10-28T03:00:00,2020-10-28T06:00:00,1908.2,2020-10-28T08:00:00,1908.31,2020-10-28T09:00:00,1908.2,2020-10-28T18:00:00,1871.97,1883.36,1869.4,1882.51,1882.51,5.201428571428571428571428571,2020,"[""GOLD#_H1_202001020900_202012311800.csv:4876"",""GOLD#_H1_202001020900_202012311800.csv:4880"",""GOLD#_H1_202001020900_202012311800.csv:4889"",""GOLD#_H1_202001020900_202012311800.csv:4890""]",VALID,
a3afed6fc11b28000deb7ff8f5fa77bf958447fb3e5331eec652c70523519289,GOLD#,H1,SHORT,SWING_LOW,2022-09-23T21:00:00,2022-09-24T00:00:00,1639.69,2022-09-26T04:00:00,1627.68,2022-09-26T05:00:00,1639.69,2022-09-26T07:00:00,1639.95,1641.59,1638.43,1638.44,1638.44,7.373571428571428571428571429,2022,"[""GOLD#_H1_202201030100_202212302300.csv:4334"",""GOLD#_H1_202201030100_202212302300.csv:4339"",""GOLD#_H1_202201030100_202212302300.csv:4341"",""GOLD#_H1_202201030100_202212302300.csv:4342""]",VALID,
a3b3827ad099c596b929e7e2a9a1d5d72d277e1e49c4d5d340e742dfa9781a4b,GOLD#,H1,SHORT,SWING_LOW,2022-12-19T07:00:00,2022-12-19T10:00:00,1790.26,2022-12-19T18:00:00,1786.1,2022-12-19T20:00:00,1790.26,2022-12-19T22:00:00,1789.02,1789.12,1786.54,1786.78,1786.78,3.731428571428571428571428571,2022,"[""GOLD#_H1_202201030100_202212302300.csv:5718"",""GOLD#_H1_202201030100_202212302300.csv:5728"",""GOLD#_H1_202201030100_202212302300.csv:5731"",""GOLD#_H1_202201030100_202212302300.csv:5732""]",VALID,
a4d47db3d8dc604c8de2cd6474c3cae53e021db26684b64b1cb9585a313579db,GOLD#,H1,LONG,SWING_HIGH,2021-09-22T05:00:00,2021-09-22T08:00:00,1779.14,2021-09-22T10:00:00,1779.17,2021-09-22T11:00:00,1779.14,2021-09-22T19:00:00,1774.68,1779.17,1774.64,1777.98,1777.98,3.421428571428571428571428571,2021,"[""GOLD#_H1_202101040100_202112311800.csv:4264"",""GOLD#_H1_202101040100_202112311800.csv:4268"",""GOLD#_H1_202101040100_202112311800.csv:4276"",""GOLD#_H1_202101040100_202112311800.csv:4277""]",VALID,
a54f038d8516c62607940f5bc5e64419bbc9c06e359c912f7e42f0f7af1f17a2,GOLD#,H1,SHORT,SWING_LOW,2022-07-01T10:00:00,2022-07-01T13:00:00,1792.3,2022-07-01T14:00:00,1789.64,2022-07-01T17:00:00,1792.3,2022-07-01T20:00:00,1806.3,1806.69,1798.92,1799.25,1799.25,5.818571428571428571428571429,2022,"[""GOLD#_H1_202201030100_202212302300.csv:2947"",""GOLD#_H1_202201030100_202212302300.csv:2950"",""GOLD#_H1_202201030100_202212302300.csv:2955"",""GOLD#_H1_202201030100_202212302300.csv:2956""]",VALID,
a59a6144e2a331416a546d0cf9f57007ead833ee3d7ef099f5dafbf1f140fabc,GOLD#,H1,LONG,SWING_HIGH,2021-11-01T08:00:00,2021-11-01T11:00:00,1787.69,2021-11-01T15:00:00,1789.12,2021-11-01T16:00:00,1787.69,2021-11-01T17:00:00,1792.08,1795.59,1790.11,1793.88,1793.88,3.685,2021,"[""GOLD#_H1_202101040100_202112311800.csv:4912"",""GOLD#_H1_202101040100_202112311800.csv:4918"",""GOLD#_H1_202101040100_202112311800.csv:4919"",""GOLD#_H1_202101040100_202112311800.csv:4920""]",VALID,
a6e5079308cd1a7f74a4e6269a223eb2f3eeef28923d65ec7c019d376b0a6d48,GOLD#,H1,SHORT,SWING_LOW,2021-07-26T09:00:00,2021-07-26T12:00:00,1804.46,2021-07-26T16:00:00,1803.11,2021-07-26T17:00:00,1804.46,2021-07-26T22:00:00,1798.4,1798.53,1796.34,1797.08,1797.08,3.715,2021,"[""GOLD#_H1_202101040100_202112311800.csv:3306"",""GOLD#_H1_202101040100_202112311800.csv:3312"",""GOLD#_H1_202101040100_202112311800.csv:3317"",""GOLD#_H1_202101040100_202112311800.csv:3318""]",VALID,
a6f10dd05bb01398ffa9ca1a1bf061b4b8a1b2ad6f8a4043a085cb89e34cb52b,GOLD#,H1,LONG,SWING_HIGH,2021-11-09T16:00:00,2021-11-09T19:00:00,1830.44,2021-11-09T20:00:00,1830.69,2021-11-09T21:00:00,1830.44,2021-11-09T23:00:00,1830.26,1832.76,1830.18,1832.25,1832.25,4.523571428571428571428571429,2021,"[""GOLD#_H1_202101040100_202112311800.csv:5057"",""GOLD#_H1_202101040100_202112311800.csv:5060"",""GOLD#_H1_202101040100_202112311800.csv:5062"",""GOLD#_H1_202101040100_202112311800.csv:5063""]",VALID,
a7904f90725f62260e5e560e66964d307e8ab7650607f850c7589b5493450166,GOLD#,H1,SHORT,SWING_LOW,2021-09-08T09:00:00,2021-09-08T12:00:00,1794.14,2021-09-08T17:00:00,1788.71,2021-09-08T19:00:00,1794.14,2021-09-08T23:00:00,1791.43,1791.43,1788.41,1788.66,1788.66,4.595714285714285714285714286,2021,"[""GOLD#_H1_202101040100_202112311800.csv:4038"",""GOLD#_H1_202101040100_202112311800.csv:4045"",""GOLD#_H1_202101040100_202112311800.csv:4050"",""GOLD#_H1_202101040100_202112311800.csv:4051""]",VALID,
a7b3c3a9ca87f224ea036eaf9d30da0a8fa078551e6f054b486cc1d69d291f1b,GOLD#,H1,SHORT,SWING_LOW,2022-07-29T12:00:00,2022-07-29T15:00:00,1756.31,2022-07-29T17:00:00,1753.86,2022-07-29T18:00:00,1756.31,2022-07-29T23:00:00,1763.82,1765.06,1760.83,1761.41,1761.41,5.246428571428571428571428571,2022,"[""GOLD#_H1_202201030100_202212302300.csv:3407"",""GOLD#_H1_202201030100_202212302300.csv:3411"",""GOLD#_H1_202201030100_202212302300.csv:3416"",""GOLD#_H1_202201030100_202212302300.csv:3417""]",VALID,
a7ec5fb01a700c3dc0ec77fd415c643e3d83958de6d555e0bad9b43a9dbecf28,GOLD#,H1,SHORT,SWING_LOW,2022-12-12T07:00:00,2022-12-12T10:00:00,1785.35,2022-12-12T18:00:00,1784.96,2022-12-12T19:00:00,1785.35,2022-12-12T21:00:00,1783.1,1783.3,1779.17,1780.49,1780.49,3.925714285714285714285714286,2022,"[""GOLD#_H1_202201030100_202212302300.csv:5603"",""GOLD#_H1_202201030100_202212302300.csv:5613"",""GOLD#_H1_202201030100_202212302300.csv:5615"",""GOLD#_H1_202201030100_202212302300.csv:5616""]",VALID,
a884131772534e8e0185b35cedf276023e9820e9863d4055070e271c19e0bffd,GOLD#,H1,LONG,SWING_HIGH,2022-06-29T04:00:00,2022-06-29T07:00:00,1822.92,2022-06-29T14:00:00,1824.86,2022-06-29T17:00:00,1822.92,2022-06-29T22:00:00,1816.53,1819.3,1816.32,1817.9,1817.9,5.409285714285714285714285714,2022,"[""GOLD#_H1_202201030100_202212302300.csv:2895"",""GOLD#_H1_202201030100_202212302300.csv:2904"",""GOLD#_H1_202201030100_202212302300.csv:2911"",""GOLD#_H1_202201030100_202212302300.csv:2912""]",VALID,
a9f43dae315629676e9a3392ce5b49f1e3f37e933f176a97aeb17541398de014,GOLD#,H1,SHORT,SWING_LOW,2022-09-23T17:00:00,2022-09-23T20:00:00,1641.54,2022-09-23T22:00:00,1640.31,2022-09-23T23:00:00,1641.54,2022-09-26T04:00:00,1644.09,1645.58,1626.3,1627.68,1627.68,6.909285714285714285714285714,2022,"[""GOLD#_H1_202201030100_202212302300.csv:4330"",""GOLD#_H1_202201030100_202212302300.csv:4334"",""GOLD#_H1_202201030100_202212302300.csv:4338"",""GOLD#_H1_202201030100_202212302300.csv:4339""]",VALID,
aade5f07e31ed78a2774d700e2afef9aebc3eecb09bccad3bf58df3325813562,GOLD#,H1,SHORT,SWING_LOW,2022-06-23T08:00:00,2022-06-23T11:00:00,1831.07,2022-06-23T14:00:00,1829.43,2022-06-23T16:00:00,1831.07,2022-06-23T19:00:00,1840.91,1841.99,1831.59,1833.17,1833.17,4.707857142857142857142857143,2022,"[""GOLD#_H1_202201030100_202212302300.csv:2807"",""GOLD#_H1_202201030100_202212302300.csv:2812"",""GOLD#_H1_202201030100_202212302300.csv:2816"",""GOLD#_H1_202201030100_202212302300.csv:2817""]",VALID,
aaedf5715a5454a598ea96f50179e4f5c8376de2a2d88b6428609ae0cc0a29f7,GOLD#,H1,SHORT,SWING_LOW,2022-04-01T10:00:00,2022-04-01T13:00:00,1929.41,2022-04-01T14:00:00,1927.47,2022-04-01T15:00:00,1929.41,2022-04-01T20:00:00,1925.88,1926.9,1922.6,1922.95,1922.95,6.261428571428571428571428571,2022,"[""GOLD#_H1_202201030100_202212302300.csv:1479"",""GOLD#_H1_202201030100_202212302300.csv:1482"",""GOLD#_H1_202201030100_202212302300.csv:1487"",""GOLD#_H1_202201030100_202212302300.csv:1488""]",VALID,
ab88c6ca0f90f18461538ecd6057fe854a73c6ebc754a04213469077a59e92a8,GOLD#,H1,SHORT,SWING_LOW,2022-08-18T09:00:00,2022-08-18T12:00:00,1760.92,2022-08-18T19:00:00,1759.78,2022-08-18T23:00:00,1760.92,2022-08-19T00:00:00,1759.65,1759.71,1758.21,1758.36,1758.36,3.718571428571428571428571429,2022,"[""GOLD#_H1_202201030100_202212302300.csv:3726"",""GOLD#_H1_202201030100_202212302300.csv:3735"",""GOLD#_H1_202201030100_202212302300.csv:3739"",""GOLD#_H1_202201030100_202212302300.csv:3740""]",VALID,
abaf0a9122cc28e4cd2a45b8e68690a82fba30f2f2d4f724421916a2f6d10b18,GOLD#,H1,LONG,SWING_HIGH,2020-01-15T10:00:00,2020-01-15T13:00:00,1554.23,2020-01-15T16:00:00,1554.74,2020-01-15T17:00:00,1554.23,2020-01-15T19:00:00,1548.88,1552.28,1548.66,1551.78,1551.78,3.145714285714285714285714286,2020,"[""GOLD#_H1_202001020900_202012311800.csv:210"",""GOLD#_H1_202001020900_202012311800.csv:215"",""GOLD#_H1_202001020900_202012311800.csv:217"",""GOLD#_H1_202001020900_202012311800.csv:218""]",VALID,
ac21ad0ee44957f7be7a0daa0546b11e6ea6504588abde0073638bdad048104d,GOLD#,H1,SHORT,SWING_LOW,2020-12-09T06:00:00,2020-12-09T09:00:00,1855.61,2020-12-09T14:00:00,1853.53,2020-12-09T15:00:00,1855.61,2020-12-09T17:00:00,1859.02,1859.08,1839.87,1839.87,1839.87,5.572142857142857142857142857,2020,"[""GOLD#_H1_202001020900_202012311800.csv:5561"",""GOLD#_H1_202001020900_202012311800.csv:5568"",""GOLD#_H1_202001020900_202012311800.csv:5570"",""GOLD#_H1_202001020900_202012311800.csv:5571""]",VALID,
ac8612fe3152f526f877f38cd56b3ccba70f49b939d3651f360bd1197366962f,GOLD#,H1,LONG,SWING_HIGH,2020-07-22T15:00:00,2020-07-22T18:00:00,1863.3,2020-07-22T19:00:00,1863.9,2020-07-22T20:00:00,1863.3,2020-07-22T23:00:00,1866.55,1870.33,1865.32,1868.56,1868.56,7.275714285714285714285714286,2020,"[""GOLD#_H1_202001020900_202012311800.csv:3281"",""GOLD#_H1_202001020900_202012311800.csv:3284"",""GOLD#_H1_202001020900_202012311800.csv:3287"",""GOLD#_H1_202001020900_202012311800.csv:3288""]",VALID,
accb3cc4158287e1c1f8f71e399f85634aecc3c212c37d2e570f6ee2dbe48e6e,GOLD#,H1,LONG,SWING_HIGH,2021-08-20T19:00:00,2021-08-20T22:00:00,1786.51,2021-08-23T06:00:00,1787.91,2021-08-23T07:00:00,1786.51,2021-08-23T12:00:00,1785.25,1788.63,1784.63,1787.95,1787.95,2.841428571428571428571428571,2021,"[""GOLD#_H1_202101040100_202112311800.csv:3753"",""GOLD#_H1_202101040100_202112311800.csv:3762"",""GOLD#_H1_202101040100_202112311800.csv:3767"",""GOLD#_H1_202101040100_202112311800.csv:3768""]",VALID,
ad7f6bdbc3164ffb6028aea7051a771d8962143d258d70a3136e8efd4aad35e8,GOLD#,H1,LONG,SWING_HIGH,2020-04-20T09:00:00,2020-04-20T12:00:00,1684.63,2020-04-20T15:00:00,1686.81,2020-04-20T16:00:00,1684.63,2020-04-20T17:00:00,1684.72,1692.56,1680.25,1689.46,1689.46,6.215,2020,"[""GOLD#_H1_202001020900_202012311800.csv:1742"",""GOLD#_H1_202001020900_202012311800.csv:1747"",""GOLD#_H1_202001020900_202012311800.csv:1748"",""GOLD#_H1_202001020900_202012311800.csv:1749""]",VALID,
ae28fd6d8706883691b03be2e1a317b3ddf33f42ba2e79e270bd05cd5965eba2,GOLD#,H1,LONG,SWING_HIGH,2020-03-20T04:00:00,2020-03-20T07:00:00,1486.7,2020-03-20T09:00:00,1499.71,2020-03-20T16:00:00,1486.7,2020-03-20T17:00:00,1489.88,1500.39,1489.34,1499.2,1499.2,10.64285714285714285714285714,2020,"[""GOLD#_H1_202001020900_202012311800.csv:1278"",""GOLD#_H1_202001020900_202012311800.csv:1282"",""GOLD#_H1_202001020900_202012311800.csv:1289"",""GOLD#_H1_202001020900_202012311800.csv:1290""]",VALID,
ae2fc2b09c9d429fc906ad2a5445f984c52be02f4dd81ff0211cb04f851396a4,GOLD#,H1,SHORT,SWING_LOW,2020-04-24T08:00:00,2020-04-24T11:00:00,1720.61,2020-04-24T19:00:00,1712.56,2020-04-24T20:00:00,1720.61,2020-04-27T08:00:00,1721.94,1723.34,1719.88,1720,1720,6.872142857142857142857142857,2020,"[""GOLD#_H1_202001020900_202012311800.csv:1833"",""GOLD#_H1_202001020900_202012311800.csv:1843"",""GOLD#_H1_202001020900_202012311800.csv:1854"",""GOLD#_H1_202001020900_202012311800.csv:1855""]",VALID,
ae7b43d4ff12ee7754d44f905cb1cdfba85ecd07db150694d653ece01ec32d7d,GOLD#,H1,SHORT,SWING_LOW,2020-03-02T09:00:00,2020-03-02T12:00:00,1595.95,2020-03-02T16:00:00,1595.67,2020-03-02T17:00:00,1595.95,2020-03-02T21:00:00,1598.19,1598.59,1590.39,1592.97,1592.97,7.657142857142857142857142857,2020,"[""GOLD#_H1_202001020900_202012311800.csv:960"",""GOLD#_H1_202001020900_202012311800.csv:966"",""GOLD#_H1_202001020900_202012311800.csv:970"",""GOLD#_H1_202001020900_202012311800.csv:971""]",VALID,
af4b1f3667a2d9efc137cb005656c53382e48974cbaff20d6f52375794f69fdc,GOLD#,H1,SHORT,SWING_LOW,2021-08-04T08:00:00,2021-08-04T11:00:00,1811.96,2021-08-04T12:00:00,1811.32,2021-08-04T13:00:00,1811.96,2021-08-04T18:00:00,1827.5,1829.36,1808.94,1811.59,1811.59,3.470714285714285714285714286,2021,"[""GOLD#_H1_202101040100_202112311800.csv:3466"",""GOLD#_H1_202101040100_202112311800.csv:3469"",""GOLD#_H1_202101040100_202112311800.csv:3474"",""GOLD#_H1_202101040100_202112311800.csv:3475""]",VALID,
b0487e3ea5591d232bbb9b7c72adbfa15cd505560c0b564ae338969626fd6890,GOLD#,H1,SHORT,SWING_LOW,2021-09-30T10:00:00,2021-09-30T13:00:00,1726.18,2021-09-30T14:00:00,1724.2,2021-09-30T15:00:00,1726.18,2021-09-30T21:00:00,1757.98,1758.72,1754.32,1755.89,1755.89,6.106428571428571428571428571,2021,"[""GOLD#_H1_202101040100_202112311800.csv:4407"",""GOLD#_H1_202101040100_202112311800.csv:4410"",""GOLD#_H1_202101040100_202112311800.csv:4416"",""GOLD#_H1_202101040100_202112311800.csv:4417""]",VALID,
b0c8503b504c73f6e2e9f89e3f450929cd42bd14cba89f4c910a88a294c942dd,GOLD#,H1,SHORT,SWING_LOW,2021-02-12T04:00:00,2021-02-12T07:00:00,1819.32,2021-02-12T09:00:00,1818.78,2021-02-12T10:00:00,1819.32,2021-02-12T20:00:00,1824.36,1825.16,1819.03,1819.66,1819.66,5.615,2021,"[""GOLD#_H1_202101040100_202112311800.csv:668"",""GOLD#_H1_202101040100_202112311800.csv:672"",""GOLD#_H1_202101040100_202112311800.csv:682"",""GOLD#_H1_202101040100_202112311800.csv:683""]",VALID,
b16c05e386b4c6fe165803a25f0640cd28c74c40206acddb6d219fb890694290,GOLD#,H1,SHORT,SWING_LOW,2021-10-18T01:00:00,2021-10-18T04:00:00,1764.66,2021-10-18T10:00:00,1764.42,2021-10-18T11:00:00,1764.66,2021-10-18T20:00:00,1767.85,1767.85,1764.87,1766.68,1766.68,4.152142857142857142857142857,2021,"[""GOLD#_H1_202101040100_202112311800.csv:4674"",""GOLD#_H1_202101040100_202112311800.csv:4682"",""GOLD#_H1_202101040100_202112311800.csv:4691"",""GOLD#_H1_202101040100_202112311800.csv:4692""]",VALID,
b1805f9e11c03ebd45fc87d0e4c1001b93f79fa301dadd290183a0446f44713d,GOLD#,H1,LONG,SWING_HIGH,2022-10-04T10:00:00,2022-10-04T13:00:00,1710.7,2022-10-04T16:00:00,1711.82,2022-10-04T17:00:00,1710.7,2022-10-04T18:00:00,1710,1722.71,1709.97,1720.69,1720.69,5.320714285714285714285714286,2022,"[""GOLD#_H1_202201030100_202212302300.csv:4484"",""GOLD#_H1_202201030100_202212302300.csv:4489"",""GOLD#_H1_202201030100_202212302300.csv:4490"",""GOLD#_H1_202201030100_202212302300.csv:4491""]",VALID,
b1e93605f6b4cfefb2f7e4cc80e866820c457eb96a0ea0e6f407e4d3cae41d6d,GOLD#,H1,SHORT,SWING_LOW,2020-10-23T09:00:00,2020-10-23T12:00:00,1902.48,2020-10-23T18:00:00,1897.86,2020-10-23T21:00:00,1902.48,2020-10-26T01:00:00,1902.76,1903.65,1891.27,1893.48,1893.48,4.696428571428571428571428571,2020,"[""GOLD#_H1_202001020900_202012311800.csv:4812"",""GOLD#_H1_202001020900_202012311800.csv:4820"",""GOLD#_H1_202001020900_202012311800.csv:4826"",""GOLD#_H1_202001020900_202012311800.csv:4827""]",VALID,
b2cab58853079cb2c21fb98315b5a268bc7ece0a094e9ed859b4e3faa26253a4,GOLD#,H1,LONG,SWING_HIGH,2022-09-08T10:00:00,2022-09-08T13:00:00,1722.86,2022-09-08T14:00:00,1723.56,2022-09-08T15:00:00,1722.86,2022-09-08T21:00:00,1706.17,1711.63,1705.86,1709.39,1709.39,5.007142857142857142857142857,2022,"[""GOLD#_H1_202201030100_202212302300.csv:4070"",""GOLD#_H1_202201030100_202212302300.csv:4073"",""GOLD#_H1_202201030100_202212302300.csv:4079"",""GOLD#_H1_202201030100_202212302300.csv:4080""]",VALID,
b3d8a02080631936ee59d25e1c400168225d44fadb4aebf46ed216b23f8318af,GOLD#,H1,SHORT,SWING_LOW,2022-03-02T08:00:00,2022-03-02T11:00:00,1931.53,2022-03-02T13:00:00,1926.57,2022-03-02T16:00:00,1931.53,2022-03-02T19:00:00,1926.97,1927.95,1916.31,1918.68,1918.68,9.404285714285714285714285714,2022,"[""GOLD#_H1_202201030100_202212302300.csv:971"",""GOLD#_H1_202201030100_202212302300.csv:975"",""GOLD#_H1_202201030100_202212302300.csv:980"",""GOLD#_H1_202201030100_202212302300.csv:981""]",VALID,
b4638f079c9be621383f2561b6afd83f1f5819861e3d72cfb73c74806462d80d,GOLD#,H1,LONG,SWING_HIGH,2020-12-16T05:00:00,2020-12-16T08:00:00,1858.25,2020-12-16T11:00:00,1861.82,2020-12-16T15:00:00,1858.25,2020-12-16T21:00:00,1854.76,1856.8,1854.18,1855.18,1855.18,5.522142857142857142857142857,2020,"[""GOLD#_H1_202001020900_202012311800.csv:5675"",""GOLD#_H1_202001020900_202012311800.csv:5680"",""GOLD#_H1_202001020900_202012311800.csv:5689"",""GOLD#_H1_202001020900_202012311800.csv:5690""]",VALID,
b4a2f22da75faf3d9c848c025978251db89cb0a8becbf6d798309fdabbe74395,GOLD#,H1,SHORT,SWING_LOW,2021-09-03T23:00:00,2021-09-06T03:00:00,1827.16,2021-09-06T04:00:00,1825.71,2021-09-06T05:00:00,1827.16,2021-09-06T07:00:00,1827.55,1827.89,1825.55,1825.75,1825.75,4.346428571428571428571428571,2021,"[""GOLD#_H1_202101040100_202112311800.csv:3987"",""GOLD#_H1_202101040100_202112311800.csv:3990"",""GOLD#_H1_202101040100_202112311800.csv:3992"",""GOLD#_H1_202101040100_202112311800.csv:3993""]",VALID,
b503930cc1466fe77103b3a33eecde482bdd877c222beb7fee1826500d879466,GOLD#,H1,SHORT,SWING_LOW,2021-04-23T10:00:00,2021-04-23T13:00:00,1781.57,2021-04-23T17:00:00,1781.41,2021-04-23T18:00:00,1781.57,2021-04-23T22:00:00,1777.55,1777.88,1775.88,1776.65,1776.65,5.17,2021,"[""GOLD#_H1_202101040100_202112311800.csv:1797"",""GOLD#_H1_202101040100_202112311800.csv:1803"",""GOLD#_H1_202101040100_202112311800.csv:1807"",""GOLD#_H1_202101040100_202112311800.csv:1808""]",VALID,
b53193840deec3be13177a8b362cd08aeb767744b81f9036511ecc75bd54cf7f,GOLD#,H1,SHORT,SWING_LOW,2021-06-24T17:00:00,2021-06-24T20:00:00,1775.81,2021-06-24T21:00:00,1775.46,2021-06-24T22:00:00,1775.81,2021-06-24T23:00:00,1776.56,1776.72,1773.75,1773.91,1773.91,4.293571428571428571428571429,2021,"[""GOLD#_H1_202101040100_202112311800.csv:2812"",""GOLD#_H1_202101040100_202112311800.csv:2815"",""GOLD#_H1_202101040100_202112311800.csv:2816"",""GOLD#_H1_202101040100_202112311800.csv:2817""]",VALID,
b595318a2a1438d8bd9e4503b11fb60628a753083a471b3201d52db490606e97,GOLD#,H1,SHORT,SWING_LOW,2020-01-31T19:00:00,2020-01-31T22:00:00,1580.93,2020-02-03T06:00:00,1580.3,2020-02-03T07:00:00,1580.93,2020-02-03T10:00:00,1579.27,1579.86,1573.78,1576.32,1576.32,4.181428571428571428571428571,2020,"[""GOLD#_H1_202001020900_202012311800.csv:491"",""GOLD#_H1_202001020900_202012311800.csv:500"",""GOLD#_H1_202001020900_202012311800.csv:503"",""GOLD#_H1_202001020900_202012311800.csv:504""]",VALID,
b59fd38681941d52e6bb96084bfda11990695748512c9d4720639e4f31744e70,GOLD#,H1,SHORT,SWING_LOW,2022-04-27T07:00:00,2022-04-27T10:00:00,1895.91,2022-04-27T12:00:00,1893.34,2022-04-27T13:00:00,1895.91,2022-04-27T17:00:00,1896.51,1897.37,1881.63,1888.16,1888.16,5.273571428571428571428571429,2022,"[""GOLD#_H1_202201030100_202212302300.csv:1867"",""GOLD#_H1_202201030100_202212302300.csv:1871"",""GOLD#_H1_202201030100_202212302300.csv:1875"",""GOLD#_H1_202201030100_202212302300.csv:1876""]",VALID,
b5b38b6af8dc474e7c317f03f176837507cda66fb214b996ee9a56453b3de5bc,GOLD#,H1,SHORT,SWING_LOW,2020-07-16T05:00:00,2020-07-16T08:00:00,1808.11,2020-07-16T10:00:00,1807.08,2020-07-16T11:00:00,1808.11,2020-07-16T20:00:00,1806.44,1807.5,1800.79,1801.18,1801.18,3.203571428571428571428571429,2020,"[""GOLD#_H1_202001020900_202012311800.csv:3179"",""GOLD#_H1_202001020900_202012311800.csv:3183"",""GOLD#_H1_202001020900_202012311800.csv:3192"",""GOLD#_H1_202001020900_202012311800.csv:3193""]",VALID,
b5e827c2fe1cc6d776811c6825fa96af863de462791d361d63aa408a24fa7e35,GOLD#,H1,SHORT,SWING_LOW,2022-09-09T09:00:00,2022-09-09T12:00:00,1718.15,2022-09-09T17:00:00,1713.39,2022-09-09T19:00:00,1718.15,2022-09-09T22:00:00,1716.56,1716.56,1714.56,1715.68,1715.68,4.87,2022,"[""GOLD#_H1_202201030100_202212302300.csv:4092"",""GOLD#_H1_202201030100_202212302300.csv:4099"",""GOLD#_H1_202201030100_202212302300.csv:4103"",""GOLD#_H1_202201030100_202212302300.csv:4104""]",VALID,
b62db42d6d32de78e55eadbf8a8f4e462a122f7a621baf0bba7af4156566bcbf,GOLD#,H1,LONG,SWING_HIGH,2021-05-10T02:00:00,2021-05-10T05:00:00,1836.84,2021-05-10T09:00:00,1838.59,2021-05-10T10:00:00,1836.84,2021-05-10T12:00:00,1834.84,1837.19,1834.11,1836.2,1836.2,3.555,2021,"[""GOLD#_H1_202101040100_202112311800.csv:2042"",""GOLD#_H1_202101040100_202112311800.csv:2048"",""GOLD#_H1_202101040100_202112311800.csv:2050"",""GOLD#_H1_202101040100_202112311800.csv:2051""]",VALID,
b6cf40f8d1be4d3dd418dab7a196c393641b91e432d094696e8fc7083ead6dc8,GOLD#,H1,SHORT,SWING_LOW,2021-09-10T08:00:00,2021-09-10T11:00:00,1796.18,2021-09-10T14:00:00,1793.85,2021-09-10T15:00:00,1796.18,2021-09-10T19:00:00,1796.82,1796.85,1790.9,1792.74,1792.74,4.631428571428571428571428571,2021,"[""GOLD#_H1_202101040100_202112311800.csv:4083"",""GOLD#_H1_202101040100_202112311800.csv:4088"",""GOLD#_H1_202101040100_202112311800.csv:4092"",""GOLD#_H1_202101040100_202112311800.csv:4093""]",VALID,
b71526fa595edcedcae0658d24830a6bf10298e95e557bf5e5f5e30a03794e99,GOLD#,H1,SHORT,SWING_LOW,2021-08-02T04:00:00,2021-08-02T07:00:00,1808.47,2021-08-02T11:00:00,1807.94,2021-08-02T12:00:00,1808.47,2021-08-02T16:00:00,1811.41,1811.56,1805.6,1806.81,1806.81,3.540714285714285714285714286,2021,"[""GOLD#_H1_202101040100_202112311800.csv:3416"",""GOLD#_H1_202101040100_202112311800.csv:3422"",""GOLD#_H1_202101040100_202112311800.csv:3426"",""GOLD#_H1_202101040100_202112311800.csv:3427""]",VALID,
b774068281ad19691ca827dc1bf15f37f5efa5a50c1a94145c9bfdb74a55a019,GOLD#,H1,LONG,SWING_HIGH,2022-10-20T08:00:00,2022-10-20T11:00:00,1635.02,2022-10-20T14:00:00,1638.03,2022-10-20T16:00:00,1635.02,2022-10-20T18:00:00,1632.63,1645.17,1632.54,1644.83,1644.83,4.988571428571428571428571429,2022,"[""GOLD#_H1_202201030100_202212302300.csv:4758"",""GOLD#_H1_202201030100_202212302300.csv:4763"",""GOLD#_H1_202201030100_202212302300.csv:4766"",""GOLD#_H1_202201030100_202212302300.csv:4767""]",VALID,
b781cc2c02c87b0563bc6e6cfe1b24679a0e3db231647ad3261277e8be581761,GOLD#,H1,LONG,SWING_HIGH,2022-05-23T08:00:00,2022-05-23T11:00:00,1858.26,2022-05-23T12:00:00,1861.57,2022-05-23T16:00:00,1858.26,2022-05-23T21:00:00,1850.04,1853.59,1847.08,1853.44,1853.44,4.652857142857142857142857143,2022,"[""GOLD#_H1_202201030100_202212302300.csv:2282"",""GOLD#_H1_202201030100_202212302300.csv:2285"",""GOLD#_H1_202201030100_202212302300.csv:2293"",""GOLD#_H1_202201030100_202212302300.csv:2294""]",VALID,
b80f79b8923f6149ada25b925980e900cec03fa48213ffccfbcb81bbc46ead7a,GOLD#,H1,SHORT,SWING_LOW,2022-12-05T12:00:00,2022-12-05T15:00:00,1793.27,2022-12-05T16:00:00,1792.55,2022-12-05T17:00:00,1793.27,2022-12-05T18:00:00,1783.78,1783.78,1773.03,1777.91,1777.91,4.72,2022,"[""GOLD#_H1_202201030100_202212302300.csv:5493"",""GOLD#_H1_202201030100_202212302300.csv:5496"",""GOLD#_H1_202201030100_202212302300.csv:5497"",""GOLD#_H1_202201030100_202212302300.csv:5498""]",VALID,
b812e07eceec4f2e74c26e681a78c24505a502acd793bde3a2a482b5ebfecec5,GOLD#,H1,LONG,SWING_HIGH,2020-09-17T09:00:00,2020-09-17T12:00:00,1947.16,2020-09-17T15:00:00,1947.92,2020-09-17T16:00:00,1947.16,2020-09-17T23:00:00,1944.64,1948.4,1943.21,1948.27,1948.27,6.235714285714285714285714286,2020,"[""GOLD#_H1_202001020900_202012311800.csv:4214"",""GOLD#_H1_202001020900_202012311800.csv:4219"",""GOLD#_H1_202001020900_202012311800.csv:4226"",""GOLD#_H1_202001020900_202012311800.csv:4227""]",VALID,
b842815caeaae9f0b98c4ed5256880f1b3a3b9ef73dd6702396393119fc9bfcb,GOLD#,H1,LONG,SWING_HIGH,2022-05-20T18:00:00,2022-05-20T21:00:00,1846.57,2022-05-23T02:00:00,1847.63,2022-05-23T03:00:00,1846.57,2022-05-23T04:00:00,1846.33,1853.71,1845.8,1852.51,1852.51,5.037857142857142857142857143,2022,"[""GOLD#_H1_202201030100_202212302300.csv:2269"",""GOLD#_H1_202201030100_202212302300.csv:2275"",""GOLD#_H1_202201030100_202212302300.csv:2276"",""GOLD#_H1_202201030100_202212302300.csv:2277""]",VALID,
bac3f28e436593641b8786c1f80336ac4b30c36f93b62e47b2950bbb0c0a240e,GOLD#,H1,SHORT,SWING_LOW,2020-02-11T10:00:00,2020-02-11T13:00:00,1565.75,2020-02-11T18:00:00,1564.02,2020-02-11T19:00:00,1565.75,2020-02-12T00:00:00,1568.51,1568.55,1567.55,1567.65,1567.65,3.218571428571428571428571429,2020,"[""GOLD#_H1_202001020900_202012311800.csv:643"",""GOLD#_H1_202001020900_202012311800.csv:650"",""GOLD#_H1_202001020900_202012311800.csv:655"",""GOLD#_H1_202001020900_202012311800.csv:656""]",VALID,
bb286badc94efdfaed9905ab561523129bf80b078cf5277b767edd848ffaf8bd,GOLD#,H1,LONG,SWING_HIGH,2021-11-09T08:00:00,2021-11-09T11:00:00,1827.06,2021-11-09T16:00:00,1829.81,2021-11-09T17:00:00,1827.06,2021-11-09T19:00:00,1825.79,1829.53,1823.3,1828.3,1828.3,4.193571428571428571428571429,2021,"[""GOLD#_H1_202101040100_202112311800.csv:5049"",""GOLD#_H1_202101040100_202112311800.csv:5056"",""GOLD#_H1_202101040100_202112311800.csv:5058"",""GOLD#_H1_202101040100_202112311800.csv:5059""]",VALID,
bb7345b494ae7ee83334d49ac9489dfaf9dc482247932b5173b9eaf1ca9bbbbc,GOLD#,H1,LONG,SWING_HIGH,2022-02-24T06:00:00,2022-02-24T09:00:00,1948.9,2022-02-24T12:00:00,1953.42,2022-02-24T17:00:00,1948.9,2022-02-25T00:00:00,1898.11,1905.97,1895.05,1903.92,1903.92,16.94,2022,"[""GOLD#_H1_202201030100_202212302300.csv:877"",""GOLD#_H1_202201030100_202212302300.csv:882"",""GOLD#_H1_202201030100_202212302300.csv:893"",""GOLD#_H1_202201030100_202212302300.csv:894""]",VALID,
bb96562aac413e1374b5cd942e6c08d6e08735520368c39de7e2f02fd0aaeb40,GOLD#,H1,LONG,SWING_HIGH,2020-07-24T11:00:00,2020-07-24T14:00:00,1897.97,2020-07-24T17:00:00,1902.11,2020-07-24T19:00:00,1897.97,2020-07-24T22:00:00,1900.06,1901.54,1899.47,1901.35,1901.35,5.514285714285714285714285714,2020,"[""GOLD#_H1_202001020900_202012311800.csv:3323"",""GOLD#_H1_202001020900_202012311800.csv:3328"",""GOLD#_H1_202001020900_202012311800.csv:3332"",""GOLD#_H1_202001020900_202012311800.csv:3333""]",VALID,
bbea5b3b892ff44688cfaf7e076bcff62c86c863298c08d00a771df89c89d4f1,GOLD#,H1,SHORT,SWING_LOW,2021-08-03T04:00:00,2021-08-03T07:00:00,1809.41,2021-08-03T10:00:00,1809.12,2021-08-03T11:00:00,1809.41,2021-08-03T19:00:00,1811.56,1812.02,1808.62,1809.23,1809.23,3.160714285714285714285714286,2021,"[""GOLD#_H1_202101040100_202112311800.csv:3439"",""GOLD#_H1_202101040100_202112311800.csv:3444"",""GOLD#_H1_202101040100_202112311800.csv:3452"",""GOLD#_H1_202101040100_202112311800.csv:3453""]",VALID,
bc39573b6659aa520284ba25733970208f0c1820a04931f870e95bb34c5f049c,GOLD#,H1,LONG,SWING_HIGH,2020-06-09T04:00:00,2020-06-09T07:00:00,1704.73,2020-06-09T12:00:00,1705.89,2020-06-09T16:00:00,1704.73,2020-06-09T17:00:00,1716.3,1719.92,1712.94,1718.91,1718.91,5.241428571428571428571428571,2020,"[""GOLD#_H1_202001020900_202012311800.csv:2561"",""GOLD#_H1_202001020900_202012311800.csv:2568"",""GOLD#_H1_202001020900_202012311800.csv:2572"",""GOLD#_H1_202001020900_202012311800.csv:2573""]",VALID,
bc8fb37dcc43ea89e142a06a436d9a5e7b686a4f107b4320e0988aec1309a651,GOLD#,H1,SHORT,SWING_LOW,2020-05-22T18:00:00,2020-05-22T21:00:00,1730.07,2020-05-25T04:00:00,1729.04,2020-05-25T12:00:00,1730.07,2020-05-25T14:00:00,1730.72,1730.78,1727.39,1728.14,1728.14,3.046428571428571428571428571,2020,"[""GOLD#_H1_202001020900_202012311800.csv:2303"",""GOLD#_H1_202001020900_202012311800.csv:2311"",""GOLD#_H1_202001020900_202012311800.csv:2320"",""GOLD#_H1_202001020900_202012311800.csv:2321""]",VALID,
bd37e0b4decef800f0f0037b9b523da85297866305af04c07c8e3fdcfcea1313,GOLD#,H1,LONG,SWING_HIGH,2021-10-08T09:00:00,2021-10-08T12:00:00,1760.26,2021-10-08T15:00:00,1761.68,2021-10-08T18:00:00,1760.26,2021-10-11T04:00:00,1753.97,1757.88,1753.8,1756.72,1756.72,5.791428571428571428571428571,2021,"[""GOLD#_H1_202101040100_202112311800.csv:4544"",""GOLD#_H1_202101040100_202112311800.csv:4549"",""GOLD#_H1_202101040100_202112311800.csv:4560"",""GOLD#_H1_202101040100_202112311800.csv:4561""]",VALID,
bef045cb9b4917a55cb7b2e99c3e4d41ebf13373d8fc2649c2dec4a5ff223f9f,GOLD#,H1,LONG,SWING_HIGH,2021-06-07T04:00:00,2021-06-07T07:00:00,1891.78,2021-06-07T18:00:00,1891.85,2021-06-07T19:00:00,1891.78,2021-06-07T20:00:00,1894.07,1895.59,1894.07,1895.03,1895.03,3.39,2021,"[""GOLD#_H1_202101040100_202112311800.csv:2500"",""GOLD#_H1_202101040100_202112311800.csv:2513"",""GOLD#_H1_202101040100_202112311800.csv:2514"",""GOLD#_H1_202101040100_202112311800.csv:2515""]",VALID,
c04e8601f1068117c212c2f467993063c6802884ff14e95c763cb15d2386c7ec,GOLD#,H1,SHORT,SWING_LOW,2021-03-22T03:00:00,2021-03-22T06:00:00,1732.52,2021-03-22T09:00:00,1730.54,2021-03-22T13:00:00,1732.52,2021-03-22T15:00:00,1736.17,1736.96,1730.74,1732.21,1732.21,4.82,2021,"[""GOLD#_H1_202101040100_202112311800.csv:1262"",""GOLD#_H1_202101040100_202112311800.csv:1267"",""GOLD#_H1_202101040100_202112311800.csv:1272"",""GOLD#_H1_202101040100_202112311800.csv:1273""]",VALID,
c15f49b0e98362d4ab8ee8fb6e6cc24e45266bec9333b79e6f6a40828d336b88,GOLD#,H1,LONG,SWING_HIGH,2021-11-12T17:00:00,2021-11-12T20:00:00,1865.82,2021-11-12T21:00:00,1867.86,2021-11-12T22:00:00,1865.82,2021-11-15T10:00:00,1857.24,1862.28,1856.26,1860.8,1860.8,3.750714285714285714285714286,2021,"[""GOLD#_H1_202101040100_202112311800.csv:5127"",""GOLD#_H1_202101040100_202112311800.csv:5130"",""GOLD#_H1_202101040100_202112311800.csv:5141"",""GOLD#_H1_202101040100_202112311800.csv:5142""]",VALID,
c18fc0af6cf6a38dfb2214ca84ea2d9bd59d78af1b279ace119df1342ea7551f,GOLD#,H1,SHORT,SWING_LOW,2021-03-25T09:00:00,2021-03-25T12:00:00,1730.71,2021-03-25T14:00:00,1728.47,2021-03-25T16:00:00,1730.71,2021-03-25T18:00:00,1736.77,1737.37,1730.3,1730.87,1730.87,4.647857142857142857142857143,2021,"[""GOLD#_H1_202101040100_202112311800.csv:1337"",""GOLD#_H1_202101040100_202112311800.csv:1341"",""GOLD#_H1_202101040100_202112311800.csv:1344"",""GOLD#_H1_202101040100_202112311800.csv:1345""]",VALID,
c21f21122aaa15a5fd7931069105704ac4f2e970577dd6fca4c5fc54a2de92b9,GOLD#,H1,LONG,SWING_HIGH,2020-01-21T14:00:00,2020-01-21T17:00:00,1557.83,2020-01-21T18:00:00,1558.52,2020-01-21T19:00:00,1557.83,2020-01-21T21:00:00,1557.05,1559.96,1554.34,1558.65,1558.65,4.320714285714285714285714286,2020,"[""GOLD#_H1_202001020900_202012311800.csv:302"",""GOLD#_H1_202001020900_202012311800.csv:305"",""GOLD#_H1_202001020900_202012311800.csv:307"",""GOLD#_H1_202001020900_202012311800.csv:308""]",VALID,
c37b1cfc8b57954b3acb15fe4a19c5f8b47c13d54df49ae824884813b4b915c4,GOLD#,H1,SHORT,SWING_LOW,2021-04-07T09:00:00,2021-04-07T12:00:00,1736.29,2021-04-07T15:00:00,1734.57,2021-04-07T16:00:00,1736.29,2021-04-07T22:00:00,1740.32,1742.34,1738.48,1739.14,1739.14,3.783571428571428571428571429,2021,"[""GOLD#_H1_202101040100_202112311800.csv:1520"",""GOLD#_H1_202101040100_202112311800.csv:1525"",""GOLD#_H1_202101040100_202112311800.csv:1531"",""GOLD#_H1_202101040100_202112311800.csv:1532""]",VALID,
c41e5961318acdba36de0cf4a19d99bccf0c127ceb129c54ab377ff7f0e96766,GOLD#,H1,SHORT,SWING_LOW,2021-10-11T12:00:00,2021-10-11T15:00:00,1752.27,2021-10-11T16:00:00,1750.73,2021-10-11T17:00:00,1752.27,2021-10-11T20:00:00,1757.33,1757.7,1755.76,1756.4,1756.4,3.895,2021,"[""GOLD#_H1_202101040100_202112311800.csv:4570"",""GOLD#_H1_202101040100_202112311800.csv:4573"",""GOLD#_H1_202101040100_202112311800.csv:4576"",""GOLD#_H1_202101040100_202112311800.csv:4577""]",VALID,
c488216b0e897855ef34b2fa9b5700d5c68e524f06d88e9d2f4d4a00474e7f7b,GOLD#,H1,SHORT,SWING_LOW,2020-04-07T04:00:00,2020-04-07T07:00:00,1654.25,2020-04-07T11:00:00,1645.74,2020-04-07T12:00:00,1654.25,2020-04-07T17:00:00,1656.81,1657.69,1642.29,1649.33,1649.33,10.00285714285714285714285714,2020,"[""GOLD#_H1_202001020900_202012311800.csv:1553"",""GOLD#_H1_202001020900_202012311800.csv:1559"",""GOLD#_H1_202001020900_202012311800.csv:1564"",""GOLD#_H1_202001020900_202012311800.csv:1565""]",VALID,
c69388b250d73265333591ce3815c0077e6dc9b7391bed63214e81d12f07a41a,GOLD#,H1,LONG,SWING_HIGH,2022-12-02T22:00:00,2022-12-05T02:00:00,1799.52,2022-12-05T03:00:00,1799.98,2022-12-05T10:00:00,1799.52,2022-12-05T15:00:00,1793.96,1797.99,1793.59,1797.87,1797.87,3.842857142857142857142857143,2022,"[""GOLD#_H1_202201030100_202212302300.csv:5480"",""GOLD#_H1_202201030100_202212302300.csv:5483"",""GOLD#_H1_202201030100_202212302300.csv:5494"",""GOLD#_H1_202201030100_202212302300.csv:5495""]",VALID,
c7233d0db20701a64e700ebcd8f69c5fd452b7014a607098e874455e27b5dfa8,GOLD#,H1,SHORT,SWING_LOW,2022-02-18T09:00:00,2022-02-18T12:00:00,1889.84,2022-02-18T13:00:00,1889.44,2022-02-18T14:00:00,1889.84,2022-02-18T18:00:00,1894.6,1896.46,1890.37,1891.8,1891.8,4.664285714285714285714285714,2022,"[""GOLD#_H1_202201030100_202212302300.csv:790"",""GOLD#_H1_202201030100_202212302300.csv:793"",""GOLD#_H1_202201030100_202212302300.csv:797"",""GOLD#_H1_202201030100_202212302300.csv:798""]",VALID,
c75c1a122e1a9e85db3f0a691ce2934b0710cc49ece106a3c3e298c75556e605,GOLD#,H1,LONG,SWING_HIGH,2020-04-03T11:00:00,2020-04-03T14:00:00,1617.08,2020-04-03T15:00:00,1619.17,2020-04-03T16:00:00,1617.08,2020-04-03T22:00:00,1617.96,1623.77,1616.41,1623.19,1623.19,7.838571428571428571428571429,2020,"[""GOLD#_H1_202001020900_202012311800.csv:1514"",""GOLD#_H1_202001020900_202012311800.csv:1517"",""GOLD#_H1_202001020900_202012311800.csv:1523"",""GOLD#_H1_202001020900_202012311800.csv:1524""]",VALID,
caa27e9a648e1d34089cfafb2c64f93eec78d23febcd7c3bc9a7c7a6f5e8a0c0,GOLD#,H1,SHORT,SWING_LOW,2022-03-25T09:00:00,2022-03-25T12:00:00,1953.18,2022-03-25T13:00:00,1950.46,2022-03-25T14:00:00,1953.18,2022-03-25T16:00:00,1956.28,1956.74,1943.16,1948.71,1948.71,4.427857142857142857142857143,2022,"[""GOLD#_H1_202201030100_202212302300.csv:1364"",""GOLD#_H1_202201030100_202212302300.csv:1367"",""GOLD#_H1_202201030100_202212302300.csv:1369"",""GOLD#_H1_202201030100_202212302300.csv:1370""]",VALID,
cc723b0d04eee8b41a4c966c418d1ce41de4063187ca94e5a6ba77a6c8c84c6c,GOLD#,H1,LONG,SWING_HIGH,2022-03-10T08:00:00,2022-03-10T11:00:00,1988.95,2022-03-10T13:00:00,1999.59,2022-03-10T18:00:00,1988.95,2022-03-10T20:00:00,1994.94,2005.82,1994.86,2003.8,2003.8,10.76714285714285714285714286,2022,"[""GOLD#_H1_202201030100_202212302300.csv:1109"",""GOLD#_H1_202201030100_202212302300.csv:1113"",""GOLD#_H1_202201030100_202212302300.csv:1119"",""GOLD#_H1_202201030100_202212302300.csv:1120""]",VALID,
ccfb5ed0c0a4d2f9f94fd7cdc0fec7c109f6dc21d1227ddcb5ecc44000389e19,GOLD#,H1,SHORT,SWING_LOW,2020-05-08T07:00:00,2020-05-08T10:00:00,1713.46,2020-05-08T16:00:00,1711.93,2020-05-08T17:00:00,1713.46,2020-05-08T20:00:00,1714.94,1715.59,1708.13,1709.64,1709.64,6.127142857142857142857142857,2020,"[""GOLD#_H1_202001020900_202012311800.csv:2062"",""GOLD#_H1_202001020900_202012311800.csv:2070"",""GOLD#_H1_202001020900_202012311800.csv:2073"",""GOLD#_H1_202001020900_202012311800.csv:2074""]",VALID,
cd5ff0a16e40c65df00a9c599c9bace5972d2b7fab9f786d331f685a9059974d,GOLD#,H1,LONG,SWING_HIGH,2021-07-20T05:00:00,2021-07-20T08:00:00,1819.04,2021-07-20T16:00:00,1822.69,2021-07-20T18:00:00,1819.04,2021-07-20T20:00:00,1807.48,1811.97,1806.98,1811.97,1811.97,5.063571428571428571428571429,2021,"[""GOLD#_H1_202101040100_202112311800.csv:3210"",""GOLD#_H1_202101040100_202112311800.csv:3220"",""GOLD#_H1_202101040100_202112311800.csv:3223"",""GOLD#_H1_202101040100_202112311800.csv:3224""]",VALID,
cd79f29f8d5dd0bbe18c3b190400e33d172d4ebd2e9a326769ee554036ea9328,GOLD#,H1,LONG,SWING_HIGH,2020-10-20T09:00:00,2020-10-20T12:00:00,1903.94,2020-10-20T13:00:00,1906.07,2020-10-20T15:00:00,1903.94,2020-10-20T18:00:00,1900.88,1912.22,1897.51,1908.78,1908.78,4.637857142857142857142857143,2020,"[""GOLD#_H1_202001020900_202012311800.csv:4743"",""GOLD#_H1_202001020900_202012311800.csv:4746"",""GOLD#_H1_202001020900_202012311800.csv:4750"",""GOLD#_H1_202001020900_202012311800.csv:4751""]",VALID,
cfc2702fdd5c97ef60e8a0c6f534e565add7fe3ec0d336d878c221cca856b47f,GOLD#,H1,LONG,SWING_HIGH,2022-11-04T08:00:00,2022-11-04T11:00:00,1649.75,2022-11-04T14:00:00,1651.37,2022-11-04T15:00:00,1649.75,2022-11-04T16:00:00,1659.5,1667.9,1658.9,1667.41,1667.41,5.706428571428571428571428571,2022,"[""GOLD#_H1_202201030100_202212302300.csv:5012"",""GOLD#_H1_202201030100_202212302300.csv:5017"",""GOLD#_H1_202201030100_202212302300.csv:5018"",""GOLD#_H1_202201030100_202212302300.csv:5019""]",VALID,
cfef70125e990ec31bd8700d92d5cf530a9bbfb60c72a11866158652f9e8bb32,GOLD#,H1,LONG,SWING_HIGH,2021-03-19T14:00:00,2021-03-19T17:00:00,1743.54,2021-03-19T23:00:00,1744.83,2021-03-22T01:00:00,1743.54,2021-03-22T06:00:00,1738.9,1741.25,1738.4,1740.7,1740.7,4.655,2021,"[""GOLD#_H1_202101040100_202112311800.csv:1250"",""GOLD#_H1_202101040100_202112311800.csv:1258"",""GOLD#_H1_202101040100_202112311800.csv:1263"",""GOLD#_H1_202101040100_202112311800.csv:1264""]",VALID,
d019a3e5fd1168ae43ed075106753626bd47032432bacfa27a5a5d46c76f314c,GOLD#,H1,SHORT,SWING_LOW,2021-05-26T12:00:00,2021-05-26T15:00:00,1903.61,2021-05-26T17:00:00,1899.19,2021-05-26T18:00:00,1903.61,2021-05-26T21:00:00,1902.28,1902.97,1890.66,1893.26,1893.26,4.781428571428571428571428571,2021,"[""GOLD#_H1_202101040100_202112311800.csv:2328"",""GOLD#_H1_202101040100_202112311800.csv:2332"",""GOLD#_H1_202101040100_202112311800.csv:2335"",""GOLD#_H1_202101040100_202112311800.csv:2336""]",VALID,
d055f7b50b921f931c8e14023abf619a1427f797f029dd1cab4721a77b428fab,GOLD#,H1,SHORT,SWING_LOW,2020-10-16T09:00:00,2020-10-16T12:00:00,1902.69,2020-10-16T18:00:00,1902.23,2020-10-16T19:00:00,1902.69,2020-10-16T23:00:00,1903.49,1903.49,1899.09,1899.45,1899.45,4.943571428571428571428571429,2020,"[""GOLD#_H1_202001020900_202012311800.csv:4697"",""GOLD#_H1_202001020900_202012311800.csv:4705"",""GOLD#_H1_202001020900_202012311800.csv:4709"",""GOLD#_H1_202001020900_202012311800.csv:4710""]",VALID,
d0efb3cde4cb2b21869f0065e65087993304059f283a37a5402d0e41c0b731c1,GOLD#,H1,LONG,SWING_HIGH,2021-04-23T04:00:00,2021-04-23T07:00:00,1789.65,2021-04-23T15:00:00,1791.05,2021-04-23T17:00:00,1789.65,2021-04-26T04:00:00,1774.87,1779.09,1774.79,1778.35,1778.35,4.475,2021,"[""GOLD#_H1_202101040100_202112311800.csv:1791"",""GOLD#_H1_202101040100_202112311800.csv:1801"",""GOLD#_H1_202101040100_202112311800.csv:1812"",""GOLD#_H1_202101040100_202112311800.csv:1813""]",VALID,
d1f31ace6b14cf53efb63b17a352fcaf4157fba8263c8fdb99fe0981e5ee4a9f,GOLD#,H1,LONG,SWING_HIGH,2021-08-11T06:00:00,2021-08-11T09:00:00,1735.15,2021-08-11T14:00:00,1737.4,2021-08-11T16:00:00,1735.15,2021-08-11T19:00:00,1745.65,1751.95,1745.63,1751.55,1751.55,4.685,2021,"[""GOLD#_H1_202101040100_202112311800.csv:3579"",""GOLD#_H1_202101040100_202112311800.csv:3586"",""GOLD#_H1_202101040100_202112311800.csv:3590"",""GOLD#_H1_202101040100_202112311800.csv:3591""]",VALID,
d214b69717fced409af7e28923b010b8bfd4c4cbaa388da0dcadd399b69bc018,GOLD#,H1,LONG,SWING_HIGH,2021-05-13T10:00:00,2021-05-13T13:00:00,1822.19,2021-05-13T18:00:00,1823.96,2021-05-13T19:00:00,1822.19,2021-05-13T20:00:00,1825.26,1828.73,1824.57,1826.03,1826.03,5.175714285714285714285714286,2021,"[""GOLD#_H1_202101040100_202112311800.csv:2119"",""GOLD#_H1_202101040100_202112311800.csv:2126"",""GOLD#_H1_202101040100_202112311800.csv:2127"",""GOLD#_H1_202101040100_202112311800.csv:2128""]",VALID,
d2b76e912a880f19e3273c1ba9f6d8818af889a34130a0f2c345d683e8781a37,GOLD#,H1,LONG,SWING_HIGH,2022-05-24T11:00:00,2022-05-24T14:00:00,1860.63,2022-05-24T17:00:00,1867.45,2022-05-24T18:00:00,1860.63,2022-05-24T19:00:00,1865.36,1869.66,1864.84,1869.26,1869.26,4.68,2022,"[""GOLD#_H1_202201030100_202212302300.csv:2308"",""GOLD#_H1_202201030100_202212302300.csv:2313"",""GOLD#_H1_202201030100_202212302300.csv:2314"",""GOLD#_H1_202201030100_202212302300.csv:2315""]",VALID,
d30dae4345ccb02f093003b6c087869931ae169899329a5b6211b12de7107492,GOLD#,H1,LONG,SWING_HIGH,2021-10-25T07:00:00,2021-10-25T10:00:00,1801,2021-10-25T12:00:00,1803.08,2021-10-25T13:00:00,1801,2021-10-25T15:00:00,1799.57,1802.09,1799.56,1801.72,1801.72,3.665,2021,"[""GOLD#_H1_202101040100_202112311800.csv:4795"",""GOLD#_H1_202101040100_202112311800.csv:4799"",""GOLD#_H1_202101040100_202112311800.csv:4801"",""GOLD#_H1_202101040100_202112311800.csv:4802""]",VALID,
d3b94915c2496d385e6c850783eb48f791cef24aba2be5c25a8aa42f85e24dfd,GOLD#,H1,SHORT,SWING_LOW,2022-03-11T07:00:00,2022-03-11T10:00:00,1980.94,2022-03-11T14:00:00,1979.51,2022-03-11T18:00:00,1980.94,2022-03-11T23:00:00,1985.5,1987.96,1982.1,1982.71,1982.71,10.71428571428571428571428571,2022,"[""GOLD#_H1_202201030100_202212302300.csv:1131"",""GOLD#_H1_202201030100_202212302300.csv:1137"",""GOLD#_H1_202201030100_202212302300.csv:1145"",""GOLD#_H1_202201030100_202212302300.csv:1146""]",VALID,
d3ff245431824fb691abe6214e1b0b715af1247bf890d68160c3ba92d36dd32d,GOLD#,H1,LONG,SWING_HIGH,2022-01-04T12:00:00,2022-01-04T15:00:00,1808.41,2022-01-04T17:00:00,1810.09,2022-01-04T18:00:00,1808.41,2022-01-04T21:00:00,1813.49,1815.18,1813.38,1815.12,1815.12,4.282142857142857142857142857,2022,"[""GOLD#_H1_202201030100_202212302300.csv:36"",""GOLD#_H1_202201030100_202212302300.csv:40"",""GOLD#_H1_202201030100_202212302300.csv:43"",""GOLD#_H1_202201030100_202212302300.csv:44""]",VALID,
d42b8499a43c11a883bc15cbba48a9a73bbeef7b14f66fc8d70a346cb8d58e6f,GOLD#,H1,SHORT,SWING_LOW,2020-09-25T09:00:00,2020-09-25T12:00:00,1866.02,2020-09-25T14:00:00,1855.48,2020-09-25T22:00:00,1866.02,2020-09-25T23:00:00,1864.68,1866.85,1861.92,1862.76,1862.76,7.169285714285714285714285714,2020,"[""GOLD#_H1_202001020900_202012311800.csv:4352"",""GOLD#_H1_202001020900_202012311800.csv:4356"",""GOLD#_H1_202001020900_202012311800.csv:4364"",""GOLD#_H1_202001020900_202012311800.csv:4365""]",VALID,
d4ff26701f54c8d4bbbd077e9ab544622ce07f6c29c263f3f7765674757d0439,GOLD#,H1,LONG,SWING_HIGH,2022-03-18T10:00:00,2022-03-18T13:00:00,1937.14,2022-03-18T14:00:00,1939.95,2022-03-18T15:00:00,1937.14,2022-03-21T03:00:00,1918.91,1924.06,1918.7,1922.16,1922.16,6.560714285714285714285714286,2022,"[""GOLD#_H1_202201030100_202212302300.csv:1250"",""GOLD#_H1_202201030100_202212302300.csv:1253"",""GOLD#_H1_202201030100_202212302300.csv:1264"",""GOLD#_H1_202201030100_202212302300.csv:1265""]",VALID,
d64a8e254fe33a6184b21a6df50d7dc94c3b1294ab76e594cec518d365a044a7,GOLD#,H1,SHORT,SWING_LOW,2020-07-02T08:00:00,2020-07-02T11:00:00,1764.1,2020-07-02T16:00:00,1760.06,2020-07-02T17:00:00,1764.1,2020-07-02T23:00:00,1777.1,1777.35,1774.77,1775.66,1775.66,4.960714285714285714285714286,2020,"[""GOLD#_H1_202001020900_202012311800.csv:2956"",""GOLD#_H1_202001020900_202012311800.csv:2963"",""GOLD#_H1_202001020900_202012311800.csv:2969"",""GOLD#_H1_202001020900_202012311800.csv:2970""]",VALID,
d67d12b1b012c97234e5543039a853a0dcddd2546a73ee7f424cc1a8800d0bfd,GOLD#,H1,SHORT,SWING_LOW,2021-04-22T09:00:00,2021-04-22T12:00:00,1788.2,2021-04-22T13:00:00,1787.27,2021-04-22T14:00:00,1788.2,2021-04-22T19:00:00,1784.88,1785.53,1779.24,1780.83,1780.83,4.490714285714285714285714286,2021,"[""GOLD#_H1_202101040100_202112311800.csv:1773"",""GOLD#_H1_202101040100_202112311800.csv:1776"",""GOLD#_H1_202101040100_202112311800.csv:1781"",""GOLD#_H1_202101040100_202112311800.csv:1782""]",VALID,
d739ff2c6833d9412c9a7f7354c32862e0e244a28e9fa58d575e70099793f7fc,GOLD#,H1,LONG,SWING_HIGH,2020-05-29T21:00:00,2020-05-30T00:00:00,1737.44,2020-06-01T02:00:00,1737.98,2020-06-01T04:00:00,1737.44,2020-06-01T06:00:00,1737.04,1740.59,1736.6,1738.86,1738.86,5.421428571428571428571428571,2020,"[""GOLD#_H1_202001020900_202012311800.csv:2417"",""GOLD#_H1_202001020900_202012311800.csv:2420"",""GOLD#_H1_202001020900_202012311800.csv:2423"",""GOLD#_H1_202001020900_202012311800.csv:2424""]",VALID,
d876be95ae1a9d3bf87c24f115ebebf9294c588f5b4159afd111ab4d7a0fe9a8,GOLD#,H1,SHORT,SWING_LOW,2020-01-23T10:00:00,2020-01-23T13:00:00,1552.96,2020-01-23T14:00:00,1552.85,2020-01-23T15:00:00,1552.96,2020-01-23T21:00:00,1567.18,1567.89,1562.3,1562.3,1562.3,3.532857142857142857142857143,2020,"[""GOLD#_H1_202001020900_202012311800.csv:344"",""GOLD#_H1_202001020900_202012311800.csv:347"",""GOLD#_H1_202001020900_202012311800.csv:353"",""GOLD#_H1_202001020900_202012311800.csv:354""]",VALID,
d879f7c78964b4186fd73b8efdd6a605d92e5e77052ae0303e08a9ba7772745f,GOLD#,H1,SHORT,SWING_LOW,2021-10-26T11:00:00,2021-10-26T14:00:00,1799.81,2021-10-26T16:00:00,1799.31,2021-10-26T17:00:00,1799.81,2021-10-26T18:00:00,1789.98,1790.03,1782.28,1786.07,1786.07,4.125,2021,"[""GOLD#_H1_202101040100_202112311800.csv:4822"",""GOLD#_H1_202101040100_202112311800.csv:4826"",""GOLD#_H1_202101040100_202112311800.csv:4827"",""GOLD#_H1_202101040100_202112311800.csv:4828""]",VALID,
d9483bc38541efc88bbde7c90277b54af76f3dc32342b23c2740c0d299520577,GOLD#,H1,LONG,SWING_HIGH,2022-02-08T12:00:00,2022-02-08T15:00:00,1820.96,2022-02-08T16:00:00,1823.99,2022-02-08T17:00:00,1820.96,2022-02-08T18:00:00,1822.14,1828.33,1821.77,1824.49,1824.49,2.787857142857142857142857143,2022,"[""GOLD#_H1_202201030100_202212302300.csv:609"",""GOLD#_H1_202201030100_202212302300.csv:612"",""GOLD#_H1_202201030100_202212302300.csv:613"",""GOLD#_H1_202201030100_202212302300.csv:614""]",VALID,
d9d194d098ce1419ebfb9f838689236406ef47b648a7c760ee10c8e853e5c35b,GOLD#,H1,LONG,SWING_HIGH,2021-03-15T11:00:00,2021-03-15T14:00:00,1732.62,2021-03-15T16:00:00,1733.9,2021-03-15T17:00:00,1732.62,2021-03-15T19:00:00,1726.87,1730.56,1726.7,1729.03,1729.03,4.922142857142857142857142857,2021,"[""GOLD#_H1_202101040100_202112311800.csv:1155"",""GOLD#_H1_202101040100_202112311800.csv:1159"",""GOLD#_H1_202101040100_202112311800.csv:1161"",""GOLD#_H1_202101040100_202112311800.csv:1162""]",VALID,
d9fca52368158ee6afcb84ce518d457d3cc1d854f70f59d6f2fb01fb0a299bc9,GOLD#,H1,LONG,SWING_HIGH,2020-12-23T11:00:00,2020-12-23T14:00:00,1872.22,2020-12-23T17:00:00,1876.57,2020-12-23T18:00:00,1872.22,2020-12-24T00:00:00,1872.15,1873.12,1871.68,1873.12,1873.12,5.297857142857142857142857143,2020,"[""GOLD#_H1_202001020900_202012311800.csv:5796"",""GOLD#_H1_202001020900_202012311800.csv:5801"",""GOLD#_H1_202001020900_202012311800.csv:5807"",""GOLD#_H1_202001020900_202012311800.csv:5808""]",VALID,
d9ffb756fa19c6646e763ee0f03e1433973201aa4111d61ae4df98d27c4b0594,GOLD#,H1,SHORT,SWING_LOW,2022-08-05T04:00:00,2022-08-05T07:00:00,1788.77,2022-08-05T12:00:00,1787.33,2022-08-05T16:00:00,1788.77,2022-08-05T22:00:00,1775.03,1775.91,1772.35,1772.64,1772.64,5.536428571428571428571428571,2022,"[""GOLD#_H1_202201030100_202212302300.csv:3514"",""GOLD#_H1_202201030100_202212302300.csv:3521"",""GOLD#_H1_202201030100_202212302300.csv:3530"",""GOLD#_H1_202201030100_202212302300.csv:3531""]",VALID,
da304f6674fd9e564e888de15efee142660bd2c30abf02ca9e4521983c1e0444,GOLD#,H1,LONG,SWING_HIGH,2022-04-26T08:00:00,2022-04-26T11:00:00,1907.45,2022-04-26T14:00:00,1909.34,2022-04-26T15:00:00,1907.45,2022-04-27T00:00:00,1901.09,1906.52,1900.89,1905.04,1905.04,6.16,2022,"[""GOLD#_H1_202201030100_202212302300.csv:1845"",""GOLD#_H1_202201030100_202212302300.csv:1850"",""GOLD#_H1_202201030100_202212302300.csv:1859"",""GOLD#_H1_202201030100_202212302300.csv:1860""]",VALID,
da3c3a7e2480633baabafced8698066e93ea3eb62176b2d34ab0a0a52d0390d1,GOLD#,H1,LONG,SWING_HIGH,2020-06-02T12:00:00,2020-06-02T15:00:00,1742.09,2020-06-02T17:00:00,1744.68,2020-06-02T18:00:00,1742.09,2020-06-02T22:00:00,1727.31,1728.09,1724.06,1727.89,1727.89,5.172142857142857142857142857,2020,"[""GOLD#_H1_202001020900_202012311800.csv:2454"",""GOLD#_H1_202001020900_202012311800.csv:2458"",""GOLD#_H1_202001020900_202012311800.csv:2462"",""GOLD#_H1_202001020900_202012311800.csv:2463""]",VALID,
dd74075e8a0264a7bdda04ee0dcc1b85c9eb44165169029aaed2fc154eb27811,GOLD#,H1,SHORT,SWING_LOW,2021-07-20T11:00:00,2021-07-20T14:00:00,1811.56,2021-07-20T18:00:00,1809.44,2021-07-20T20:00:00,1811.56,2021-07-20T22:00:00,1809.83,1810.85,1808.7,1809,1809,5.209285714285714285714285714,2021,"[""GOLD#_H1_202101040100_202112311800.csv:3216"",""GOLD#_H1_202101040100_202112311800.csv:3222"",""GOLD#_H1_202101040100_202112311800.csv:3225"",""GOLD#_H1_202101040100_202112311800.csv:3226""]",VALID,
dd751f5aa825f565ea0932467dde25723af4c261394b36d72e00965079a8963b,GOLD#,H1,LONG,SWING_HIGH,2022-08-23T04:00:00,2022-08-23T07:00:00,1740.55,2022-08-23T12:00:00,1740.66,2022-08-23T13:00:00,1740.55,2022-08-23T17:00:00,1736.05,1749.04,1735.58,1747.07,1747.07,3.621428571428571428571428571,2022,"[""GOLD#_H1_202201030100_202212302300.csv:3790"",""GOLD#_H1_202201030100_202212302300.csv:3797"",""GOLD#_H1_202201030100_202212302300.csv:3801"",""GOLD#_H1_202201030100_202212302300.csv:3802""]",VALID,
df07bd54402f4fb94a5a0965b8e03234c064ce5dc481b71272fde3431d6e3adc,GOLD#,H1,LONG,SWING_HIGH,2020-02-18T12:00:00,2020-02-18T15:00:00,1589.34,2020-02-18T16:00:00,1591.33,2020-02-18T17:00:00,1589.34,2020-02-18T18:00:00,1589.76,1600.79,1589.45,1600.73,1600.73,2.249285714285714285714285714,2020,"[""GOLD#_H1_202001020900_202012311800.csv:756"",""GOLD#_H1_202001020900_202012311800.csv:759"",""GOLD#_H1_202001020900_202012311800.csv:760"",""GOLD#_H1_202001020900_202012311800.csv:761""]",VALID,
dff49453cce72e7b8802c449d1c9635c4f0d430c715c671fa6058f04204a314b,GOLD#,H1,LONG,SWING_HIGH,2020-08-05T13:00:00,2020-08-05T16:00:00,2044.91,2020-08-05T17:00:00,2046.72,2020-08-05T18:00:00,2044.91,2020-08-05T22:00:00,2036.99,2040.35,2035.71,2039.97,2039.97,10.46214285714285714285714286,2020,"[""GOLD#_H1_202001020900_202012311800.csv:3509"",""GOLD#_H1_202001020900_202012311800.csv:3512"",""GOLD#_H1_202001020900_202012311800.csv:3516"",""GOLD#_H1_202001020900_202012311800.csv:3517""]",VALID,
e11fd68e44d378e677019e53c3cc788169f9d1c160a8eb8938b285380bd827e1,GOLD#,H1,LONG,SWING_HIGH,2022-09-26T04:00:00,2022-09-26T07:00:00,1645.87,2022-09-26T12:00:00,1646.52,2022-09-26T13:00:00,1645.87,2022-09-26T16:00:00,1639.97,1647.75,1639.89,1645.97,1645.97,7.177142857142857142857142857,2022,"[""GOLD#_H1_202201030100_202212302300.csv:4340"",""GOLD#_H1_202201030100_202212302300.csv:4347"",""GOLD#_H1_202201030100_202212302300.csv:4350"",""GOLD#_H1_202201030100_202212302300.csv:4351""]",VALID,
e1d83b97a6834e9eeec1e3f55bf1109ed5e75770c009c55ca2341fe2ff4d97de,GOLD#,H1,SHORT,SWING_LOW,2021-05-20T09:00:00,2021-05-20T12:00:00,1870.44,2021-05-20T13:00:00,1867.74,2021-05-20T15:00:00,1870.44,2021-05-20T21:00:00,1882.65,1883.8,1876.46,1876.64,1876.64,4.883571428571428571428571429,2021,"[""GOLD#_H1_202101040100_202112311800.csv:2233"",""GOLD#_H1_202101040100_202112311800.csv:2236"",""GOLD#_H1_202101040100_202112311800.csv:2243"",""GOLD#_H1_202101040100_202112311800.csv:2244""]",VALID,
e20dfa0e1c02b292868a30c6c9561df95681c7bfeddbcf2e7d6569364b5909d9,GOLD#,H1,LONG,SWING_HIGH,2020-01-07T09:00:00,2020-01-07T12:00:00,1570.78,2020-01-07T19:00:00,1571.09,2020-01-07T21:00:00,1570.78,2020-01-08T00:00:00,1571.69,1577.3,1571.46,1573.97,1573.97,3.972142857142857142857142857,2020,"[""GOLD#_H1_202001020900_202012311800.csv:71"",""GOLD#_H1_202001020900_202012311800.csv:80"",""GOLD#_H1_202001020900_202012311800.csv:84"",""GOLD#_H1_202001020900_202012311800.csv:85""]",VALID,
e2722faf588a66ce0cb87224da39b8ab71e73ff23ab9b7161c12cac78dab8668,GOLD#,H1,LONG,SWING_HIGH,2021-06-21T06:00:00,2021-06-21T09:00:00,1776.8,2021-06-21T10:00:00,1778.31,2021-06-21T11:00:00,1776.8,2021-06-21T12:00:00,1778.56,1785.54,1777.73,1784.79,1784.79,5.312142857142857142857142857,2021,"[""GOLD#_H1_202101040100_202112311800.csv:2732"",""GOLD#_H1_202101040100_202112311800.csv:2735"",""GOLD#_H1_202101040100_202112311800.csv:2736"",""GOLD#_H1_202101040100_202112311800.csv:2737""]",VALID,
e2d02153ddbceac2d1e61378b740214608e2224b1f134621f79ac92c9d6e46da,GOLD#,H1,SHORT,SWING_LOW,2021-06-01T13:00:00,2021-06-01T16:00:00,1904.41,2021-06-01T17:00:00,1903.7,2021-06-01T18:00:00,1904.41,2021-06-01T22:00:00,1903.15,1903.5,1900.58,1900.82,1900.82,5.569285714285714285714285714,2021,"[""GOLD#_H1_202101040100_202112311800.csv:2417"",""GOLD#_H1_202101040100_202112311800.csv:2420"",""GOLD#_H1_202101040100_202112311800.csv:2424"",""GOLD#_H1_202101040100_202112311800.csv:2425""]",VALID,
e2d9882e3cfd774a7650ee7463a5fcdd45ddf0a4e7aa1f42735168e8f6ce28ba,GOLD#,H1,LONG,SWING_HIGH,2022-05-18T04:00:00,2022-05-18T07:00:00,1817.17,2022-05-18T13:00:00,1819.44,2022-05-18T14:00:00,1817.17,2022-05-18T19:00:00,1814.07,1824.72,1813.55,1823.41,1823.41,5.322142857142857142857142857,2022,"[""GOLD#_H1_202201030100_202212302300.csv:2209"",""GOLD#_H1_202201030100_202212302300.csv:2217"",""GOLD#_H1_202201030100_202212302300.csv:2222"",""GOLD#_H1_202201030100_202212302300.csv:2223""]",VALID,
e2ec558e7524582564581168540616beb3b6c730f44300f93da3235d031700d8,GOLD#,H1,SHORT,SWING_LOW,2021-08-09T12:00:00,2021-08-09T15:00:00,1738.77,2021-08-09T16:00:00,1738.3,2021-08-09T17:00:00,1738.77,2021-08-09T18:00:00,1738.61,1740.92,1729.45,1729.49,1729.49,8.743571428571428571428571429,2021,"[""GOLD#_H1_202101040100_202112311800.csv:3539"",""GOLD#_H1_202101040100_202112311800.csv:3542"",""GOLD#_H1_202101040100_202112311800.csv:3543"",""GOLD#_H1_202101040100_202112311800.csv:3544""]",VALID,
e34b82946585f3585e6f9a37d9acdaf79c1ec96ff5df152cbec52e0115b14f02,GOLD#,H1,LONG,SWING_HIGH,2020-01-27T08:00:00,2020-01-27T11:00:00,1580.89,2020-01-27T12:00:00,1582.69,2020-01-27T15:00:00,1580.89,2020-01-27T22:00:00,1578.14,1580.97,1578.06,1580.81,1580.81,3.912142857142857142857142857,2020,"[""GOLD#_H1_202001020900_202012311800.csv:388"",""GOLD#_H1_202001020900_202012311800.csv:391"",""GOLD#_H1_202001020900_202012311800.csv:400"",""GOLD#_H1_202001020900_202012311800.csv:401""]",VALID,
e3ebe3746e63808c80e1c904b301278e18ef4d04fb5cc2d6fb7fc160efec7ff9,GOLD#,H1,LONG,SWING_HIGH,2021-09-20T02:00:00,2021-09-20T05:00:00,1755.15,2021-09-20T12:00:00,1757.65,2021-09-20T15:00:00,1755.15,2021-09-20T16:00:00,1755.85,1761.29,1754.87,1759.9,1759.9,4.085714285714285714285714286,2021,"[""GOLD#_H1_202101040100_202112311800.csv:4215"",""GOLD#_H1_202101040100_202112311800.csv:4224"",""GOLD#_H1_202101040100_202112311800.csv:4227"",""GOLD#_H1_202101040100_202112311800.csv:4228""]",VALID,
e3fc177b7c7a9afca6d80407ea3afe3a4d66b59f597d1d449a563792bdbe4205,GOLD#,H1,LONG,SWING_HIGH,2020-10-23T06:00:00,2020-10-23T09:00:00,1907.61,2020-10-23T11:00:00,1908.65,2020-10-23T12:00:00,1907.61,2020-10-23T21:00:00,1900.79,1905.32,1900.71,1903.07,1903.07,4.567142857142857142857142857,2020,"[""GOLD#_H1_202001020900_202012311800.csv:4809"",""GOLD#_H1_202001020900_202012311800.csv:4813"",""GOLD#_H1_202001020900_202012311800.csv:4822"",""GOLD#_H1_202001020900_202012311800.csv:4823""]",VALID,
e4c284d361fe0d7848c56fc8662ac1df1de6c01af45fd37751dbc1660d1920a1,GOLD#,H1,SHORT,SWING_LOW,2020-09-22T05:00:00,2020-09-22T08:00:00,1906.7,2020-09-22T10:00:00,1906.33,2020-09-22T11:00:00,1906.7,2020-09-22T18:00:00,1905.66,1916.09,1900.39,1900.47,1900.47,8.171428571428571428571428571,2020,"[""GOLD#_H1_202001020900_202012311800.csv:4279"",""GOLD#_H1_202001020900_202012311800.csv:4283"",""GOLD#_H1_202001020900_202012311800.csv:4290"",""GOLD#_H1_202001020900_202012311800.csv:4291""]",VALID,
e4c45a92f7fb6f9d6fbe1b3c7ad6f8cfcd014f7fd36a6fdfbfff6331f02c9251,GOLD#,H1,SHORT,SWING_LOW,2022-09-09T21:00:00,2022-09-10T00:00:00,1714.56,2022-09-12T06:00:00,1713.87,2022-09-12T09:00:00,1714.56,2022-09-12T17:00:00,1729.74,1732.63,1723.67,1725.82,1725.82,4.052857142857142857142857143,2022,"[""GOLD#_H1_202201030100_202212302300.csv:4104"",""GOLD#_H1_202201030100_202212302300.csv:4111"",""GOLD#_H1_202201030100_202212302300.csv:4121"",""GOLD#_H1_202201030100_202212302300.csv:4122""]",VALID,
e531b141a2f5209a8aec80bea0ec6bf2c5724095df23b784e1b630f3ea1523b5,GOLD#,H1,LONG,SWING_HIGH,2021-05-14T16:00:00,2021-05-14T19:00:00,1841.16,2021-05-14T22:00:00,1841.68,2021-05-14T23:00:00,1841.16,2021-05-15T00:00:00,1843.33,1845.9,1841.74,1843.72,1843.72,4.42,2021,"[""GOLD#_H1_202101040100_202112311800.csv:2148"",""GOLD#_H1_202101040100_202112311800.csv:2153"",""GOLD#_H1_202101040100_202112311800.csv:2154"",""GOLD#_H1_202101040100_202112311800.csv:2155""]",VALID,
e556805c8409423b6d60ce492120409c8cec15e42651ca7f1cbea08c19e9cdef,GOLD#,H1,SHORT,SWING_LOW,2020-03-06T09:00:00,2020-03-06T12:00:00,1667.8,2020-03-06T18:00:00,1663.97,2020-03-06T19:00:00,1667.8,2020-03-09T05:00:00,1700.95,1701.35,1691.05,1694.61,1694.61,15.99,2020,"[""GOLD#_H1_202001020900_202012311800.csv:1052"",""GOLD#_H1_202001020900_202012311800.csv:1060"",""GOLD#_H1_202001020900_202012311800.csv:1070"",""GOLD#_H1_202001020900_202012311800.csv:1071""]",VALID,
e576fa2d2676b41bf122d59fbebe030b7ecbd204dd4005d4adab40685ad57c8d,GOLD#,H1,LONG,SWING_HIGH,2022-08-01T04:00:00,2022-08-01T07:00:00,1765.87,2022-08-01T13:00:00,1773.44,2022-08-01T16:00:00,1765.87,2022-08-01T20:00:00,1768.75,1773.41,1768.04,1773.01,1773.01,5.050714285714285714285714286,2022,"[""GOLD#_H1_202201030100_202212302300.csv:3422"",""GOLD#_H1_202201030100_202212302300.csv:3430"",""GOLD#_H1_202201030100_202212302300.csv:3436"",""GOLD#_H1_202201030100_202212302300.csv:3437""]",VALID,
e61a7d566536afc6db7d5d8a8cd9c26de4b04b588608b385a5658ded581645dc,GOLD#,H1,SHORT,SWING_LOW,2021-07-28T04:00:00,2021-07-28T07:00:00,1797.88,2021-07-28T15:00:00,1796.52,2021-07-28T16:00:00,1797.88,2021-07-28T17:00:00,1798.83,1800.36,1794.41,1795.15,1795.15,3.267857142857142857142857143,2021,"[""GOLD#_H1_202101040100_202112311800.csv:3347"",""GOLD#_H1_202101040100_202112311800.csv:3357"",""GOLD#_H1_202101040100_202112311800.csv:3358"",""GOLD#_H1_202101040100_202112311800.csv:3359""]",VALID,
e678689d21a5cf04ff9c4bbfe5976a6b060fbdfe9420e2b7c0fa9efadf120bdd,GOLD#,H1,LONG,SWING_HIGH,2022-02-28T07:00:00,2022-02-28T10:00:00,1911.81,2022-02-28T15:00:00,1913.19,2022-02-28T16:00:00,1911.81,2022-02-28T22:00:00,1898.77,1906.47,1898.02,1906.47,1906.47,8.631428571428571428571428571,2022,"[""GOLD#_H1_202201030100_202212302300.csv:924"",""GOLD#_H1_202201030100_202212302300.csv:931"",""GOLD#_H1_202201030100_202212302300.csv:937"",""GOLD#_H1_202201030100_202212302300.csv:938""]",VALID,
e6d2973c47962b709e03cd2cadb26afe620990053adfb644a6006f4dfb91ea12,GOLD#,H1,LONG,SWING_HIGH,2020-03-06T07:00:00,2020-03-06T10:00:00,1681.03,2020-03-06T12:00:00,1684.4,2020-03-06T16:00:00,1681.03,2020-03-06T21:00:00,1665.76,1673.9,1662.15,1672.28,1672.28,12.32928571428571428571428571,2020,"[""GOLD#_H1_202001020900_202012311800.csv:1050"",""GOLD#_H1_202001020900_202012311800.csv:1054"",""GOLD#_H1_202001020900_202012311800.csv:1062"",""GOLD#_H1_202001020900_202012311800.csv:1063""]",VALID,
e7444f3f51bde67ac6318ac9f0355dc46f17be14f5f98c6b14da3a04d8d935dd,GOLD#,H1,SHORT,SWING_LOW,2022-07-06T08:00:00,2022-07-06T11:00:00,1762.8,2022-07-06T14:00:00,1761.23,2022-07-06T15:00:00,1762.8,2022-07-06T18:00:00,1758.3,1760.53,1743.55,1743.72,1743.72,5.178571428571428571428571429,2022,"[""GOLD#_H1_202201030100_202212302300.csv:3012"",""GOLD#_H1_202201030100_202212302300.csv:3017"",""GOLD#_H1_202201030100_202212302300.csv:3020"",""GOLD#_H1_202201030100_202212302300.csv:3021""]",VALID,
e83453d49164508bd7319e590252167e409c341c81c4cb4aaadf3ed2f63292ba,GOLD#,H1,SHORT,SWING_LOW,2021-04-28T04:00:00,2021-04-28T07:00:00,1766.39,2021-04-28T13:00:00,1766.23,2021-04-28T14:00:00,1766.39,2021-04-28T21:00:00,1774.51,1775.04,1772.36,1773.62,1773.62,3.672142857142857142857142857,2021,"[""GOLD#_H1_202101040100_202112311800.csv:1860"",""GOLD#_H1_202101040100_202112311800.csv:1868"",""GOLD#_H1_202101040100_202112311800.csv:1875"",""GOLD#_H1_202101040100_202112311800.csv:1876""]",VALID,
e84561933105c928c4738687c4698fcc8063e53bdf321d3197e206528fe1022c,GOLD#,H1,LONG,SWING_HIGH,2021-08-03T11:00:00,2021-08-03T14:00:00,1812.02,2021-08-03T16:00:00,1812.75,2021-08-03T17:00:00,1812.02,2021-08-03T23:00:00,1809.93,1811.45,1809.82,1811.22,1811.22,3.04,2021,"[""GOLD#_H1_202101040100_202112311800.csv:3446"",""GOLD#_H1_202101040100_202112311800.csv:3450"",""GOLD#_H1_202101040100_202112311800.csv:3456"",""GOLD#_H1_202101040100_202112311800.csv:3457""]",VALID,
e86bc9d87b7d3b71ca341af347cc4c0d72996290158e8d4006f83b070040d72b,GOLD#,H1,SHORT,SWING_LOW,2022-11-25T11:00:00,2022-11-25T14:00:00,1749.25,2022-11-25T16:00:00,1748.38,2022-11-25T17:00:00,1749.25,2022-11-28T02:00:00,1754.9,1755.59,1750.1,1750.87,1750.87,3.798571428571428571428571429,2022,"[""GOLD#_H1_202201030100_202212302300.csv:5357"",""GOLD#_H1_202201030100_202212302300.csv:5361"",""GOLD#_H1_202201030100_202212302300.csv:5366"",""GOLD#_H1_202201030100_202212302300.csv:5367""]",VALID,
e9959deb9a05629373fb73254badb7d87058c9911f5871dab4066c62c6b44184,GOLD#,H1,SHORT,SWING_LOW,2022-08-19T13:00:00,2022-08-19T16:00:00,1749.83,2022-08-19T18:00:00,1748.04,2022-08-19T19:00:00,1749.83,2022-08-19T22:00:00,1749.75,1749.81,1746.6,1746.69,1746.69,3.857142857142857142857142857,2022,"[""GOLD#_H1_202201030100_202212302300.csv:3753"",""GOLD#_H1_202201030100_202212302300.csv:3757"",""GOLD#_H1_202201030100_202212302300.csv:3760"",""GOLD#_H1_202201030100_202212302300.csv:3761""]",VALID,
ea829bf042b1f6ede1a062faf08a42c2c2fad1d2da3fd504e6864df7bd4b8fe1,GOLD#,H1,SHORT,SWING_LOW,2022-04-01T20:00:00,2022-04-01T23:00:00,1918.02,2022-04-04T08:00:00,1917.66,2022-04-04T09:00:00,1918.02,2022-04-04T13:00:00,1931.13,1931.66,1925.85,1926.04,1926.04,4.178571428571428571428571429,2022,"[""GOLD#_H1_202201030100_202212302300.csv:1489"",""GOLD#_H1_202201030100_202212302300.csv:1499"",""GOLD#_H1_202201030100_202212302300.csv:1503"",""GOLD#_H1_202201030100_202212302300.csv:1504""]",VALID,
eae49e9757baaeabb8f45ef9285e235a17a7b2c2f9cc0fd5607534b3414d25a9,GOLD#,H1,LONG,SWING_HIGH,2022-04-13T08:00:00,2022-04-13T11:00:00,1973.51,2022-04-13T12:00:00,1973.74,2022-04-13T16:00:00,1973.51,2022-04-13T19:00:00,1978.41,1981.38,1976.02,1980.93,1980.93,5.432857142857142857142857143,2022,"[""GOLD#_H1_202201030100_202212302300.csv:1661"",""GOLD#_H1_202201030100_202212302300.csv:1664"",""GOLD#_H1_202201030100_202212302300.csv:1670"",""GOLD#_H1_202201030100_202212302300.csv:1671""]",VALID,
eb0122756e948e48eaa922d6084417e36df69aa4e1fd24b4cefb534a9aaeed91,GOLD#,H1,LONG,SWING_HIGH,2020-11-06T21:00:00,2020-11-07T00:00:00,1955.24,2020-11-09T02:00:00,1958.56,2020-11-09T03:00:00,1955.24,2020-11-09T06:00:00,1957.11,1961.17,1955.56,1960.73,1960.73,6.520714285714285714285714286,2020,"[""GOLD#_H1_202001020900_202012311800.csv:5054"",""GOLD#_H1_202001020900_202012311800.csv:5057"",""GOLD#_H1_202001020900_202012311800.csv:5060"",""GOLD#_H1_202001020900_202012311800.csv:5061""]",VALID,
eb8b30a4bc74128be60bfff328f0cdf0dc491a11bd279cb07a50d7977a2750a9,GOLD#,H1,SHORT,SWING_LOW,2022-10-19T10:00:00,2022-10-19T13:00:00,1637.72,2022-10-19T14:00:00,1633.14,2022-10-19T18:00:00,1637.72,2022-10-19T19:00:00,1633.9,1635.77,1630.4,1630.59,1630.59,5.131428571428571428571428571,2022,"[""GOLD#_H1_202201030100_202212302300.csv:4737"",""GOLD#_H1_202201030100_202212302300.csv:4740"",""GOLD#_H1_202201030100_202212302300.csv:4744"",""GOLD#_H1_202201030100_202212302300.csv:4745""]",VALID,
ebe5775dc63bfbf79b132539c51f381861bcbd60f9f1b4466d1c9f42a29f27b1,GOLD#,H1,LONG,SWING_HIGH,2021-10-12T10:00:00,2021-10-12T13:00:00,1762.57,2021-10-12T17:00:00,1768.47,2021-10-12T18:00:00,1762.57,2021-10-12T23:00:00,1759.28,1761.85,1759.05,1761.28,1761.28,4.865714285714285714285714286,2021,"[""GOLD#_H1_202101040100_202112311800.csv:4591"",""GOLD#_H1_202101040100_202112311800.csv:4597"",""GOLD#_H1_202101040100_202112311800.csv:4602"",""GOLD#_H1_202101040100_202112311800.csv:4603""]",VALID,
ec32b29137e19cbf4c271258e2652fcd68958763e7642bb4825d40f326ae3673,GOLD#,H1,SHORT,SWING_LOW,2021-02-24T11:00:00,2021-02-24T14:00:00,1803.1,2021-02-24T16:00:00,1790.47,2021-02-24T20:00:00,1803.1,2021-02-24T21:00:00,1798.04,1799.79,1795.16,1797.61,1797.61,7.002142857142857142857142857,2021,"[""GOLD#_H1_202101040100_202112311800.csv:855"",""GOLD#_H1_202101040100_202112311800.csv:859"",""GOLD#_H1_202101040100_202112311800.csv:863"",""GOLD#_H1_202101040100_202112311800.csv:864""]",VALID,
ed19755bd8c26336760d20ed8cdb6eb5849b96cfaeb7019e811e3ff5cbb457cd,GOLD#,H1,SHORT,SWING_LOW,2022-01-25T04:00:00,2022-01-25T07:00:00,1839.34,2022-01-25T11:00:00,1838.68,2022-01-25T14:00:00,1839.34,2022-01-25T23:00:00,1851.52,1851.85,1846.94,1847.32,1847.32,4.467142857142857142857142857,2022,"[""GOLD#_H1_202201030100_202212302300.csv:371"",""GOLD#_H1_202201030100_202212302300.csv:377"",""GOLD#_H1_202201030100_202212302300.csv:388"",""GOLD#_H1_202201030100_202212302300.csv:389""]",VALID,
ee3b5652253695c742ca2c98e34450c0b29c3e7cf862b9ab38fc4a703b7b7f94,GOLD#,H1,SHORT,SWING_LOW,2021-01-06T06:00:00,2021-01-06T09:00:00,1941.25,2021-01-06T15:00:00,1933.81,2021-01-06T16:00:00,1941.25,2021-01-06T18:00:00,1932.2,1933.7,1904.1,1909.89,1909.89,8.750714285714285714285714286,2021,"[""GOLD#_H1_202101040100_202112311800.csv:53"",""GOLD#_H1_202101040100_202112311800.csv:61"",""GOLD#_H1_202101040100_202112311800.csv:63"",""GOLD#_H1_202101040100_202112311800.csv:64""]",VALID,
ee86bf58c3aaf87978acfcbadf0d78a33fd604f808af580409f538706eff1359,GOLD#,H1,LONG,SWING_HIGH,2022-04-11T04:00:00,2022-04-11T07:00:00,1947.75,2022-04-11T12:00:00,1957.08,2022-04-11T18:00:00,1947.75,2022-04-11T22:00:00,1946.97,1950.28,1946.7,1949.66,1949.66,7.169285714285714285714285714,2022,"[""GOLD#_H1_202201030100_202212302300.csv:1611"",""GOLD#_H1_202201030100_202212302300.csv:1618"",""GOLD#_H1_202201030100_202212302300.csv:1627"",""GOLD#_H1_202201030100_202212302300.csv:1628""]",VALID,
ef7a0d75852d024fcc28d0e69c60b0892b84e0012c3b45e2be0487a56e90551f,GOLD#,H1,SHORT,SWING_LOW,2022-05-27T18:00:00,2022-05-27T21:00:00,1851.06,2022-05-30T02:00:00,1850.85,2022-05-30T04:00:00,1851.06,2022-05-30T11:00:00,1861.24,1863.93,1858.36,1858.66,1858.66,3.097142857142857142857142857,2022,"[""GOLD#_H1_202201030100_202212302300.csv:2384"",""GOLD#_H1_202201030100_202212302300.csv:2390"",""GOLD#_H1_202201030100_202212302300.csv:2398"",""GOLD#_H1_202201030100_202212302300.csv:2399""]",VALID,
f088c310e6e957dee55bb86c4561a6b0fd2ed4d6b51c15224494c71885408449,GOLD#,H1,LONG,SWING_HIGH,2022-03-21T00:00:00,2022-03-21T03:00:00,1926.31,2022-03-21T04:00:00,1928.14,2022-03-21T05:00:00,1926.31,2022-03-21T07:00:00,1926.42,1928.95,1926.12,1928.12,1928.12,6.270714285714285714285714286,2022,"[""GOLD#_H1_202201030100_202212302300.csv:1263"",""GOLD#_H1_202201030100_202212302300.csv:1266"",""GOLD#_H1_202201030100_202212302300.csv:1268"",""GOLD#_H1_202201030100_202212302300.csv:1269""]",VALID,
f177b3d5f95bc2d93203908804cf73269593739477ceb2b46ffd5a407808313b,GOLD#,H1,LONG,SWING_HIGH,2021-10-01T10:00:00,2021-10-01T13:00:00,1757.28,2021-10-01T17:00:00,1757.49,2021-10-01T18:00:00,1757.28,2021-10-01T23:00:00,1758.81,1760.13,1757.12,1759.97,1759.97,4.822857142857142857142857143,2021,"[""GOLD#_H1_202101040100_202112311800.csv:4430"",""GOLD#_H1_202101040100_202112311800.csv:4436"",""GOLD#_H1_202101040100_202112311800.csv:4441"",""GOLD#_H1_202101040100_202112311800.csv:4442""]",VALID,
f1bec18e726cf53e00a2a4cd3b8605fb56d012ef846b151ebc1d9266ab4498a3,GOLD#,H1,SHORT,SWING_LOW,2021-07-16T22:00:00,2021-07-19T02:00:00,1808.77,2021-07-19T10:00:00,1803.41,2021-07-19T16:00:00,1808.77,2021-07-19T19:00:00,1811.43,1811.62,1804.8,1808.34,1808.34,5.132142857142857142857142857,2021,"[""GOLD#_H1_202101040100_202112311800.csv:3181"",""GOLD#_H1_202101040100_202112311800.csv:3191"",""GOLD#_H1_202101040100_202112311800.csv:3199"",""GOLD#_H1_202101040100_202112311800.csv:3200""]",VALID,
f24061de65971b4efa3b42705b44d6f93a5c99dc7637ab9b7f8940f9e82087a1,GOLD#,H1,SHORT,SWING_LOW,2021-01-22T08:00:00,2021-01-22T11:00:00,1857.21,2021-01-22T13:00:00,1851.95,2021-01-22T19:00:00,1857.21,2021-01-22T23:00:00,1855.74,1856.65,1853.71,1854.19,1854.19,6.348571428571428571428571429,2021,"[""GOLD#_H1_202101040100_202112311800.csv:327"",""GOLD#_H1_202101040100_202112311800.csv:331"",""GOLD#_H1_202101040100_202112311800.csv:340"",""GOLD#_H1_202101040100_202112311800.csv:341""]",VALID,
f29d2a5248bc4f82edd1b729ec1d502220d7812680b1e97925a6ca18ef297de6,GOLD#,H1,SHORT,SWING_LOW,2022-08-22T03:00:00,2022-08-22T06:00:00,1744.92,2022-08-22T08:00:00,1744.77,2022-08-22T09:00:00,1744.92,2022-08-22T10:00:00,1743.61,1743.8,1741.8,1742.33,1742.33,2.415714285714285714285714286,2022,"[""GOLD#_H1_202201030100_202212302300.csv:3766"",""GOLD#_H1_202201030100_202212302300.csv:3770"",""GOLD#_H1_202201030100_202212302300.csv:3771"",""GOLD#_H1_202201030100_202212302300.csv:3772""]",VALID,
f328d4fc941a3576ac56d911dc7b0ba5229ba856a1762a0691e47e58d8c27254,GOLD#,H1,SHORT,SWING_LOW,2021-12-02T10:00:00,2021-12-02T13:00:00,1767.29,2021-12-02T17:00:00,1764.81,2021-12-02T18:00:00,1767.29,2021-12-02T20:00:00,1766.77,1767.02,1762.2,1763.22,1763.22,5.361428571428571428571428571,2021,"[""GOLD#_H1_202101040100_202112311800.csv:5435"",""GOLD#_H1_202101040100_202112311800.csv:5441"",""GOLD#_H1_202101040100_202112311800.csv:5443"",""GOLD#_H1_202101040100_202112311800.csv:5444""]",VALID,
f3f390bee69ff17ddb539acfc9fdb8d7cc77fd188ed5b6c07d7ab0a5bba035b6,GOLD#,H1,SHORT,SWING_LOW,2020-11-16T09:00:00,2020-11-16T12:00:00,1887.31,2020-11-16T14:00:00,1869.6,2020-11-16T17:00:00,1887.31,2020-11-16T20:00:00,1895.31,1896.01,1889.03,1889.32,1889.32,7.367142857142857142857142857,2020,"[""GOLD#_H1_202001020900_202012311800.csv:5180"",""GOLD#_H1_202001020900_202012311800.csv:5184"",""GOLD#_H1_202001020900_202012311800.csv:5189"",""GOLD#_H1_202001020900_202012311800.csv:5190""]",VALID,
f52b728ebf56afab3811b23e2915771e491dc35308c808e33081ca673e2a5e94,GOLD#,H1,LONG,SWING_HIGH,2021-04-23T20:00:00,2021-04-23T23:00:00,1779.16,2021-04-26T05:00:00,1780.6,2021-04-26T06:00:00,1779.16,2021-04-26T12:00:00,1778.62,1781.72,1778.36,1779.52,1779.52,2.7,2021,"[""GOLD#_H1_202101040100_202112311800.csv:1807"",""GOLD#_H1_202101040100_202112311800.csv:1814"",""GOLD#_H1_202101040100_202112311800.csv:1820"",""GOLD#_H1_202101040100_202112311800.csv:1821""]",VALID,
f6568f4f1c533952168ca402e35b6ba32b7065d90ee199ab103df130efcb3767,GOLD#,H1,LONG,SWING_HIGH,2022-11-30T06:00:00,2022-11-30T09:00:00,1755.73,2022-11-30T11:00:00,1759.51,2022-11-30T16:00:00,1755.73,2022-11-30T21:00:00,1752.77,1761.07,1744.83,1760.32,1760.32,4.463571428571428571428571429,2022,"[""GOLD#_H1_202201030100_202212302300.csv:5418"",""GOLD#_H1_202201030100_202212302300.csv:5422"",""GOLD#_H1_202201030100_202212302300.csv:5431"",""GOLD#_H1_202201030100_202212302300.csv:5432""]",VALID,
f7705370392d6b2c83b22de81a2e7bd4cca4819f762dd74e3dae0dd0cdba31d0,GOLD#,H1,SHORT,SWING_LOW,2020-02-28T09:00:00,2020-02-28T12:00:00,1621.12,2020-02-28T15:00:00,1619.73,2020-02-28T16:00:00,1621.12,2020-02-28T17:00:00,1629.03,1629.16,1613.75,1615.69,1615.69,9.265714285714285714285714286,2020,"[""GOLD#_H1_202001020900_202012311800.csv:937"",""GOLD#_H1_202001020900_202012311800.csv:942"",""GOLD#_H1_202001020900_202012311800.csv:943"",""GOLD#_H1_202001020900_202012311800.csv:944""]",VALID,
f9b2dce4b975dcdf0cc41dbd25b33fbe54d63fd74143627cb774ae030ce65f3a,GOLD#,H1,SHORT,SWING_LOW,2020-04-30T04:00:00,2020-04-30T07:00:00,1708.67,2020-04-30T16:00:00,1706.34,2020-04-30T19:00:00,1708.67,2020-04-30T20:00:00,1693.89,1696.37,1681.15,1687.84,1687.84,7.121428571428571428571428571,2020,"[""GOLD#_H1_202001020900_202012311800.csv:1921"",""GOLD#_H1_202001020900_202012311800.csv:1932"",""GOLD#_H1_202001020900_202012311800.csv:1935"",""GOLD#_H1_202001020900_202012311800.csv:1936""]",VALID,
f9e610c63d3d344d3eda408b4f6c2dcfae804134a0ea602872fcb02bad1e64fc,GOLD#,H1,LONG,SWING_HIGH,2022-01-31T07:00:00,2022-01-31T10:00:00,1789.35,2022-01-31T11:00:00,1790.62,2022-01-31T12:00:00,1789.35,2022-01-31T14:00:00,1791.81,1793.61,1789.43,1792.26,1792.26,3.045,2022,"[""GOLD#_H1_202201030100_202212302300.csv:466"",""GOLD#_H1_202201030100_202212302300.csv:469"",""GOLD#_H1_202201030100_202212302300.csv:471"",""GOLD#_H1_202201030100_202212302300.csv:472""]",VALID,
f9e6238220cf74cd5f258f9f82c4f40f33040bc1fd428c11df063934e4701d0b,GOLD#,H1,SHORT,SWING_LOW,2020-03-20T15:00:00,2020-03-20T18:00:00,1485.73,2020-03-20T20:00:00,1483.33,2020-03-20T21:00:00,1485.73,2020-03-23T09:00:00,1494.58,1494.94,1485.05,1487.9,1487.9,10.18785714285714285714285714,2020,"[""GOLD#_H1_202001020900_202012311800.csv:1289"",""GOLD#_H1_202001020900_202012311800.csv:1293"",""GOLD#_H1_202001020900_202012311800.csv:1304"",""GOLD#_H1_202001020900_202012311800.csv:1305""]",VALID,
fa22e37a605dabf6dabc60b93a37aa27dd02ccb8b48777b8196f17fa9c6ea57a,GOLD#,H1,SHORT,SWING_LOW,2020-09-03T14:00:00,2020-09-03T17:00:00,1927.36,2020-09-03T19:00:00,1926.33,2020-09-03T20:00:00,1927.36,2020-09-03T23:00:00,1933.38,1936.04,1929.08,1929.08,1929.08,9.127142857142857142857142857,2020,"[""GOLD#_H1_202001020900_202012311800.csv:3993"",""GOLD#_H1_202001020900_202012311800.csv:3997"",""GOLD#_H1_202001020900_202012311800.csv:4000"",""GOLD#_H1_202001020900_202012311800.csv:4001""]",VALID,
fb5957a38bb911592388c553f8ae9fbc002024699e8e1b84d7d3872ae38f38dd,GOLD#,H1,SHORT,SWING_LOW,2021-12-15T13:00:00,2021-12-15T16:00:00,1767.69,2021-12-15T18:00:00,1765.98,2021-12-15T19:00:00,1767.69,2021-12-15T21:00:00,1765.67,1766.16,1760.09,1762.89,1762.89,3.235714285714285714285714286,2021,"[""GOLD#_H1_202101040100_202112311800.csv:5645"",""GOLD#_H1_202101040100_202112311800.csv:5649"",""GOLD#_H1_202101040100_202112311800.csv:5651"",""GOLD#_H1_202101040100_202112311800.csv:5652""]",VALID,
fb635303d737f93f95af1eb1ca8ef2f84e1c1800adbf1768780c9cc9aa40888e,GOLD#,H1,SHORT,SWING_LOW,2021-05-24T04:00:00,2021-05-24T07:00:00,1879.71,2021-05-24T12:00:00,1877.52,2021-05-24T13:00:00,1879.71,2021-05-25T00:00:00,1883.22,1883.58,1880.49,1880.49,1880.49,3.922857142857142857142857143,2021,"[""GOLD#_H1_202101040100_202112311800.csv:2274"",""GOLD#_H1_202101040100_202112311800.csv:2281"",""GOLD#_H1_202101040100_202112311800.csv:2292"",""GOLD#_H1_202101040100_202112311800.csv:2293""]",VALID,
fb6a6ad66acbd6ae975fab033b837f2472dc4e8c645a2525c45a4413e2f558af,GOLD#,H1,LONG,SWING_HIGH,2021-03-10T15:00:00,2021-03-10T18:00:00,1723.65,2021-03-10T22:00:00,1724.03,2021-03-10T23:00:00,1723.65,2021-03-11T00:00:00,1725.38,1726.75,1724.38,1726.59,1726.59,4.962857142857142857142857143,2021,"[""GOLD#_H1_202101040100_202112311800.csv:1089"",""GOLD#_H1_202101040100_202112311800.csv:1095"",""GOLD#_H1_202101040100_202112311800.csv:1096"",""GOLD#_H1_202101040100_202112311800.csv:1097""]",VALID,
fb722a999c30c24f11edfe120ef368dd20e2a6bb227ed0fd9e8c02c04082cc43,GOLD#,H1,SHORT,SWING_LOW,2021-10-08T17:00:00,2021-10-08T20:00:00,1755.63,2021-10-11T02:00:00,1755.09,2021-10-11T04:00:00,1755.63,2021-10-11T07:00:00,1759.27,1759.99,1755.03,1755.42,1755.42,5.886428571428571428571428571,2021,"[""GOLD#_H1_202101040100_202112311800.csv:4552"",""GOLD#_H1_202101040100_202112311800.csv:4559"",""GOLD#_H1_202101040100_202112311800.csv:4563"",""GOLD#_H1_202101040100_202112311800.csv:4564""]",VALID,
fbb96976b982ed4363f57bfd7924aad694fadf08a857ef742faee4d9c56b4f49,GOLD#,H1,LONG,SWING_HIGH,2022-08-18T04:00:00,2022-08-18T07:00:00,1767.55,2022-08-18T13:00:00,1768.9,2022-08-18T16:00:00,1767.55,2022-08-18T22:00:00,1758.47,1759.81,1757.78,1759.62,1759.62,3.715,2022,"[""GOLD#_H1_202201030100_202212302300.csv:3721"",""GOLD#_H1_202201030100_202212302300.csv:3729"",""GOLD#_H1_202201030100_202212302300.csv:3737"",""GOLD#_H1_202201030100_202212302300.csv:3738""]",VALID,
fbd64f8d99f4d165847e815aa67052d0338f8d7ae1263a8fc3d51a6f66d892f5,GOLD#,H1,LONG,SWING_HIGH,2020-08-17T01:00:00,2020-08-17T04:00:00,1951.23,2020-08-17T10:00:00,1951.36,2020-08-17T11:00:00,1951.23,2020-08-17T14:00:00,1951.28,1954.81,1949.85,1953.13,1953.13,6.444285714285714285714285714,2020,"[""GOLD#_H1_202001020900_202012311800.csv:3681"",""GOLD#_H1_202001020900_202012311800.csv:3689"",""GOLD#_H1_202001020900_202012311800.csv:3692"",""GOLD#_H1_202001020900_202012311800.csv:3693""]",VALID,
fcb3a9efa0e842f4d0c313c4071df7c0a44ae7bcbc9edee1dfaefaa4fa101b9f,GOLD#,H1,LONG,SWING_HIGH,2022-12-16T22:00:00,2022-12-19T02:00:00,1794.24,2022-12-19T05:00:00,1794.56,2022-12-19T06:00:00,1794.24,2022-12-19T11:00:00,1793.36,1798.74,1793.35,1796.89,1796.89,3.040714285714285714285714286,2022,"[""GOLD#_H1_202201030100_202212302300.csv:5710"",""GOLD#_H1_202201030100_202212302300.csv:5715"",""GOLD#_H1_202201030100_202212302300.csv:5720"",""GOLD#_H1_202201030100_202212302300.csv:5721""]",VALID,
fdf2beb6451bde2bc51e872e4243f51aab7ef04984e4cbcbd3e6e15362891788,GOLD#,H1,LONG,SWING_HIGH,2020-08-14T21:00:00,2020-08-15T00:00:00,1947.12,2020-08-17T02:00:00,1949.27,2020-08-17T03:00:00,1947.12,2020-08-17T05:00:00,1937.76,1940.7,1932.67,1940.13,1940.13,8.872857142857142857142857143,2020,"[""GOLD#_H1_202001020900_202012311800.csv:3678"",""GOLD#_H1_202001020900_202012311800.csv:3681"",""GOLD#_H1_202001020900_202012311800.csv:3683"",""GOLD#_H1_202001020900_202012311800.csv:3684""]",VALID,
fe14dc5631bc878807602b031f773f5f03a89d1063fd324700a0e695102290b7,GOLD#,H1,SHORT,SWING_LOW,2022-08-12T05:00:00,2022-08-12T08:00:00,1786.17,2022-08-12T15:00:00,1785.32,2022-08-12T16:00:00,1786.17,2022-08-15T03:00:00,1800.25,1800.59,1799,1799.13,1799.13,4.372857142857142857142857143,2022,"[""GOLD#_H1_202201030100_202212302300.csv:3630"",""GOLD#_H1_202201030100_202212302300.csv:3639"",""GOLD#_H1_202201030100_202212302300.csv:3649"",""GOLD#_H1_202201030100_202212302300.csv:3650""]",VALID,
fec1e3bae6961dbd3bd9423985a047ce5aa7ea3efef52e7b7a7f4eed6ccef02e,GOLD#,H1,LONG,SWING_HIGH,2020-08-18T10:00:00,2020-08-18T13:00:00,2010,2020-08-18T16:00:00,2013.21,2020-08-18T17:00:00,2010,2020-08-18T20:00:00,2002.49,2010.23,2000.88,2006.82,2006.82,9.817857142857142857142857143,2020,"[""GOLD#_H1_202001020900_202012311800.csv:3713"",""GOLD#_H1_202001020900_202012311800.csv:3718"",""GOLD#_H1_202001020900_202012311800.csv:3721"",""GOLD#_H1_202001020900_202012311800.csv:3722""]",VALID,
ff23a11647fa152ce0af85bcadcccfdaa8b2830480f5bf02aaedecd078930b99,GOLD#,H1,SHORT,SWING_LOW,2020-05-27T07:00:00,2020-05-27T10:00:00,1705.13,2020-05-27T15:00:00,1700.76,2020-05-27T20:00:00,1705.13,2020-05-28T00:00:00,1713.14,1713.7,1707.31,1709.03,1709.03,5.540714285714285714285714286,2020,"[""GOLD#_H1_202001020900_202012311800.csv:2357"",""GOLD#_H1_202001020900_202012311800.csv:2364"",""GOLD#_H1_202001020900_202012311800.csv:2372"",""GOLD#_H1_202001020900_202012311800.csv:2373""]",VALID,
ff2686f9207e639ac038a4d4120ea86fa20422ff5791e7c90188db7854b3628c,GOLD#,H1,LONG,SWING_HIGH,2021-02-05T04:00:00,2021-02-05T07:00:00,1797.68,2021-02-05T10:00:00,1798.7,2021-02-05T16:00:00,1797.68,2021-02-05T18:00:00,1802.73,1808.49,1802.25,1805.89,1805.89,5.522142857142857142857142857,2021,"[""GOLD#_H1_202101040100_202112311800.csv:553"",""GOLD#_H1_202101040100_202112311800.csv:558"",""GOLD#_H1_202101040100_202112311800.csv:565"",""GOLD#_H1_202101040100_202112311800.csv:566""]",VALID,
