{
  "metrics": {
    "LONG|2023": {
      "12": {
        "AMBIGUOUS_SAME_BAR": 5,
        "DATA_INCOMPLETE_GAP": 1,
        "INSUFFICIENT_FUTURE_BARS": 0,
        "INVALID_EVENT_INPUT": 0,
        "NO_RESOLUTION": 21,
        "SL_FIRST": 87,
        "TP_FIRST": 62,
        "ambiguous_rate": 0.02857142857142857,
        "eligibility_rate": 0.9943181818181818,
        "eligible": 175,
        "excluded": 1,
        "exclusion_rate": 0.005681818181818182,
        "sl_share_resolved": 0.5838926174496645,
        "total_events": 176,
        "tp_share_resolved": 0.4161073825503356,
        "unambiguous_resolved": 149,
        "unresolved_rate": 0.12,
        "wilson_95_tp_share_resolved": {
          "lower": 0.3400432738058862,
          "upper": 0.49638854127297444
        }
      },
      "24": {
        "AMBIGUOUS_SAME_BAR": 5,
        "DATA_INCOMPLETE_GAP": 1,
        "INSUFFICIENT_FUTURE_BARS": 0,
        "INVALID_EVENT_INPUT": 0,
        "NO_RESOLUTION": 0,
        "SL_FIRST": 96,
        "TP_FIRST": 74,
        "ambiguous_rate": 0.02857142857142857,
        "eligibility_rate": 0.9943181818181818,
        "eligible": 175,
        "excluded": 1,
        "exclusion_rate": 0.005681818181818182,
        "sl_share_resolved": 0.5647058823529412,
        "total_events": 176,
        "tp_share_resolved": 0.43529411764705883,
        "unambiguous_resolved": 170,
        "unresolved_rate": 0.0,
        "wilson_95_tp_share_resolved": {
          "lower": 0.363008986826011,
          "upper": 0.5104389228426972
        }
      },
      "48": {
        "AMBIGUOUS_SAME_BAR": 5,
        "DATA_INCOMPLETE_GAP": 1,
        "INSUFFICIENT_FUTURE_BARS": 0,
        "INVALID_EVENT_INPUT": 0,
        "NO_RESOLUTION": 0,
        "SL_FIRST": 96,
        "TP_FIRST": 74,
        "ambiguous_rate": 0.02857142857142857,
        "eligibility_rate": 0.9943181818181818,
        "eligible": 175,
        "excluded": 1,
        "exclusion_rate": 0.005681818181818182,
        "sl_share_resolved": 0.5647058823529412,
        "total_events": 176,
        "tp_share_resolved": 0.43529411764705883,
        "unambiguous_resolved": 170,
        "unresolved_rate": 0.0,
        "wilson_95_tp_share_resolved": {
          "lower": 0.363008986826011,
          "upper": 0.5104389228426972
        }
      },
      "6": {
        "AMBIGUOUS_SAME_BAR": 4,
        "DATA_INCOMPLETE_GAP": 1,
        "INSUFFICIENT_FUTURE_BARS": 0,
        "INVALID_EVENT_INPUT": 0,
        "NO_RESOLUTION": 48,
        "SL_FIRST": 73,
        "TP_FIRST": 50,
        "ambiguous_rate": 0.022857142857142857,
        "eligibility_rate": 0.9943181818181818,
        "eligible": 175,
        "excluded": 1,
        "exclusion_rate": 0.005681818181818182,
        "sl_share_resolved": 0.5934959349593496,
        "total_events": 176,
        "tp_share_resolved": 0.4065040650406504,
        "unambiguous_resolved": 123,
        "unresolved_rate": 0.2742857142857143,
        "wilson_95_tp_share_resolved": {
          "lower": 0.3238098760638868,
          "upper": 0.494861398976293
        }
      }
    },
    "LONG|2024": {
      "12": {
        "AMBIGUOUS_SAME_BAR": 5,
        "DATA_INCOMPLETE_GAP": 1,
        "INSUFFICIENT_FUTURE_BARS": 0,
        "INVALID_EVENT_INPUT": 0,
        "NO_RESOLUTION": 17,
        "SL_FIRST": 101,
        "TP_FIRST": 92,
        "ambiguous_rate": 0.023255813953488372,
        "eligibility_rate": 0.9953703703703703,
        "eligible": 215,
        "excluded": 1,
        "exclusion_rate": 0.004629629629629629,
        "sl_share_resolved": 0.5233160621761658,
        "total_events": 216,
        "tp_share_resolved": 0.47668393782383417,
        "unambiguous_resolved": 193,
        "unresolved_rate": 0.07906976744186046,
        "wilson_95_tp_share_resolved": {
          "lower": 0.4073645270843834,
          "upper": 0.5469133976276142
        }
      },
      "24": {
        "AMBIGUOUS_SAME_BAR": 5,
        "DATA_INCOMPLETE_GAP": 1,
        "INSUFFICIENT_FUTURE_BARS": 0,
        "INVALID_EVENT_INPUT": 0,
        "NO_RESOLUTION": 1,
        "SL_FIRST": 107,
        "TP_FIRST": 102,
        "ambiguous_rate": 0.023255813953488372,
        "eligibility_rate": 0.9953703703703703,
        "eligible": 215,
        "excluded": 1,
        "exclusion_rate": 0.004629629629629629,
        "sl_share_resolved": 0.5119617224880383,
        "total_events": 216,
        "tp_share_resolved": 0.4880382775119617,
        "unambiguous_resolved": 209,
        "unresolved_rate": 0.004651162790697674,
        "wilson_95_tp_share_resolved": {
          "lower": 0.42110078285674707,
          "upper": 0.5554075533118553
        }
      },
      "48": {
        "AMBIGUOUS_SAME_BAR": 5,
        "DATA_INCOMPLETE_GAP": 1,
        "INSUFFICIENT_FUTURE_BARS": 0,
        "INVALID_EVENT_INPUT": 0,
        "NO_RESOLUTION": 0,
        "SL_FIRST": 108,
        "TP_FIRST": 102,
        "ambiguous_rate": 0.023255813953488372,
        "eligibility_rate": 0.9953703703703703,
        "eligible": 215,
        "excluded": 1,
        "exclusion_rate": 0.004629629629629629,
        "sl_share_resolved": 0.5142857142857142,
        "total_events": 216,
        "tp_share_resolved": 0.4857142857142857,
        "unambiguous_resolved": 210,
        "unresolved_rate": 0.0,
        "wilson_95_tp_share_resolved": {
          "lower": 0.4189827637032563,
          "upper": 0.5529590663184374
        }
      },
      "6": {
        "AMBIGUOUS_SAME_BAR": 5,
        "DATA_INCOMPLETE_GAP": 0,
        "INSUFFICIENT_FUTURE_BARS": 0,
        "INVALID_EVENT_INPUT": 0,
        "NO_RESOLUTION": 68,
        "SL_FIRST": 75,
        "TP_FIRST": 68,
        "ambiguous_rate": 0.023148148148148147,
        "eligibility_rate": 1.0,
        "eligible": 216,
        "excluded": 0,
        "exclusion_rate": 0.0,
        "sl_share_resolved": 0.5244755244755245,
        "total_events": 216,
        "tp_share_resolved": 0.4755244755244755,
        "unambiguous_resolved": 143,
        "unresolved_rate": 0.3148148148148148,
        "wilson_95_tp_share_resolved": {
          "lower": 0.39538800750439035,
          "upper": 0.556941531740057
        }
      }
    },
    "LONG|2025": {
      "12": {
        "AMBIGUOUS_SAME_BAR": 1,
        "DATA_INCOMPLETE_GAP": 0,
        "INSUFFICIENT_FUTURE_BARS": 0,
        "INVALID_EVENT_INPUT": 0,
        "NO_RESOLUTION": 10,
        "SL_FIRST": 110,
        "TP_FIRST": 75,
        "ambiguous_rate": 0.00510204081632653,
        "eligibility_rate": 1.0,
        "eligible": 196,
        "excluded": 0,
        "exclusion_rate": 0.0,
        "sl_share_resolved": 0.5945945945945946,
        "total_events": 196,
        "tp_share_resolved": 0.40540540540540543,
        "unambiguous_resolved": 185,
        "unresolved_rate": 0.05102040816326531,
        "wilson_95_tp_share_resolved": {
          "lower": 0.33727798829557276,
          "upper": 0.4773813549515442
        }
      },
      "24": {
        "AMBIGUOUS_SAME_BAR": 1,
        "DATA_INCOMPLETE_GAP": 0,
        "INSUFFICIENT_FUTURE_BARS": 0,
        "INVALID_EVENT_INPUT": 0,
        "NO_RESOLUTION": 1,
        "SL_FIRST": 115,
        "TP_FIRST": 79,
        "ambiguous_rate": 0.00510204081632653,
        "eligibility_rate": 1.0,
        "eligible": 196,
        "excluded": 0,
        "exclusion_rate": 0.0,
        "sl_share_resolved": 0.5927835051546392,
        "total_events": 196,
        "tp_share_resolved": 0.4072164948453608,
        "unambiguous_resolved": 194,
        "unresolved_rate": 0.00510204081632653,
        "wilson_95_tp_share_resolved": {
          "lower": 0.3405322655975467,
          "upper": 0.47750385173301146
        }
      },
      "48": {
        "AMBIGUOUS_SAME_BAR": 1,
        "DATA_INCOMPLETE_GAP": 0,
        "INSUFFICIENT_FUTURE_BARS": 0,
        "INVALID_EVENT_INPUT": 0,
        "NO_RESOLUTION": 0,
        "SL_FIRST": 115,
        "TP_FIRST": 80,
        "ambiguous_rate": 0.00510204081632653,
        "eligibility_rate": 1.0,
        "eligible": 196,