gap_id,calendar_year,day_of_week,previous_bar_timestamp,next_bar_timestamp,elapsed_hours,missing_h1_slots,previous_source_file,next_source_file,original_evidence_status,original_policy_classification,original_fail_closed_required,structural_signature_sha256,requested_primary_evidence_classes,submitted_package_ids,missing_evidence_fields,intake_status
GQ0001,2020,Thursday,2020-01-02T23:00:00,2020-01-03T01:00:00,2.0,1,GOLD#_H1_202001020900_202012311800.csv,GOLD#_H1_202001020900_202012311800.csv,UNVERIFIED,UNVERIFIED_GAP,true,c1a2dfe523c209f098838cda2ec2406a2c42635d34598a4227d6752a57634fca,BROKER_SERVER_SESSION_SCHEDULE|SAME_BROKER_SERVER_LOWER_TIMEFRAME_OR_TICK_EXPORT|INDEPENDENT_SAME_BROKER_SERVER_H1_EXPORT|OFFICIAL_MARKET_OR_BROKER_HOLIDAY_NOTICE,,evidence_package_id|evidence_type|evidence_role_PRIMARY|source_organization|broker|server|symbol|time_basis|timezone_or_unknown|effective_start|effective_end|captured_at|artifact_path|artifact_sha256|source_metadata|validation_status,NO_EVIDENCE_SUBMITTED
GQ0003,2020,Monday,2020-01-06T23:00:00,2020-01-07T01:00:00,2.0,1,GOLD#_H1_202001020900_202012311800.csv,GOLD#_H1_202001020900_202012311800.csv,UNVERIFIED,UNVERIFIED_GAP,true,c6cb6d143c97092165f7fa92edadd205d16ca9c3594b4a6c7ef8b426eb95522f,BROKER_SERVER_SESSION_SCHEDULE|SAME_BROKER_SERVER_LOWER_TIMEFRAME_OR_TICK_EXPORT|INDEPENDENT_SAME_BROKER_SERVER_H1_EXPORT|OFFICIAL_MARKET_OR_BROKER_HOLIDAY_NOTICE,,evidence_package_id|evidence_type|evidence_role_PRIMARY|source_organization|broker|server|symbol|time_basis|timezone_or_unknown|effective_start|effective_end|captured_at|artifact_path|artifact_sha256|source_metadata|validation_status,NO_EVIDENCE_SUBMITTED
GQ0004,2020,Tuesday,2020-01-07T23:00:00,2020-01-08T01:00:00,2.0,1,GOLD#_H1_202001020900_202012311800.csv,GOLD#_H1_202001020900_202012311800.csv,UNVERIFIED,UNVERIFIED_GAP,true,1921f479b8fcee71b61f6ab56a9e632e31cafbdeece781c0dc498da0ea88e17d,BROKER_SERVER_SESSION_SCHEDULE|SAME_BROKER_SERVER_LOWER_TIMEFRAME_OR_TICK_EXPORT|INDEPENDENT_SAME_BROKER_SERVER_H1_EXPORT|OFFICIAL_MARKET_OR_BROKER_HOLIDAY_NOTICE,,evidence_package_id|evidence_type|evidence_role_PRIMARY|source_organization|broker|server|symbol|time_basis|timezone_or_unknown|effective_start|effective_end|captured_at|artifact_path|artifact_sha256|source_metadata|validation_status,NO_EVIDENCE_SUBMITTED
GQ0005,2020,Wednesday,2020-01-08T23:00:00,2020-01-09T01:00:00,2.0,1,GOLD#_H1_202001020900_202012311800.csv,GOLD#_H1_202001020900_202012311800.csv,UNVERIFIED,UNVERIFIED_GAP,true,cd6030fe05668e3196ee04b5ec77c4dddd7b68eef8b958f8072995fb7ad04a0b,BROKER_SERVER_SESSION_SCHEDULE|SAME_BROKER_SERVER_LOWER_TIMEFRAME_OR_TICK_EXPORT|INDEPENDENT_SAME_BROKER_SERVER_H1_EXPORT|OFFICIAL_MARKET_OR_BROKER_HOLIDAY_NOTICE,,evidence_package_id|evidence_type|evidence_role_PRIMARY|source_organization|broker|server|symbol|time_basis|timezone_or_unknown|effective_start|effective_end|captured_at|artifact_path|artifact_sha256|source_metadata|validation_status,NO_EVIDENCE_SUBMITTED
GQ0006,2020,Thursday,2020-01-09T23:00:00,2020-01-10T01:00:00,2.0,1,GOLD#_H1_202001020900_202012311800.csv,GOLD#_H1_202001020900_202012311800.csv,UNVERIFIED,UNVERIFIED_GAP,true,c1a2dfe523c209f098838cda2ec2406a2c42635d34598a4227d6752a57634fca,BROKER_SERVER_SESSION_SCHEDULE|SAME_BROKER_SERVER_LOWER_TIMEFRAME_OR_TICK_EXPORT|INDEPENDENT_SAME_BROKER_SERVER_H1_EXPORT|OFFICIAL_MARKET_OR_BROKER_HOLIDAY_NOTICE,,evidence_package_id|evidence_type|evidence_role_PRIMARY|source_organization|broker|server|symbol|time_basis|timezone_or_unknown|effective_start|effective_end|captured_at|artifact_path|artifact_sha256|source_metadata|validation_status,NO_EVIDENCE_SUBMITTED
GQ0008,2020,Monday,2020-01-13T23:00:00,2020-01-14T01:00:00,2.0,1,GOLD#_H1_202001020900_202012311800.csv,GOLD#_H1_202001020900_202012311800.csv,UNVERIFIED,UNVERIFIED_GAP,true,c6cb6d143c97092165f7fa92edadd205d16ca9c3594b4a6c7ef8b426eb95522f,BROKER_SERVER_SESSION_SCHEDULE|SAME_BROKER_SERVER_LOWER_TIMEFRAME_OR_TICK_EXPORT|INDEPENDENT_SAME_BROKER_SERVER_H1_EXPORT|OFFICIAL_MARKET_OR_BROKER_HOLIDAY_NOTICE,,evidence_package_id|evidence_type|evidence_role_PRIMARY|source_organization|broker|server|symbol|time_basis|timezone_or_unknown|effective_start|effective_end|captured_at|artifact_path|artifact_sha256|source_metadata|validation_status,NO_EVIDENCE_SUBMITTED
GQ0009,2020,Tuesday,2020-01-14T23:00:00,2020-01-15T01:00:00,2.0,1,GOLD#_H1_202001020900_202012311800.csv,GOLD#_H1_202001020900_202012311800.csv,UNVERIFIED,UNVERIFIED_GAP,true,1921f479b8fcee71b61f6ab56a9e632e31cafbdeece781c0dc498da0ea88e17d,BROKER_SERVER_SESSION_SCHEDULE|SAME_BROKER_SERVER_LOWER_TIMEFRAME_OR_TICK_EXPORT|INDEPENDENT_SAME_BROKER_SERVER_H1_EXPORT|OFFICIAL_MARKET_OR_BROKER_HOLIDAY_NOTICE,,evidence_package_id|evidence_type|evidence_role_PRIMARY|source_organization|broker|server|symbol|time_basis|timezone_or_unknown|effective_start|effective_end|captured_at|artifact_path|artifact_sha256|source_metadata|validation_status,NO_EVIDENCE_SUBMITTED
GQ0010,2020,Wednesday,2020-01-15T23:00:00,2020-01-16T01:00:00,2.0,1,GOLD#_H1_202001020900_202012311800.csv,GOLD#_H1_202001020900_202012311800.csv,UNVERIFIED,UNVERIFIED_GAP,true,cd6030fe05668e3196ee04b5ec77c4dddd7b68eef8b958f8072995fb7ad04a0b,BROKER_SERVER_SESSION_SCHEDULE|SAME_BROKER_SERVER_LOWER_TIMEFRAME_OR_TICK_EXPORT|INDEPENDENT_SAME_BROKER_SERVER_H1_EXPORT|OFFICIAL_MARKET_OR_BROKER_HOLIDAY_NOTICE,,evidence_package_id|evidence_type|evidence_role_PRIMARY|source_organization|broker|server|symbol|time_basis|timezone_or_unknown|effective_start|effective_end|captured_at|artifact_path|artifact_sha256|source_metadata|validation_status,NO_EVIDENCE_SUBMITTED
GQ0011,2020,Thursday,2020-01-16T23:00:00,2020-01-17T01:00:00,2.0,1,GOLD#_H1_202001020900_202012311800.csv,GOLD#_H1_202001020900_202012311800.csv,UNVERIFIED,UNVERIFIED_GAP,true,c1a2dfe523c209f098838cda2ec2406a2c42635d34598a4227d6752a57634fca,BROKER_SERVER_SESSION_SCHEDULE|SAME_BROKER_SERVER_LOWER_TIMEFRAME_OR_TICK_EXPORT|INDEPENDENT_SAME_BROKER_SERVER_H1_EXPORT|OFFICIAL_MARKET_OR_BROKER_HOLIDAY_NOTICE,,evidence_package_id|evidence_type|evidence_role_PRIMARY|source_organization|broker|server|symbol|time_basis|timezone_or_unknown|effective_start|effective_end|captured_at|artifact_path|artifact_sha256|source_metadata|validation_status,NO_EVIDENCE_SUBMITTED
GQ0013,2020,Monday,2020-01-20T19:00:00,2020-01-21T01:00:00,6.0,5,GOLD#_H1_202001020900_202012311800.csv,GOLD#_H1_202001020900_202012311800.csv,UNVERIFIED,UNVERIFIED_GAP,true,2cf052360caf46283533df2b4a355df6e525f734e528eb23c3f835263f882653,BROKER_SERVER_SESSION_SCHEDULE|SAME_BROKER_SERVER_LOWER_TIMEFRAME_OR_TICK_EXPORT|INDEPENDENT_SAME_BROKER_SERVER_H1_EXPORT|OFFICIAL_MARKET_OR_BROKER_HOLIDAY_NOTICE,,evidence_package_id|evidence_type|evidence_role_PRIMARY|source_organization|broker|server|symbol|time_basis|timezone_or_unknown|effective_start|effective_end|captured_at|artifact_path|artifact_sha256|source_metadata|validation_status,NO_EVIDENCE_SUBMITTED
GQ0014,2020,Tuesday,2020-01-21T23:00:00,2020-01-22T01:00:00,2.0,1,GOLD#_H1_202001020900_202012311800.csv,GOLD#_H1_202001020900_202012311800.csv,UNVERIFIED,UNVERIFIED_GAP,true,1921f479b8fcee71b61f6ab56a9e632e31cafbdeece781c0dc498da0ea88e17d,BROKER_SERVER_SESSION_SCHEDULE|SAME_BROKER_SERVER_LOWER_TIMEFRAME_OR_TICK_EXPORT|INDEPENDENT_SAME_BROKER_SERVER_H1_EXPORT|OFFICIAL_MARKET_OR_BROKER_HOLIDAY_NOTICE,,evidence_package_id|evidence_type|evidence_role_PRIMARY|source_organization|broker|server|symbol|time_basis|timezone_or_unknown|effective_start|effective_end|captured_at|artifact_path|artifact_sha256|source_metadata|validation_status,NO_EVIDENCE_SUBMITTED
GQ0015,2020,Wednesday,2020-01-22T23:00:00,2020-01-23T01:00:00,2.0,1,GOLD#_H1_202001020900_202012311800.csv,GOLD#_H1_202001020900_202012311800.csv,UNVERIFIED,UNVERIFIED_GAP,true,cd6030fe05668e3196ee04b5ec77c4dddd7b68eef8b958f8072995fb7ad04a0b,BROKER_SERVER_SESSION_SCHEDULE|SAME_BROKER_SERVER_LOWER_TIMEFRAME_OR_TICK_EXPORT|INDEPENDENT_SAME_BROKER_SERVER_H1_EXPORT|OFFICIAL_MARKET_OR_BROKER_HOLIDAY_NOTICE,,evidence_package_id|evidence_type|evidence_role_PRIMARY|source_organization|broker|server|symbol|time_basis|timezone_or_unknown|effective_start|effective_end|captured_at|artifact_path|artifact_sha256|source_metadata|validation_status,NO_EVIDENCE_SUBMITTED
GQ0016,2020,Thursday,2020-01-23T23:00:00,2020-01-24T01:00:00,2.0,1,GOLD#_H1_202001020900_202012311800.csv,GOLD#_H1_202001020900_202012311800.csv,UNVERIFIED,UNVERIFIED_GAP,true,c1a2dfe523c209f098838cda2ec2406a2c42635d34598a4227d6752a57634fca,BROKER_SERVER_SESSION_SCHEDULE|SAME_BROKER_SERVER_LOWER_TIMEFRAME_OR_TICK_EXPORT|INDEPENDENT_SAME_BROKER_SERVER_H1_EXPORT|OFFICIAL_MARKET_OR_BROKER_HOLIDAY_NOTICE,,evidence_package_id|evidence_type|evidence_role_PRIMARY|source_organization|broker|server|symbol|time_basis|timezone_or_unknown|effective_start|effective_end|captured_at|artifact_path|artifact_sha256|source_metadata|validation_status,NO_EVIDENCE_SUBMITTED
GQ0018,2020,Monday,2020-01-27T23:00:00,2020-01-28T01:00:00,2.0,1,GOLD#_H1_202001020900_202012311800.csv,GOLD#_H1_202001020900_202012311800.csv,UNVERIFIED,UNVERIFIED_GAP,true,c6cb6d143c97092165f7fa92edadd205d16ca9c3594b4a6c7ef8b426eb95522f,BROKER_SERVER_SESSION_SCHEDULE|SAME_BROKER_SERVER_LOWER_TIMEFRAME_OR_TICK_EXPORT|INDEPENDENT_SAME_BROKER_SERVER_H1_EXPORT|OFFICIAL_MARKET_OR_BROKER_HOLIDAY_NOTICE,,evidence_package_id|evidence_type|evidence_role_PRIMARY|source_organization|broker|server|symbol|time_basis|timezone_or_unknown|effective_start|effective_end|captured_at|artifact_path|artifact_sha256|source_metadata|validation_status,NO_EVIDENCE_SUBMITTED
GQ0019,2020,Tuesday,2020-01-28T23:00:00,2020-01-29T01:00:00,2.0,1,GOLD#_H1_202001020900_202012311800.csv,GOLD#_H1_202001020900_202012311800.csv,UNVERIFIED,UNVERIFIED_GAP,true,1921f479b8fcee71b61f6ab56a9e632e31cafbdeece781c0dc498da0ea88e17d,BROKER_SERVER_SESSION_SCHEDULE|SAME_BROKER_SERVER_LOWER_TIMEFRAME_OR_TICK_EXPORT|INDEPENDENT_SAME_BROKER_SERVER_H1_EXPORT|OFFICIAL_MARKET_OR_BROKER_HOLIDAY_NOTICE,,evidence_package_id|evidence_type|evidence_role_PRIMARY|source_organization|broker|server|symbol|time_basis|timezone_or_unknown|effective_start|effective_end|captured_at|artifact_path|artifact_sha256|source_metadata|validation_status,NO_EVIDENCE_SUBMITTED
GQ0020,2020,Wednesday,2020-01-29T23:00:00,2020-01-30T01:00:00,2.0,1,GOLD#_H1_202001020900_202012311800.csv,GOLD#_H1_202001020900_202012311800.csv,UNVERIFIED,UNVERIFIED_GAP,true,cd6030fe05668e3196ee04b5ec77c4dddd7b68eef8b958f8072995fb7ad04a0b,BROKER_SERVER_SESSION_SCHEDULE|SAME_BROKER_SERVER_LOWER_TIMEFRAME_OR_TICK_EXPORT|INDEPENDENT_SAME_BROKER_SERVER_H1_EXPORT|OFFICIAL_MARKET_OR_BROKER_HOLIDAY_NOTICE,,evidence_package_id|evidence_type|evidence_role_PRIMARY|source_organization|broker|server|symbol|time_basis|timezone_or_unknown|effective_start|effective_end|captured_at|artifact_path|artifact_sha256|source_metadata|validation_status,NO_EVIDENCE_SUBMITTED
GQ0021,2020,Thursday,2020-01-30T23:00:00,2020-01-31T01:00:00,2.0,1,GOLD#_H1_202001020900_202012311800.csv,GOLD#_H1_202001020900_202012311800.csv,UNVERIFIED,UNVERIFIED_GAP,true,c1a2dfe523c209f098838cda2ec2406a2c42635d34598a4227d6752a57634fca,BROKER_SERVER_SESSION_SCHEDULE|SAME_BROKER_SERVER_LOWER_TIMEFRAME_OR_TICK_EXPORT|INDEPENDENT_SAME_BROKER_SERVER_H1_EXPORT|OFFICIAL_MARKET_OR_BROKER_HOLIDAY_NOTICE,,evidence_package_id|evidence_type|evidence_role_PRIMARY|source_organization|broker|server|symbol|time_basis|timezone_or_unknown|effective_start|effective_end|captured_at|artifact_path|artifact_sha256|source_metadata|validation_status,NO_EVIDENCE_SUBMITTED
GQ0023,2020,Monday,2020-02-03T23:00:00,2020-02-04T01:00:00,2.0,1,GOLD#_H1_202001020900_202012311800.csv,GOLD#_H1_202001020900_202012311800.csv,UNVERIFIED,UNVERIFIED_GAP,true,c6cb6d143c97092165f7fa92edadd205d16ca9c3594b4a6c7ef8b426eb95522f,BROKER_SERVER_SESSION_SCHEDULE|SAME_BROKER_SERVER_LOWER_TIMEFRAME_OR_TICK_EXPORT|INDEPENDENT_SAME_BROKER_SERVER_H1_EXPORT|OFFICIAL_MARKET_OR_BROKER_HOLIDAY_NOTICE,,evidence_package_id|evidence_type|evidence_role_PRIMARY|source_organization|broker|server|symbol|time_basis|timezone_or_unknown|effective_start|effective_end|captured_at|artifact_path|artifact_sha256|source_metadata|validation_status,NO_EVIDENCE_SUBMITTED
GQ0024,2020,Tuesday,2020-02-04T23:00:00,2020-02-05T01:00:00,2.0,1,GOLD#_H1_202001020900_202012311800.csv,GOLD#_H1_202001020900_202012311800.csv,UNVERIFIED,UNVERIFIED_GAP,true,1921f479b8fcee71b61f6ab56a9e632e31cafbdeece781c0dc498da0ea88e17d,BROKER_SERVER_SESSION_SCHEDULE|SAME_BROKER_SERVER_LOWER_TIMEFRAME_OR_TICK_EXPORT|INDEPENDENT_SAME_BROKER_SERVER_H1_EXPORT|OFFICIAL_MARKET_OR_BROKER_HOLIDAY_NOTICE,,evidence_package_id|evidence_type|evidence_role_PRIMARY|source_organization|broker|server|symbol|time_basis|timezone_or_unknown|effective_start|effective_end|captured_at|artifact_path|artifact_sha256|source_metadata|validation_status,NO_EVIDENCE_SUBMITTED
GQ0025,2020,Wednesday,2020-02-05T23:00:00,2020-02-06T01:00:00,2.0,1,GOLD#_H1_202001020900_202012311800.csv,GOLD#_H1_202001020900_202012311800.csv,UNVERIFIED,UNVERIFIED_GAP,true,cd6030fe05668e3196ee04b5ec77c4dddd7b68eef8b958f8072995fb7ad04a0b,BROKER_SERVER_SESSION_SCHEDULE|SAME_BROKER_SERVER_LOWER_TIMEFRAME_OR_TICK_EXPORT|INDEPENDENT_SAME_BROKER_SERVER_H1_EXPORT|OFFICIAL_MARKET_OR_BROKER_HOLIDAY_NOTICE,,evidence_package_id|evidence_type|evidence_role_PRIMARY|source_organization|broker|server|symbol|time_basis|timezone_or_unknown|effective_start|effective_end|captured_at|artifact_path|artifact_sha256|source_metadata|validation_status,NO_EVIDENCE_SUBMITTED
GQ0026,2020,Thursday,2020-02-06T23:00:00,2020-02-07T01:00:00,2.0,1,GOLD#_H1_202001020900_202012311800.csv,GOLD#_H1_202001020900_202012311800.csv,UNVERIFIED,UNVERIFIED_GAP,true,c1a2dfe523c209f098838cda2ec2406a2c42635d34598a4227d6752a57634fca,BROKER_SERVER_SESSION_SCHEDULE|SAME_BROKER_SERVER_LOWER_TIMEFRAME_OR_TICK_EXPORT|INDEPENDENT_SAME_BROKER_SERVER_H1_EXPORT|OFFICIAL_MARKET_OR_BROKER_HOLIDAY_NOTICE,,evidence_package_id|evidence_type|evidence_role_PRIMARY|source_organization|broker|server|symbol|time_basis|timezone_or_unknown|effective_start|effective_end|captured_at|artifact_path|artifact_sha256|source_metadata|validation_status,NO_EVIDENCE_SUBMITTED
GQ0028,2020,Monday,2020-02-10T23:00:00,2020-02-11T01:00:00,2.0,1,GOLD#_H1_202001020900_202012311800.csv,GOLD#_H1_202001020900_202012311800.csv,UNVERIFIED,UNVERIFIED_GAP,true,c6cb6d143c97092165f7fa92edadd205d16ca9c3594b4a6c7ef8b426eb95522f,BROKER_SERVER_SESSION_SCHEDULE|SAME_BROKER_SERVER_LOWER_TIMEFRAME_OR_TICK_EXPORT|INDEPENDENT_SAME_BROKER_SERVER_H1_EXPORT|OFFICIAL_MARKET_OR_BROKER_HOLIDAY_NOTICE,,evidence_package_id|evidence_type|evidence_role_PRIMARY|source_organization|broker|server|symbol|time_basis|timezone_or_unknown|effective_start|effective_end|captured_at|artifact_path|artifact_sha256|source_metadata|validation_status,NO_EVIDENCE_SUBMITTED
GQ0029,2020,Tuesday,2020-02-11T23:00:00,2020-02-12T01:00:00,2.0,1,GOLD#_H1_202001020900_202012311800.csv,GOLD#_H1_202001020900_202012311800.csv,UNVERIFIED,UNVERIFIED_GAP,true,1921f479b8fcee71b61f6ab56a9e632e31cafbdeece781c0dc498da0ea88e17d,BROKER_SERVER_SESSION_SCHEDULE|SAME_BROKER_SERVER_LOWER_TIMEFRAME_OR_TICK_EXPORT|INDEPENDENT_SAME_BROKER_SERVER_H1_EXPORT|OFFICIAL_MARKET_OR_BROKER_HOLIDAY_NOTICE,,evidence_package_id|evidence_type|evidence_role_PRIMARY|source_organization|broker|server|symbol|time_basis|timezone_or_unknown|effective_start|effective_end|captured_at|artifact_path|artifact_sha256|source_metadata|validation_status,NO_EVIDENCE_SUBMITTED
GQ0030,2020,Wednesday,2020-02-12T23:00:00,2020-02-13T01:00:00,2.0,1,GOLD#_H1_202001020900_202012311800.csv,GOLD#_H1_202001020900_202012311800.csv,UNVERIFIED,UNVERIFIED_GAP,true,cd6030fe05668e3196ee04b5ec77c4dddd7b68eef8b958f8072995fb7ad04a0b,BROKER_SERVER_SESSION_SCHEDULE|SAME_BROKER_SERVER_LOWER_TIMEFRAME_OR_TICK_EXPORT|INDEPENDENT_SAME_BROKER_SERVER_H1_EXPORT|OFFICIAL_MARKET_OR_BROKER_HOLIDAY_NOTICE,,evidence_package_id|evidence_type|evidence_role_PRIMARY|source_organization|broker|server|symbol|time_basis|timezone_or_unknown|effective_start|effective_end|captured_at|artifact_path|artifact_sha256|source_metadata|validation_status,NO_EVIDENCE_SUBMITTED
GQ0031,2020,Thursday,2020-02-13T23:00:00,2020-02-14T01:00:00,2.0,1,GOLD#_H1_202001020900_202012311800.csv,GOLD#_H1_202001020900_202012311800.csv,UNVERIFIED,UNVERIFIED_GAP,true,c1a2dfe523c209f098838cda2ec2406a2c42635d34598a4227d6752a57634fca,BROKER_SERVER_SESSION_SCHEDULE|SAME_BROKER_SERVER_LOWER_TIMEFRAME_OR_TICK_EXPORT|INDEPENDENT_SAME_BROKER_SERVER_H1_EXPORT|OFFICIAL_MARKET_OR_BROKER_HOLIDAY_NOTICE,,evidence_package_id|evidence_type|evidence_role_PRIMARY|source_organization|broker|server|symbol|time_basis|timezone_or_unknown|effective_start|effective_end|captured_at|artifact_path|artifact_sha256|source_metadata|validation_status,NO_EVIDENCE_SUBMITTED
GQ0033,2020,Monday,2020-02-17T19:00:00,2020-02-18T01:00:00,6.0,5,GOLD#_H1_202001020900_202012311800.csv,GOLD#_H1_202001020900_202012311800.csv,UNVERIFIED,UNVERIFIED_GAP,true,2cf052360caf46283533df2b4a355df6e525f734e528eb23c3f835263f882653,BROKER_SERVER_SESSION_SCHEDULE|SAME_BROKER_SERVER_LOWER_TIMEFRAME_OR_TICK_EXPORT|INDEPENDENT_SAME_BROKER_SERVER_H1_EXPORT|OFFICIAL_MARKET_OR_BROKER_HOLIDAY_NOTICE,,evidence_package_id|evidence_type|evidence_role_PRIMARY|source_organization|broker|server|symbol|time_basis|timezone_or_unknown|effective_start|effective_end|captured_at|artifact_path|artifact_sha256|source_metadata|validation_status,NO_EVIDENCE_SUBMITTED
GQ0034,2020,Tuesday,2020-02-18T23:00:00,2020-02-19T01:00:00,2.0,1,GOLD#_H1_202001020900_202012311800.csv,GOLD#_H1_202001020900_202012311800.csv,UNVERIFIED,UNVERIFIED_GAP,true,1921f479b8fcee71b61f6ab56a9e632e31cafbdeece781c0dc498da0ea88e17d,BROKER_SERVER_SESSION_SCHEDULE|SAME_BROKER_SERVER_LOWER_TIMEFRAME_OR_TICK_EXPORT|INDEPENDENT_SAME_BROKER_SERVER_H1_EXPORT|OFFICIAL_MARKET_OR_BROKER_HOLIDAY_NOTICE,,evidence_package_id|evidence_type|evidence_role_PRIMARY|source_organization|broker|server|symbol|time_basis|timezone_or_unknown|effective_start|effective_end|captured_at|artifact_path|artifact_sha256|source_metadata|validation_status,NO_EVIDENCE_SUBMITTED
GQ0035,2020,Wednesday,2020-02-19T23:00:00,2020-02-20T01:00:00,2.0,1,GOLD#_H1_202001020900_202012311800.csv,GOLD#_H1_202001020900_202012311800.csv,UNVERIFIED,UNVERIFIED_GAP,true,cd6030fe05668e3196ee04b5ec77c4dddd7b68eef8b958f8072995fb7ad04a0b,BROKER_SERVER_SESSION_SCHEDULE|SAME_BROKER_SERVER_LOWER_TIMEFRAME_OR_TICK_EXPORT|INDEPENDENT_SAME_BROKER_SERVER_H1_EXPORT|OFFICIAL_MARKET_OR_BROKER_HOLIDAY_NOTICE,,evidence_package_id|evidence_type|evidence_role_PRIMARY|source_organization|broker|server|symbol|time_basis|timezone_or_unknown|effective_start|effective_end|captured_at|artifact_path|artifact_sha256|source_metadata|validation_status,NO_EVIDENCE_SUBMITTED
GQ0036,2020,Thursday,2020-02-20T23:00:00,2020-02-21T01:00:00,2.0,1,GOLD#_H1_202001020900_202012311800.csv,GOLD#_H1_202001020900_202012311800.csv,UNVERIFIED,UNVERIFIED_GAP,true,c1a2dfe523c209f098838cda2ec2406a2c42635d34598a4227d6752a57634fca,BROKER_SERVER_SESSION_SCHEDULE|SAME_BROKER_SERVER_LOWER_TIMEFRAME_OR_TICK_EXPORT|INDEPENDENT_SAME_BROKER_SERVER_H1_EXPORT|OFFICIAL_MARKET_OR_BROKER_HOLIDAY_NOTICE,,evidence_package_id|evidence_type|evidence_role_PRIMARY|source_organization|broker|server|symbol|time_basis|timezone_or_unknown|effective_start|effective_end|captured_at|artifact_path|artifact_sha256|source_metadata|validation_status,NO_EVIDENCE_SUBMITTED
GQ0038,2020,Monday,2020-02-24T23:00:00,2020-02-25T01:00:00,2.0,1,GOLD#_H1_202001020900_202012311800.csv,GOLD#_H1_202001020900_202012311800.csv,UNVERIFIED,UNVERIFIED_GAP,true,c6cb6d143c97092165f7fa92edadd205d16ca9c3594b4a6c7ef8b426eb95522f,BROKER_SERVER_SESSION_SCHEDULE|SAME_BROKER_SERVER_LOWER_TIMEFRAME_OR_TICK_EXPORT|INDEPENDENT_SAME_BROKER_SERVER_H1_EXPORT|OFFICIAL_MARKET_OR_BROKER_HOLIDAY_NOTICE,,evidence_package_id|evidence_type|evidence_role_PRIMARY|source_organization|broker|server|symbol|time_basis|timezone_or_unknown|effective_start|effective_end|captured_at|artifact_path|artifact_sha256|source_metadata|validation_status,NO_EVIDENCE_SUBMITTED
GQ0039,2020,Tuesday,2020-02-25T23:00:00,2020-02-26T01:00:00,2.0,1,GOLD#_H1_202001020900_202012311800.csv,GOLD#_H1_202001020900_202012311800.csv,UNVERIFIED,UNVERIFIED_GAP,true,1921f479b8fcee71b61f6ab56a9e632e31cafbdeece781c0dc498da0ea88e17d,BROKER_SERVER_SESSION_SCHEDULE|SAME_BROKER_SERVER_LOWER_TIMEFRAME_OR_TICK_EXPORT|INDEPENDENT_SAME_BROKER_SERVER_H1_EXPORT|OFFICIAL_MARKET_OR_BROKER_HOLIDAY_NOTICE,,evidence_package_id|evidence_type|evidence_role_PRIMARY|source_organization|broker|server|symbol|time_basis|timezone_or_unknown|effective_start|effective_end|captured_at|artifact_path|artifact_sha256|source_metadata|validation_status,NO_EVIDENCE_SUBMITTED
GQ0040,2020,Wednesday,2020-02-26T23:00:00,2020-02-27T01:00:00,2.0,1,GOLD#_H1_202001020900_202012311800.csv,GOLD#_H1_202001020900_202012311800.csv,UNVERIFIED,UNVERIFIED_GAP,true,cd6030fe05668e3196ee04b5ec77c4dddd7b68eef8b958f8072995fb7ad04a0b,BROKER_SERVER_SESSION_SCHEDULE|SAME_BROKER_SERVER_LOWER_TIMEFRAME_OR_TICK_EXPORT|INDEPENDENT_SAME_BROKER_SERVER_H1_EXPORT|OFFICIAL_MARKET_OR_BROKER_HOLIDAY_NOTICE,,evidence_package_id|evidence_type|evidence_role_PRIMARY|source_organization|broker|server|symbol|time_basis|timezone_or_unknown|effective_start|effective_end|captured_at|artifact_path|artifact_sha256|source_metadata|validation_status,NO_EVIDENCE_SUBMITTED
GQ0041,2020,Thursday,2020-02-27T23:00:00,2020-02-28T01:00:00,2.0,1,GOLD#_H1_202001020900_202012311800.csv,GOLD#_H1_202001020900_202012311800.csv,UNVERIFIED,UNVERIFIED_GAP,true,c1a2dfe523c209f098838cda2ec2406a2c42635d34598a4227d6752a57634fca,BROKER_SERVER_SESSION_SCHEDULE|SAME_BROKER_SERVER_LOWER_TIMEFRAME_OR_TICK_EXPORT|INDEPENDENT_SAME_BROKER_SERVER_H1_EXPORT|OFFICIAL_MARKET_OR_BROKER_HOLIDAY_NOTICE,,evidence_package_id|evidence_type|evidence_role_PRIMARY|source_organization|broker|server|symbol|time_basis|timezone_or_unknown|effective_start|effective_end|captured_at|artifact_path|artifact_sha256|source_metadata|validation_status,NO_EVIDENCE_SUBMITTED
GQ0043,2020,Monday,2020-03-02T23:00:00,2020-03-03T01:00:00,2.0,1,GOLD#_H1_202001020900_202012311800.csv,GOLD#_H1_202001020900_202012311800.csv,UNVERIFIED,UNVERIFIED_GAP,true,c6cb6d143c97092165f7fa92edadd205d16ca9c3594b4a6c7ef8b426eb95522f,BROKER_SERVER_SESSION_SCHEDULE|SAME_BROKER_SERVER_LOWER_TIMEFRAME_OR_TICK_EXPORT|INDEPENDENT_SAME_BROKER_SERVER_H1_EXPORT|OFFICIAL_MARKET_OR_BROKER_HOLIDAY_NOTICE,,evidence_package_id|evidence_type|evidence_role_PRIMARY|source_organization|broker|server|symbol|time_basis|timezone_or_unknown|effective_start|effective_end|captured_at|artifact_path|artifact_sha256|source_metadata|validation_status,NO_EVIDENCE_SUBMITTED
GQ0044,2020,Tuesday,2020-03-03T23:00:00,2020-03-04T01:00:00,2.0,1,GOLD#_H1_202001020900_202012311800.csv,GOLD#_H1_202001020900_202012311800.csv,UNVERIFIED,UNVERIFIED_GAP,true,1921f479b8fcee71b61f6ab56a9e632e31cafbdeece781c0dc498da0ea88e17d,BROKER_SERVER_SESSION_SCHEDULE|SAME_BROKER_SERVER_LOWER_TIMEFRAME_OR_TICK_EXPORT|INDEPENDENT_SAME_BROKER_SERVER_H1_EXPORT|OFFICIAL_MARKET_OR_BROKER_HOLIDAY_NOTICE,,evidence_package_id|evidence_type|evidence_role_PRIMARY|source_organization|broker|server|symbol|time_basis|timezone_or_unknown|effective_start|effective_end|captured_at|artifact_path|artifact_sha256|source_metadata|validation_status,NO_EVIDENCE_SUBMITTED
GQ0045,2020,Wednesday,2020-03-04T23:00:00,2020-03-05T01:00:00,2.0,1,GOLD#_H1_202001020900_202012311800.csv,GOLD#_H1_202001020900_202012311800.csv,UNVERIFIED,UNVERIFIED_GAP,true,cd6030fe05668e3196ee04b5ec77c4dddd7b68eef8b958f8072995fb7ad04a0b,BROKER_SERVER_SESSION_SCHEDULE|SAME_BROKER_SERVER_LOWER_TIMEFRAME_OR_TICK_EXPORT|INDEPENDENT_SAME_BROKER_SERVER_H1_EXPORT|OFFICIAL_MARKET_OR_BROKER_HOLIDAY_NOTICE,,evidence_package_id|evidence_type|evidence_role_PRIMARY|source_organization|broker|server|symbol|time_basis|timezone_or_unknown|effective_start|effective_end|captured_at|artifact_path|artifact_sha256|source_metadata|validation_status,NO_EVIDENCE_SUBMITTED
GQ0046,2020,Thursday,2020-03-05T23:00:00,2020-03-06T01:00:00,2.0,1,GOLD#_H1_202001020900_202012311800.csv,GOLD#_H1_202001020900_202012311800.csv,UNVERIFIED,UNVERIFIED_GAP,true,c1a2dfe523c209f098838cda2ec2406a2c42635d34598a4227d6752a57634fca,BROKER_SERVER_SESSION_SCHEDULE|SAME_BROKER_SERVER_LOWER_TIMEFRAME_OR_TICK_EXPORT|INDEPENDENT_SAME_BROKER_SERVER_H1_EXPORT|OFFICIAL_MARKET_OR_BROKER_HOLIDAY_NOTICE,,evidence_package_id|evidence_type|evidence_role_PRIMARY|source_organization|broker|server|symbol|time_basis|timezone_or_unknown|effective_start|effective_end|captured_at|artifact_path|artifact_sha256|source_metadata|validation_status,NO_EVIDENCE_SUBMITTED
GQ0048,2020,Monday,2020-03-09T22:00:00,2020-03-10T00:00:00,2.0,1,GOLD#_H1_202001020900_202012311800.csv,GOLD#_H1_202001020900_202012311800.csv,UNVERIFIED,UNVERIFIED_GAP,true,65e97571ee168266f65ba1beab2d3df63707595e0349dda051be5a7ead1d4427,BROKER_SERVER_SESSION_SCHEDULE|SAME_BROKER_SERVER_LOWER_TIMEFRAME_OR_TICK_EXPORT|INDEPENDENT_SAME_BROKER_SERVER_H1_EXPORT|OFFICIAL_MARKET_OR_BROKER_HOLIDAY_NOTICE,,evidence_package_id|evidence_type|evidence_role_PRIMARY|source_organization|broker|server|symbol|time_basis|timezone_or_unknown|effective_start|effective_end|captured_at|artifact_path|artifact_sha256|source_metadata|validation_status,NO_EVIDENCE_SUBMITTED
GQ0049,2020,Tuesday,2020-03-10T22:00:00,2020-03-11T00:00:00,2.0,1,GOLD#_H1_202001020900_202012311800.csv,GOLD#_H1_202001020900_202012311800.csv,UNVERIFIED,UNVERIFIED_GAP,true,7c2457cdd65c700d72272ac85265874c7d3eba63b7feaa663a9881a85799ac29,BROKER_SERVER_SESSION_SCHEDULE|SAME_BROKER_SERVER_LOWER_TIMEFRAME_OR_TICK_EXPORT|INDEPENDENT_SAME_BROKER_SERVER_H1_EXPORT|OFFICIAL_MARKET_OR_BROKER_HOLIDAY_NOTICE,,evidence_package_id|evidence_type|evidence_role_PRIMARY|source_organization|broker|server|symbol|time_basis|timezone_or_unknown|effective_start|effective_end|captured_at|artifact_path|artifact_sha256|source_metadata|validation_status,NO_EVIDENCE_SUBMITTED
GQ0050,2020,Wednesday,2020-03-11T22:00:00,2020-03-12T00:00:00,2.0,1,GOLD#_H1_202001020900_202012311800.csv,GOLD#_H1_202001020900_202012311800.csv,UNVERIFIED,UNVERIFIED_GAP,true,2478fa4dc89458faa85141d81bc7187d5f510d5be966493a7bb66b74d363716a,BROKER_SERVER_SESSION_SCHEDULE|SAME_BROKER_SERVER_LOWER_TIMEFRAME_OR_TICK_EXPORT|INDEPENDENT_SAME_BROKER_SERVER_H1_EXPORT|OFFICIAL_MARKET_OR_BROKER_HOLIDAY_NOTICE,,evidence_package_id|evidence_type|evidence_role_PRIMARY|source_organization|broker|server|symbol|time_basis|timezone_or_unknown|effective_start|effective_end|captured_at|artifact_path|artifact_sha256|source_metadata|validation_status,NO_EVIDENCE_SUBMITTED
GQ0051,2020,Thursday,2020-03-12T22:00:00,2020-03-13T00:00:00,2.0,1,GOLD#_H1_202001020900_202012311800.csv,GOLD#_H1_202001020900_202012311800.csv,UNVERIFIED,UNVERIFIED_GAP,true,14ce04bf5ac6908cf05a683640acd77c6c908129d01a1164feddde46c22b6784,BROKER_SERVER_SESSION_SCHEDULE|SAME_BROKER_SERVER_LOWER_TIMEFRAME_OR_TICK_EXPORT|INDEPENDENT_SAME_BROKER_SERVER_H1_EXPORT|OFFICIAL_MARKET_OR_BROKER_HOLIDAY_NOTICE,,evidence_package_id|evidence_type|evidence_role_PRIMARY|source_organization|broker|server|symbol|time_basis|timezone_or_unknown|effective_start|effective_end|captured_at|artifact_path|artifact_sha256|source_metadata|validation_status,NO_EVIDENCE_SUBMITTED
GQ0053,2020,Monday,2020-03-16T22:00:00,2020-03-17T00:00:00,2.0,1,GOLD#_H1_202001020900_202012311800.csv,GOLD#_H1_202001020900_202012311800.csv,UNVERIFIED,UNVERIFIED_GAP,true,65e97571ee168266f65ba1beab2d3df63707595e0349dda051be5a7ead1d4427,BROKER_SERVER_SESSION_SCHEDULE|SAME_BROKER_SERVER_LOWER_TIMEFRAME_OR_TICK_EXPORT|INDEPENDENT_SAME_BROKER_SERVER_H1_EXPORT|OFFICIAL_MARKET_OR_BROKER_HOLIDAY_NOTICE,,evidence_package_id|evidence_type|evidence_role_PRIMARY|source_organization|broker|server|symbol|time_basis|timezone_or_unknown|effective_start|effective_end|captured_at|artifact_path|artifact_sha256|source_metadata|validation_status,NO_EVIDENCE_SUBMITTED
GQ0054,2020,Tuesday,2020-03-17T22:00:00,2020-03-18T00:00:00,2.0,1,GOLD#_H1_202001020900_202012311800.csv,GOLD#_H1_202001020900_202012311800.csv,UNVERIFIED,UNVERIFIED_GAP,true,7c2457cdd65c700d72272ac85265874c7d3eba63b7feaa663a9881a85799ac29,BROKER_SERVER_SESSION_SCHEDULE|SAME_BROKER_SERVER_LOWER_TIMEFRAME_OR_TICK_EXPORT|INDEPENDENT_SAME_BROKER_SERVER_H1_EXPORT|OFFICIAL_MARKET_OR_BROKER_HOLIDAY_NOTICE,,evidence_package_id|evidence_type|evidence_role_PRIMARY|source_organization|broker|server|symbol|time_basis|timezone_or_unknown|effective_start|effective_end|captured_at|artifact_path|artifact_sha256|source_metadata|validation_status,NO_EVIDENCE_SUBMITTED
GQ0055,2020,Wednesday,2020-03-18T22:00:00,2020-03-19T00:00:00,2.0,1,GOLD#_H1_202001020900_202012311800.csv,GOLD#_H1_202001020900_202012311800.csv,UNVERIFIED,UNVERIFIED_GAP,true,2478fa4dc89458faa85141d81bc7187d5f510d5be966493a7bb66b74d363716a,BROKER_SERVER_SESSION_SCHEDULE|SAME_BROKER_SERVER_LOWER_TIMEFRAME_OR_TICK_EXPORT|INDEPENDENT_SAME_BROKER_SERVER_H1_EXPORT|OFFICIAL_MARKET_OR_BROKER_HOLIDAY_NOTICE,,evidence_package_id|evidence_type|evidence_role_PRIMARY|source_organization|broker|server|symbol|time_basis|timezone_or_unknown|effective_start|effective_end|captured_at|artifact_path|artifact_sha256|source_metadata|validation_status,NO_EVIDENCE_SUBMITTED
GQ0056,2020,Thursday,2020-03-19T22:00:00,2020-03-20T00:00:00,2.0,1,GOLD#_H1_202001020900_202012311800.csv,GOLD#_H1_202001020900_202012311800.csv,UNVERIFIED,UNVERIFIED_GAP,true,14ce04bf5ac6908cf05a683640acd77c6c908129d01a1164feddde46c22b6784,BROKER_SERVER_SESSION_SCHEDULE|SAME_BROKER_SERVER_LOWER_TIMEFRAME_OR_TICK_EXPORT|INDEPENDENT_SAME_BROKER_SERVER_H1_EXPORT|OFFICIAL_MARKET_OR_BROKER_HOLIDAY_NOTICE,,evidence_package_id|evidence_type|evidence_role_PRIMARY|source_organization|broker|server|symbol|time_basis|timezone_or_unknown|effective_start|effective_end|captured_at|artifact_path|artifact_sha256|source_metadata|validation_status,NO_EVIDENCE_SUBMITTED
GQ0058,2020,Monday,2020-03-23T22:00:00,2020-03-24T00:00:00,2.0,1,GOLD#_H1_202001020900_202012311800.csv,GOLD#_H1_202001020900_202012311800.csv,UNVERIFIED,UNVERIFIED_GAP,true,65e97571ee168266f65ba1beab2d3df63707595e0349dda051be5a7ead1d4427,BROKER_SERVER_SESSION_SCHEDULE|SAME_BROKER_SERVER_LOWER_TIMEFRAME_OR_TICK_EXPORT|INDEPENDENT_SAME_BROKER_SERVER_H1_EXPORT|OFFICIAL_MARKET_OR_BROKER_HOLIDAY_NOTICE,,evidence_package_id|evidence_type|evidence_role_PRIMARY|source_organization|broker|server|symbol|time_basis|timezone_or_unknown|effective_start|effective_end|captured_at|artifact_path|artifact_sha256|source_metadata|validation_status,NO_EVIDENCE_SUBMITTED
GQ0059,2020,Tuesday,2020-03-24T22:00:00,2020-03-25T00:00:00,2.0,1,GOLD#_H1_202001020900_202012311800.csv,GOLD#_H1_202001020900_202012311800.csv,UNVERIFIED,UNVERIFIED_GAP,true,7c2457cdd65c700d72272ac85265874c7d3eba63b7feaa663a9881a85799ac29,BROKER_SERVER_SESSION_SCHEDULE|SAME_BROKER_SERVER_LOWER_TIMEFRAME_OR_TICK_EXPORT|INDEPENDENT_SAME_BROKER_SERVER_H1_EXPORT|OFFICIAL_MARKET_OR_BROKER_HOLIDAY_NOTICE,,evidence_package_id|evidence_type|evidence_role_PRIMARY|source_organization|broker|server|symbol|time_basis|timezone_or_unknown|effective_start|effective_end|captured_at|artifact_path|artifact_sha256|source_metadata|validation_status,NO_EVIDENCE_SUBMITTED
GQ0060,2020,Wednesday,2020-03-25T22:00:00,2020-03-26T00:00:00,2.0,1,GOLD#_H1_202001020900_202012311800.csv,GOLD#_H1_202001020900_202012311800.csv,UNVERIFIED,UNVERIFIED_GAP,true,2478fa4dc89458faa85141d81bc7187d5f510d5be966493a7bb66b74d363716a,BROKER_SERVER_SESSION_SCHEDULE|SAME_BROKER_SERVER_LOWER_TIMEFRAME_OR_TICK_EXPORT|INDEPENDENT_SAME_BROKER_SERVER_H1_EXPORT|OFFICIAL_MARKET_OR_BROKER_HOLIDAY_NOTICE,,evidence_package_id|evidence_type|evidence_role_PRIMARY|source_organization|broker|server|symbol|time_basis|timezone_or_unknown|effective_start|effective_end|captured_at|artifact_path|artifact_sha256|source_metadata|validation_status,NO_EVIDENCE_SUBMITTED
GQ0061,2020,Thursday,2020-03-26T22:00:00,2020-03-27T00:00:00,2.0,1,GOLD#_H1_202001020900_202012311800.csv,GOLD#_H1_202001020900_202012311800.csv,UNVERIFIED,UNVERIFIED_GAP,true,14ce04bf5ac6908cf05a683640acd77c6c908129d01a1164feddde46c22b6784,BROKER_SERVER_SESSION_SCHEDULE|SAME_BROKER_SERVER_LOWER_TIMEFRAME_OR_TICK_EXPORT|INDEPENDENT_SAME_BROKER_SERVER_H1_EXPORT|OFFICIAL_MARKET_OR_BROKER_HOLIDAY_NOTICE,,evidence_package_id|evidence_type|evidence_role_PRIMARY|source_organization|broker|server|symbol|time_basis|timezone_or_unknown|effective_start|effective_end|captured_at|artifact_path|artifact_sha256|source_metadata|validation_status,NO_EVIDENCE_SUBMITTED
GQ0063,2020,Monday,2020-03-30T23:00:00,2020-03-31T01:00:00,2.0,1,GOLD#_H1_202001020900_202012311800.csv,GOLD#_H1_202001020900_202012311800.csv,UNVERIFIED,UNVERIFIED_GAP,true,c6cb6d143c97092165f7fa92edadd205d16ca9c3594b4a6c7ef8b426eb95522f,BROKER_SERVER_SESSION_SCHEDULE|SAME_BROKER_SERVER_LOWER_TIMEFRAME_OR_TICK_EXPORT|INDEPENDENT_SAME_BROKER_SERVER_H1_EXPORT|OFFICIAL_MARKET_OR_BROKER_HOLIDAY_NOTICE,,evidence_package_id|evidence_type|evidence_role_PRIMARY|source_organization|broker|server|symbol|time_basis|timezone_or_unknown|effective_start|effective_end|captured_at|artifact_path|artifact_sha256|source_metadata|validation_status,NO_EVIDENCE_SUBMITTED
GQ0064,2020,Tuesday,2020-03-31T23:00:00,2020-04-01T01:00:00,2.0,1,GOLD#_H1_202001020900_202012311800.csv,GOLD#_H1_202001020900_202012311800.csv,UNVERIFIED,UNVERIFIED_GAP,true,1921f479b8fcee71b61f6ab56a9e632e31cafbdeece781c0dc498da0ea88e17d,BROKER_SERVER_SESSION_SCHEDULE|SAME_BROKER_SERVER_LOWER_TIMEFRAME_OR_TICK_EXPORT|INDEPENDENT_SAME_BROKER_SERVER_H1_EXPORT|OFFICIAL_MARKET_OR_BROKER_HOLIDAY_NOTICE,,evidence_package_id|evidence_type|evidence_role_PRIMARY|source_organization|broker|server|symbol|time_basis|timezone_or_unknown|effective_start|effective_end|captured_at|artifact_path|artifact_sha256|source_metadata|validation_status,NO_EVIDENCE_SUBMITTED
GQ0065,2020,Wednesday,2020-04-01T23:00:00,2020-04-02T01:00:00,2.0,1,GOLD#_H1_202001020900_202012311800.csv,GOLD#_H1_202001020900_202012311800.csv,UNVERIFIED,UNVERIFIED_GAP,true,cd6030fe05668e3196ee04b5ec77c4dddd7b68eef8b958f8072995fb7ad04a0b,BROKER_SERVER_SESSION_SCHEDULE|SAME_BROKER_SERVER_LOWER_TIMEFRAME_OR_TICK_EXPORT|INDEPENDENT_SAME_BROKER_SERVER_H1_EXPORT|OFFICIAL_MARKET_OR_BROKER_HOLIDAY_NOTICE,,evidence_package_id|evidence_type|evidence_role_PRIMARY|source_organization|broker|server|symbol|time_basis|timezone_or_unknown|effective_start|effective_end|captured_at|artifact_path|artifact_sha256|source_metadata|validation_status,NO_EVIDENCE_SUBMITTED
GQ0066,2020,Thursday,2020-04-02T23:00:00,2020-04-03T01:00:00,2.0,1,GOLD#_H1_202001020900_202012311800.csv,GOLD#_H1_202001020900_202012311800.csv,UNVERIFIED,UNVERIFIED_GAP,true,c1a2dfe523c209f098838cda2ec2406a2c42635d34598a4227d6752a57634fca,BROKER_SERVER_SESSION_SCHEDULE|SAME_BROKER_SERVER_LOWER_TIMEFRAME_OR_TICK_EXPORT|INDEPENDENT_SAME_BROKER_SERVER_H1_EXPORT|OFFICIAL_MARKET_OR_BROKER_HOLIDAY_NOTICE,,evidence_package_id|evidence_type|evidence_role_PRIMARY|source_organization|broker|server|symbol|time_basis|timezone_or_unknown|effective_start|effective_end|captured_at|artifact_path|artifact_sha256|source_metadata|validation_status,NO_EVIDENCE_SUBMITTED
GQ0068,2020,Monday,2020-04-06T23:00:00,2020-04-07T01:00:00,2.0,1,GOLD#_H1_202001020900_202012311800.csv,GOLD#_H1_202001020900_202012311800.csv,UNVERIFIED,UNVERIFIED_GAP,true,c6cb6d143c97092165f7fa92edadd205d16ca9c3594b4a6c7ef8b426eb95522f,BROKER_SERVER_SESSION_SCHEDULE|SAME_BROKER_SERVER_LOWER_TIMEFRAME_OR_TICK_EXPORT|INDEPENDENT_SAME_BROKER_SERVER_H1_EXPORT|OFFICIAL_MARKET_OR_BROKER_HOLIDAY_NOTICE,,evidence_package_id|evidence_type|evidence_role_PRIMARY|source_organization|broker|server|symbol|time_basis|timezone_or_unknown|effective_start|effective_end|captured_at|artifact_path|artifact_sha256|source_metadata|validation_status,NO_EVIDENCE_SUBMITTED
GQ0069,2020,Tuesday,2020-04-07T23:00:00,2020-04-08T01:00:00,2.0,1,GOLD#_H1_202001020900_202012311800.csv,GOLD#_H1_202001020900_202012311800.csv,UNVERIFIED,UNVERIFIED_GAP,true,1921f479b8fcee71b61f6ab56a9e632e31cafbdeece781c0dc498da0ea88e17d,BROKER_SERVER_SESSION_SCHEDULE|SAME_BROKER_SERVER_LOWER_TIMEFRAME_OR_TICK_EXPORT|INDEPENDENT_SAME_BROKER_SERVER_H1_EXPORT|OFFICIAL_MARKET_OR_BROKER_HOLIDAY_NOTICE,,evidence_package_id|evidence_type|evidence_role_PRIMARY|source_organization|broker|server|symbol|time_basis|timezone_or_unknown|effective_start|effective_end|captured_at|artifact_path|artifact_sha256|source_metadata|validation_status,NO_EVIDENCE_SUBMITTED
GQ0070,2020,Wednesday,2020-04-08T23:00:00,2020-04-09T01:00:00,2.0,1,GOLD#_H1_202001020900_202012311800.csv,GOLD#_H1_202001020900_202012311800.csv,UNVERIFIED,UNVERIFIED_GAP,true,cd6030fe05668e3196ee04b5ec77c4dddd7b68eef8b958f8072995fb7ad04a0b,BROKER_SERVER_SESSION_SCHEDULE|SAME_BROKER_SERVER_LOWER_TIMEFRAME_OR_TICK_EXPORT|INDEPENDENT_SAME_BROKER_SERVER_H1_EXPORT|OFFICIAL_MARKET_OR_BROKER_HOLIDAY_NOTICE,,evidence_package_id|evidence_type|evidence_role_PRIMARY|source_organization|broker|server|symbol|time_basis|timezone_or_unknown|effective_start|effective_end|captured_at|artifact_path|artifact_sha256|source_metadata|validation_status,NO_EVIDENCE_SUBMITTED
GQ0071,2020,Thursday,2020-04-09T23:00:00,2020-04-13T01:00:00,74.0,73,GOLD#_H1_202001020900_202012311800.csv,GOLD#_H1_202001020900_202012311800.csv,UNVERIFIED,UNVERIFIED_GAP,true,2b22b9100d019f4b8a06ce20a1f4d065330cee02618ef603c22c635febb69e80,BROKER_SERVER_SESSION_SCHEDULE|SAME_BROKER_SERVER_LOWER_TIMEFRAME_OR_TICK_EXPORT|INDEPENDENT_SAME_BROKER_SERVER_H1_EXPORT|OFFICIAL_MARKET_OR_BROKER_HOLIDAY_NOTICE,,evidence_package_id|evidence_type|evidence_role_PRIMARY|source_organization|broker|server|symbol|time_basis|timezone_or_unknown|effective_start|effective_end|captured_at|artifact_path|artifact_sha256|source_metadata|validation_status,NO_EVIDENCE_SUBMITTED
GQ0072,2020,Monday,2020-04-13T23:00:00,2020-04-14T01:00:00,2.0,1,GOLD#_H1_202001020900_202012311800.csv,GOLD#_H1_202001020900_202012311800.csv,UNVERIFIED,UNVERIFIED_GAP,true,c6cb6d143c97092165f7fa92edadd205d16ca9c3594b4a6c7ef8b426eb95522f,BROKER_SERVER_SESSION_SCHEDULE|SAME_BROKER_SERVER_LOWER_TIMEFRAME_OR_TICK_EXPORT|INDEPENDENT_SAME_BROKER_SERVER_H1_EXPORT|OFFICIAL_MARKET_OR_BROKER_HOLIDAY_NOTICE,,evidence_package_id|evidence_type|evidence_role_PRIMARY|source_organization|broker|server|symbol|time_basis|timezone_or_unknown|effective_start|effective_end|captured_at|artifact_path|artifact_sha256|source_metadata|validation_status,NO_EVIDENCE_SUBMITTED
GQ0073,2020,Tuesday,2020-04-14T23:00:00,2020-04-15T01:00:00,2.0,1,GOLD#_H1_202001020900_202012311800.csv,GOLD#_H1_202001020900_202012311800.csv,UNVERIFIED,UNVERIFIED_GAP,true,1921f479b8fcee71b61f6ab56a9e632e31cafbdeece781c0dc498da0ea88e17d,BROKER_SERVER_SESSION_SCHEDULE|SAME_BROKER_SERVER_LOWER_TIMEFRAME_OR_TICK_EXPORT|INDEPENDENT_SAME_BROKER_SERVER_H1_EXPORT|OFFICIAL_MARKET_OR_BROKER_HOLIDAY_NOTICE,,evidence_package_id|evidence_type|evidence_role_PRIMARY|source_organization|broker|server|symbol|time_basis|timezone_or_unknown|effective_start|effective_end|captured_at|artifact_path|artifact_sha256|source_metadata|validation_status,NO_EVIDENCE_SUBMITTED
GQ0074,2020,Wednesday,2020-04-15T23:00:00,2020-04-16T01:00:00,2.0,1,GOLD#_H1_202001020900_202012311800.csv,GOLD#_H1_202001020900_202012311800.csv,UNVERIFIED,UNVERIFIED_GAP,true,cd6030fe05668e3196ee04b5ec77c4dddd7b68eef8b958f8072995fb7ad04a0b,BROKER_SERVER_SESSION_SCHEDULE|SAME_BROKER_SERVER_LOWER_TIMEFRAME_OR_TICK_EXPORT|INDEPENDENT_SAME_BROKER_SERVER_H1_EXPORT|OFFICIAL_MARKET_OR_BROKER_HOLIDAY_NOTICE,,evidence_package_id|evidence_type|evidence_role_PRIMARY|source_organization|broker|server|symbol|time_basis|timezone_or_unknown|effective_start|effective_end|captured_at|artifact_path|artifact_sha256|source_metadata|validation_status,NO_EVIDENCE_SUBMITTED
GQ0075,2020,Thursday,2020-04-16T23:00:00,2020-04-17T01:00:00,2.0,1,GOLD#_H1_202001020900_202012311800.csv,GOLD#_H1_202001020900_202012311800.csv,UNVERIFIED,UNVERIFIED_GAP,true,c1a2dfe523c209f098838cda2ec2406a2c42635d34598a4227d6752a57634fca,BROKER_SERVER_SESSION_SCHEDULE|SAME_BROKER_SERVER_LOWER_TIMEFRAME_OR_TICK_EXPORT|INDEPENDENT_SAME_BROKER_SERVER_H1_EXPORT|OFFICIAL_MARKET_OR_BROKER_HOLIDAY_NOTICE,,evidence_package_id|evidence_type|evidence_role_PRIMARY|source_organization|broker|server|symbol|time_basis|timezone_or_unknown|effective_start|effective_end|captured_at|artifact_path|artifact_sha256|source_metadata|validation_status,NO_EVIDENCE_SUBMITTED
GQ0077,2020,Monday,2020-04-20T23:00:00,2020-04-21T01:00:00,2.0,1,GOLD#_H1_202001020900_202012311800.csv,GOLD#_H1_202001020900_202012311800.csv,UNVERIFIED,UNVERIFIED_GAP,true,c6cb6d143c97092165f7fa92edadd205d16ca9c3594b4a6c7ef8b426eb95522f,BROKER_SERVER_SESSION_SCHEDULE|SAME_BROKER_SERVER_LOWER_TIMEFRAME_OR_TICK_EXPORT|INDEPENDENT_SAME_BROKER_SERVER_H1_EXPORT|OFFICIAL_MARKET_OR_BROKER_HOLIDAY_NOTICE,,evidence_package_id|evidence_type|evidence_role_PRIMARY|source_organization|broker|server|symbol|time_basis|timezone_or_unknown|effective_start|effective_end|captured_at|artifact_path|artifact_sha256|source_metadata|validation_status,NO_EVIDENCE_SUBMITTED
GQ0078,2020,Tuesday,2020-04-21T23:00:00,2020-04-22T01:00:00,2.0,1,GOLD#_H1_202001020900_202012311800.csv,GOLD#_H1_202001020900_202012311800.csv,UNVERIFIED,UNVERIFIED_GAP,true,1921f479b8fcee71b61f6ab56a9e632e31cafbdeece781c0dc498da0ea88e17d,BROKER_SERVER_SESSION_SCHEDULE|SAME_BROKER_SERVER_LOWER_TIMEFRAME_OR_TICK_EXPORT|INDEPENDENT_SAME_BROKER_SERVER_H1_EXPORT|OFFICIAL_MARKET_OR_BROKER_HOLIDAY_NOTICE,,evidence_package_id|evidence_type|evidence_role_PRIMARY|source_organization|broker|server|symbol|time_basis|timezone_or_unknown|effective_start|effective_end|captured_at|artifact_path|artifact_sha256|source_metadata|validation_status,NO_EVIDENCE_SUBMITTED
GQ0079,2020,Wednesday,2020-04-22T23:00:00,2020-04-23T01:00:00,2.0,1,GOLD#_H1_202001020900_202012311800.csv,GOLD#_H1_202001020900_202012311800.csv,UNVERIFIED,UNVERIFIED_GAP,true,cd6030fe05668e3196ee04b5ec77c4dddd7b68eef8b958f8072995fb7ad04a0b,BROKER_SERVER_SESSION_SCHEDULE|SAME_BROKER_SERVER_LOWER_TIMEFRAME_OR_TICK_EXPORT|INDEPENDENT_SAME_BROKER_SERVER_H1_EXPORT|OFFICIAL_MARKET_OR_BROKER_HOLIDAY_NOTICE,,evidence_package_id|evidence_type|evidence_role_PRIMARY|source_organization|broker|server|symbol|time_basis|timezone_or_unknown|effective_start|effective_end|captured_at|artifact_path|artifact_sha256|source_metadata|validation_status,NO_EVIDENCE_SUBMITTED
GQ0080,2020,Thursday,2020-04-23T23:00:00,2020-04-24T01:00:00,2.0,1,GOLD#_H1_202001020900_202012311800.csv,GOLD#_H1_202001020900_202012311800.csv,UNVERIFIED,UNVERIFIED_GAP,true,c1a2dfe523c209f098838cda2ec2406a2c42635d34598a4227d6752a57634fca,BROKER_SERVER_SESSION_SCHEDULE|SAME_BROKER_SERVER_LOWER_TIMEFRAME_OR_TICK_EXPORT|INDEPENDENT_SAME_BROKER_SERVER_H1_EXPORT|OFFICIAL_MARKET_OR_BROKER_HOLIDAY_NOTICE,,evidence_package_id|evidence_type|evidence_role_PRIMARY|source_organization|broker|server|symbol|time_basis|timezone_or_unknown|effective_start|effective_end|captured_at|artifact_path|artifact_sha256|source_metadata|validation_status,NO_EVIDENCE_SUBMITTED
GQ0082,2020,Monday,2020-04-27T23:00:00,2020-04-28T01:00:00,2.0,1,GOLD#_H1_202001020900_202012311800.csv,GOLD#_H1_202001020900_202012311800.csv,UNVERIFIED,UNVERIFIED_GAP,true,c6cb6d143c97092165f7fa92edadd205d16ca9c3594b4a6c7ef8b426eb95522f,BROKER_SERVER_SESSION_SCHEDULE|SAME_BROKER_SERVER_LOWER_TIMEFRAME_OR_TICK_EXPORT|INDEPENDENT_SAME_BROKER_SERVER_H1_EXPORT|OFFICIAL_MARKET_OR_BROKER_HOLIDAY_NOTICE,,evidence_package_id|evidence_type|evidence_role_PRIMARY|source_organization|broker|server|symbol|time_basis|timezone_or_unknown|effective_start|effective_end|captured_at|artifact_path|artifact_sha256|source_metadata|validation_status,NO_EVIDENCE_SUBMITTED
GQ0083,2020,Tuesday,2020-04-28T23:00:00,2020-04-29T01:00:00,2.0,1,GOLD#_H1_202001020900_202012311800.csv,GOLD#_H1_202001020900_202012311800.csv,UNVERIFIED,UNVERIFIED_GAP,true,1921f479b8fcee71b61f6ab56a9e632e31cafbdeece781c0dc498da0ea88e17d,BROKER_SERVER_SESSION_SCHEDULE|SAME_BROKER_SERVER_LOWER_TIMEFRAME_OR_TICK_EXPORT|INDEPENDENT_SAME_BROKER_SERVER_H1_EXPORT|OFFICIAL_MARKET_OR_BROKER_HOLIDAY_NOTICE,,evidence_package_id|evidence_type|evidence_role_PRIMARY|source_organization|broker|server|symbol|time_basis|timezone_or_unknown|effective_start|effective_end|captured_at|artifact_path|artifact_sha256|source_metadata|validation_status,NO_EVIDENCE_SUBMITTED
GQ0084,2020,Wednesday,2020-04-29T23:00:00,2020-04-30T01:00:00,2.0,1,GOLD#_H1_202001020900_202012311800.csv,GOLD#_H1_202001020900_202012311800.csv,UNVERIFIED,UNVERIFIED_GAP,true,cd6030fe05668e3196ee04b5ec77c4dddd7b68eef8b958f8072995fb7ad04a0b,BROKER_SERVER_SESSION_SCHEDULE|SAME_BROKER_SERVER_LOWER_TIMEFRAME_OR_TICK_EXPORT|INDEPENDENT_SAME_BROKER_SERVER_H1_EXPORT|OFFICIAL_MARKET_OR_BROKER_HOLIDAY_NOTICE,,evidence_package_id|evidence_type|evidence_role_PRIMARY|source_organization|broker|server|symbol|time_basis|timezone_or_unknown|effective_start|effective_end|captured_at|artifact_path|artifact_sha256|source_metadata|validation_status,NO_EVIDENCE_SUBMITTED
GQ0085,2020,Thursday,2020-04-30T23:00:00,2020-05-01T01:00:00,2.0,1,GOLD#_H1_202001020900_202012311800.csv,GOLD#_H1_202001020900_202012311800.csv,UNVERIFIED,UNVERIFIED_GAP,true,c1a2dfe523c209f098838cda2ec2406a2c42635d34598a4227d6752a57634fca,BROKER_SERVER_SESSION_SCHEDULE|SAME_BROKER_SERVER_LOWER_TIMEFRAME_OR_TICK_EXPORT|INDEPENDENT_SAME_BROKER_SERVER_H1_EXPORT|OFFICIAL_MARKET_OR_BROKER_HOLIDAY_NOTICE,,evidence_package_id|evidence_type|evidence_role_PRIMARY|source_organization|broker|server|symbol|time_basis|timezone_or_unknown|effective_start|effective_end|captured_at|artifact_path|artifact_sha256|source_metadata|validation_status,NO_EVIDENCE_SUBMITTED
GQ0087,2020,Monday,2020-05-04T23:00:00,2020-05-05T01:00:00,2.0,1,GOLD#_H1_202001020900_202012311800.csv,GOLD#_H1_202001020900_202012311800.csv,UNVERIFIED,UNVERIFIED_GAP,true,c6cb6d143c97092165f7fa92edadd205d16ca9c3594b4a6c7ef8b426eb95522f,BROKER_SERVER_SESSION_SCHEDULE|SAME_BROKER_SERVER_LOWER_TIMEFRAME_OR_TICK_EXPORT|INDEPENDENT_SAME_BROKER_SERVER_H1_EXPORT|OFFICIAL_MARKET_OR_BROKER_HOLIDAY_NOTICE,,evidence_package_id|evidence_type|evidence_role_PRIMARY|source_organization|broker|server|symbol|time_basis|timezone_or_unknown|effective_start|effective_end|captured_at|artifact_path|artifact_sha256|source_metadata|validation_status,NO_EVIDENCE_SUBMITTED
GQ0088,2020,Tuesday,2020-05-05T23:00:00,2020-05-06T01:00:00,2.0,1,GOLD#_H1_202001020900_202012311800.csv,GOLD#_H1_202001020900_202012311800.csv,UNVERIFIED,UNVERIFIED_GAP,true,1921f479b8fcee71b61f6ab56a9e632e31cafbdeece781c0dc498da0ea88e17d,BROKER_SERVER_SESSION_SCHEDULE|SAME_BROKER_SERVER_LOWER_TIMEFRAME_OR_TICK_EXPORT|INDEPENDENT_SAME_BROKER_SERVER_H1_EXPORT|OFFICIAL_MARKET_OR_BROKER_HOLIDAY_NOTICE,,evidence_package_id|evidence_type|evidence_role_PRIMARY|source_organization|broker|server|symbol|time_basis|timezone_or_unknown|effective_start|effective_end|captured_at|artifact_path|artifact_sha256|source_metadata|validation_status,NO_EVIDENCE_SUBMITTED
GQ0089,2020,Wednesday,2020-05-06T23:00:00,2020-05-07T01:00:00,2.0,1,GOLD#_H1_202001020900_202012311800.csv,GOLD#_H1_202001020900_202012311800.csv,UNVERIFIED,UNVERIFIED_GAP,true,cd6030fe05668e3196ee04b5ec77c4dddd7b68eef8b958f8072995fb7ad04a0b,BROKER_SERVER_SESSION_SCHEDULE|SAME_BROKER_SERVER_LOWER_TIMEFRAME_OR_TICK_EXPORT|INDEPENDENT_SAME_BROKER_SERVER_H1_EXPORT|OFFICIAL_MARKET_OR_BROKER_HOLIDAY_NOTICE,,evidence_package_id|evidence_type|evidence_role_PRIMARY|source_organization|broker|server|symbol|time_basis|timezone_or_unknown|effective_start|effective_end|captured_at|artifact_path|artifact_sha256|source_metadata|validation_status,NO_EVIDENCE_SUBMITTED
GQ0090,2020,Thursday,2020-05-07T23:00:00,2020-05-08T01:00:00,2.0,1,GOLD#_H1_202001020900_202012311800.csv,GOLD#_H1_202001020900_202012311800.csv,UNVERIFIED,UNVERIFIED_GAP,true,c1a2dfe523c209f098838cda2ec2406a2c42635d34598a4227d6752a57634fca,BROKER_SERVER_SESSION_SCHEDULE|SAME_BROKER_SERVER_LOWER_TIMEFRAME_OR_TICK_EXPORT|INDEPENDENT_SAME_BROKER_SERVER_H1_EXPORT|OFFICIAL_MARKET_OR_BROKER_HOLIDAY_NOTICE,,evidence_package_id|evidence_type|evidence_role_PRIMARY|source_organization|broker|server|symbol|time_basis|timezone_or_unknown|effective_start|effective_end|captured_at|artifact_path|artifact_sha256|source_metadata|validation_status,NO_EVIDENCE_SUBMITTED
GQ0092,2020,Monday,2020-05-11T23:00:00,2020-05-12T01:00:00,2.0,1,GOLD#_H1_202001020900_202012311800.csv,GOLD#_H1_202001020900_202012311800.csv,UNVERIFIED,UNVERIFIED_GAP,true,c6cb6d143c97092165f7fa92edadd205d16ca9c3594b4a6c7ef8b426eb95522f,BROKER_SERVER_SESSION_SCHEDULE|SAME_BROKER_SERVER_LOWER_TIMEFRAME_OR_TICK_EXPORT|INDEPENDENT_SAME_BROKER_SERVER_H1_EXPORT|OFFICIAL_MARKET_OR_BROKER_HOLIDAY_NOTICE,,evidence_package_id|evidence_type|evidence_role_PRIMARY|source_organization|broker|server|symbol|time_basis|timezone_or_unknown|effective_start|effective_end|captured_at|artifact_path|artifact_sha256|source_metadata|validation_status,NO_EVIDENCE_SUBMITTED
GQ0093,2020,Tuesday,2020-05-12T23:00:00,2020-05-13T01:00:00,2.0,1,GOLD#_H1_202001020900_202012311800.csv,GOLD#_H1_202001020900_202012311800.csv,UNVERIFIED,UNVERIFIED_GAP,true,1921f479b8fcee71b61f6ab56a9e632e31cafbdeece781c0dc498da0ea88e17d,BROKER_SERVER_SESSION_SCHEDULE|SAME_BROKER_SERVER_LOWER_TIMEFRAME_OR_TICK_EXPORT|INDEPENDENT_SAME_BROKER_SERVER_H1_EXPORT|OFFICIAL_MARKET_OR_BROKER_HOLIDAY_NOTICE,,evidence_package_id|evidence_type|evidence_role_PRIMARY|source_organization|broker|server|symbol|time_basis|timezone_or_unknown|effective_start|effective_end|captured_at|artifact_path|artifact_sha256|source_metadata|validation_status,NO_EVIDENCE_SUBMITTED
GQ0094,2020,Wednesday,2020-05-13T23:00:00,2020-05-14T01:00:00,2.0,1,GOLD#_H1_202001020900_202012311800.csv,GOLD#_H1_202001020900_202012311800.csv,UNVERIFIED,UNVERIFIED_GAP,true,cd6030fe05668e3196ee04b5ec77c4dddd7b68eef8b958f8072995fb7ad04a0b,BROKER_SERVER_SESSION_SCHEDULE|SAME_BROKER_SERVER_LOWER_TIMEFRAME_OR_TICK_EXPORT|INDEPENDENT_SAME_BROKER_SERVER_H1_EXPORT|OFFICIAL_MARKET_OR_BROKER_HOLIDAY_NOTICE,,evidence_package_id|evidence_type|evidence_role_PRIMARY|source_organization|broker|server|symbol|time_basis|timezone_or_unknown|effective_start|effective_end|captured_at|artifact_path|artifact_sha256|source_metadata|validation_status,NO_EVIDENCE_SUBMITTED
GQ0095,2020,Thursday,2020-05-14T23:00:00,2020-05-15T01:00:00,2.0,1,GOLD#_H1_202001020900_202012311800.csv,GOLD#_H1_202001020900_202012311800.csv,UNVERIFIED,UNVERIFIED_GAP,true,c1a2dfe523c209f098838cda2ec2406a2c42635d34598a4227d6752a57634fca,BROKER_SERVER_SESSION_SCHEDULE|SAME_BROKER_SERVER_LOWER_TIMEFRAME_OR_TICK_EXPORT|INDEPENDENT_SAME_BROKER_SERVER_H1_EXPORT|OFFICIAL_MARKET_OR_BROKER_HOLIDAY_NOTICE,,evidence_package_id|evidence_type|evidence_role_PRIMARY|source_organization|broker|server|symbol|time_basis|timezone_or_unknown|effective_start|effective_end|captured_at|artifact_path|artifact_sha256|source_metadata|validation_status,NO_EVIDENCE_SUBMITTED
GQ0097,2020,Monday,2020-05-18T23:00:00,2020-05-19T01:00:00,2.0,1,GOLD#_H1_202001020900_202012311800.csv,GOLD#_H1_202001020900_202012311800.csv,UNVERIFIED,UNVERIFIED_GAP,true,c6cb6d143c97092165f7fa92edadd205d16ca9c3594b4a6c7ef8b426eb95522f,BROKER_SERVER_SESSION_SCHEDULE|SAME_BROKER_SERVER_LOWER_TIMEFRAME_OR_TICK_EXPORT|INDEPENDENT_SAME_BROKER_SERVER_H1_EXPORT|OFFICIAL_MARKET_OR_BROKER_HOLIDAY_NOTICE,,evidence_package_id|evidence_type|evidence_role_PRIMARY|source_organization|broker|server|symbol|time_basis|timezone_or_unknown|effective_start|effective_end|captured_at|artifact_path|artifact_sha256|source_metadata|validation_status,NO_EVIDENCE_SUBMITTED
GQ0098,2020,Tuesday,2020-05-19T23:00:00,2020-05-20T01:00:00,2.0,1,GOLD#_H1_202001020900_202012311800.csv,GOLD#_H1_202001020900_202012311800.csv,UNVERIFIED,UNVERIFIED_GAP,true,1921f479b8fcee71b61f6ab56a9e632e31cafbdeece781c0dc498da0ea88e17d,BROKER_SERVER_SESSION_SCHEDULE|SAME_BROKER_SERVER_LOWER_TIMEFRAME_OR_TICK_EXPORT|INDEPENDENT_SAME_BROKER_SERVER_H1_EXPORT|OFFICIAL_MARKET_OR_BROKER_HOLIDAY_NOTICE,,evidence_package_id|evidence_type|evidence_role_PRIMARY|source_organization|broker|server|symbol|time_basis|timezone_or_unknown|effective_start|effective_end|captured_at|artifact_path|artifact_sha256|source_metadata|validation_status,NO_EVIDENCE_SUBMITTED
GQ0099,2020,Wednesday,2020-05-20T23:00:00,2020-05-21T01:00:00,2.0,1,GOLD#_H1_202001020900_202012311800.csv,GOLD#_H1_202001020900_202012311800.csv,UNVERIFIED,UNVERIFIED_GAP,true,cd6030fe05668e3196ee04b5ec77c4dddd7b68eef8b958f8072995fb7ad04a0b,BROKER_SERVER_SESSION_SCHEDULE|SAME_BROKER_SERVER_LOWER_TIMEFRAME_OR_TICK_EXPORT|INDEPENDENT_SAME_BROKER_SERVER_H1_EXPORT|OFFICIAL_MARKET_OR_BROKER_HOLIDAY_NOTICE,,evidence_package_id|evidence_type|evidence_role_PRIMARY|source_organization|broker|server|symbol|time_basis|timezone_or_unknown|effective_start|effective_end|captured_at|artifact_path|artifact_sha256|source_metadata|validation_status,NO_EVIDENCE_SUBMITTED
GQ0100,2020,Thursday,2020-05-21T23:00:00,2020-05-22T01:00:00,2.0,1,GOLD#_H1_202001020900_202012311800.csv,GOLD#_H1_202001020900_202012311800.csv,UNVERIFIED,UNVERIFIED_GAP,true,c1a2dfe523c209f098838cda2ec2406a2c42635d34598a4227d6752a57634fca,BROKER_SERVER_SESSION_SCHEDULE|SAME_BROKER_SERVER_LOWER_TIMEFRAME_OR_TICK_EXPORT|INDEPENDENT_SAME_BROKER_SERVER_H1_EXPORT|OFFICIAL_MARKET_OR_BROKER_HOLIDAY_NOTICE,,evidence_package_id|evidence_type|evidence_role_PRIMARY|source_organization|broker|server|symbol|time_basis|timezone_or_unknown|effective_start|effective_end|captured_at|artifact_path|artifact_sha256|source_metadata|validation_status,NO_EVIDENCE_SUBMITTED
GQ0102,2020,Monday,2020-05-25T19:00:00,2020-05-26T01:00:00,6.0,5,GOLD#_H1_202001020900_202012311800.csv,GOLD#_H1_202001020900_202012311800.csv,UNVERIFIED,UNVERIFIED_GAP,true,2cf052360caf46283533df2b4a355df6e525f734e528eb23c3f835263f882653,BROKER_SERVER_SESSION_SCHEDULE|SAME_BROKER_SERVER_LOWER_TIMEFRAME_OR_TICK_EXPORT|INDEPENDENT_SAME_BROKER_SERVER_H1_EXPORT|OFFICIAL_MARKET_OR_BROKER_HOLIDAY_NOTICE,,evidence_package_id|evidence_type|evidence_role_PRIMARY|source_organization|broker|server|symbol|time_basis|timezone_or_unknown|effective_start|effective_end|captured_at|artifact_path|artifact_sha256|source_metadata|validation_status,NO_EVIDENCE_SUBMITTED
GQ0103,2020,Tuesday,2020-05-26T23:00:00,2020-05-27T01:00:00,2.0,1,GOLD#_H1_202001020900_202012311800.csv,GOLD#_H1_202001020900_202012311800.csv,UNVERIFIED,UNVERIFIED_GAP,true,1921f479b8fcee71b61f6ab56a9e632e31cafbdeece781c0dc498da0ea88e17d,BROKER_SERVER_SESSION_SCHEDULE|SAME_BROKER_SERVER_LOWER_TIMEFRAME_OR_TICK_EXPORT|INDEPENDENT_SAME_BROKER_SERVER_H1_EXPORT|OFFICIAL_MARKET_OR_BROKER_HOLIDAY_NOTICE,,evidence_package_id|evidence_type|evidence_role_PRIMARY|source_organization|broker|server|symbol|time_basis|timezone_or_unknown|effective_start|effective_end|captured_at|artifact_path|artifact_sha256|source_metadata|validation_status,NO_EVIDENCE_SUBMITTED
GQ0104,2020,Wednesday,2020-05-27T23:00:00,2020-05-28T01:00:00,2.0,1,GOLD#_H1_202001020900_202012311800.csv,GOLD#_H1_202001020900_202012311800.csv,UNVERIFIED,UNVERIFIED_GAP,true,cd6030fe05668e3196ee04b5ec77c4dddd7b68eef8b958f8072995fb7ad04a0b,BROKER_SERVER_SESSION_SCHEDULE|SAME_BROKER_SERVER_LOWER_TIMEFRAME_OR_TICK_EXPORT|INDEPENDENT_SAME_BROKER_SERVER_H1_EXPORT|OFFICIAL_MARKET_OR_BROKER_HOLIDAY_NOTICE,,evidence_package_id|evidence_type|evidence_role_PRIMARY|source_organization|broker|server|symbol|time_basis|timezone_or_unknown|effective_start|effective_end|captured_at|artifact_path|artifact_sha256|source_metadata|validation_status,NO_EVIDENCE_SUBMITTED
GQ0105,2020,Thursday,2020-05-28T23:00:00,2020-05-29T01:00:00,2.0,1,GOLD#_H1_202001020900_202012311800.csv,GOLD#_H1_202001020900_202012311800.csv,UNVERIFIED,UNVERIFIED_GAP,true,c1a2dfe523c209f098838cda2ec2406a2c42635d34598a4227d6752a57634fca,BROKER_SERVER_SESSION_SCHEDULE|SAME_BROKER_SERVER_LOWER_TIMEFRAME_OR_TICK_EXPORT|INDEPENDENT_SAME_BROKER_SERVER_H1_EXPORT|OFFICIAL_MARKET_OR_BROKER_HOLIDAY_NOTICE,,evidence_package_id|evidence_type|evidence_role_PRIMARY|source_organization|broker|server|symbol|time_basis|timezone_or_unknown|effective_start|effective_end|captured_at|artifact_path|artifact_sha256|source_metadata|validation_status,NO_EVIDENCE_SUBMITTED
GQ0107,2020,Monday,2020-06-01T23:00:00,2020-06-02T01:00:00,2.0,1,GOLD#_H1_202001020900_202012311800.csv,GOLD#_H1_202001020900_202012311800.csv,UNVERIFIED,UNVERIFIED_GAP,true,c6cb6d143c97092165f7fa92edadd205d16ca9c3594b4a6c7ef8b426eb95522f,BROKER_SERVER_SESSION_SCHEDULE|SAME_BROKER_SERVER_LOWER_TIMEFRAME_OR_TICK_EXPORT|INDEPENDENT_SAME_BROKER_SERVER_H1_EXPORT|OFFICIAL_MARKET_OR_BROKER_HOLIDAY_NOTICE,,evidence_package_id|evidence_type|evidence_role_PRIMARY|source_organization|broker|server|symbol|time_basis|timezone_or_unknown|effective_start|effective_end|captured_at|artifact_path|artifact_sha256|source_metadata|validation_status,NO_EVIDENCE_SUBMITTED
GQ0108,2020,Tuesday,2020-06-02T23:00:00,2020-06-03T01:00:00,2.0,1,GOLD#_H1_202001020900_202012311800.csv,GOLD#_H1_202001020900_202012311800.csv,UNVERIFIED,UNVERIFIED_GAP,true,1921f479b8fcee71b61f6ab56a9e632e31cafbdeece781c0dc498da0ea88e17d,BROKER_SERVER_SESSION_SCHEDULE|SAME_BROKER_SERVER_LOWER_TIMEFRAME_OR_TICK_EXPORT|INDEPENDENT_SAME_BROKER_SERVER_H1_EXPORT|OFFICIAL_MARKET_OR_BROKER_HOLIDAY_NOTICE,,evidence_package_id|evidence_type|evidence_role_PRIMARY|source_organization|broker|server|symbol|time_basis|timezone_or_unknown|effective_start|effective_end|captured_at|artifact_path|artifact_sha256|source_metadata|validation_status,NO_EVIDENCE_SUBMITTED
GQ0109,2020,Wednesday,2020-06-03T23:00:00,2020-06-04T01:00:00,2.0,1,GOLD#_H1_202001020900_202012311800.csv,GOLD#_H1_202001020900_202012311800.csv,UNVERIFIED,UNVERIFIED_GAP,true,cd6030fe05668e3196ee04b5ec77c4dddd7b68eef8b958f8072995fb7ad04a0b,BROKER_SERVER_SESSION_SCHEDULE|SAME_BROKER_SERVER_LOWER_TIMEFRAME_OR_TICK_EXPORT|INDEPENDENT_SAME_BROKER_SERVER_H1_EXPORT|OFFICIAL_MARKET_OR_BROKER_HOLIDAY_NOTICE,,evidence_package_id|evidence_type|evidence_role_PRIMARY|source_organization|broker|server|symbol|time_basis|timezone_or_unknown|effective_start|effective_end|captured_at|artifact_path|artifact_sha256|source_metadata|validation_status,NO_EVIDENCE_SUBMITTED
GQ0110,2020,Thursday,2020-06-04T23:00:00,2020-06-05T01:00:00,2.0,1,GOLD#_H1_202001020900_202012311800.csv,GOLD#_H1_202001020900_202012311800.csv,UNVERIFIED,UNVERIFIED_GAP,true,c1a2dfe523c209f098838cda2ec2406a2c42635d34598a4227d6752a57634fca,BROKER_SERVER_SESSION_SCHEDULE|SAME_BROKER_SERVER_LOWER_TIMEFRAME_OR_TICK_EXPORT|INDEPENDENT_SAME_BROKER_SERVER_H1_EXPORT|OFFICIAL_MARKET_OR_BROKER_HOLIDAY_NOTICE,,evidence_package_id|evidence_type|evidence_role_PRIMARY|source_organization|broker|server|symbol|time_basis|timezone_or_unknown|effective_start|effective_end|captured_at|artifact_path|artifact_sha256|source_metadata|validation_status,NO_EVIDENCE_SUBMITTED
GQ0112,2020,Monday,2020-06-08T23:00:00,2020-06-09T01:00:00,2.0,1,GOLD#_H1_202001020900_202012311800.csv,GOLD#_H1_202001020900_202012311800.csv,UNVERIFIED,UNVERIFIED_GAP,true,c6cb6d143c97092165f7fa92edadd205d16ca9c3594b4a6c7ef8b426eb95522f,BROKER_SERVER_SESSION_SCHEDULE|SAME_BROKER_SERVER_LOWER_TIMEFRAME_OR_TICK_EXPORT|INDEPENDENT_SAME_BROKER_SERVER_H1_EXPORT|OFFICIAL_MARKET_OR_BROKER_HOLIDAY_NOTICE,,evidence_package_id|evidence_type|evidence_role_PRIMARY|source_organization|broker|server|symbol|time_basis|timezone_or_unknown|effective_start|effective_end|captured_at|artifact_path|artifact_sha256|source_metadata|validation_status,NO_EVIDENCE_SUBMITTED
GQ0113,2020,Tuesday,2020-06-09T23:00:00,2020-06-10T01:00:00,2.0,1,GOLD#_H1_202001020900_202012311800.csv,GOLD#_H1_202001020900_202012311800.csv,UNVERIFIED,UNVERIFIED_GAP,true,1921f479b8fcee71b61f6ab56a9e632e31cafbdeece781c0dc498da0ea88e17d,BROKER_SERVER_SESSION_SCHEDULE|SAME_BROKER_SERVER_LOWER_TIMEFRAME_OR_TICK_EXPORT|INDEPENDENT_SAME_BROKER_SERVER_H1_EXPORT|OFFICIAL_MARKET_OR_BROKER_HOLIDAY_NOTICE,,evidence_package_id|evidence_type|evidence_role_PRIMARY|source_organization|broker|server|symbol|time_basis|timezone_or_unknown|effective_start|effective_end|captured_at|artifact_path|artifact_sha256|source_metadata|validation_status,NO_EVIDENCE_SUBMITTED
GQ0114,2020,Wednesday,2020-06-10T23:00:00,2020-06-11T01:00:00,2.0,1,GOLD#_H1_202001020900_202012311800.csv,GOLD#_H1_202001020900_202012311800.csv,UNVERIFIED,UNVERIFIED_GAP,true,cd6030fe05668e3196ee04b5ec77c4dddd7b68eef8b958f8072995fb7ad04a0b,BROKER_SERVER_SESSION_SCHEDULE|SAME_BROKER_SERVER_LOWER_TIMEFRAME_OR_TICK_EXPORT|INDEPENDENT_SAME_BROKER_SERVER_H1_EXPORT|OFFICIAL_MARKET_OR_BROKER_HOLIDAY_NOTICE,,evidence_package_id|evidence_type|evidence_role_PRIMARY|source_organization|broker|server|symbol|time_basis|timezone_or_unknown|effective_start|effective_end|captured_at|artifact_path|artifact_sha256|source_metadata|validation_status,NO_EVIDENCE_SUBMITTED
GQ0115,2020,Thursday,2020-06-11T23:00:00,2020-06-12T01:00:00,2.0,1,GOLD#_H1_202001020900_202012311800.csv,GOLD#_H1_202001020900_202012311800.csv,UNVERIFIED,UNVERIFIED_GAP,true,c1a2dfe523c209f098838cda2ec2406a2c42635d34598a4227d6752a57634fca,BROKER_SERVER_SESSION_SCHEDULE|SAME_BROKER_SERVER_LOWER_TIMEFRAME_OR_TICK_EXPORT|INDEPENDENT_SAME_BROKER_SERVER_H1_EXPORT|OFFICIAL_MARKET_OR_BROKER_HOLIDAY_NOTICE,,evidence_package_id|evidence_type|evidence_role_PRIMARY|source_organization|broker|server|symbol|time_basis|timezone_or_unknown|effective_start|effective_end|captured_at|artifact_path|artifact_sha256|source_metadata|validation_status,NO_EVIDENCE_SUBMITTED
GQ0117,2020,Monday,2020-06-15T23:00:00,2020-06-16T01:00:00,2.0,1,GOLD#_H1_202001020900_202012311800.csv,GOLD#_H1_202001020900_202012311800.csv,UNVERIFIED,UNVERIFIED_GAP,true,c6cb6d143c97092165f7fa92edadd205d16ca9c3594b4a6c7ef8b426eb95522f,BROKER_SERVER_SESSION_SCHEDULE|SAME_BROKER_SERVER_LOWER_TIMEFRAME_OR_TICK_EXPORT|INDEPENDENT_SAME_BROKER_SERVER_H1_EXPORT|OFFICIAL_MARKET_OR_BROKER_HOLIDAY_NOTICE,,evidence_package_id|evidence_type|evidence_role_PRIMARY|source_organization|broker|server|symbol|time_basis|timezone_or_unknown|effective_start|effective_end|captured_at|artifact_path|artifact_sha256|source_metadata|validation_status,NO_EVIDENCE_SUBMITTED
GQ0118,2020,Tuesday,2020-06-16T23:00:00,2020-06-17T01:00:00,2.0,1,GOLD#_H1_202001020900_202012311800.csv,GOLD#_H1_202001020900_202012311800.csv,UNVERIFIED,UNVERIFIED_GAP,true,1921f479b8fcee71b61f6ab56a9e632e31cafbdeece781c0dc498da0ea88e17d,BROKER_SERVER_SESSION_SCHEDULE|SAME_BROKER_SERVER_LOWER_TIMEFRAME_OR_TICK_EXPORT|INDEPENDENT_SAME_BROKER_SERVER_H1_EXPORT|OFFICIAL_MARKET_OR_BROKER_HOLIDAY_NOTICE,,evidence_package_id|evidence_type|evidence_role_PRIMARY|source_organization|broker|server|symbol|time_basis|timezone_or_unknown|effective_start|effective_end|captured_at|artifact_path|artifact_sha256|source_metadata|validation_status,NO_EVIDENCE_SUBMITTED
GQ0119,2020,Wednesday,2020-06-17T23:00:00,2020-06-18T01:00:00,2.0,1,GOLD#_H1_202001020900_202012311800.csv,GOLD#_H1_202001020900_202012311800.csv,UNVERIFIED,UNVERIFIED_GAP,true,cd6030fe05668e3196ee04b5ec77c4dddd7b68eef8b958f8072995fb7ad04a0b,BROKER_SERVER_SESSION_SCHEDULE|SAME_BROKER_SERVER_LOWER_TIMEFRAME_OR_TICK_EXPORT|INDEPENDENT_SAME_BROKER_SERVER_H1_EXPORT|OFFICIAL_MARKET_OR_BROKER_HOLIDAY_NOTICE,,evidence_package_id|evidence_type|evidence_role_PRIMARY|source_organization|broker|server|symbol|time_basis|timezone_or_unknown|effective_start|effective_end|captured_at|artifact_path|artifact_sha256|source_metadata|validation_status,NO_EVIDENCE_SUBMITTED
GQ0120,2020,Thursday,2020-06-18T23:00:00,2020-06-19T01:00:00,2.0,1,GOLD#_H1_202001020900_202012311800.csv,GOLD#_H1_202001020900_202012311800.csv,UNVERIFIED,UNVERIFIED_GAP,true,c1a2dfe523c209f098838cda2ec2406a2c42635d34598a4227d6752a57634fca,BROKER_SERVER_SESSION_SCHEDULE|SAME_BROKER_SERVER_LOWER_TIMEFRAME_OR_TICK_EXPORT|INDEPENDENT_SAME_BROKER_SERVER_H1_EXPORT|OFFICIAL_MARKET_OR_BROKER_HOLIDAY_NOTICE,,evidence_package_id|evidence_type|evidence_role_PRIMARY|source_organization|broker|server|symbol|time_basis|timezone_or_unknown|effective_start|effective_end|captured_at|artifact_path|artifact_sha256|source_metadata|validation_status,NO_EVIDENCE_SUBMITTED
GQ0122,2020,Monday,2020-06-22T23:00:00,2020-06-23T01:00:00,2.0,1,GOLD#_H1_202001020900_202012311800.csv,GOLD#_H1_202001020900_202012311800.csv,UNVERIFIED,UNVERIFIED_GAP,true,c6cb6d143c97092165f7fa92edadd205d16ca9c3594b4a6c7ef8b426eb95522f,BROKER_SERVER_SESSION_SCHEDULE|SAME_BROKER_SERVER_LOWER_TIMEFRAME_OR_TICK_EXPORT|INDEPENDENT_SAME_BROKER_SERVER_H1_EXPORT|OFFICIAL_MARKET_OR_BROKER_HOLIDAY_NOTICE,,evidence_package_id|evidence_type|evidence_role_PRIMARY|source_organization|broker|server|symbol|time_basis|timezone_or_unknown|effective_start|effective_end|captured_at|artifact_path|artifact_sha256|source_metadata|validation_status,NO_EVIDENCE_SUBMITTED
GQ0123,2020,Tuesday,2020-06-23T23:00:00,2020-06-24T01:00:00,2.0,1,GOLD#_H1_202001020900_202012311800.csv,GOLD#_H1_202001020900_202012311800.csv,UNVERIFIED,UNVERIFIED_GAP,true,1921f479b8fcee71b61f6ab56a9e632e31cafbdeece781c0dc498da0ea88e17d,BROKER_SERVER_SESSION_SCHEDULE|SAME_BROKER_SERVER_LOWER_TIMEFRAME_OR_TICK_EXPORT|INDEPENDENT_SAME_BROKER_SERVER_H1_EXPORT|OFFICIAL_MARKET_OR_BROKER_HOLIDAY_NOTICE,,evidence_package_id|evidence_type|evidence_role_PRIMARY|source_organization|broker|server|symbol|time_basis|timezone_or_unknown|effective_start|effective_end|captured_at|artifact_path|artifact_sha256|source_metadata|validation_status,NO_EVIDENCE_SUBMITTED
GQ0124,2020,Wednesday,2020-06-24T23:00:00,2020-06-25T01:00:00,2.0,1,GOLD#_H1_202001020900_202012311800.csv,GOLD#_H1_202001020900_202012311800.csv,UNVERIFIED,UNVERIFIED_GAP,true,cd6030fe05668e3196ee04b5ec77c4dddd7b68eef8b958f8072995fb7ad04a0b,BROKER_SERVER_SESSION_SCHEDULE|SAME_BROKER_SERVER_LOWER_TIMEFRAME_OR_TICK_EXPORT|INDEPENDENT_SAME_BROKER_SERVER_H1_EXPORT|OFFICIAL_MARKET_OR_BROKER_HOLIDAY_NOTICE,,evidence_package_id|evidence_type|evidence_role_PRIMARY|source_organization|broker|server|symbol|time_basis|timezone_or_unknown|effective_start|effective_end|captured_at|artifact_path|artifact_sha256|source_metadata|validation_status,NO_EVIDENCE_SUBMITTED
GQ0125,2020,Thursday,2020-06-25T23:00:00,2020-06-26T01:00:00,2.0,1,GOLD#_H1_202001020900_202012311800.csv,GOLD#_H1_202001020900_202012311800.csv,UNVERIFIED,UNVERIFIED_GAP,true,c1a2dfe523c209f098838cda2ec2406a2c42635d34598a4227d6752a57634fca,BROKER_SERVER_SESSION_SCHEDULE|SAME_BROKER_SERVER_LOWER_TIMEFRAME_OR_TICK_EXPORT|INDEPENDENT_SAME_BROKER_SERVER_H1_EXPORT|OFFICIAL_MARKET_OR_BROKER_HOLIDAY_NOTICE,,evidence_package_id|evidence_type|evidence_role_PRIMARY|source_organization|broker|server|symbol|time_basis|timezone_or_unknown|effective_start|effective_end|captured_at|artifact_path|artifact_sha256|source_metadata|validation_status,NO_EVIDENCE_SUBMITTED
GQ0127,2020,Monday,2020-06-29T23:00:00,2020-06-30T01:00:00,2.0,1,GOLD#_H1_202001020900_202012311800.csv,GOLD#_H1_202001020900_202012311800.csv,UNVERIFIED,UNVERIFIED_GAP,true,c6cb6d143c97092165f7fa92edadd205d16ca9c3594b4a6c7ef8b426eb95522f,BROKER_SERVER_SESSION_SCHEDULE|SAME_BROKER_SERVER_LOWER_TIMEFRAME_OR_TICK_EXPORT|INDEPENDENT_SAME_BROKER_SERVER_H1_EXPORT|OFFICIAL_MARKET_OR_BROKER_HOLIDAY_NOTICE,,evidence_package_id|evidence_type|evidence_role_PRIMARY|source_organization|broker|server|symbol|time_basis|timezone_or_unknown|effective_start|effective_end|captured_at|artifact_path|artifact_sha256|source_metadata|validation_status,NO_EVIDENCE_SUBMITTED
GQ0128,2020,Tuesday,2020-06-30T23:00:00,2020-07-01T01:00:00,2.0,1,GOLD#_H1_202001020900_202012311800.csv,GOLD#_H1_202001020900_202012311800.csv,UNVERIFIED,UNVERIFIED_GAP,true,1921f479b8fcee71b61f6ab56a9e632e31cafbdeece781c0dc498da0ea88e17d,BROKER_SERVER_SESSION_SCHEDULE|SAME_BROKER_SERVER_LOWER_TIMEFRAME_OR_TICK_EXPORT|INDEPENDENT_SAME_BROKER_SERVER_H1_EXPORT|OFFICIAL_MARKET_OR_BROKER_HOLIDAY_NOTICE,,evidence_package_id|evidence_type|evidence_role_PRIMARY|source_organization|broker|server|symbol|time_basis|timezone_or_unknown|effective_start|effective_end|captured_at|artifact_path|artifact_sha256|source_metadata|validation_status,NO_EVIDENCE_SUBMITTED
GQ0129,2020,Wednesday,2020-07-01T23:00:00,2020-07-02T01:00:00,2.0,1,GOLD#_H1_202001020900_202012311800.csv,GOLD#_H1_202001020900_202012311800.csv,UNVERIFIED,UNVERIFIED_GAP,true,cd6030fe05668e3196ee04b5ec77c4dddd7b68eef8b958f8072995fb7ad04a0b,BROKER_SERVER_SESSION_SCHEDULE|SAME_BROKER_SERVER_LOWER_TIMEFRAME_OR_TICK_EXPORT|INDEPENDENT_SAME_BROKER_SERVER_H1_EXPORT|OFFICIAL_MARKET_OR_BROKER_HOLIDAY_NOTICE,,evidence_package_id|evidence_type|evidence_role_PRIMARY|source_organization|broker|server|symbol|time_basis|timezone_or_unknown|effective_start|effective_end|captured_at|artifact_path|artifact_sha256|source_metadata|validation_status,NO_EVIDENCE_SUBMITTED
GQ0130,2020,Thursday,2020-07-02T23:00:00,2020-07-03T01:00:00,2.0,1,GOLD#_H1_202001020900_202012311800.csv,GOLD#_H1_202001020900_202012311800.csv,UNVERIFIED,UNVERIFIED_GAP,true,c1a2dfe523c209f098838cda2ec2406a2c42635d34598a4227d6752a57634fca,BROKER_SERVER_SESSION_SCHEDULE|SAME_BROKER_SERVER_LOWER_TIMEFRAME_OR_TICK_EXPORT|INDEPENDENT_SAME_BROKER_SERVER_H1_EXPORT|OFFICIAL_MARKET_OR_BROKER_HOLIDAY_NOTICE,,evidence_package_id|evidence_type|evidence_role_PRIMARY|source_organization|broker|server|symbol|time_basis|timezone_or_unknown|effective_start|effective_end|captured_at|artifact_path|artifact_sha256|source_metadata|validation_status,NO_EVIDENCE_SUBMITTED
GQ0132,2020,Monday,2020-07-06T23:00:00,2020-07-07T01:00:00,2.0,1,GOLD#_H1_202001020900_202012311800.csv,GOLD#_H1_202001020900_202012311800.csv,UNVERIFIED,UNVERIFIED_GAP,true,c6cb6d143c97092165f7fa92edadd205d16ca9c3594b4a6c7ef8b426eb95522f,BROKER_SERVER_SESSION_SCHEDULE|SAME_BROKER_SERVER_LOWER_TIMEFRAME_OR_TICK_EXPORT|INDEPENDENT_SAME_BROKER_SERVER_H1_EXPORT|OFFICIAL_MARKET_OR_BROKER_HOLIDAY_NOTICE,,evidence_package_id|evidence_type|evidence_role_PRIMARY|source_organization|broker|server|symbol|time_basis|timezone_or_unknown|effective_start|effective_end|captured_at|artifact_path|artifact_sha256|source_metadata|validation_status,NO_EVIDENCE_SUBMITTED
GQ0133,2020,Tuesday,2020-07-07T23:00:00,2020-07-08T01:00:00,2.0,1,GOLD#_H1_202001020900_202012311800.csv,GOLD#_H1_202001020900_202012311800.csv,UNVERIFIED,UNVERIFIED_GAP,true,1921f479b8fcee71b61f6ab56a9e632e31cafbdeece781c0dc498da0ea88e17d,BROKER_SERVER_SESSION_SCHEDULE|SAME_BROKER_SERVER_LOWER_TIMEFRAME_OR_TICK_EXPORT|INDEPENDENT_SAME_BROKER_SERVER_H1_EXPORT|OFFICIAL_MARKET_OR_BROKER_HOLIDAY_NOTICE,,evidence_package_id|evidence_type|evidence_role_PRIMARY|source_organization|broker|server|symbol|time_basis|timezone_or_unknown|effective_start|effective_end|captured_at|artifact_path|artifact_sha256|source_metadata|validation_status,NO_EVIDENCE_SUBMITTED
GQ0134,2020,Wednesday,2020-07-08T23:00:00,2020-07-09T01:00:00,2.0,1,GOLD#_H1_202001020900_202012311800.csv,GOLD#_H1_202001020900_202012311800.csv,UNVERIFIED,UNVERIFIED_GAP,true,cd6030fe05668e3196ee04b5ec77c4dddd7b68eef8b958f8072995fb7ad04a0b,BROKER_SERVER_SESSION_SCHEDULE|SAME_BROKER_SERVER_LOWER_TIMEFRAME_OR_TICK_EXPORT|INDEPENDENT_SAME_BROKER_SERVER_H1_EXPORT|OFFICIAL_MARKET_OR_BROKER_HOLIDAY_NOTICE,,evidence_package_id|evidence_type|evidence_role_PRIMARY|source_organization|broker|server|symbol|time_basis|timezone_or_unknown|effective_start|effective_end|captured_at|artifact_path|artifact_sha256|source_metadata|validation_status,NO_EVIDENCE_SUBMITTED
GQ0135,2020,Thursday,2020-07-09T23:00:00,2020-07-10T01:00:00,2.0,1,GOLD#_H1_202001020900_202012311800.csv,GOLD#_H1_202001020900_202012311800.csv,UNVERIFIED,UNVERIFIED_GAP,true,c1a2dfe523c209f098838cda2ec2406a2c42635d34598a4227d6752a57634fca,BROKER_SERVER_SESSION_SCHEDULE|SAME_BROKER_SERVER_LOWER_TIMEFRAME_OR_TICK_EXPORT|INDEPENDENT_SAME_BROKER_SERVER_H1_EXPORT|OFFICIAL_MARKET_OR_BROKER_HOLIDAY_NOTICE,,evidence_package_id|evidence_type|evidence_role_PRIMARY|source_organization|broker|server|symbol|time_basis|timezone_or_unknown|effective_start|effective_end|captured_at|artifact_path|artifact_sha256|source_metadata|validation_status,NO_EVIDENCE_SUBMITTED
GQ0137,2020,Monday,2020-07-13T23:00:00,2020-07-14T01:00:00,2.0,1,GOLD#_H1_202001020900_202012311800.csv,GOLD#_H1_202001020900_202012311800.csv,UNVERIFIED,UNVERIFIED_GAP,true,c6cb6d143c97092165f7fa92edadd205d16ca9c3594b4a6c7ef8b426eb95522f,BROKER_SERVER_SESSION_SCHEDULE|SAME_BROKER_SERVER_LOWER_TIMEFRAME_OR_TICK_EXPORT|INDEPENDENT_SAME_BROKER_SERVER_H1_EXPORT|OFFICIAL_MARKET_OR_BROKER_HOLIDAY_NOTICE,,evidence_package_id|evidence_type|evidence_role_PRIMARY|source_organization|broker|server|symbol|time_basis|timezone_or_unknown|effective_start|effective_end|captured_at|artifact_path|artifact_sha256|source_metadata|validation_status,NO_EVIDENCE_SUBMITTED
GQ0138,2020,Tuesday,2020-07-14T23:00:00,2020-07-15T01:00:00,2.0,1,GOLD#_H1_202001020900_202012311800.csv,GOLD#_H1_202001020900_202012311800.csv,UNVERIFIED,UNVERIFIED_GAP,true,1921f479b8fcee71b61f6ab56a9e632e31cafbdeece781c0dc498da0ea88e17d,BROKER_SERVER_SESSION_SCHEDULE|SAME_BROKER_SERVER_LOWER_TIMEFRAME_OR_TICK_EXPORT|INDEPENDENT_SAME_BROKER_SERVER_H1_EXPORT|OFFICIAL_MARKET_OR_BROKER_HOLIDAY_NOTICE,,evidence_package_id|evidence_type|evidence_role_PRIMARY|source_organization|broker|server|symbol|time_basis|timezone_or_unknown|effective_start|effective_end|captured_at|artifact_path|artifact_sha256|source_metadata|validation_status,NO_EVIDENCE_SUBMITTED
GQ0139,2020,Wednesday,2020-07-15T23:00:00,2020-07-16T01:00:00,2.0,1,GOLD#_H1_202001020900_202012311800.csv,GOLD#_H1_202001020900_202012311800.csv,UNVERIFIED,UNVERIFIED_GAP,true,cd6030fe05668e3196ee04b5ec77c4dddd7b68eef8b958f8072995fb7ad04a0b,BROKER_SERVER_SESSION_SCHEDULE|SAME_BROKER_SERVER_LOWER_TIMEFRAME_OR_TICK_EXPORT|INDEPENDENT_SAME_BROKER_SERVER_H1_EXPORT|OFFICIAL_MARKET_OR_BROKER_HOLIDAY_NOTICE,,evidence_package_id|evidence_type|evidence_role_PRIMARY|source_organization|broker|server|symbol|time_basis|timezone_or_unknown|effective_start|effective_end|captured_at|artifact_path|artifact_sha256|source_metadata|validation_status,NO_EVIDENCE_SUBMITTED
GQ0140,2020,Thursday,2020-07-16T23:00:00,2020-07-17T01:00:00,2.0,1,GOLD#_H1_202001020900_202012311800.csv,GOLD#_H1_202001020900_202012311800.csv,UNVERIFIED,UNVERIFIED_GAP,true,c1a2dfe523c209f098838cda2ec2406a2c42635d34598a4227d6752a57634fca,BROKER_SERVER_SESSION_SCHEDULE|SAME_BROKER_SERVER_LOWER_TIMEFRAME_OR_TICK_EXPORT|INDEPENDENT_SAME_BROKER_SERVER_H1_EXPORT|OFFICIAL_MARKET_OR_BROKER_HOLIDAY_NOTICE,,evidence_package_id|evidence_type|evidence_role_PRIMARY|source_organization|broker|server|symbol|time_basis|timezone_or_unknown|effective_start|effective_end|captured_at|artifact_path|artifact_sha256|source_metadata|validation_status,NO_EVIDENCE_SUBMITTED
GQ0142,2020,Monday,2020-07-20T23:00:00,2020-07-21T01:00:00,2.0,1,GOLD#_H1_202001020900_202012311800.csv,GOLD#_H1_202001020900_202012311800.csv,UNVERIFIED,UNVERIFIED_GAP,true,c6cb6d143c97092165f7fa92edadd205d16ca9c3594b4a6c7ef8b426eb95522f,BROKER_SERVER_SESSION_SCHEDULE|SAME_BROKER_SERVER_LOWER_TIMEFRAME_OR_TICK_EXPORT|INDEPENDENT_SAME_BROKER_SERVER_H1_EXPORT|OFFICIAL_MARKET_OR_BROKER_HOLIDAY_NOTICE,,evidence_package_id|evidence_type|evidence_role_PRIMARY|source_organization|broker|server|symbol|time_basis|timezone_or_unknown|effective_start|effective_end|captured_at|artifact_path|artifact_sha256|source_metadata|validation_status,NO_EVIDENCE_SUBMITTED
GQ0143,2020,Tuesday,2020-07-21T23:00:00,2020-07-22T01:00:00,2.0,1,GOLD#_H1_202001020900_202012311800.csv,GOLD#_H1_202001020900_202012311800.csv,UNVERIFIED,UNVERIFIED_GAP,true,1921f479b8fcee71b61f6ab56a9e632e31cafbdeece781c0dc498da0ea88e17d,BROKER_SERVER_SESSION_SCHEDULE|SAME_BROKER_SERVER_LOWER_TIMEFRAME_OR_TICK_EXPORT|INDEPENDENT_SAME_BROKER_SERVER_H1_EXPORT|OFFICIAL_MARKET_OR_BROKER_HOLIDAY_NOTICE,,evidence_package_id|evidence_type|evidence_role_PRIMARY|source_organization|broker|server|symbol|time_basis|timezone_or_unknown|effective_start|effective_end|captured_at|artifact_path|artifact_sha256|source_metadata|validation_status,NO_EVIDENCE_SUBMITTED
GQ0144,2020,Wednesday,2020-07-22T23:00:00,2020-07-23T01:00:00,2.0,1,GOLD#_H1_202001020900_202012311800.csv,GOLD#_H1_202001020900_202012311800.csv,UNVERIFIED,UNVERIFIED_GAP,true,cd6030fe05668e3196ee04b5ec77c4dddd7b68eef8b958f8072995fb7ad04a0b,BROKER_SERVER_SESSION_SCHEDULE|SAME_BROKER_SERVER_LOWER_TIMEFRAME_OR_TICK_EXPORT|INDEPENDENT_SAME_BROKER_SERVER_H1_EXPORT|OFFICIAL_MARKET_OR_BROKER_HOLIDAY_NOTICE,,evidence_package_id|evidence_type|evidence_role_PRIMARY|source_organization|broker|server|symbol|time_basis|timezone_or_unknown|effective_start|effective_end|captured_at|artifact_path|artifact_sha256|source_metadata|validation_status,NO_EVIDENCE_SUBMITTED
GQ0145,2020,Thursday,2020-07-23T23:00:00,2020-07-24T01:00:00,2.0,1,GOLD#_H1_202001020900_202012311800.csv,GOLD#_H1_202001020900_202012311800.csv,UNVERIFIED,UNVERIFIED_GAP,true,c1a2dfe523c209f098838cda2ec2406a2c42635d34598a4227d6752a57634fca,BROKER_SERVER_SESSION_SCHEDULE|SAME_BROKER_SERVER_LOWER_TIMEFRAME_OR_TICK_EXPORT|INDEPENDENT_SAME_BROKER_SERVER_H1_EXPORT|OFFICIAL_MARKET_OR_BROKER_HOLIDAY_NOTICE,,evidence_package_id|evidence_type|evidence_role_PRIMARY|source_organization|broker|server|symbol|time_basis|timezone_or_unknown|effective_start|effective_end|captured_at|artifact_path|artifact_sha256|source_metadata|validation_status,NO_EVIDENCE_SUBMITTED
GQ0147,2020,Monday,2020-07-27T23:00:00,2020-07-28T01:00:00,2.0,1,GOLD#_H1_202001020900_202012311800.csv,GOLD#_H1_202001020900_202012311800.csv,UNVERIFIED,UNVERIFIED_GAP,true,c6cb6d143c97092165f7fa92edadd205d16ca9c3594b4a6c7ef8b426eb95522f,BROKER_SERVER_SESSION_SCHEDULE|SAME_BROKER_SERVER_LOWER_TIMEFRAME_OR_TICK_EXPORT|INDEPENDENT_SAME_BROKER_SERVER_H1_EXPORT|OFFICIAL_MARKET_OR_BROKER_HOLIDAY_NOTICE,,evidence_package_id|evidence_type|evidence_role_PRIMARY|source_organization|broker|server|symbol|time_basis|timezone_or_unknown|effective_start|effective_end|captured_at|artifact_path|artifact_sha256|source_metadata|validation_status,NO_EVIDENCE_SUBMITTED
GQ0148,2020,Tuesday,2020-07-28T23:00:00,2020-07-29T01:00:00,2.0,1,GOLD#_H1_202001020900_202012311800.csv,GOLD#_H1_202001020900_202012311800.csv,UNVERIFIED,UNVERIFIED_GAP,true,1921f479b8fcee71b61f6ab56a9e632e31cafbdeece781c0dc498da0ea88e17d,BROKER_SERVER_SESSION_SCHEDULE|SAME_BROKER_SERVER_LOWER_TIMEFRAME_OR_TICK_EXPORT|INDEPENDENT_SAME_BROKER_SERVER_H1_EXPORT|OFFICIAL_MARKET_OR_BROKER_HOLIDAY_NOTICE,,evidence_package_id|evidence_type|evidence_role_PRIMARY|source_organization|broker|server|symbol|time_basis|timezone_or_unknown|effective_start|effective_end|captured_at|artifact_path|artifact_sha256|source_metadata|validation_status,NO_EVIDENCE_SUBMITTED
GQ0149,2020,Wednesday,2020-07-29T23:00:00,2020-07-30T01:00:00,2.0,1,GOLD#_H1_202001020900_202012311800.csv,GOLD#_H1_202001020900_202012311800.csv,UNVERIFIED,UNVERIFIED_GAP,true,cd6030fe05668e3196ee04b5ec77c4dddd7b68eef8b958f8072995fb7ad04a0b,BROKER_SERVER_SESSION_SCHEDULE|SAME_BROKER_SERVER_LOWER_TIMEFRAME_OR_TICK_EXPORT|INDEPENDENT_SAME_BROKER_SERVER_H1_EXPORT|OFFICIAL_MARKET_OR_BROKER_HOLIDAY_NOTICE,,evidence_package_id|evidence_type|evidence_role_PRIMARY|source_organization|broker|server|symbol|time_basis|timezone_or_unknown|effective_start|effective_end|captured_at|artifact_path|artifact_sha256|source_metadata|validation_status,NO_EVIDENCE_SUBMITTED
GQ0150,2020,Thursday,2020-07-30T23:00:00,2020-07-31T01:00:00,2.0,1,GOLD#_H1_202001020900_202012311800.csv,GOLD#_H1_202001020900_202012311800.csv,UNVERIFIED,UNVERIFIED_GAP,true,c1a2dfe523c209f098838cda2ec2406a2c42635d34598a4227d6752a57634fca,BROKER_SERVER_SESSION_SCHEDULE|SAME_BROKER_SERVER_LOWER_TIMEFRAME_OR_TICK_EXPORT|INDEPENDENT_SAME_BROKER_SERVER_H1_EXPORT|OFFICIAL_MARKET_OR_BROKER_HOLIDAY_NOTICE,,evidence_package_id|evidence_type|evidence_role_PRIMARY|source_organization|broker|server|symbol|time_basis|timezone_or_unknown|effective_start|effective_end|captured_at|artifact_path|artifact_sha256|source_metadata|validation_status,NO_EVIDENCE_SUBMITTED
GQ0152,2020,Monday,2020-08-03T23:00:00,2020-08-04T01:00:00,2.0,1,GOLD#_H1_202001020900_202012311800.csv,GOLD#_H1_202001020900_202012311800.csv,UNVERIFIED,UNVERIFIED_GAP,true,c6cb6d143c97092165f7fa92edadd205d16ca9c3594b4a6c7ef8b426eb95522f,BROKER_SERVER_SESSION_SCHEDULE|SAME_BROKER_SERVER_LOWER_TIMEFRAME_OR_TICK_EXPORT|INDEPENDENT_SAME_BROKER_SERVER_H1_EXPORT|OFFICIAL_MARKET_OR_BROKER_HOLIDAY_NOTICE,,evidence_package_id|evidence_type|evidence_role_PRIMARY|source_organization|broker|server|symbol|time_basis|timezone_or_unknown|effective_start|effective_end|captured_at|artifact_path|artifact_sha256|source_metadata|validation_status,NO_EVIDENCE_SUBMITTED
GQ0153,2020,Tuesday,2020-08-04T23:00:00,2020-08-05T01:00:00,2.0,1,GOLD#_H1_202001020900_202012311800.csv,GOLD#_H1_202001020900_202012311800.csv,UNVERIFIED,UNVERIFIED_GAP,true,1921f479b8fcee71b61f6ab56a9e632e31cafbdeece781c0dc498da0ea88e17d,BROKER_SERVER_SESSION_SCHEDULE|SAME_BROKER_SERVER_LOWER_TIMEFRAME_OR_TICK_EXPORT|INDEPENDENT_SAME_BROKER_SERVER_H1_EXPORT|OFFICIAL_MARKET_OR_BROKER_HOLIDAY_NOTICE,,evidence_package_id|evidence_type|evidence_role_PRIMARY|source_organization|broker|server|symbol|time_basis|timezone_or_unknown|effective_start|effective_end|captured_at|artifact_path|artifact_sha256|source_metadata|validation_status,NO_EVIDENCE_SUBMITTED
GQ0154,2020,Wednesday,2020-08-05T23:00:00,2020-08-06T01:00:00,2.0,1,GOLD#_H1_202001020900_202012311800.csv,GOLD#_H1_202001020900_202012311800.csv,UNVERIFIED,UNVERIFIED_GAP,true,cd6030fe05668e3196ee04b5ec77c4dddd7b68eef8b958f8072995fb7ad04a0b,BROKER_SERVER_SESSION_SCHEDULE|SAME_BROKER_SERVER_LOWER_TIMEFRAME_OR_TICK_EXPORT|INDEPENDENT_SAME_BROKER_SERVER_H1_EXPORT|OFFICIAL_MARKET_OR_BROKER_HOLIDAY_NOTICE,,evidence_package_id|evidence_type|evidence_role_PRIMARY|source_organization|broker|server|symbol|time_basis|timezone_or_unknown|effective_start|effective_end|captured_at|artifact_path|artifact_sha256|source_metadata|validation_status,NO_EVIDENCE_SUBMITTED
GQ0155,2020,Thursday,2020-08-06T23:00:00,2020-08-07T01:00:00,2.0,1,GOLD#_H1_202001020900_202012311800.csv,GOLD#_H1_202001020900_202012311800.csv,UNVERIFIED,UNVERIFIED_GAP,true,c1a2dfe523c209f098838cda2ec2406a2c42635d34598a4227d6752a57634fca,BROKER_SERVER_SESSION_SCHEDULE|SAME_BROKER_SERVER_LOWER_TIMEFRAME_OR_TICK_EXPORT|INDEPENDENT_SAME_BROKER_SERVER_H1_EXPORT|OFFICIAL_MARKET_OR_BROKER_HOLIDAY_NOTICE,,evidence_package_id|evidence_type|evidence_role_PRIMARY|source_organization|broker|server|symbol|time_basis|timezone_or_unknown|effective_start|effective_end|captured_at|artifact_path|artifact_sha256|source_metadata|validation_status,NO_EVIDENCE_SUBMITTED
GQ0157,2020,Monday,2020-08-10T23:00:00,2020-08-11T01:00:00,2.0,1,GOLD#_H1_202001020900_202012311800.csv,GOLD#_H1_202001020900_202012311800.csv,UNVERIFIED,UNVERIFIED_GAP,true,c6cb6d143c97092165f7fa92edadd205d16ca9c3594b4a6c7ef8b426eb95522f,BROKER_SERVER_SESSION_SCHEDULE|SAME_BROKER_SERVER_LOWER_TIMEFRAME_OR_TICK_EXPORT|INDEPENDENT_SAME_BROKER_SERVER_H1_EXPORT|OFFICIAL_MARKET_OR_BROKER_HOLIDAY_NOTICE,,evidence_package_id|evidence_type|evidence_role_PRIMARY|source_organization|broker|server|symbol|time_basis|timezone_or_unknown|effective_start|effective_end|captured_at|artifact_path|artifact_sha256|source_metadata|validation_status,NO_EVIDENCE_SUBMITTED
GQ0158,2020,Tuesday,2020-08-11T23:00:00,2020-08-12T01:00:00,2.0,1,GOLD#_H1_202001020900_202012311800.csv,GOLD#_H1_202001020900_202012311800.csv,UNVERIFIED,UNVERIFIED_GAP,true,1921f479b8fcee71b61f6ab56a9e632e31cafbdeece781c0dc498da0ea88e17d,BROKER_SERVER_SESSION_SCHEDULE|SAME_BROKER_SERVER_LOWER_TIMEFRAME_OR_TICK_EXPORT|INDEPENDENT_SAME_BROKER_SERVER_H1_EXPORT|OFFICIAL_MARKET_OR_BROKER_HOLIDAY_NOTICE,,evidence_package_id|evidence_type|evidence_role_PRIMARY|source_organization|broker|server|symbol|time_basis|timezone_or_unknown|effective_start|effective_end|captured_at|artifact_path|artifact_sha256|source_metadata|validation_status,NO_EVIDENCE_SUBMITTED
GQ0159,2020,Wednesday,2020-08-12T23:00:00,2020-08-13T01:00:00,2.0,1,GOLD#_H1_202001020900_202012311800.csv,GOLD#_H1_202001020900_202012311800.csv,UNVERIFIED,UNVERIFIED_GAP,true,cd6030fe05668e3196ee04b5ec77c4dddd7b68eef8b958f8072995fb7ad04a0b,BROKER_SERVER_SESSION_SCHEDULE|SAME_BROKER_SERVER_LOWER_TIMEFRAME_OR_TICK_EXPORT|INDEPENDENT_SAME_BROKER_SERVER_H1_EXPORT|OFFICIAL_MARKET_OR_BROKER_HOLIDAY_NOTICE,,evidence_package_id|evidence_type|evidence_role_PRIMARY|source_organization|broker|server|symbol|time_basis|timezone_or_unknown|effective_start|effective_end|captured_at|artifact_path|artifact_sha256|source_metadata|validation_status,NO_EVIDENCE_SUBMITTED
GQ0160,2020,Thursday,2020-08-13T23:00:00,2020-08-14T01:00:00,2.0,1,GOLD#_H1_202001020900_202012311800.csv,GOLD#_H1_202001020900_202012311800.csv,UNVERIFIED,UNVERIFIED_GAP,true,c1a2dfe523c209f098838cda2ec2406a2c42635d34598a4227d6752a57634fca,BROKER_SERVER_SESSION_SCHEDULE|SAME_BROKER_SERVER_LOWER_TIMEFRAME_OR_TICK_EXPORT|INDEPENDENT_SAME_BROKER_SERVER_H1_EXPORT|OFFICIAL_MARKET_OR_BROKER_HOLIDAY_NOTICE,,evidence_package_id|evidence_type|evidence_role_PRIMARY|source_organization|broker|server|symbol|time_basis|timezone_or_unknown|effective_start|effective_end|captured_at|artifact_path|artifact_sha256|source_metadata|validation_status,NO_EVIDENCE_SUBMITTED
GQ0162,2020,Monday,2020-08-17T23:00:00,2020-08-18T01:00:00,2.0,1,GOLD#_H1_202001020900_202012311800.csv,GOLD#_H1_202001020900_202012311800.csv,UNVERIFIED,UNVERIFIED_GAP,true,c6cb6d143c97092165f7fa92edadd205d16ca9c3594b4a6c7ef8b426eb95522f,BROKER_SERVER_SESSION_SCHEDULE|SAME_BROKER_SERVER_LOWER_TIMEFRAME_OR_TICK_EXPORT|INDEPENDENT_SAME_BROKER_SERVER_H1_EXPORT|OFFICIAL_MARKET_OR_BROKER_HOLIDAY_NOTICE,,evidence_package_id|evidence_type|evidence_role_PRIMARY|source_organization|broker|server|symbol|time_basis|timezone_or_unknown|effective_start|effective_end|captured_at|artifact_path|artifact_sha256|source_metadata|validation_status,NO_EVIDENCE_SUBMITTED
GQ0163,2020,Tuesday,2020-08-18T23:00:00,2020-08-19T01:00:00,2.0,1,GOLD#_H1_202001020900_202012311800.csv,GOLD#_H1_202001020900_202012311800.csv,UNVERIFIED,UNVERIFIED_GAP,true,1921f479b8fcee71b61f6ab56a9e632e31cafbdeece781c0dc498da0ea88e17d,BROKER_SERVER_SESSION_SCHEDULE|SAME_BROKER_SERVER_LOWER_TIMEFRAME_OR_TICK_EXPORT|INDEPENDENT_SAME_BROKER_SERVER_H1_EXPORT|OFFICIAL_MARKET_OR_BROKER_HOLIDAY_NOTICE,,evidence_package_id|evidence_type|evidence_role_PRIMARY|source_organization|broker|server|symbol|time_basis|timezone_or_unknown|effective_start|effective_end|captured_at|artifact_path|artifact_sha256|source_metadata|validation_status,NO_EVIDENCE_SUBMITTED
GQ0164,2020,Wednesday,2020-08-19T23:00:00,2020-08-20T01:00:00,2.0,1,GOLD#_H1_202001020900_202012311800.csv,GOLD#_H1_202001020900_202012311800.csv,UNVERIFIED,UNVERIFIED_GAP,true,cd6030fe05668e3196ee04b5ec77c4dddd7b68eef8b958f8072995fb7ad04a0b,BROKER_SERVER_SESSION_SCHEDULE|SAME_BROKER_SERVER_LOWER_TIMEFRAME_OR_TICK_EXPORT|INDEPENDENT_SAME_BROKER_SERVER_H1_EXPORT|OFFICIAL_MARKET_OR_BROKER_HOLIDAY_NOTICE,,evidence_package_id|evidence_type|evidence_role_PRIMARY|source_organization|broker|server|symbol|time_basis|timezone_or_unknown|effective_start|effective_end|captured_at|artifact_path|artifact_sha256|source_metadata|validation_status,NO_EVIDENCE_SUBMITTED
GQ0165,2020,Thursday,2020-08-20T23:00:00,2020-08-21T01:00:00,2.0,1,GOLD#_H1_202001020900_202012311800.csv,GOLD#_H1_202001020900_202012311800.csv,UNVERIFIED,UNVERIFIED_GAP,true,c1a2dfe523c209f098838cda2ec2406a2c42635d34598a4227d6752a57634fca,BROKER_SERVER_SESSION_SCHEDULE|SAME_BROKER_SERVER_LOWER_TIMEFRAME_OR_TICK_EXPORT|INDEPENDENT_SAME_BROKER_SERVER_H1_EXPORT|OFFICIAL_MARKET_OR_BROKER_HOLIDAY_NOTICE,,evidence_package_id|evidence_type|evidence_role_PRIMARY|source_organization|broker|server|symbol|time_basis|timezone_or_unknown|effective_start|effective_end|captured_at|artifact_path|artifact_sha256|source_metadata|validation_status,NO_EVIDENCE_SUBMITTED
GQ0167,2020,Monday,2020-08-24T23:00:00,2020-08-25T01:00:00,2.0,1,GOLD#_H1_202001020900_202012311800.csv,GOLD#_H1_202001020900_202012311800.csv,UNVERIFIED,UNVERIFIED_GAP,true,c6cb6d143c97092165f7fa92edadd205d16ca9c3594b4a6c7ef8b426eb95522f,BROKER_SERVER_SESSION_SCHEDULE|SAME_BROKER_SERVER_LOWER_TIMEFRAME_OR_TICK_EXPORT|INDEPENDENT_SAME_BROKER_SERVER_H1_EXPORT|OFFICIAL_MARKET_OR_BROKER_HOLIDAY_NOTICE,,evidence_package_id|evidence_type|evidence_role_PRIMARY|source_organization|broker|server|symbol|time_basis|timezone_or_unknown|effective_start|effective_end|captured_at|artifact_path|artifact_sha256|source_metadata|validation_status,NO_EVIDENCE_SUBMITTED
GQ0168,2020,Tuesday,2020-08-25T23:00:00,2020-08-26T01:00:00,2.0,1,GOLD#_H1_202001020900_202012311800.csv,GOLD#_H1_202001020900_202012311800.csv,UNVERIFIED,UNVERIFIED_GAP,true,1921f479b8fcee71b61f6ab56a9e632e31cafbdeece781c0dc498da0ea88e17d,BROKER_SERVER_SESSION_SCHEDULE|SAME_BROKER_SERVER_LOWER_TIMEFRAME_OR_TICK_EXPORT|INDEPENDENT_SAME_BROKER_SERVER_H1_EXPORT|OFFICIAL_MARKET_OR_BROKER_HOLIDAY_NOTICE,,evidence_package_id|evidence_type|evidence_role_PRIMARY|source_organization|broker|server|symbol|time_basis|timezone_or_unknown|effective_start|effective_end|captured_at|artifact_path|artifact_sha256|source_metadata|validation_status,NO_EVIDENCE_SUBMITTED
GQ0169,2020,Wednesday,2020-08-26T23:00:00,2020-08-27T01:00:00,2.0,1,GOLD#_H1_202001020900_202012311800.csv,GOLD#_H1_202001020900_202012311800.csv,UNVERIFIED,UNVERIFIED_GAP,true,cd6030fe05668e3196ee04b5ec77c4dddd7b68eef8b958f8072995fb7ad04a0b,BROKER_SERVER_SESSION_SCHEDULE|SAME_BROKER_SERVER_LOWER_TIMEFRAME_OR_TICK_EXPORT|INDEPENDENT_SAME_BROKER_SERVER_H1_EXPORT|OFFICIAL_MARKET_OR_BROKER_HOLIDAY_NOTICE,,evidence_package_id|evidence_type|evidence_role_PRIMARY|source_organization|broker|server|symbol|time_basis|timezone_or_unknown|effective_start|effective_end|captured_at|artifact_path|artifact_sha256|source_metadata|validation_status,NO_EVIDENCE_SUBMITTED
GQ0170,2020,Thursday,2020-08-27T23:00:00,2020-08-28T01:00:00,2.0,1,GOLD#_H1_202001020900_202012311800.csv,GOLD#_H1_202001020900_202012311800.csv,UNVERIFIED,UNVERIFIED_GAP,true,c1a2dfe523c209f098838cda2ec2406a2c42635d34598a4227d6752a57634fca,BROKER_SERVER_SESSION_SCHEDULE|SAME_BROKER_SERVER_LOWER_TIMEFRAME_OR_TICK_EXPORT|INDEPENDENT_SAME_BROKER_SERVER_H1_EXPORT|OFFICIAL_MARKET_OR_BROKER_HOLIDAY_NOTICE,,evidence_package_id|evidence_type|evidence_role_PRIMARY|source_organization|broker|server|symbol|time_basis|timezone_or_unknown|effective_start|effective_end|captured_at|artifact_path|artifact_sha256|source_metadata|validation_status,NO_EVIDENCE_SUBMITTED
GQ0172,2020,Monday,2020-08-31T23:00:00,2020-09-01T01:00:00,2.0,1,GOLD#_H1_202001020900_202012311800.csv,GOLD#_H1_202001020900_202012311800.csv,UNVERIFIED,UNVERIFIED_GAP,true,c6cb6d143c97092165f7fa92edadd205d16ca9c3594b4a6c7ef8b426eb95522f,BROKER_SERVER_SESSION_SCHEDULE|SAME_BROKER_SERVER_LOWER_TIMEFRAME_OR_TICK_EXPORT|INDEPENDENT_SAME_BROKER_SERVER_H1_EXPORT|OFFICIAL_MARKET_OR_BROKER_HOLIDAY_NOTICE,,evidence_package_id|evidence_type|evidence_role_PRIMARY|source_organization|broker|server|symbol|time_basis|timezone_or_unknown|effective_start|effective_end|captured_at|artifact_path|artifact_sha256|source_metadata|validation_status,NO_EVIDENCE_SUBMITTED
GQ0173,2020,Tuesday,2020-09-01T23:00:00,2020-09-02T01:00:00,2.0,1,GOLD#_H1_202001020900_202012311800.csv,GOLD#_H1_202001020900_202012311800.csv,UNVERIFIED,UNVERIFIED_GAP,true,1921f479b8fcee71b61f6ab56a9e632e31cafbdeece781c0dc498da0ea88e17d,BROKER_SERVER_SESSION_SCHEDULE|SAME_BROKER_SERVER_LOWER_TIMEFRAME_OR_TICK_EXPORT|INDEPENDENT_SAME_BROKER_SERVER_H1_EXPORT|OFFICIAL_MARKET_OR_BROKER_HOLIDAY_NOTICE,,evidence_package_id|evidence_type|evidence_role_PRIMARY|source_organization|broker|server|symbol|time_basis|timezone_or_unknown|effective_start|effective_end|captured_at|artifact_path|artifact_sha256|source_metadata|validation_status,NO_EVIDENCE_SUBMITTED
GQ0174,2020,Wednesday,2020-09-02T23:00:00,2020-09-03T01:00:00,2.0,1,GOLD#_H1_202001020900_202012311800.csv,GOLD#_H1_202001020900_202012311800.csv,UNVERIFIED,UNVERIFIED_GAP,true,cd6030fe05668e3196ee04b5ec77c4dddd7b68eef8b958f8072995fb7ad04a0b,BROKER_SERVER_SESSION_SCHEDULE|SAME_BROKER_SERVER_LOWER_TIMEFRAME_OR_TICK_EXPORT|INDEPENDENT_SAME_BROKER_SERVER_H1_EXPORT|OFFICIAL_MARKET_OR_BROKER_HOLIDAY_NOTICE,,evidence_package_id|evidence_type|evidence_role_PRIMARY|source_organization|broker|server|symbol|time_basis|timezone_or_unknown|effective_start|effective_end|captured_at|artifact_path|artifact_sha256|source_metadata|validation_status,NO_EVIDENCE_SUBMITTED
GQ0175,2020,Thursday,2020-09-03T23:00:00,2020-09-04T01:00:00,2.0,1,GOLD#_H1_202001020900_202012311800.csv,GOLD#_H1_202001020900_202012311800.csv,UNVERIFIED,UNVERIFIED_GAP,true,c1a2dfe523c209f098838cda2ec2406a2c42635d34598a4227d6752a57634fca,BROKER_SERVER_SESSION_SCHEDULE|SAME_BROKER_SERVER_LOWER_TIMEFRAME_OR_TICK_EXPORT|INDEPENDENT_SAME_BROKER_SERVER_H1_EXPORT|OFFICIAL_MARKET_OR_BROKER_HOLIDAY_NOTICE,,evidence_package_id|evidence_type|evidence_role_PRIMARY|source_organization|broker|server|symbol|time_basis|timezone_or_unknown|effective_start|effective_end|captured_at|artifact_path|artifact_sha256|source_metadata|validation_status,NO_EVIDENCE_SUBMITTED
GQ0177,2020,Monday,2020-09-07T19:00:00,2020-09-08T01:00:00,6.0,5,GOLD#_H1_202001020900_202012311800.csv,GOLD#_H1_202001020900_202012311800.csv,UNVERIFIED,UNVERIFIED_GAP,true,2cf052360caf46283533df2b4a355df6e525f734e528eb23c3f835263f882653,BROKER_SERVER_SESSION_SCHEDULE|SAME_BROKER_SERVER_LOWER_TIMEFRAME_OR_TICK_EXPORT|INDEPENDENT_SAME_BROKER_SERVER_H1_EXPORT|OFFICIAL_MARKET_OR_BROKER_HOLIDAY_NOTICE,,evidence_package_id|evidence_type|evidence_role_PRIMARY|source_organization|broker|server|symbol|time_basis|timezone_or_unknown|effective_start|effective_end|captured_at|artifact_path|artifact_sha256|source_metadata|validation_status,NO_EVIDENCE_SUBMITTED
GQ0178,2020,Tuesday,2020-09-08T23:00:00,2020-09-09T01:00:00,2.0,1,GOLD#_H1_202001020900_202012311800.csv,GOLD#_H1_202001020900_202012311800.csv,UNVERIFIED,UNVERIFIED_GAP,true,1921f479b8fcee71b61f6ab56a9e632e31cafbdeece781c0dc498da0ea88e17d,BROKER_SERVER_SESSION_SCHEDULE|SAME_BROKER_SERVER_LOWER_TIMEFRAME_OR_TICK_EXPORT|INDEPENDENT_SAME_BROKER_SERVER_H1_EXPORT|OFFICIAL_MARKET_OR_BROKER_HOLIDAY_NOTICE,,evidence_package_id|evidence_type|evidence_role_PRIMARY|source_organization|broker|server|symbol|time_basis|timezone_or_unknown|effective_start|effective_end|captured_at|artifact_path|artifact_sha256|source_metadata|validation_status,NO_EVIDENCE_SUBMITTED
GQ0179,2020,Wednesday,2020-09-09T23:00:00,2020-09-10T01:00:00,2.0,1,GOLD#_H1_202001020900_202012311800.csv,GOLD#_H1_202001020900_202012311800.csv,UNVERIFIED,UNVERIFIED_GAP,true,cd6030fe05668e3196ee04b5ec77c4dddd7b68eef8b958f8072995fb7ad04a0b,BROKER_SERVER_SESSION_SCHEDULE|SAME_BROKER_SERVER_LOWER_TIMEFRAME_OR_TICK_EXPORT|INDEPENDENT_SAME_BROKER_SERVER_H1_EXPORT|OFFICIAL_MARKET_OR_BROKER_HOLIDAY_NOTICE,,evidence_package_id|evidence_type|evidence_role_PRIMARY|source_organization|broker|server|symbol|time_basis|timezone_or_unknown|effective_start|effective_end|captured_at|artifact_path|artifact_sha256|source_metadata|validation_status,NO_EVIDENCE_SUBMITTED
GQ0180,2020,Thursday,2020-09-10T23:00:00,2020-09-11T01:00:00,2.0,1,GOLD#_H1_202001020900_202012311800.csv,GOLD#_H1_202001020900_202012311800.csv,UNVERIFIED,UNVERIFIED_GAP,true,c1a2dfe523c209f098838cda2ec2406a2c42635d34598a4227d6752a57634fca,BROKER_SERVER_SESSION_SCHEDULE|SAME_BROKER_SERVER_LOWER_TIMEFRAME_OR_TICK_EXPORT|INDEPENDENT_SAME_BROKER_SERVER_H1_EXPORT|OFFICIAL_MARKET_OR_BROKER_HOLIDAY_NOTICE,,evidence_package_id|evidence_type|evidence_role_PRIMARY|source_organization|broker|server|symbol|time_basis|timezone_or_unknown|effective_start|effective_end|captured_at|artifact_path|artifact_sha256|source_metadata|validation_status,NO_EVIDENCE_SUBMITTED
GQ0182,2020,Monday,2020-09-14T23:00:00,2020-09-15T01:00:00,2.0,1,GOLD#_H1_202001020900_202012311800.csv,GOLD#_H1_202001020900_202012311800.csv,UNVERIFIED,UNVERIFIED_GAP,true,c6cb6d143c97092165f7fa92edadd205d16ca9c3594b4a6c7ef8b426eb95522f,BROKER_SERVER_SESSION_SCHEDULE|SAME_BROKER_SERVER_LOWER_TIMEFRAME_OR_TICK_EXPORT|INDEPENDENT_SAME_BROKER_SERVER_H1_EXPORT|OFFICIAL_MARKET_OR_BROKER_HOLIDAY_NOTICE,,evidence_package_id|evidence_type|evidence_role_PRIMARY|source_organization|broker|server|symbol|time_basis|timezone_or_unknown|effective_start|effective_end|captured_at|artifact_path|artifact_sha256|source_metadata|validation_status,NO_EVIDENCE_SUBMITTED
GQ0183,2020,Tuesday,2020-09-15T23:00:00,2020-09-16T01:00:00,2.0,1,GOLD#_H1_202001020900_202012311800.csv,GOLD#_H1_202001020900_202012311800.csv,UNVERIFIED,UNVERIFIED_GAP,true,1921f479b8fcee71b61f6ab56a9e632e31cafbdeece781c0dc498da0ea88e17d,BROKER_SERVER_SESSION_SCHEDULE|SAME_BROKER_SERVER_LOWER_TIMEFRAME_OR_TICK_EXPORT|INDEPENDENT_SAME_BROKER_SERVER_H1_EXPORT|OFFICIAL_MARKET_OR_BROKER_HOLIDAY_NOTICE,,evidence_package_id|evidence_type|evidence_role_PRIMARY|source_organization|broker|server|symbol|time_basis|timezone_or_unknown|effective_start|effective_end|captured_at|artifact_path|artifact_sha256|source_metadata|validation_status,NO_EVIDENCE_SUBMITTED
GQ0184,2020,Wednesday,2020-09-16T23:00:00,2020-09-17T01:00:00,2.0,1,GOLD#_H1_202001020900_202012311800.csv,GOLD#_H1_202001020900_202012311800.csv,UNVERIFIED,UNVERIFIED_GAP,true,cd6030fe05668e3196ee04b5ec77c4dddd7b68eef8b958f8072995fb7ad04a0b,BROKER_SERVER_SESSION_SCHEDULE|SAME_BROKER_SERVER_LOWER_TIMEFRAME_OR_TICK_EXPORT|INDEPENDENT_SAME_BROKER_SERVER_H1_EXPORT|OFFICIAL_MARKET_OR_BROKER_HOLIDAY_NOTICE,,evidence_package_id|evidence_type|evidence_role_PRIMARY|source_organization|broker|server|symbol|time_basis|timezone_or_unknown|effective_start|effective_end|captured_at|artifact_path|artifact_sha256|source_metadata|validation_status,NO_EVIDENCE_SUBMITTED
GQ0185,2020,Thursday,2020-09-17T23:00:00,2020-09-18T01:00:00,2.0,1,GOLD#_H1_202001020900_202012311800.csv,GOLD#_H1_202001020900_202012311800.csv,UNVERIFIED,UNVERIFIED_GAP,true,c1a2dfe523c209f098838cda2ec2406a2c42635d34598a4227d6752a57634fca,BROKER_SERVER_SESSION_SCHEDULE|SAME_BROKER_SERVER_LOWER_TIMEFRAME_OR_TICK_EXPORT|INDEPENDENT_SAME_BROKER_SERVER_H1_EXPORT|OFFICIAL_MARKET_OR_BROKER_HOLIDAY_NOTICE,,evidence_package_id|evidence_type|evidence_role_PRIMARY|source_organization|broker|server|symbol|time_basis|timezone_or_unknown|effective_start|effective_end|captured_at|artifact_path|artifact_sha256|source_metadata|validation_status,NO_EVIDENCE_SUBMITTED
GQ0187,2020,Monday,2020-09-21T23:00:00,2020-09-22T01:00:00,2.0,1,GOLD#_H1_202001020900_202012311800.csv,GOLD#_H1_202001020900_202012311800.csv,UNVERIFIED,UNVERIFIED_GAP,true,c6cb6d143c97092165f7fa92edadd205d16ca9c3594b4a6c7ef8b426eb95522f,BROKER_SERVER_SESSION_SCHEDULE|SAME_BROKER_SERVER_LOWER_TIMEFRAME_OR_TICK_EXPORT|INDEPENDENT_SAME_BROKER_SERVER_H1_EXPORT|OFFICIAL_MARKET_OR_BROKER_HOLIDAY_NOTICE,,evidence_package_id|evidence_type|evidence_role_PRIMARY|source_organization|broker|server|symbol|time_basis|timezone_or_unknown|effective_start|effective_end|captured_at|artifact_path|artifact_sha256|source_metadata|validation_status,NO_EVIDENCE_SUBMITTED
GQ0188,2020,Tuesday,2020-09-22T23:00:00,2020-09-23T01:00:00,2.0,1,GOLD#_H1_202001020900_202012311800.csv,GOLD#_H1_202001020900_202012311800.csv,UNVERIFIED,UNVERIFIED_GAP,true,1921f479b8fcee71b61f6ab56a9e632e31cafbdeece781c0dc498da0ea88e17d,BROKER_SERVER_SESSION_SCHEDULE|SAME_BROKER_SERVER_LOWER_TIMEFRAME_OR_TICK_EXPORT|INDEPENDENT_SAME_BROKER_SERVER_H1_EXPORT|OFFICIAL_MARKET_OR_BROKER_HOLIDAY_NOTICE,,evidence_package_id|evidence_type|evidence_role_PRIMARY|source_organization|broker|server|symbol|time_basis|timezone_or_unknown|effective_start|effective_end|captured_at|artifact_path|artifact_sha256|source_metadata|validation_status,NO_EVIDENCE_SUBMITTED
GQ0189,2020,Wednesday,2020-09-23T23:00:00,2020-09-24T01:00:00,2.0,1,GOLD#_H1_202001020900_202012311800.csv,GOLD#_H1_202001020900_202012311800.csv,UNVERIFIED,UNVERIFIED_GAP,true,cd6030fe05668e3196ee04b5ec77c4dddd7b68eef8b958f8072995fb7ad04a0b,BROKER_SERVER_SESSION_SCHEDULE|SAME_BROKER_SERVER_LOWER_TIMEFRAME_OR_TICK_EXPORT|INDEPENDENT_SAME_BROKER_SERVER_H1_EXPORT|OFFICIAL_MARKET_OR_BROKER_HOLIDAY_NOTICE,,evidence_package_id|evidence_type|evidence_role_PRIMARY|source_organization|broker|server|symbol|time_basis|timezone_or_unknown|effective_start|effective_end|captured_at|artifact_path|artifact_sha256|source_metadata|validation_status,NO_EVIDENCE_SUBMITTED
GQ0190,2020,Thursday,2020-09-24T23:00:00,2020-09-25T01:00:00,2.0,1,GOLD#_H1_202001020900_202012311800.csv,GOLD#_H1_202001020900_202012311800.csv,UNVERIFIED,UNVERIFIED_GAP,true,c1a2dfe523c209f098838cda2ec2406a2c42635d34598a4227d6752a57634fca,BROKER_SERVER_SESSION_SCHEDULE|SAME_BROKER_SERVER_LOWER_TIMEFRAME_OR_TICK_EXPORT|INDEPENDENT_SAME_BROKER_SERVER_H1_EXPORT|OFFICIAL_MARKET_OR_BROKER_HOLIDAY_NOTICE,,evidence_package_id|evidence_type|evidence_role_PRIMARY|source_organization|broker|server|symbol|time_basis|timezone_or_unknown|effective_start|effective_end|captured_at|artifact_path|artifact_sha256|source_metadata|validation_status,NO_EVIDENCE_SUBMITTED
GQ0192,2020,Monday,2020-09-28T23:00:00,2020-09-29T01:00:00,2.0,1,GOLD#_H1_202001020900_202012311800.csv,GOLD#_H1_202001020900_202012311800.csv,UNVERIFIED,UNVERIFIED_GAP,true,c6cb6d143c97092165f7fa92edadd205d16ca9c3594b4a6c7ef8b426eb95522f,BROKER_SERVER_SESSION_SCHEDULE|SAME_BROKER_SERVER_LOWER_TIMEFRAME_OR_TICK_EXPORT|INDEPENDENT_SAME_BROKER_SERVER_H1_EXPORT|OFFICIAL_MARKET_OR_BROKER_HOLIDAY_NOTICE,,evidence_package_id|evidence_type|evidence_role_PRIMARY|source_organization|broker|server|symbol|time_basis|timezone_or_unknown|effective_start|effective_end|captured_at|artifact_path|artifact_sha256|source_metadata|validation_status,NO_EVIDENCE_SUBMITTED
GQ0193,2020,Tuesday,2020-09-29T23:00:00,2020-09-30T01:00:00,2.0,1,GOLD#_H1_202001020900_202012311800.csv,GOLD#_H1_202001020900_202012311800.csv,UNVERIFIED,UNVERIFIED_GAP,true,1921f479b8fcee71b61f6ab56a9e632e31cafbdeece781c0dc498da0ea88e17d,BROKER_SERVER_SESSION_SCHEDULE|SAME_BROKER_SERVER_LOWER_TIMEFRAME_OR_TICK_EXPORT|INDEPENDENT_SAME_BROKER_SERVER_H1_EXPORT|OFFICIAL_MARKET_OR_BROKER_HOLIDAY_NOTICE,,evidence_package_id|evidence_type|evidence_role_PRIMARY|source_organization|broker|server|symbol|time_basis|timezone_or_unknown|effective_start|effective_end|captured_at|artifact_path|artifact_sha256|source_metadata|validation_status,NO_EVIDENCE_SUBMITTED
GQ0194,2020,Wednesday,2020-09-30T23:00:00,2020-10-01T01:00:00,2.0,1,GOLD#_H1_202001020900_202012311800.csv,GOLD#_H1_202001020900_202012311800.csv,UNVERIFIED,UNVERIFIED_GAP,true,cd6030fe05668e3196ee04b5ec77c4dddd7b68eef8b958f8072995fb7ad04a0b,BROKER_SERVER_SESSION_SCHEDULE|SAME_BROKER_SERVER_LOWER_TIMEFRAME_OR_TICK_EXPORT|INDEPENDENT_SAME_BROKER_SERVER_H1_EXPORT|OFFICIAL_MARKET_OR_BROKER_HOLIDAY_NOTICE,,evidence_package_id|evidence_type|evidence_role_PRIMARY|source_organization|broker|server|symbol|time_basis|timezone_or_unknown|effective_start|effective_end|captured_at|artifact_path|artifact_sha256|source_metadata|validation_status,NO_EVIDENCE_SUBMITTED
GQ0195,2020,Thursday,2020-10-01T23:00:00,2020-10-02T01:00:00,2.0,1,GOLD#_H1_202001020900_202012311800.csv,GOLD#_H1_202001020900_202012311800.csv,UNVERIFIED,UNVERIFIED_GAP,true,c1a2dfe523c209f098838cda2ec2406a2c42635d34598a4227d6752a57634fca,BROKER_SERVER_SESSION_SCHEDULE|SAME_BROKER_SERVER_LOWER_TIMEFRAME_OR_TICK_EXPORT|INDEPENDENT_SAME_BROKER_SERVER_H1_EXPORT|OFFICIAL_MARKET_OR_BROKER_HOLIDAY_NOTICE,,evidence_package_id|evidence_type|evidence_role_PRIMARY|source_organization|broker|server|symbol|time_basis|timezone_or_unknown|effective_start|effective_end|captured_at|artifact_path|artifact_sha256|source_metadata|validation_status,NO_EVIDENCE_SUBMITTED
GQ0197,2020,Monday,2020-10-05T23:00:00,2020-10-06T01:00:00,2.0,1,GOLD#_H1_202001020900_202012311800.csv,GOLD#_H1_202001020900_202012311800.csv,UNVERIFIED,UNVERIFIED_GAP,true,c6cb6d143c97092165f7fa92edadd205d16ca9c3594b4a6c7ef8b426eb95522f,BROKER_SERVER_SESSION_SCHEDULE|SAME_BROKER_SERVER_LOWER_TIMEFRAME_OR_TICK_EXPORT|INDEPENDENT_SAME_BROKER_SERVER_H1_EXPORT|OFFICIAL_MARKET_OR_BROKER_HOLIDAY_NOTICE,,evidence_package_id|evidence_type|evidence_role_PRIMARY|source_organization|broker|server|symbol|time_basis|timezone_or_unknown|effective_start|effective_end|captured_at|artifact_path|artifact_sha256|source_metadata|validation_status,NO_EVIDENCE_SUBMITTED
GQ0198,2020,Tuesday,2020-10-06T23:00:00,2020-10-07T01:00:00,2.0,1,GOLD#_H1_202001020900_202012311800.csv,GOLD#_H1_202001020900_202012311800.csv,UNVERIFIED,UNVERIFIED_GAP,true,1921f479b8fcee71b61f6ab56a9e632e31cafbdeece781c0dc498da0ea88e17d,BROKER_SERVER_SESSION_SCHEDULE|SAME_BROKER_SERVER_LOWER_TIMEFRAME_OR_TICK_EXPORT|INDEPENDENT_SAME_BROKER_SERVER_H1_EXPORT|OFFICIAL_MARKET_OR_BROKER_HOLIDAY_NOTICE,,evidence_package_id|evidence_type|evidence_role_PRIMARY|source_organization|broker|server|symbol|time_basis|timezone_or_unknown|effective_start|effective_end|captured_at|artifact_path|artifact_sha256|source_metadata|validation_status,NO_EVIDENCE_SUBMITTED
GQ0199,2020,Wednesday,2020-10-07T23:00:00,2020-10-08T01:00:00,2.0,1,GOLD#_H1_202001020900_202012311800.csv,GOLD#_H1_202001020900_202012311800.csv,UNVERIFIED,UNVERIFIED_GAP,true,cd6030fe05668e3196ee04b5ec77c4dddd7b68eef8b958f8072995fb7ad04a0b,BROKER_SERVER_SESSION_SCHEDULE|SAME_BROKER_SERVER_LOWER_TIMEFRAME_OR_TICK_EXPORT|INDEPENDENT_SAME_BROKER_SERVER_H1_EXPORT|OFFICIAL_MARKET_OR_BROKER_HOLIDAY_NOTICE,,evidence_package_id|evidence_type|evidence_role_PRIMARY|source_organization|broker|server|symbol|time_basis|timezone_or_unknown|effective_start|effective_end|captured_at|artifact_path|artifact_sha256|source_metadata|validation_status,NO_EVIDENCE_SUBMITTED
GQ0200,2020,Thursday,2020-10-08T23:00:00,2020-10-09T01:00:00,2.0,1,GOLD#_H1_202001020900_202012311800.csv,GOLD#_H1_202001020900_202012311800.csv,UNVERIFIED,UNVERIFIED_GAP,true,c1a2dfe523c209f098838cda2ec2406a2c42635d34598a4227d6752a57634fca,BROKER_SERVER_SESSION_SCHEDULE|SAME_BROKER_SERVER_LOWER_TIMEFRAME_OR_TICK_EXPORT|INDEPENDENT_SAME_BROKER_SERVER_H1_EXPORT|OFFICIAL_MARKET_OR_BROKER_HOLIDAY_NOTICE,,evidence_package_id|evidence_type|evidence_role_PRIMARY|source_organization|broker|server|symbol|time_basis|timezone_or_unknown|effective_start|effective_end|captured_at|artifact_path|artifact_sha256|source_metadata|validation_status,NO_EVIDENCE_SUBMITTED
GQ0202,2020,Monday,2020-10-12T23:00:00,2020-10-13T01:00:00,2.0,1,GOLD#_H1_202001020900_202012311800.csv,GOLD#_H1_202001020900_202012311800.csv,UNVERIFIED,UNVERIFIED_GAP,true,c6cb6d143c97092165f7fa92edadd205d16ca9c3594b4a6c7ef8b426eb95522f,BROKER_SERVER_SESSION_SCHEDULE|SAME_BROKER_SERVER_LOWER_TIMEFRAME_OR_TICK_EXPORT|INDEPENDENT_SAME_BROKER_SERVER_H1_EXPORT|OFFICIAL_MARKET_OR_BROKER_HOLIDAY_NOTICE,,evidence_package_id|evidence_type|evidence_role_PRIMARY|source_organization|broker|server|symbol|time_basis|timezone_or_unknown|effective_start|effective_end|captured_at|artifact_path|artifact_sha256|source_metadata|validation_status,NO_EVIDENCE_SUBMITTED
GQ0203,2020,Tuesday,2020-10-13T23:00:00,2020-10-14T01:00:00,2.0,1,GOLD#_H1_202001020900_202012311800.csv,GOLD#_H1_202001020900_202012311800.csv,UNVERIFIED,UNVERIFIED_GAP,true,1921f479b8fcee71b61f6ab56a9e632e31cafbdeece781c0dc498da0ea88e17d,BROKER_SERVER_SESSION_SCHEDULE|SAME_BROKER_SERVER_LOWER_TIMEFRAME_OR_TICK_EXPORT|INDEPENDENT_SAME_BROKER_SERVER_H1_EXPORT|OFFICIAL_MARKET_OR_BROKER_HOLIDAY_NOTICE,,evidence_package_id|evidence_type|evidence_role_PRIMARY|source_organization|broker|server|symbol|time_basis|timezone_or_unknown|effective_start|effective_end|captured_at|artifact_path|artifact_sha256|source_metadata|validation_status,NO_EVIDENCE_SUBMITTED
GQ0204,2020,Wednesday,2020-10-14T23:00:00,2020-10-15T01:00:00,2.0,1,GOLD#_H1_202001020900_202012311800.csv,GOLD#_H1_202001020900_202012311800.csv,UNVERIFIED,UNVERIFIED_GAP,true,cd6030fe05668e3196ee04b5ec77c4dddd7b68eef8b958f8072995fb7ad04a0b,BROKER_SERVER_SESSION_SCHEDULE|SAME_BROKER_SERVER_LOWER_TIMEFRAME_OR_TICK_EXPORT|INDEPENDENT_SAME_BROKER_SERVER_H1_EXPORT|OFFICIAL_MARKET_OR_BROKER_HOLIDAY_NOTICE,,evidence_package_id|evidence_type|evidence_role_PRIMARY|source_organization|broker|server|symbol|time_basis|timezone_or_unknown|effective_start|effective_end|captured_at|artifact_path|artifact_sha256|source_metadata|validation_status,NO_EVIDENCE_SUBMITTED
GQ0205,2020,Thursday,2020-10-15T23:00:00,2020-10-16T01:00:00,2.0,1,GOLD#_H1_202001020900_202012311800.csv,GOLD#_H1_202001020900_202012311800.csv,UNVERIFIED,UNVERIFIED_GAP,true,c1a2dfe523c209f098838cda2ec2406a2c42635d34598a4227d6752a57634fca,BROKER_SERVER_SESSION_SCHEDULE|SAME_BROKER_SERVER_LOWER_TIMEFRAME_OR_TICK_EXPORT|INDEPENDENT_SAME_BROKER_SERVER_H1_EXPORT|OFFICIAL_MARKET_OR_BROKER_HOLIDAY_NOTICE,,evidence_package_id|evidence_type|evidence_role_PRIMARY|source_organization|broker|server|symbol|time_basis|timezone_or_unknown|effective_start|effective_end|captured_at|artifact_path|artifact_sha256|source_metadata|validation_status,NO_EVIDENCE_SUBMITTED
GQ0207,2020,Monday,2020-10-19T23:00:00,2020-10-20T01:00:00,2.0,1,GOLD#_H1_202001020900_202012311800.csv,GOLD#_H1_202001020900_202012311800.csv,UNVERIFIED,UNVERIFIED_GAP,true,c6cb6d143c97092165f7fa92edadd205d16ca9c3594b4a6c7ef8b426eb95522f,BROKER_SERVER_SESSION_SCHEDULE|SAME_BROKER_SERVER_LOWER_TIMEFRAME_OR_TICK_EXPORT|INDEPENDENT_SAME_BROKER_SERVER_H1_EXPORT|OFFICIAL_MARKET_OR_BROKER_HOLIDAY_NOTICE,,evidence_package_id|evidence_type|evidence_role_PRIMARY|source_organization|broker|server|symbol|time_basis|timezone_or_unknown|effective_start|effective_end|captured_at|artifact_path|artifact_sha256|source_metadata|validation_status,NO_EVIDENCE_SUBMITTED
GQ0208,2020,Tuesday,2020-10-20T23:00:00,2020-10-21T01:00:00,2.0,1,GOLD#_H1_202001020900_202012311800.csv,GOLD#_H1_202001020900_202012311800.csv,UNVERIFIED,UNVERIFIED_GAP,true,1921f479b8fcee71b61f6ab56a9e632e31cafbdeece781c0dc498da0ea88e17d,BROKER_SERVER_SESSION_SCHEDULE|SAME_BROKER_SERVER_LOWER_TIMEFRAME_OR_TICK_EXPORT|INDEPENDENT_SAME_BROKER_SERVER_H1_EXPORT|OFFICIAL_MARKET_OR_BROKER_HOLIDAY_NOTICE,,evidence_package_id|evidence_type|evidence_role_PRIMARY|source_organization|broker|server|symbol|time_basis|timezone_or_unknown|effective_start|effective_end|captured_at|artifact_path|artifact_sha256|source_metadata|validation_status,NO_EVIDENCE_SUBMITTED
GQ0209,2020,Wednesday,2020-10-21T23:00:00,2020-10-22T01:00:00,2.0,1,GOLD#_H1_202001020900_202012311800.csv,GOLD#_H1_202001020900_202012311800.csv,UNVERIFIED,UNVERIFIED_GAP,true,cd6030fe05668e3196ee04b5ec77c4dddd7b68eef8b958f8072995fb7ad04a0b,BROKER_SERVER_SESSION_SCHEDULE|SAME_BROKER_SERVER_LOWER_TIMEFRAME_OR_TICK_EXPORT|INDEPENDENT_SAME_BROKER_SERVER_H1_EXPORT|OFFICIAL_MARKET_OR_BROKER_HOLIDAY_NOTICE,,evidence_package_id|evidence_type|evidence_role_PRIMARY|source_organization|broker|server|symbol|time_basis|timezone_or_unknown|effective_start|effective_end|captured_at|artifact_path|artifact_sha256|source_metadata|validation_status,NO_EVIDENCE_SUBMITTED
GQ0210,2020,Thursday,2020-10-22T23:00:00,2020-10-23T01:00:00,2.0,1,GOLD#_H1_202001020900_202012311800.csv,GOLD#_H1_202001020900_202012311800.csv,UNVERIFIED,UNVERIFIED_GAP,true,c1a2dfe523c209f098838cda2ec2406a2c42635d34598a4227d6752a57634fca,BROKER_SERVER_SESSION_SCHEDULE|SAME_BROKER_SERVER_LOWER_TIMEFRAME_OR_TICK_EXPORT|INDEPENDENT_SAME_BROKER_SERVER_H1_EXPORT|OFFICIAL_MARKET_OR_BROKER_HOLIDAY_NOTICE,,evidence_package_id|evidence_type|evidence_role_PRIMARY|source_organization|broker|server|symbol|time_basis|timezone_or_unknown|effective_start|effective_end|captured_at|artifact_path|artifact_sha256|source_metadata|validation_status,NO_EVIDENCE_SUBMITTED
GQ0212,2020,Monday,2020-10-26T22:00:00,2020-10-27T00:00:00,2.0,1,GOLD#_H1_202001020900_202012311800.csv,GOLD#_H1_202001020900_202012311800.csv,UNVERIFIED,UNVERIFIED_GAP,true,65e97571ee168266f65ba1beab2d3df63707595e0349dda051be5a7ead1d4427,BROKER_SERVER_SESSION_SCHEDULE|SAME_BROKER_SERVER_LOWER_TIMEFRAME_OR_TICK_EXPORT|INDEPENDENT_SAME_BROKER_SERVER_H1_EXPORT|OFFICIAL_MARKET_OR_BROKER_HOLIDAY_NOTICE,,evidence_package_id|evidence_type|evidence_role_PRIMARY|source_organization|broker|server|symbol|time_basis|timezone_or_unknown|effective_start|effective_end|captured_at|artifact_path|artifact_sha256|source_metadata|validation_status,NO_EVIDENCE_SUBMITTED
GQ0213,2020,Tuesday,2020-10-27T22:00:00,2020-10-28T00:00:00,2.0,1,GOLD#_H1_202001020900_202012311800.csv,GOLD#_H1_202001020900_202012311800.csv,UNVERIFIED,UNVERIFIED_GAP,true,7c2457cdd65c700d72272ac85265874c7d3eba63b7feaa663a9881a85799ac29,BROKER_SERVER_SESSION_SCHEDULE|SAME_BROKER_SERVER_LOWER_TIMEFRAME_OR_TICK_EXPORT|INDEPENDENT_SAME_BROKER_SERVER_H1_EXPORT|OFFICIAL_MARKET_OR_BROKER_HOLIDAY_NOTICE,,evidence_package_id|evidence_type|evidence_role_PRIMARY|source_organization|broker|server|symbol|time_basis|timezone_or_unknown|effective_start|effective_end|captured_at|artifact_path|artifact_sha256|source_metadata|validation_status,NO_EVIDENCE_SUBMITTED
GQ0214,2020,Wednesday,2020-10-28T22:00:00,2020-10-29T00:00:00,2.0,1,GOLD#_H1_202001020900_202012311800.csv,GOLD#_H1_202001020900_202012311800.csv,UNVERIFIED,UNVERIFIED_GAP,true,2478fa4dc89458faa85141d81bc7187d5f510d5be966493a7bb66b74d363716a,BROKER_SERVER_SESSION_SCHEDULE|SAME_BROKER_SERVER_LOWER_TIMEFRAME_OR_TICK_EXPORT|INDEPENDENT_SAME_BROKER_SERVER_H1_EXPORT|OFFICIAL_MARKET_OR_BROKER_HOLIDAY_NOTICE,,evidence_package_id|evidence_type|evidence_role_PRIMARY|source_organization|broker|server|symbol|time_basis|timezone_or_unknown|effective_start|effective_end|captured_at|artifact_path|artifact_sha256|source_metadata|validation_status,NO_EVIDENCE_SUBMITTED
GQ0215,2020,Thursday,2020-10-29T22:00:00,2020-10-30T00:00:00,2.0,1,GOLD#_H1_202001020900_202012311800.csv,GOLD#_H1_202001020900_202012311800.csv,UNVERIFIED,UNVERIFIED_GAP,true,14ce04bf5ac6908cf05a683640acd77c6c908129d01a1164feddde46c22b6784,BROKER_SERVER_SESSION_SCHEDULE|SAME_BROKER_SERVER_LOWER_TIMEFRAME_OR_TICK_EXPORT|INDEPENDENT_SAME_BROKER_SERVER_H1_EXPORT|OFFICIAL_MARKET_OR_BROKER_HOLIDAY_NOTICE,,evidence_package_id|evidence_type|evidence_role_PRIMARY|source_organization|broker|server|symbol|time_basis|timezone_or_unknown|effective_start|effective_end|captured_at|artifact_path|artifact_sha256|source_metadata|validation_status,NO_EVIDENCE_SUBMITTED
GQ0217,2020,Monday,2020-11-02T23:00:00,2020-11-03T01:00:00,2.0,1,GOLD#_H1_202001020900_202012311800.csv,GOLD#_H1_202001020900_202012311800.csv,UNVERIFIED,UNVERIFIED_GAP,true,c6cb6d143c97092165f7fa92edadd205d16ca9c3594b4a6c7ef8b426eb95522f,BROKER_SERVER_SESSION_SCHEDULE|SAME_BROKER_SERVER_LOWER_TIMEFRAME_OR_TICK_EXPORT|INDEPENDENT_SAME_BROKER_SERVER_H1_EXPORT|OFFICIAL_MARKET_OR_BROKER_HOLIDAY_NOTICE,,evidence_package_id|evidence_type|evidence_role_PRIMARY|source_organization|broker|server|symbol|time_basis|timezone_or_unknown|effective_start|effective_end|captured_at|artifact_path|artifact_sha256|source_metadata|validation_status,NO_EVIDENCE_SUBMITTED
GQ0218,2020,Tuesday,2020-11-03T23:00:00,2020-11-04T01:00:00,2.0,1,GOLD#_H1_202001020900_202012311800.csv,GOLD#_H1_202001020900_202012311800.csv,UNVERIFIED,UNVERIFIED_GAP,true,1921f479b8fcee71b61f6ab56a9e632e31cafbdeece781c0dc498da0ea88e17d,BROKER_SERVER_SESSION_SCHEDULE|SAME_BROKER_SERVER_LOWER_TIMEFRAME_OR_TICK_EXPORT|INDEPENDENT_SAME_BROKER_SERVER_H1_EXPORT|OFFICIAL_MARKET_OR_BROKER_HOLIDAY_NOTICE,,evidence_package_id|evidence_type|evidence_role_PRIMARY|source_organization|broker|server|symbol|time_basis|timezone_or_unknown|effective_start|effective_end|captured_at|artifact_path|artifact_sha256|source_metadata|validation_status,NO_EVIDENCE_SUBMITTED
GQ0219,2020,Wednesday,2020-11-04T23:00:00,2020-11-05T01:00:00,2.0,1,GOLD#_H1_202001020900_202012311800.csv,GOLD#_H1_202001020900_202012311800.csv,UNVERIFIED,UNVERIFIED_GAP,true,cd6030fe05668e3196ee04b5ec77c4dddd7b68eef8b958f8072995fb7ad04a0b,BROKER_SERVER_SESSION_SCHEDULE|SAME_BROKER_SERVER_LOWER_TIMEFRAME_OR_TICK_EXPORT|INDEPENDENT_SAME_BROKER_SERVER_H1_EXPORT|OFFICIAL_MARKET_OR_BROKER_HOLIDAY_NOTICE,,evidence_package_id|evidence_type|evidence_role_PRIMARY|source_organization|broker|server|symbol|time_basis|timezone_or_unknown|effective_start|effective_end|captured_at|artifact_path|artifact_sha256|source_metadata|validation_status,NO_EVIDENCE_SUBMITTED
GQ0220,2020,Thursday,2020-11-05T23:00:00,2020-11-06T01:00:00,2.0,1,GOLD#_H1_202001020900_202012311800.csv,GOLD#_H1_202001020900_202012311800.csv,UNVERIFIED,UNVERIFIED_GAP,true,c1a2dfe523c209f098838cda2ec2406a2c42635d34598a4227d6752a57634fca,BROKER_SERVER_SESSION_SCHEDULE|SAME_BROKER_SERVER_LOWER_TIMEFRAME_OR_TICK_EXPORT|INDEPENDENT_SAME_BROKER_SERVER_H1_EXPORT|OFFICIAL_MARKET_OR_BROKER_HOLIDAY_NOTICE,,evidence_package_id|evidence_type|evidence_role_PRIMARY|source_organization|broker|server|symbol|time_basis|timezone_or_unknown|effective_start|effective_end|captured_at|artifact_path|artifact_sha256|source_metadata|validation_status,NO_EVIDENCE_SUBMITTED
GQ0222,2020,Monday,2020-11-09T23:00:00,2020-11-10T01:00:00,2.0,1,GOLD#_H1_202001020900_202012311800.csv,GOLD#_H1_202001020900_202012311800.csv,UNVERIFIED,UNVERIFIED_GAP,true,c6cb6d143c97092165f7fa92edadd205d16ca9c3594b4a6c7ef8b426eb95522f,BROKER_SERVER_SESSION_SCHEDULE|SAME_BROKER_SERVER_LOWER_TIMEFRAME_OR_TICK_EXPORT|INDEPENDENT_SAME_BROKER_SERVER_H1_EXPORT|OFFICIAL_MARKET_OR_BROKER_HOLIDAY_NOTICE,,evidence_package_id|evidence_type|evidence_role_PRIMARY|source_organization|broker|server|symbol|time_basis|timezone_or_unknown|effective_start|effective_end|captured_at|artifact_path|artifact_sha256|source_metadata|validation_status,NO_EVIDENCE_SUBMITTED
GQ0223,2020,Tuesday,2020-11-10T23:00:00,2020-11-11T01:00:00,2.0,1,GOLD#_H1_202001020900_202012311800.csv,GOLD#_H1_202001020900_202012311800.csv,UNVERIFIED,UNVERIFIED_GAP,true,1921f479b8fcee71b61f6ab56a9e632e31cafbdeece781c0dc498da0ea88e17d,BROKER_SERVER_SESSION_SCHEDULE|SAME_BROKER_SERVER_LOWER_TIMEFRAME_OR_TICK_EXPORT|INDEPENDENT_SAME_BROKER_SERVER_H1_EXPORT|OFFICIAL_MARKET_OR_BROKER_HOLIDAY_NOTICE,,evidence_package_id|evidence_type|evidence_role_PRIMARY|source_organization|broker|server|symbol|time_basis|timezone_or_unknown|effective_start|effective_end|captured_at|artifact_path|artifact_sha256|source_metadata|validation_status,NO_EVIDENCE_SUBMITTED
GQ0224,2020,Wednesday,2020-11-11T23:00:00,2020-11-12T01:00:00,2.0,1,GOLD#_H1_202001020900_202012311800.csv,GOLD#_H1_202001020900_202012311800.csv,UNVERIFIED,UNVERIFIED_GAP,true,cd6030fe05668e3196ee04b5ec77c4dddd7b68eef8b958f8072995fb7ad04a0b,BROKER_SERVER_SESSION_SCHEDULE|SAME_BROKER_SERVER_LOWER_TIMEFRAME_OR_TICK_EXPORT|INDEPENDENT_SAME_BROKER_SERVER_H1_EXPORT|OFFICIAL_MARKET_OR_BROKER_HOLIDAY_NOTICE,,evidence_package_id|evidence_type|evidence_role_PRIMARY|source_organization|broker|server|symbol|time_basis|timezone_or_unknown|effective_start|effective_end|captured_at|artifact_path|artifact_sha256|source_metadata|validation_status,NO_EVIDENCE_SUBMITTED
GQ0225,2020,Thursday,2020-11-12T23:00:00,2020-11-13T01:00:00,2.0,1,GOLD#_H1_202001020900_202012311800.csv,GOLD#_H1_202001020900_202012311800.csv,UNVERIFIED,UNVERIFIED_GAP,true,c1a2dfe523c209f098838cda2ec2406a2c42635d34598a4227d6752a57634fca,BROKER_SERVER_SESSION_SCHEDULE|SAME_BROKER_SERVER_LOWER_TIMEFRAME_OR_TICK_EXPORT|INDEPENDENT_SAME_BROKER_SERVER_H1_EXPORT|OFFICIAL_MARKET_OR_BROKER_HOLIDAY_NOTICE,,evidence_package_id|evidence_type|evidence_role_PRIMARY|source_organization|broker|server|symbol|time_basis|timezone_or_unknown|effective_start|effective_end|captured_at|artifact_path|artifact_sha256|source_metadata|validation_status,NO_EVIDENCE_SUBMITTED
GQ0227,2020,Monday,2020-11-16T23:00:00,2020-11-17T01:00:00,2.0,1,GOLD#_H1_202001020900_202012311800.csv,GOLD#_H1_202001020900_202012311800.csv,UNVERIFIED,UNVERIFIED_GAP,true,c6cb6d143c97092165f7fa92edadd205d16ca9c3594b4a6c7ef8b426eb95522f,BROKER_SERVER_SESSION_SCHEDULE|SAME_BROKER_SERVER_LOWER_TIMEFRAME_OR_TICK_EXPORT|INDEPENDENT_SAME_BROKER_SERVER_H1_EXPORT|OFFICIAL_MARKET_OR_BROKER_HOLIDAY_NOTICE,,evidence_package_id|evidence_type|evidence_role_PRIMARY|source_organization|broker|server|symbol|time_basis|timezone_or_unknown|effective_start|effective_end|captured_at|artifact_path|artifact_sha256|source_metadata|validation_status,NO_EVIDENCE_SUBMITTED
GQ0228,2020,Tuesday,2020-11-17T23:00:00,2020-11-18T01:00:00,2.0,1,GOLD#_H1_202001020900_202012311800.csv,GOLD#_H1_202001020900_202012311800.csv,UNVERIFIED,UNVERIFIED_GAP,true,1921f479b8fcee71b61f6ab56a9e632e31cafbdeece781c0dc498da0ea88e17d,BROKER_SERVER_SESSION_SCHEDULE|SAME_BROKER_SERVER_LOWER_TIMEFRAME_OR_TICK_EXPORT|INDEPENDENT_SAME_BROKER_SERVER_H1_EXPORT|OFFICIAL_MARKET_OR_BROKER_HOLIDAY_NOTICE,,evidence_package_id|evidence_type|evidence_role_PRIMARY|source_organization|broker|server|symbol|time_basis|timezone_or_unknown|effective_start|effective_end|captured_at|artifact_path|artifact_sha256|source_metadata|validation_status,NO_EVIDENCE_SUBMITTED
GQ0229,2020,Wednesday,2020-11-18T23:00:00,2020-11-19T01:00:00,2.0,1,GOLD#_H1_202001020900_202012311800.csv,GOLD#_H1_202001020900_202012311800.csv,UNVERIFIED,UNVERIFIED_GAP,true,cd6030fe05668e3196ee04b5ec77c4dddd7b68eef8b958f8072995fb7ad04a0b,BROKER_SERVER_SESSION_SCHEDULE|SAME_BROKER_SERVER_LOWER_TIMEFRAME_OR_TICK_EXPORT|INDEPENDENT_SAME_BROKER_SERVER_H1_EXPORT|OFFICIAL_MARKET_OR_BROKER_HOLIDAY_NOTICE,,evidence_package_id|evidence_type|evidence_role_PRIMARY|source_organization|broker|server|symbol|time_basis|timezone_or_unknown|effective_start|effective_end|captured_at|artifact_path|artifact_sha256|source_metadata|validation_status,NO_EVIDENCE_SUBMITTED
GQ0230,2020,Thursday,2020-11-19T23:00:00,2020-11-20T01:00:00,2.0,1,GOLD#_H1_202001020900_202012311800.csv,GOLD#_H1_202001020900_202012311800.csv,UNVERIFIED,UNVERIFIED_GAP,true,c1a2dfe523c209f098838cda2ec2406a2c42635d34598a4227d6752a57634fca,BROKER_SERVER_SESSION_SCHEDULE|SAME_BROKER_SERVER_LOWER_TIMEFRAME_OR_TICK_EXPORT|INDEPENDENT_SAME_BROKER_SERVER_H1_EXPORT|OFFICIAL_MARKET_OR_BROKER_HOLIDAY_NOTICE,,evidence_package_id|evidence_type|evidence_role_PRIMARY|source_organization|broker|server|symbol|time_basis|timezone_or_unknown|effective_start|effective_end|captured_at|artifact_path|artifact_sha256|source_metadata|validation_status,NO_EVIDENCE_SUBMITTED
GQ0232,2020,Monday,2020-11-23T23:00:00,2020-11-24T01:00:00,2.0,1,GOLD#_H1_202001020900_202012311800.csv,GOLD#_H1_202001020900_202012311800.csv,UNVERIFIED,UNVERIFIED_GAP,true,c6cb6d143c97092165f7fa92edadd205d16ca9c3594b4a6c7ef8b426eb95522f,BROKER_SERVER_SESSION_SCHEDULE|SAME_BROKER_SERVER_LOWER_TIMEFRAME_OR_TICK_EXPORT|INDEPENDENT_SAME_BROKER_SERVER_H1_EXPORT|OFFICIAL_MARKET_OR_BROKER_HOLIDAY_NOTICE,,evidence_package_id|evidence_type|evidence_role_PRIMARY|source_organization|broker|server|symbol|time_basis|timezone_or_unknown|effective_start|effective_end|captured_at|artifact_path|artifact_sha256|source_metadata|validation_status,NO_EVIDENCE_SUBMITTED
GQ0233,2020,Tuesday,2020-11-24T23:00:00,2020-11-25T01:00:00,2.0,1,GOLD#_H1_202001020900_202012311800.csv,GOLD#_H1_202001020900_202012311800.csv,UNVERIFIED,UNVERIFIED_GAP,true,1921f479b8fcee71b61f6ab56a9e632e31cafbdeece781c0dc498da0ea88e17d,BROKER_SERVER_SESSION_SCHEDULE|SAME_BROKER_SERVER_LOWER_TIMEFRAME_OR_TICK_EXPORT|INDEPENDENT_SAME_BROKER_SERVER_H1_EXPORT|OFFICIAL_MARKET_OR_BROKER_HOLIDAY_NOTICE,,evidence_package_id|evidence_type|evidence_role_PRIMARY|source_organization|broker|server|symbol|time_basis|timezone_or_unknown|effective_start|effective_end|captured_at|artifact_path|artifact_sha256|source_metadata|validation_status,NO_EVIDENCE_SUBMITTED
GQ0234,2020,Wednesday,2020-11-25T23:00:00,2020-11-26T01:00:00,2.0,1,GOLD#_H1_202001020900_202012311800.csv,GOLD#_H1_202001020900_202012311800.csv,UNVERIFIED,UNVERIFIED_GAP,true,cd6030fe05668e3196ee04b5ec77c4dddd7b68eef8b958f8072995fb7ad04a0b,BROKER_SERVER_SESSION_SCHEDULE|SAME_BROKER_SERVER_LOWER_TIMEFRAME_OR_TICK_EXPORT|INDEPENDENT_SAME_BROKER_SERVER_H1_EXPORT|OFFICIAL_MARKET_OR_BROKER_HOLIDAY_NOTICE,,evidence_package_id|evidence_type|evidence_role_PRIMARY|source_organization|broker|server|symbol|time_basis|timezone_or_unknown|effective_start|effective_end|captured_at|artifact_path|artifact_sha256|source_metadata|validation_status,NO_EVIDENCE_SUBMITTED
GQ0235,2020,Thursday,2020-11-26T19:00:00,2020-11-27T01:00:00,6.0,5,GOLD#_H1_202001020900_202012311800.csv,GOLD#_H1_202001020900_202012311800.csv,UNVERIFIED,UNVERIFIED_GAP,true,f94bce51530c3fec17e9fc87642b795feb100121dd9fd84c2d4b0e9d33183eee,BROKER_SERVER_SESSION_SCHEDULE|SAME_BROKER_SERVER_LOWER_TIMEFRAME_OR_TICK_EXPORT|INDEPENDENT_SAME_BROKER_SERVER_H1_EXPORT|OFFICIAL_MARKET_OR_BROKER_HOLIDAY_NOTICE,,evidence_package_id|evidence_type|evidence_role_PRIMARY|source_organization|broker|server|symbol|time_basis|timezone_or_unknown|effective_start|effective_end|captured_at|artifact_path|artifact_sha256|source_metadata|validation_status,NO_EVIDENCE_SUBMITTED
GQ0237,2020,Monday,2020-11-30T23:00:00,2020-12-01T01:00:00,2.0,1,GOLD#_H1_202001020900_202012311800.csv,GOLD#_H1_202001020900_202012311800.csv,UNVERIFIED,UNVERIFIED_GAP,true,c6cb6d143c97092165f7fa92edadd205d16ca9c3594b4a6c7ef8b426eb95522f,BROKER_SERVER_SESSION_SCHEDULE|SAME_BROKER_SERVER_LOWER_TIMEFRAME_OR_TICK_EXPORT|INDEPENDENT_SAME_BROKER_SERVER_H1_EXPORT|OFFICIAL_MARKET_OR_BROKER_HOLIDAY_NOTICE,,evidence_package_id|evidence_type|evidence_role_PRIMARY|source_organization|broker|server|symbol|time_basis|timezone_or_unknown|effective_start|effective_end|captured_at|artifact_path|artifact_sha256|source_metadata|validation_status,NO_EVIDENCE_SUBMITTED
GQ0238,2020,Tuesday,2020-12-01T23:00:00,2020-12-02T01:00:00,2.0,1,GOLD#_H1_202001020900_202012311800.csv,GOLD#_H1_202001020900_202012311800.csv,UNVERIFIED,UNVERIFIED_GAP,true,1921f479b8fcee71b61f6ab56a9e632e31cafbdeece781c0dc498da0ea88e17d,BROKER_SERVER_SESSION_SCHEDULE|SAME_BROKER_SERVER_LOWER_TIMEFRAME_OR_TICK_EXPORT|INDEPENDENT_SAME_BROKER_SERVER_H1_EXPORT|OFFICIAL_MARKET_OR_BROKER_HOLIDAY_NOTICE,,evidence_package_id|evidence_type|evidence_role_PRIMARY|source_organization|broker|server|symbol|time_basis|timezone_or_unknown|effective_start|effective_end|captured_at|artifact_path|artifact_sha256|source_metadata|validation_status,NO_EVIDENCE_SUBMITTED
GQ0239,2020,Wednesday,2020-12-02T23:00:00,2020-12-03T01:00:00,2.0,1,GOLD#_H1_202001020900_202012311800.csv,GOLD#_H1_202001020900_202012311800.csv,UNVERIFIED,UNVERIFIED_GAP,true,cd6030fe05668e3196ee04b5ec77c4dddd7b68eef8b958f8072995fb7ad04a0b,BROKER_SERVER_SESSION_SCHEDULE|SAME_BROKER_SERVER_LOWER_TIMEFRAME_OR_TICK_EXPORT|INDEPENDENT_SAME_BROKER_SERVER_H1_EXPORT|OFFICIAL_MARKET_OR_BROKER_HOLIDAY_NOTICE,,evidence_package_id|evidence_type|evidence_role_PRIMARY|source_organization|broker|server|symbol|time_basis|timezone_or_unknown|effective_start|effective_end|captured_at|artifact_path|artifact_sha256|source_metadata|validation_status,NO_EVIDENCE_SUBMITTED
GQ0240,2020,Thursday,2020-12-03T23:00:00,2020-12-04T01:00:00,2.0,1,GOLD#_H1_202001020900_202012311800.csv,GOLD#_H1_202001020900_202012311800.csv,UNVERIFIED,UNVERIFIED_GAP,true,c1a2dfe523c209f098838cda2ec2406a2c42635d34598a4227d6752a57634fca,BROKER_SERVER_SESSION_SCHEDULE|SAME_BROKER_SERVER_LOWER_TIMEFRAME_OR_TICK_EXPORT|INDEPENDENT_SAME_BROKER_SERVER_H1_EXPORT|OFFICIAL_MARKET_OR_BROKER_HOLIDAY_NOTICE,,evidence_package_id|evidence_type|evidence_role_PRIMARY|source_organization|broker|server|symbol|time_basis|timezone_or_unknown|effective_start|effective_end|captured_at|artifact_path|artifact_sha256|source_metadata|validation_status,NO_EVIDENCE_SUBMITTED
GQ0242,2020,Monday,2020-12-07T23:00:00,2020-12-08T01:00:00,2.0,1,GOLD#_H1_202001020900_202012311800.csv,GOLD#_H1_202001020900_202012311800.csv,UNVERIFIED,UNVERIFIED_GAP,true,c6cb6d143c97092165f7fa92edadd205d16ca9c3594b4a6c7ef8b426eb95522f,BROKER_SERVER_SESSION_SCHEDULE|SAME_BROKER_SERVER_LOWER_TIMEFRAME_OR_TICK_EXPORT|INDEPENDENT_SAME_BROKER_SERVER_H1_EXPORT|OFFICIAL_MARKET_OR_BROKER_HOLIDAY_NOTICE,,evidence_package_id|evidence_type|evidence_role_PRIMARY|source_organization|broker|server|symbol|time_basis|timezone_or_unknown|effective_start|effective_end|captured_at|artifact_path|artifact_sha256|source_metadata|validation_status,NO_EVIDENCE_SUBMITTED
GQ0243,2020,Tuesday,2020-12-08T23:00:00,2020-12-09T01:00:00,2.0,1,GOLD#_H1_202001020900_202012311800.csv,GOLD#_H1_202001020900_202012311800.csv,UNVERIFIED,UNVERIFIED_GAP,true,1921f479b8fcee71b61f6ab56a9e632e31cafbdeece781c0dc498da0ea88e17d,BROKER_SERVER_SESSION_SCHEDULE|SAME_BROKER_SERVER_LOWER_TIMEFRAME_OR_TICK_EXPORT|INDEPENDENT_SAME_BROKER_SERVER_H1_EXPORT|OFFICIAL_MARKET_OR_BROKER_HOLIDAY_NOTICE,,evidence_package_id|evidence_type|evidence_role_PRIMARY|source_organization|broker|server|symbol|time_basis|timezone_or_unknown|effective_start|effective_end|captured_at|artifact_path|artifact_sha256|source_metadata|validation_status,NO_EVIDENCE_SUBMITTED
GQ0244,2020,Wednesday,2020-12-09T23:00:00,2020-12-10T01:00:00,2.0,1,GOLD#_H1_202001020900_202012311800.csv,GOLD#_H1_202001020900_202012311800.csv,UNVERIFIED,UNVERIFIED_GAP,true,cd6030fe05668e3196ee04b5ec77c4dddd7b68eef8b958f8072995fb7ad04a0b,BROKER_SERVER_SESSION_SCHEDULE|SAME_BROKER_SERVER_LOWER_TIMEFRAME_OR_TICK_EXPORT|INDEPENDENT_SAME_BROKER_SERVER_H1_EXPORT|OFFICIAL_MARKET_OR_BROKER_HOLIDAY_NOTICE,,evidence_package_id|evidence_type|evidence_role_PRIMARY|source_organization|broker|server|symbol|time_basis|timezone_or_unknown|effective_start|effective_end|captured_at|artifact_path|artifact_sha256|source_metadata|validation_status,NO_EVIDENCE_SUBMITTED
GQ0245,2020,Thursday,2020-12-10T23:00:00,2020-12-11T01:00:00,2.0,1,GOLD#_H1_202001020900_202012311800.csv,GOLD#_H1_202001020900_202012311800.csv,UNVERIFIED,UNVERIFIED_GAP,true,c1a2dfe523c209f098838cda2ec2406a2c42635d34598a4227d6752a57634fca,BROKER_SERVER_SESSION_SCHEDULE|SAME_BROKER_SERVER_LOWER_TIMEFRAME_OR_TICK_EXPORT|INDEPENDENT_SAME_BROKER_SERVER_H1_EXPORT|OFFICIAL_MARKET_OR_BROKER_HOLIDAY_NOTICE,,evidence_package_id|evidence_type|evidence_role_PRIMARY|source_organization|broker|server|symbol|time_basis|timezone_or_unknown|effective_start|effective_end|captured_at|artifact_path|artifact_sha256|source_metadata|validation_status,NO_EVIDENCE_SUBMITTED
GQ0247,2020,Monday,2020-12-14T23:00:00,2020-12-15T01:00:00,2.0,1,GOLD#_H1_202001020900_202012311800.csv,GOLD#_H1_202001020900_202012311800.csv,UNVERIFIED,UNVERIFIED_GAP,true,c6cb6d143c97092165f7fa92edadd205d16ca9c3594b4a6c7ef8b426eb95522f,BROKER_SERVER_SESSION_SCHEDULE|SAME_BROKER_SERVER_LOWER_TIMEFRAME_OR_TICK_EXPORT|INDEPENDENT_SAME_BROKER_SERVER_H1_EXPORT|OFFICIAL_MARKET_OR_BROKER_HOLIDAY_NOTICE,,evidence_package_id|evidence_type|evidence_role_PRIMARY|source_organization|broker|server|symbol|time_basis|timezone_or_unknown|effective_start|effective_end|captured_at|artifact_path|artifact_sha256|source_metadata|validation_status,NO_EVIDENCE_SUBMITTED
GQ0248,2020,Tuesday,2020-12-15T23:00:00,2020-12-16T01:00:00,2.0,1,GOLD#_H1_202001020900_202012311800.csv,GOLD#_H1_202001020900_202012311800.csv,UNVERIFIED,UNVERIFIED_GAP,true,1921f479b8fcee71b61f6ab56a9e632e31cafbdeece781c0dc498da0ea88e17d,BROKER_SERVER_SESSION_SCHEDULE|SAME_BROKER_SERVER_LOWER_TIMEFRAME_OR_TICK_EXPORT|INDEPENDENT_SAME_BROKER_SERVER_H1_EXPORT|OFFICIAL_MARKET_OR_BROKER_HOLIDAY_NOTICE,,evidence_package_id|evidence_type|evidence_role_PRIMARY|source_organization|broker|server|symbol|time_basis|timezone_or_unknown|effective_start|effective_end|captured_at|artifact_path|artifact_sha256|source_metadata|validation_status,NO_EVIDENCE_SUBMITTED
GQ0249,2020,Wednesday,2020-12-16T23:00:00,2020-12-17T01:00:00,2.0,1,GOLD#_H1_202001020900_202012311800.csv,GOLD#_H1_202001020900_202012311800.csv,UNVERIFIED,UNVERIFIED_GAP,true,cd6030fe05668e3196ee04b5ec77c4dddd7b68eef8b958f8072995fb7ad04a0b,BROKER_SERVER_SESSION_SCHEDULE|SAME_BROKER_SERVER_LOWER_TIMEFRAME_OR_TICK_EXPORT|INDEPENDENT_SAME_BROKER_SERVER_H1_EXPORT|OFFICIAL_MARKET_OR_BROKER_HOLIDAY_NOTICE,,evidence_package_id|evidence_type|evidence_role_PRIMARY|source_organization|broker|server|symbol|time_basis|timezone_or_unknown|effective_start|effective_end|captured_at|artifact_path|artifact_sha256|source_metadata|validation_status,NO_EVIDENCE_SUBMITTED
GQ0250,2020,Thursday,2020-12-17T23:00:00,2020-12-18T01:00:00,2.0,1,GOLD#_H1_202001020900_202012311800.csv,GOLD#_H1_202001020900_202012311800.csv,UNVERIFIED,UNVERIFIED_GAP,true,c1a2dfe523c209f098838cda2ec2406a2c42635d34598a4227d6752a57634fca,BROKER_SERVER_SESSION_SCHEDULE|SAME_BROKER_SERVER_LOWER_TIMEFRAME_OR_TICK_EXPORT|INDEPENDENT_SAME_BROKER_SERVER_H1_EXPORT|OFFICIAL_MARKET_OR_BROKER_HOLIDAY_NOTICE,,evidence_package_id|evidence_type|evidence_role_PRIMARY|source_organization|broker|server|symbol|time_basis|timezone_or_unknown|effective_start|effective_end|captured_at|artifact_path|artifact_sha256|source_metadata|validation_status,NO_EVIDENCE_SUBMITTED
GQ0252,2020,Monday,2020-12-21T23:00:00,2020-12-22T01:00:00,2.0,1,GOLD#_H1_202001020900_202012311800.csv,GOLD#_H1_202001020900_202012311800.csv,UNVERIFIED,UNVERIFIED_GAP,true,c6cb6d143c97092165f7fa92edadd205d16ca9c3594b4a6c7ef8b426eb95522f,BROKER_SERVER_SESSION_SCHEDULE|SAME_BROKER_SERVER_LOWER_TIMEFRAME_OR_TICK_EXPORT|INDEPENDENT_SAME_BROKER_SERVER_H1_EXPORT|OFFICIAL_MARKET_OR_BROKER_HOLIDAY_NOTICE,,evidence_package_id|evidence_type|evidence_role_PRIMARY|source_organization|broker|server|symbol|time_basis|timezone_or_unknown|effective_start|effective_end|captured_at|artifact_path|artifact_sha256|source_metadata|validation_status,NO_EVIDENCE_SUBMITTED
GQ0253,2020,Tuesday,2020-12-22T23:00:00,2020-12-23T01:00:00,2.0,1,GOLD#_H1_202001020900_202012311800.csv,GOLD#_H1_202001020900_202012311800.csv,UNVERIFIED,UNVERIFIED_GAP,true,1921f479b8fcee71b61f6ab56a9e632e31cafbdeece781c0dc498da0ea88e17d,BROKER_SERVER_SESSION_SCHEDULE|SAME_BROKER_SERVER_LOWER_TIMEFRAME_OR_TICK_EXPORT|INDEPENDENT_SAME_BROKER_SERVER_H1_EXPORT|OFFICIAL_MARKET_OR_BROKER_HOLIDAY_NOTICE,,evidence_package_id|evidence_type|evidence_role_PRIMARY|source_organization|broker|server|symbol|time_basis|timezone_or_unknown|effective_start|effective_end|captured_at|artifact_path|artifact_sha256|source_metadata|validation_status,NO_EVIDENCE_SUBMITTED
GQ0254,2020,Wednesday,2020-12-23T23:00:00,2020-12-24T01:00:00,2.0,1,GOLD#_H1_202001020900_202012311800.csv,GOLD#_H1_202001020900_202012311800.csv,UNVERIFIED,UNVERIFIED_GAP,true,cd6030fe05668e3196ee04b5ec77c4dddd7b68eef8b958f8072995fb7ad04a0b,BROKER_SERVER_SESSION_SCHEDULE|SAME_BROKER_SERVER_LOWER_TIMEFRAME_OR_TICK_EXPORT|INDEPENDENT_SAME_BROKER_SERVER_H1_EXPORT|OFFICIAL_MARKET_OR_BROKER_HOLIDAY_NOTICE,,evidence_package_id|evidence_type|evidence_role_PRIMARY|source_organization|broker|server|symbol|time_basis|timezone_or_unknown|effective_start|effective_end|captured_at|artifact_path|artifact_sha256|source_metadata|validation_status,NO_EVIDENCE_SUBMITTED
GQ0255,2020,Thursday,2020-12-24T18:00:00,2020-12-28T01:00:00,79.0,78,GOLD#_H1_202001020900_202012311800.csv,GOLD#_H1_202001020900_202012311800.csv,UNVERIFIED,UNVERIFIED_GAP,true,662962a8d455d6192851f795bca33fbd1e17e131c0ae51c96d14aa53b1beedc6,BROKER_SERVER_SESSION_SCHEDULE|SAME_BROKER_SERVER_LOWER_TIMEFRAME_OR_TICK_EXPORT|INDEPENDENT_SAME_BROKER_SERVER_H1_EXPORT|OFFICIAL_MARKET_OR_BROKER_HOLIDAY_NOTICE,,evidence_package_id|evidence_type|evidence_role_PRIMARY|source_organization|broker|server|symbol|time_basis|timezone_or_unknown|effective_start|effective_end|captured_at|artifact_path|artifact_sha256|source_metadata|validation_status,NO_EVIDENCE_SUBMITTED
GQ0256,2020,Monday,2020-12-28T23:00:00,2020-12-29T01:00:00,2.0,1,GOLD#_H1_202001020900_202012311800.csv,GOLD#_H1_202001020900_202012311800.csv,UNVERIFIED,UNVERIFIED_GAP,true,c6cb6d143c97092165f7fa92edadd205d16ca9c3594b4a6c7ef8b426eb95522f,BROKER_SERVER_SESSION_SCHEDULE|SAME_BROKER_SERVER_LOWER_TIMEFRAME_OR_TICK_EXPORT|INDEPENDENT_SAME_BROKER_SERVER_H1_EXPORT|OFFICIAL_MARKET_OR_BROKER_HOLIDAY_NOTICE,,evidence_package_id|evidence_type|evidence_role_PRIMARY|source_organization|broker|server|symbol|time_basis|timezone_or_unknown|effective_start|effective_end|captured_at|artifact_path|artifact_sha256|source_metadata|validation_status,NO_EVIDENCE_SUBMITTED
GQ0257,2020,Tuesday,2020-12-29T23:00:00,2020-12-30T01:00:00,2.0,1,GOLD#_H1_202001020900_202012311800.csv,GOLD#_H1_202001020900_202012311800.csv,UNVERIFIED,UNVERIFIED_GAP,true,1921f479b8fcee71b61f6ab56a9e632e31cafbdeece781c0dc498da0ea88e17d,BROKER_SERVER_SESSION_SCHEDULE|SAME_BROKER_SERVER_LOWER_TIMEFRAME_OR_TICK_EXPORT|INDEPENDENT_SAME_BROKER_SERVER_H1_EXPORT|OFFICIAL_MARKET_OR_BROKER_HOLIDAY_NOTICE,,evidence_package_id|evidence_type|evidence_role_PRIMARY|source_organization|broker|server|symbol|time_basis|timezone_or_unknown|effective_start|effective_end|captured_at|artifact_path|artifact_sha256|source_metadata|validation_status,NO_EVIDENCE_SUBMITTED
GQ0258,2020,Wednesday,2020-12-30T23:00:00,2020-12-31T01:00:00,2.0,1,GOLD#_H1_202001020900_202012311800.csv,GOLD#_H1_202001020900_202012311800.csv,UNVERIFIED,UNVERIFIED_GAP,true,cd6030fe05668e3196ee04b5ec77c4dddd7b68eef8b958f8072995fb7ad04a0b,BROKER_SERVER_SESSION_SCHEDULE|SAME_BROKER_SERVER_LOWER_TIMEFRAME_OR_TICK_EXPORT|INDEPENDENT_SAME_BROKER_SERVER_H1_EXPORT|OFFICIAL_MARKET_OR_BROKER_HOLIDAY_NOTICE,,evidence_package_id|evidence_type|evidence_role_PRIMARY|source_organization|broker|server|symbol|time_basis|timezone_or_unknown|effective_start|effective_end|captured_at|artifact_path|artifact_sha256|source_metadata|validation_status,NO_EVIDENCE_SUBMITTED
GQ0259,2020,Thursday,2020-12-31T18:00:00,2021-01-04T01:00:00,79.0,78,GOLD#_H1_202001020900_202012311800.csv,GOLD#_H1_202101040100_202112311800.csv,UNVERIFIED,UNVERIFIED_GAP,true,cfd2b12c555f5090bbbf0037b942c03bb92723d428926f621204e65d52cc7736,BROKER_SERVER_SESSION_SCHEDULE|SAME_BROKER_SERVER_LOWER_TIMEFRAME_OR_TICK_EXPORT|INDEPENDENT_SAME_BROKER_SERVER_H1_EXPORT|OFFICIAL_MARKET_OR_BROKER_HOLIDAY_NOTICE,,evidence_package_id|evidence_type|evidence_role_PRIMARY|source_organization|broker|server|symbol|time_basis|timezone_or_unknown|effective_start|effective_end|captured_at|artifact_path|artifact_sha256|source_metadata|validation_status,NO_EVIDENCE_SUBMITTED
GQ0260,2021,Monday,2021-01-04T23:00:00,2021-01-05T01:00:00,2.0,1,GOLD#_H1_202101040100_202112311800.csv,GOLD#_H1_202101040100_202112311800.csv,UNVERIFIED,UNVERIFIED_GAP,true,41788d072da2c7f0c6a4fb42ce01c1e8254d697e778164fc83dce052f65c50a5,BROKER_SERVER_SESSION_SCHEDULE|SAME_BROKER_SERVER_LOWER_TIMEFRAME_OR_TICK_EXPORT|INDEPENDENT_SAME_BROKER_SERVER_H1_EXPORT|OFFICIAL_MARKET_OR_BROKER_HOLIDAY_NOTICE,,evidence_package_id|evidence_type|evidence_role_PRIMARY|source_organization|broker|server|symbol|time_basis|timezone_or_unknown|effective_start|effective_end|captured_at|artifact_path|artifact_sha256|source_metadata|validation_status,NO_EVIDENCE_SUBMITTED
GQ0261,2021,Tuesday,2021-01-05T23:00:00,2021-01-06T01:00:00,2.0,1,GOLD#_H1_202101040100_202112311800.csv,GOLD#_H1_202101040100_202112311800.csv,UNVERIFIED,UNVERIFIED_GAP,true,53280efdf6bc9f719693aff8ee0cd9e5953a29cee58ee2a97648ba481f9b3c4f,BROKER_SERVER_SESSION_SCHEDULE|SAME_BROKER_SERVER_LOWER_TIMEFRAME_OR_TICK_EXPORT|INDEPENDENT_SAME_BROKER_SERVER_H1_EXPORT|OFFICIAL_MARKET_OR_BROKER_HOLIDAY_NOTICE,,evidence_package_id|evidence_type|evidence_role_PRIMARY|source_organization|broker|server|symbol|time_basis|timezone_or_unknown|effective_start|effective_end|captured_at|artifact_path|artifact_sha256|source_metadata|validation_status,NO_EVIDENCE_SUBMITTED
GQ0262,2021,Wednesday,2021-01-06T23:00:00,2021-01-07T01:00:00,2.0,1,GOLD#_H1_202101040100_202112311800.csv,GOLD#_H1_202101040100_202112311800.csv,UNVERIFIED,UNVERIFIED_GAP,true,d76217406ee93f5010b97cbcf9ca99649b2aceef5b7bcb42cf8209c7ba6ec3d6,BROKER_SERVER_SESSION_SCHEDULE|SAME_BROKER_SERVER_LOWER_TIMEFRAME_OR_TICK_EXPORT|INDEPENDENT_SAME_BROKER_SERVER_H1_EXPORT|OFFICIAL_MARKET_OR_BROKER_HOLIDAY_NOTICE,,evidence_package_id|evidence_type|evidence_role_PRIMARY|source_organization|broker|server|symbol|time_basis|timezone_or_unknown|effective_start|effective_end|captured_at|artifact_path|artifact_sha256|source_metadata|validation_status,NO_EVIDENCE_SUBMITTED
GQ0263,2021,Thursday,2021-01-07T23:00:00,2021-01-08T01:00:00,2.0,1,GOLD#_H1_202101040100_202112311800.csv,GOLD#_H1_202101040100_202112311800.csv,UNVERIFIED,UNVERIFIED_GAP,true,584d3ff35576855898e412d9fb2a6f3aa8735a4cdef39a6dfff4762a633923e7,BROKER_SERVER_SESSION_SCHEDULE|SAME_BROKER_SERVER_LOWER_TIMEFRAME_OR_TICK_EXPORT|INDEPENDENT_SAME_BROKER_SERVER_H1_EXPORT|OFFICIAL_MARKET_OR_BROKER_HOLIDAY_NOTICE,,evidence_package_id|evidence_type|evidence_role_PRIMARY|source_organization|broker|server|symbol|time_basis|timezone_or_unknown|effective_start|effective_end|captured_at|artifact_path|artifact_sha256|source_metadata|validation_status,NO_EVIDENCE_SUBMITTED
GQ0265,2021,Monday,2021-01-11T23:00:00,2021-01-12T01:00:00,2.0,1,GOLD#_H1_202101040100_202112311800.csv,GOLD#_H1_202101040100_202112311800.csv,UNVERIFIED,UNVERIFIED_GAP,true,41788d072da2c7f0c6a4fb42ce01c1e8254d697e778164fc83dce052f65c50a5,BROKER_SERVER_SESSION_SCHEDULE|SAME_BROKER_SERVER_LOWER_TIMEFRAME_OR_TICK_EXPORT|INDEPENDENT_SAME_BROKER_SERVER_H1_EXPORT|OFFICIAL_MARKET_OR_BROKER_HOLIDAY_NOTICE,,evidence_package_id|evidence_type|evidence_role_PRIMARY|source_organization|broker|server|symbol|time_basis|timezone_or_unknown|effective_start|effective_end|captured_at|artifact_path|artifact_sha256|source_metadata|validation_status,NO_EVIDENCE_SUBMITTED
GQ0266,2021,Tuesday,2021-01-12T23:00:00,2021-01-13T01:00:00,2.0,1,GOLD#_H1_202101040100_202112311800.csv,GOLD#_H1_202101040100_202112311800.csv,UNVERIFIED,UNVERIFIED_GAP,true,53280efdf6bc9f719693aff8ee0cd9e5953a29cee58ee2a97648ba481f9b3c4f,BROKER_SERVER_SESSION_SCHEDULE|SAME_BROKER_SERVER_LOWER_TIMEFRAME_OR_TICK_EXPORT|INDEPENDENT_SAME_BROKER_SERVER_H1_EXPORT|OFFICIAL_MARKET_OR_BROKER_HOLIDAY_NOTICE,,evidence_package_id|evidence_type|evidence_role_PRIMARY|source_organization|broker|server|symbol|time_basis|timezone_or_unknown|effective_start|effective_end|captured_at|artifact_path|artifact_sha256|source_metadata|validation_status,NO_EVIDENCE_SUBMITTED
GQ0267,2021,Wednesday,2021-01-13T23:00:00,2021-01-14T01:00:00,2.0,1,GOLD#_H1_202101040100_202112311800.csv,GOLD#_H1_202101040100_202112311800.csv,UNVERIFIED,UNVERIFIED_GAP,true,d76217406ee93f5010b97cbcf9ca99649b2aceef5b7bcb42cf8209c7ba6ec3d6,BROKER_SERVER_SESSION_SCHEDULE|SAME_BROKER_SERVER_LOWER_TIMEFRAME_OR_TICK_EXPORT|INDEPENDENT_SAME_BROKER_SERVER_H1_EXPORT|OFFICIAL_MARKET_OR_BROKER_HOLIDAY_NOTICE,,evidence_package_id|evidence_type|evidence_role_PRIMARY|source_organization|broker|server|symbol|time_basis|timezone_or_unknown|effective_start|effective_end|captured_at|artifact_path|artifact_sha256|source_metadata|validation_status,NO_EVIDENCE_SUBMITTED
GQ0268,2021,Thursday,2021-01-14T23:00:00,2021-01-15T01:00:00,2.0,1,GOLD#_H1_202101040100_202112311800.csv,GOLD#_H1_202101040100_202112311800.csv,UNVERIFIED,UNVERIFIED_GAP,true,584d3ff35576855898e412d9fb2a6f3aa8735a4cdef39a6dfff4762a633923e7,BROKER_SERVER_SESSION_SCHEDULE|SAME_BROKER_SERVER_LOWER_TIMEFRAME_OR_TICK_EXPORT|INDEPENDENT_SAME_BROKER_SERVER_H1_EXPORT|OFFICIAL_MARKET_OR_BROKER_HOLIDAY_NOTICE,,evidence_package_id|evidence_type|evidence_role_PRIMARY|source_organization|broker|server|symbol|time_basis|timezone_or_unknown|effective_start|effective_end|captured_at|artifact_path|artifact_sha256|source_metadata|validation_status,NO_EVIDENCE_SUBMITTED
GQ0270,2021,Monday,2021-01-18T19:00:00,2021-01-19T01:00:00,6.0,5,GOLD#_H1_202101040100_202112311800.csv,GOLD#_H1_202101040100_202112311800.csv,UNVERIFIED,UNVERIFIED_GAP,true,8919b66f0a00d54fafc960616a1ee3cbd08115bc5b74f82868224b00684803dc,BROKER_SERVER_SESSION_SCHEDULE|SAME_BROKER_SERVER_LOWER_TIMEFRAME_OR_TICK_EXPORT|INDEPENDENT_SAME_BROKER_SERVER_H1_EXPORT|OFFICIAL_MARKET_OR_BROKER_HOLIDAY_NOTICE,,evidence_package_id|evidence_type|evidence_role_PRIMARY|source_organization|broker|server|symbol|time_basis|timezone_or_unknown|effective_start|effective_end|captured_at|artifact_path|artifact_sha256|source_metadata|validation_status,NO_EVIDENCE_SUBMITTED
GQ0271,2021,Tuesday,2021-01-19T23:00:00,2021-01-20T01:00:00,2.0,1,GOLD#_H1_202101040100_202112311800.csv,GOLD#_H1_202101040100_202112311800.csv,UNVERIFIED,UNVERIFIED_GAP,true,53280efdf6bc9f719693aff8ee0cd9e5953a29cee58ee2a97648ba481f9b3c4f,BROKER_SERVER_SESSION_SCHEDULE|SAME_BROKER_SERVER_LOWER_TIMEFRAME_OR_TICK_EXPORT|INDEPENDENT_SAME_BROKER_SERVER_H1_EXPORT|OFFICIAL_MARKET_OR_BROKER_HOLIDAY_NOTICE,,evidence_package_id|evidence_type|evidence_role_PRIMARY|source_organization|broker|server|symbol|time_basis|timezone_or_unknown|effective_start|effective_end|captured_at|artifact_path|artifact_sha256|source_metadata|validation_status,NO_EVIDENCE_SUBMITTED
GQ0272,2021,Wednesday,2021-01-20T23:00:00,2021-01-21T01:00:00,2.0,1,GOLD#_H1_202101040100_202112311800.csv,GOLD#_H1_202101040100_202112311800.csv,UNVERIFIED,UNVERIFIED_GAP,true,d76217406ee93f5010b97cbcf9ca99649b2aceef5b7bcb42cf8209c7ba6ec3d6,BROKER_SERVER_SESSION_SCHEDULE|SAME_BROKER_SERVER_LOWER_TIMEFRAME_OR_TICK_EXPORT|INDEPENDENT_SAME_BROKER_SERVER_H1_EXPORT|OFFICIAL_MARKET_OR_BROKER_HOLIDAY_NOTICE,,evidence_package_id|evidence_type|evidence_role_PRIMARY|source_organization|broker|server|symbol|time_basis|timezone_or_unknown|effective_start|effective_end|captured_at|artifact_path|artifact_sha256|source_metadata|validation_status,NO_EVIDENCE_SUBMITTED
GQ0273,2021,Thursday,2021-01-21T23:00:00,2021-01-22T01:00:00,2.0,1,GOLD#_H1_202101040100_202112311800.csv,GOLD#_H1_202101040100_202112311800.csv,UNVERIFIED,UNVERIFIED_GAP,true,584d3ff35576855898e412d9fb2a6f3aa8735a4cdef39a6dfff4762a633923e7,BROKER_SERVER_SESSION_SCHEDULE|SAME_BROKER_SERVER_LOWER_TIMEFRAME_OR_TICK_EXPORT|INDEPENDENT_SAME_BROKER_SERVER_H1_EXPORT|OFFICIAL_MARKET_OR_BROKER_HOLIDAY_NOTICE,,evidence_package_id|evidence_type|evidence_role_PRIMARY|source_organization|broker|server|symbol|time_basis|timezone_or_unknown|effective_start|effective_end|captured_at|artifact_path|artifact_sha256|source_metadata|validation_status,NO_EVIDENCE_SUBMITTED
GQ0275,2021,Monday,2021-01-25T23:00:00,2021-01-26T01:00:00,2.0,1,GOLD#_H1_202101040100_202112311800.csv,GOLD#_H1_202101040100_202112311800.csv,UNVERIFIED,UNVERIFIED_GAP,true,41788d072da2c7f0c6a4fb42ce01c1e8254d697e778164fc83dce052f65c50a5,BROKER_SERVER_SESSION_SCHEDULE|SAME_BROKER_SERVER_LOWER_TIMEFRAME_OR_TICK_EXPORT|INDEPENDENT_SAME_BROKER_SERVER_H1_EXPORT|OFFICIAL_MARKET_OR_BROKER_HOLIDAY_NOTICE,,evidence_package_id|evidence_type|evidence_role_PRIMARY|source_organization|broker|server|symbol|time_basis|timezone_or_unknown|effective_start|effective_end|captured_at|artifact_path|artifact_sha256|source_metadata|validation_status,NO_EVIDENCE_SUBMITTED
GQ0276,2021,Tuesday,2021-01-26T23:00:00,2021-01-27T01:00:00,2.0,1,GOLD#_H1_202101040100_202112311800.csv,GOLD#_H1_202101040100_202112311800.csv,UNVERIFIED,UNVERIFIED_GAP,true,53280efdf6bc9f719693aff8ee0cd9e5953a29cee58ee2a97648ba481f9b3c4f,BROKER_SERVER_SESSION_SCHEDULE|SAME_BROKER_SERVER_LOWER_TIMEFRAME_OR_TICK_EXPORT|INDEPENDENT_SAME_BROKER_SERVER_H1_EXPORT|OFFICIAL_MARKET_OR_BROKER_HOLIDAY_NOTICE,,evidence_package_id|evidence_type|evidence_role_PRIMARY|source_organization|broker|server|symbol|time_basis|timezone_or_unknown|effective_start|effective_end|captured_at|artifact_path|artifact_sha256|source_metadata|validation_status,NO_EVIDENCE_SUBMITTED
GQ0277,2021,Wednesday,2021-01-27T23:00:00,2021-01-28T01:00:00,2.0,1,GOLD#_H1_202101040100_202112311800.csv,GOLD#_H1_202101040100_202112311800.csv,UNVERIFIED,UNVERIFIED_GAP,true,d76217406ee93f5010b97cbcf9ca99649b2aceef5b7bcb42cf8209c7ba6ec3d6,BROKER_SERVER_SESSION_SCHEDULE|SAME_BROKER_SERVER_LOWER_TIMEFRAME_OR_TICK_EXPORT|INDEPENDENT_SAME_BROKER_SERVER_H1_EXPORT|OFFICIAL_MARKET_OR_BROKER_HOLIDAY_NOTICE,,evidence_package_id|evidence_type|evidence_role_PRIMARY|source_organization|broker|server|symbol|time_basis|timezone_or_unknown|effective_start|effective_end|captured_at|artifact_path|artifact_sha256|source_metadata|validation_status,NO_EVIDENCE_SUBMITTED
GQ0278,2021,Thursday,2021-01-28T23:00:00,2021-01-29T01:00:00,2.0,1,GOLD#_H1_202101040100_202112311800.csv,GOLD#_H1_202101040100_202112311800.csv,UNVERIFIED,UNVERIFIED_GAP,true,584d3ff35576855898e412d9fb2a6f3aa8735a4cdef39a6dfff4762a633923e7,BROKER_SERVER_SESSION_SCHEDULE|SAME_BROKER_SERVER_LOWER_TIMEFRAME_OR_TICK_EXPORT|INDEPENDENT_SAME_BROKER_SERVER_H1_EXPORT|OFFICIAL_MARKET_OR_BROKER_HOLIDAY_NOTICE,,evidence_package_id|evidence_type|evidence_role_PRIMARY|source_organization|broker|server|symbol|time_basis|timezone_or_unknown|effective_start|effective_end|captured_at|artifact_path|artifact_sha256|source_metadata|validation_status,NO_EVIDENCE_SUBMITTED
GQ0280,2021,Monday,2021-02-01T23:00:00,2021-02-02T01:00:00,2.0,1,GOLD#_H1_202101040100_202112311800.csv,GOLD#_H1_202101040100_202112311800.csv,UNVERIFIED,UNVERIFIED_GAP,true,41788d072da2c7f0c6a4fb42ce01c1e8254d697e778164fc83dce052f65c50a5,BROKER_SERVER_SESSION_SCHEDULE|SAME_BROKER_SERVER_LOWER_TIMEFRAME_OR_TICK_EXPORT|INDEPENDENT_SAME_BROKER_SERVER_H1_EXPORT|OFFICIAL_MARKET_OR_BROKER_HOLIDAY_NOTICE,,evidence_package_id|evidence_type|evidence_role_PRIMARY|source_organization|broker|server|symbol|time_basis|timezone_or_unknown|effective_start|effective_end|captured_at|artifact_path|artifact_sha256|source_metadata|validation_status,NO_EVIDENCE_SUBMITTED
GQ0281,2021,Tuesday,2021-02-02T23:00:00,2021-02-03T01:00:00,2.0,1,GOLD#_H1_202101040100_202112311800.csv,GOLD#_H1_202101040100_202112311800.csv,UNVERIFIED,UNVERIFIED_GAP,true,53280efdf6bc9f719693aff8ee0cd9e5953a29cee58ee2a97648ba481f9b3c4f,BROKER_SERVER_SESSION_SCHEDULE|SAME_BROKER_SERVER_LOWER_TIMEFRAME_OR_TICK_EXPORT|INDEPENDENT_SAME_BROKER_SERVER_H1_EXPORT|OFFICIAL_MARKET_OR_BROKER_HOLIDAY_NOTICE,,evidence_package_id|evidence_type|evidence_role_PRIMARY|source_organization|broker|server|symbol|time_basis|timezone_or_unknown|effective_start|effective_end|captured_at|artifact_path|artifact_sha256|source_metadata|validation_status,NO_EVIDENCE_SUBMITTED
GQ0282,2021,Wednesday,2021-02-03T23:00:00,2021-02-04T01:00:00,2.0,1,GOLD#_H1_202101040100_202112311800.csv,GOLD#_H1_202101040100_202112311800.csv,UNVERIFIED,UNVERIFIED_GAP,true,d76217406ee93f5010b97cbcf9ca99649b2aceef5b7bcb42cf8209c7ba6ec3d6,BROKER_SERVER_SESSION_SCHEDULE|SAME_BROKER_SERVER_LOWER_TIMEFRAME_OR_TICK_EXPORT|INDEPENDENT_SAME_BROKER_SERVER_H1_EXPORT|OFFICIAL_MARKET_OR_BROKER_HOLIDAY_NOTICE,,evidence_package_id|evidence_type|evidence_role_PRIMARY|source_organization|broker|server|symbol|time_basis|timezone_or_unknown|effective_start|effective_end|captured_at|artifact_path|artifact_sha256|source_metadata|validation_status,NO_EVIDENCE_SUBMITTED
GQ0283,2021,Thursday,2021-02-04T23:00:00,2021-02-05T01:00:00,2.0,1,GOLD#_H1_202101040100_202112311800.csv,GOLD#_H1_202101040100_202112311800.csv,UNVERIFIED,UNVERIFIED_GAP,true,584d3ff35576855898e412d9fb2a6f3aa8735a4cdef39a6dfff4762a633923e7,BROKER_SERVER_SESSION_SCHEDULE|SAME_BROKER_SERVER_LOWER_TIMEFRAME_OR_TICK_EXPORT|INDEPENDENT_SAME_BROKER_SERVER_H1_EXPORT|OFFICIAL_MARKET_OR_BROKER_HOLIDAY_NOTICE,,evidence_package_id|evidence_type|evidence_role_PRIMARY|source_organization|broker|server|symbol|time_basis|timezone_or_unknown|effective_start|effective_end|captured_at|artifact_path|artifact_sha256|source_metadata|validation_status,NO_EVIDENCE_SUBMITTED
GQ0285,2021,Monday,2021-02-08T23:00:00,2021-02-09T01:00:00,2.0,1,GOLD#_H1_202101040100_202112311800.csv,GOLD#_H1_202101040100_202112311800.csv,UNVERIFIED,UNVERIFIED_GAP,true,41788d072da2c7f0c6a4fb42ce01c1e8254d697e778164fc83dce052f65c50a5,BROKER_SERVER_SESSION_SCHEDULE|SAME_BROKER_SERVER_LOWER_TIMEFRAME_OR_TICK_EXPORT|INDEPENDENT_SAME_BROKER_SERVER_H1_EXPORT|OFFICIAL_MARKET_OR_BROKER_HOLIDAY_NOTICE,,evidence_package_id|evidence_type|evidence_role_PRIMARY|source_organization|broker|server|symbol|time_basis|timezone_or_unknown|effective_start|effective_end|captured_at|artifact_path|artifact_sha256|source_metadata|validation_status,NO_EVIDENCE_SUBMITTED
GQ0286,2021,Tuesday,2021-02-09T23:00:00,2021-02-10T01:00:00,2.0,1,GOLD#_H1_202101040100_202112311800.csv,GOLD#_H1_202101040100_202112311800.csv,UNVERIFIED,UNVERIFIED_GAP,true,53280efdf6bc9f719693aff8ee0cd9e5953a29cee58ee2a97648ba481f9b3c4f,BROKER_SERVER_SESSION_SCHEDULE|SAME_BROKER_SERVER_LOWER_TIMEFRAME_OR_TICK_EXPORT|INDEPENDENT_SAME_BROKER_SERVER_H1_EXPORT|OFFICIAL_MARKET_OR_BROKER_HOLIDAY_NOTICE,,evidence_package_id|evidence_type|evidence_role_PRIMARY|source_organization|broker|server|symbol|time_basis|timezone_or_unknown|effective_start|effective_end|captured_at|artifact_path|artifact_sha256|source_metadata|validation_status,NO_EVIDENCE_SUBMITTED
GQ0287,2021,Wednesday,2021-02-10T23:00:00,2021-02-11T01:00:00,2.0,1,GOLD#_H1_202101040100_202112311800.csv,GOLD#_H1_202101040100_202112311800.csv,UNVERIFIED,UNVERIFIED_GAP,true,d76217406ee93f5010b97cbcf9ca99649b2aceef5b7bcb42cf8209c7ba6ec3d6,BROKER_SERVER_SESSION_SCHEDULE|SAME_BROKER_SERVER_LOWER_TIMEFRAME_OR_TICK_EXPORT|INDEPENDENT_SAME_BROKER_SERVER_H1_EXPORT|OFFICIAL_MARKET_OR_BROKER_HOLIDAY_NOTICE,,evidence_package_id|evidence_type|evidence_role_PRIMARY|source_organization|broker|server|symbol|time_basis|timezone_or_unknown|effective_start|effective_end|captured_at|artifact_path|artifact_sha256|source_metadata|validation_status,NO_EVIDENCE_SUBMITTED
GQ0288,2021,Thursday,2021-02-11T23:00:00,2021-02-12T01:00:00,2.0,1,GOLD#_H1_202101040100_202112311800.csv,GOLD#_H1_202101040100_202112311800.csv,UNVERIFIED,UNVERIFIED_GAP,true,584d3ff35576855898e412d9fb2a6f3aa8735a4cdef39a6dfff4762a633923e7,BROKER_SERVER_SESSION_SCHEDULE|SAME_BROKER_SERVER_LOWER_TIMEFRAME_OR_TICK_EXPORT|INDEPENDENT_SAME_BROKER_SERVER_H1_EXPORT|OFFICIAL_MARKET_OR_BROKER_HOLIDAY_NOTICE,,evidence_package_id|evidence_type|evidence_role_PRIMARY|source_organization|broker|server|symbol|time_basis|timezone_or_unknown|effective_start|effective_end|captured_at|artifact_path|artifact_sha256|source_metadata|validation_status,NO_EVIDENCE_SUBMITTED
GQ0290,2021,Monday,2021-02-15T19:00:00,2021-02-16T01:00:00,6.0,5,GOLD#_H1_202101040100_202112311800.csv,GOLD#_H1_202101040100_202112311800.csv,UNVERIFIED,UNVERIFIED_GAP,true,8919b66f0a00d54fafc960616a1ee3cbd08115bc5b74f82868224b00684803dc,BROKER_SERVER_SESSION_SCHEDULE|SAME_BROKER_SERVER_LOWER_TIMEFRAME_OR_TICK_EXPORT|INDEPENDENT_SAME_BROKER_SERVER_H1_EXPORT|OFFICIAL_MARKET_OR_BROKER_HOLIDAY_NOTICE,,evidence_package_id|evidence_type|evidence_role_PRIMARY|source_organization|broker|server|symbol|time_basis|timezone_or_unknown|effective_start|effective_end|captured_at|artifact_path|artifact_sha256|source_metadata|validation_status,NO_EVIDENCE_SUBMITTED
GQ0291,2021,Tuesday,2021-02-16T23:00:00,2021-02-17T01:00:00,2.0,1,GOLD#_H1_202101040100_202112311800.csv,GOLD#_H1_202101040100_202112311800.csv,UNVERIFIED,UNVERIFIED_GAP,true,53280efdf6bc9f719693aff8ee0cd9e5953a29cee58ee2a97648ba481f9b3c4f,BROKER_SERVER_SESSION_SCHEDULE|SAME_BROKER_SERVER_LOWER_TIMEFRAME_OR_TICK_EXPORT|INDEPENDENT_SAME_BROKER_SERVER_H1_EXPORT|OFFICIAL_MARKET_OR_BROKER_HOLIDAY_NOTICE,,evidence_package_id|evidence_type|evidence_role_PRIMARY|source_organization|broker|server|symbol|time_basis|timezone_or_unknown|effective_start|effective_end|captured_at|artifact_path|artifact_sha256|source_metadata|validation_status,NO_EVIDENCE_SUBMITTED
GQ0292,2021,Wednesday,2021-02-17T23:00:00,2021-02-18T01:00:00,2.0,1,GOLD#_H1_202101040100_202112311800.csv,GOLD#_H1_202101040100_202112311800.csv,UNVERIFIED,UNVERIFIED_GAP,true,d76217406ee93f5010b97cbcf9ca99649b2aceef5b7bcb42cf8209c7ba6ec3d6,BROKER_SERVER_SESSION_SCHEDULE|SAME_BROKER_SERVER_LOWER_TIMEFRAME_OR_TICK_EXPORT|INDEPENDENT_SAME_BROKER_SERVER_H1_EXPORT|OFFICIAL_MARKET_OR_BROKER_HOLIDAY_NOTICE,,evidence_package_id|evidence_type|evidence_role_PRIMARY|source_organization|broker|server|symbol|time_basis|timezone_or_unknown|effective_start|effective_end|captured_at|artifact_path|artifact_sha256|source_metadata|validation_status,NO_EVIDENCE_SUBMITTED
GQ0293,2021,Thursday,2021-02-18T23:00:00,2021-02-19T01:00:00,2.0,1,GOLD#_H1_202101040100_202112311800.csv,GOLD#_H1_202101040100_202112311800.csv,UNVERIFIED,UNVERIFIED_GAP,true,584d3ff35576855898e412d9fb2a6f3aa8735a4cdef39a6dfff4762a633923e7,BROKER_SERVER_SESSION_SCHEDULE|SAME_BROKER_SERVER_LOWER_TIMEFRAME_OR_TICK_EXPORT|INDEPENDENT_SAME_BROKER_SERVER_H1_EXPORT|OFFICIAL_MARKET_OR_BROKER_HOLIDAY_NOTICE,,evidence_package_id|evidence_type|evidence_role_PRIMARY|source_organization|broker|server|symbol|time_basis|timezone_or_unknown|effective_start|effective_end|captured_at|artifact_path|artifact_sha256|source_metadata|validation_status,NO_EVIDENCE_SUBMITTED
GQ0295,2021,Monday,2021-02-22T23:00:00,2021-02-23T01:00:00,2.0,1,GOLD#_H1_202101040100_202112311800.csv,GOLD#_H1_202101040100_202112311800.csv,UNVERIFIED,UNVERIFIED_GAP,true,41788d072da2c7f0c6a4fb42ce01c1e8254d697e778164fc83dce052f65c50a5,BROKER_SERVER_SESSION_SCHEDULE|SAME_BROKER_SERVER_LOWER_TIMEFRAME_OR_TICK_EXPORT|INDEPENDENT_SAME_BROKER_SERVER_H1_EXPORT|OFFICIAL_MARKET_OR_BROKER_HOLIDAY_NOTICE,,evidence_package_id|evidence_type|evidence_role_PRIMARY|source_organization|broker|server|symbol|time_basis|timezone_or_unknown|effective_start|effective_end|captured_at|artifact_path|artifact_sha256|source_metadata|validation_status,NO_EVIDENCE_SUBMITTED
GQ0296,2021,Tuesday,2021-02-23T23:00:00,2021-02-24T01:00:00,2.0,1,GOLD#_H1_202101040100_202112311800.csv,GOLD#_H1_202101040100_202112311800.csv,UNVERIFIED,UNVERIFIED_GAP,true,53280efdf6bc9f719693aff8ee0cd9e5953a29cee58ee2a97648ba481f9b3c4f,BROKER_SERVER_SESSION_SCHEDULE|SAME_BROKER_SERVER_LOWER_TIMEFRAME_OR_TICK_EXPORT|INDEPENDENT_SAME_BROKER_SERVER_H1_EXPORT|OFFICIAL_MARKET_OR_BROKER_HOLIDAY_NOTICE,,evidence_package_id|evidence_type|evidence_role_PRIMARY|source_organization|broker|server|symbol|time_basis|timezone_or_unknown|effective_start|effective_end|captured_at|artifact_path|artifact_sha256|source_metadata|validation_status,NO_EVIDENCE_SUBMITTED
GQ0297,2021,Wednesday,2021-02-24T23:00:00,2021-02-25T01:00:00,2.0,1,GOLD#_H1_202101040100_202112311800.csv,GOLD#_H1_202101040100_202112311800.csv,UNVERIFIED,UNVERIFIED_GAP,true,d76217406ee93f5010b97cbcf9ca99649b2aceef5b7bcb42cf8209c7ba6ec3d6,BROKER_SERVER_SESSION_SCHEDULE|SAME_BROKER_SERVER_LOWER_TIMEFRAME_OR_TICK_EXPORT|INDEPENDENT_SAME_BROKER_SERVER_H1_EXPORT|OFFICIAL_MARKET_OR_BROKER_HOLIDAY_NOTICE,,evidence_package_id|evidence_type|evidence_role_PRIMARY|source_organization|broker|server|symbol|time_basis|timezone_or_unknown|effective_start|effective_end|captured_at|artifact_path|artifact_sha256|source_metadata|validation_status,NO_EVIDENCE_SUBMITTED
GQ0298,2021,Thursday,2021-02-25T23:00:00,2021-02-26T01:00:00,2.0,1,GOLD#_H1_202101040100_202112311800.csv,GOLD#_H1_202101040100_202112311800.csv,UNVERIFIED,UNVERIFIED_GAP,true,584d3ff35576855898e412d9fb2a6f3aa8735a4cdef39a6dfff4762a633923e7,BROKER_SERVER_SESSION_SCHEDULE|SAME_BROKER_SERVER_LOWER_TIMEFRAME_OR_TICK_EXPORT|INDEPENDENT_SAME_BROKER_SERVER_H1_EXPORT|OFFICIAL_MARKET_OR_BROKER_HOLIDAY_NOTICE,,evidence_package_id|evidence_type|evidence_role_PRIMARY|source_organization|broker|server|symbol|time_basis|timezone_or_unknown|effective_start|effective_end|captured_at|artifact_path|artifact_sha256|source_metadata|validation_status,NO_EVIDENCE_SUBMITTED
GQ0300,2021,Monday,2021-03-01T23:00:00,2021-03-02T01:00:00,2.0,1,GOLD#_H1_202101040100_202112311800.csv,GOLD#_H1_202101040100_202112311800.csv,UNVERIFIED,UNVERIFIED_GAP,true,41788d072da2c7f0c6a4fb42ce01c1e8254d697e778164fc83dce052f65c50a5,BROKER_SERVER_SESSION_SCHEDULE|SAME_BROKER_SERVER_LOWER_TIMEFRAME_OR_TICK_EXPORT|INDEPENDENT_SAME_BROKER_SERVER_H1_EXPORT|OFFICIAL_MARKET_OR_BROKER_HOLIDAY_NOTICE,,evidence_package_id|evidence_type|evidence_role_PRIMARY|source_organization|broker|server|symbol|time_basis|timezone_or_unknown|effective_start|effective_end|captured_at|artifact_path|artifact_sha256|source_metadata|validation_status,NO_EVIDENCE_SUBMITTED
GQ0301,2021,Tuesday,2021-03-02T23:00:00,2021-03-03T01:00:00,2.0,1,GOLD#_H1_202101040100_202112311800.csv,GOLD#_H1_202101040100_202112311800.csv,UNVERIFIED,UNVERIFIED_GAP,true,53280efdf6bc9f719693aff8ee0cd9e5953a29cee58ee2a97648ba481f9b3c4f,BROKER_SERVER_SESSION_SCHEDULE|SAME_BROKER_SERVER_LOWER_TIMEFRAME_OR_TICK_EXPORT|INDEPENDENT_SAME_BROKER_SERVER_H1_EXPORT|OFFICIAL_MARKET_OR_BROKER_HOLIDAY_NOTICE,,evidence_package_id|evidence_type|evidence_role_PRIMARY|source_organization|broker|server|symbol|time_basis|timezone_or_unknown|effective_start|effective_end|captured_at|artifact_path|artifact_sha256|source_metadata|validation_status,NO_EVIDENCE_SUBMITTED
GQ0302,2021,Wednesday,2021-03-03T23:00:00,2021-03-04T01:00:00,2.0,1,GOLD#_H1_202101040100_202112311800.csv,GOLD#_H1_202101040100_202112311800.csv,UNVERIFIED,UNVERIFIED_GAP,true,d76217406ee93f5010b97cbcf9ca99649b2aceef5b7bcb42cf8209c7ba6ec3d6,BROKER_SERVER_SESSION_SCHEDULE|SAME_BROKER_SERVER_LOWER_TIMEFRAME_OR_TICK_EXPORT|INDEPENDENT_SAME_BROKER_SERVER_H1_EXPORT|OFFICIAL_MARKET_OR_BROKER_HOLIDAY_NOTICE,,evidence_package_id|evidence_type|evidence_role_PRIMARY|source_organization|broker|server|symbol|time_basis|timezone_or_unknown|effective_start|effective_end|captured_at|artifact_path|artifact_sha256|source_metadata|validation_status,NO_EVIDENCE_SUBMITTED
GQ0303,2021,Thursday,2021-03-04T23:00:00,2021-03-05T01:00:00,2.0,1,GOLD#_H1_202101040100_202112311800.csv,GOLD#_H1_202101040100_202112311800.csv,UNVERIFIED,UNVERIFIED_GAP,true,584d3ff35576855898e412d9fb2a6f3aa8735a4cdef39a6dfff4762a633923e7,BROKER_SERVER_SESSION_SCHEDULE|SAME_BROKER_SERVER_LOWER_TIMEFRAME_OR_TICK_EXPORT|INDEPENDENT_SAME_BROKER_SERVER_H1_EXPORT|OFFICIAL_MARKET_OR_BROKER_HOLIDAY_NOTICE,,evidence_package_id|evidence_type|evidence_role_PRIMARY|source_organization|broker|server|symbol|time_basis|timezone_or_unknown|effective_start|effective_end|captured_at|artifact_path|artifact_sha256|source_metadata|validation_status,NO_EVIDENCE_SUBMITTED
GQ0305,2021,Monday,2021-03-08T23:00:00,2021-03-09T01:00:00,2.0,1,GOLD#_H1_202101040100_202112311800.csv,GOLD#_H1_202101040100_202112311800.csv,UNVERIFIED,UNVERIFIED_GAP,true,41788d072da2c7f0c6a4fb42ce01c1e8254d697e778164fc83dce052f65c50a5,BROKER_SERVER_SESSION_SCHEDULE|SAME_BROKER_SERVER_LOWER_TIMEFRAME_OR_TICK_EXPORT|INDEPENDENT_SAME_BROKER_SERVER_H1_EXPORT|OFFICIAL_MARKET_OR_BROKER_HOLIDAY_NOTICE,,evidence_package_id|evidence_type|evidence_role_PRIMARY|source_organization|broker|server|symbol|time_basis|timezone_or_unknown|effective_start|effective_end|captured_at|artifact_path|artifact_sha256|source_metadata|validation_status,NO_EVIDENCE_SUBMITTED
GQ0306,2021,Tuesday,2021-03-09T23:00:00,2021-03-10T01:00:00,2.0,1,GOLD#_H1_202101040100_202112311800.csv,GOLD#_H1_202101040100_202112311800.csv,UNVERIFIED,UNVERIFIED_GAP,true,53280efdf6bc9f719693aff8ee0cd9e5953a29cee58ee2a97648ba481f9b3c4f,BROKER_SERVER_SESSION_SCHEDULE|SAME_BROKER_SERVER_LOWER_TIMEFRAME_OR_TICK_EXPORT|INDEPENDENT_SAME_BROKER_SERVER_H1_EXPORT|OFFICIAL_MARKET_OR_BROKER_HOLIDAY_NOTICE,,evidence_package_id|evidence_type|evidence_role_PRIMARY|source_organization|broker|server|symbol|time_basis|timezone_or_unknown|effective_start|effective_end|captured_at|artifact_path|artifact_sha256|source_metadata|validation_status,NO_EVIDENCE_SUBMITTED
GQ0307,2021,Wednesday,2021-03-10T23:00:00,2021-03-11T01:00:00,2.0,1,GOLD#_H1_202101040100_202112311800.csv,GOLD#_H1_202101040100_202112311800.csv,UNVERIFIED,UNVERIFIED_GAP,true,d76217406ee93f5010b97cbcf9ca99649b2aceef5b7bcb42cf8209c7ba6ec3d6,BROKER_SERVER_SESSION_SCHEDULE|SAME_BROKER_SERVER_LOWER_TIMEFRAME_OR_TICK_EXPORT|INDEPENDENT_SAME_BROKER_SERVER_H1_EXPORT|OFFICIAL_MARKET_OR_BROKER_HOLIDAY_NOTICE,,evidence_package_id|evidence_type|evidence_role_PRIMARY|source_organization|broker|server|symbol|time_basis|timezone_or_unknown|effective_start|effective_end|captured_at|artifact_path|artifact_sha256|source_metadata|validation_status,NO_EVIDENCE_SUBMITTED
GQ0308,2021,Thursday,2021-03-11T23:00:00,2021-03-12T01:00:00,2.0,1,GOLD#_H1_202101040100_202112311800.csv,GOLD#_H1_202101040100_202112311800.csv,UNVERIFIED,UNVERIFIED_GAP,true,584d3ff35576855898e412d9fb2a6f3aa8735a4cdef39a6dfff4762a633923e7,BROKER_SERVER_SESSION_SCHEDULE|SAME_BROKER_SERVER_LOWER_TIMEFRAME_OR_TICK_EXPORT|INDEPENDENT_SAME_BROKER_SERVER_H1_EXPORT|OFFICIAL_MARKET_OR_BROKER_HOLIDAY_NOTICE,,evidence_package_id|evidence_type|evidence_role_PRIMARY|source_organization|broker|server|symbol|time_basis|timezone_or_unknown|effective_start|effective_end|captured_at|artifact_path|artifact_sha256|source_metadata|validation_status,NO_EVIDENCE_SUBMITTED
GQ0310,2021,Monday,2021-03-15T22:00:00,2021-03-16T00:00:00,2.0,1,GOLD#_H1_202101040100_202112311800.csv,GOLD#_H1_202101040100_202112311800.csv,UNVERIFIED,UNVERIFIED_GAP,true,ed1180a6ff73719a238f41efaaa4ceb8651074685b2a7c91cb66d8039623fb46,BROKER_SERVER_SESSION_SCHEDULE|SAME_BROKER_SERVER_LOWER_TIMEFRAME_OR_TICK_EXPORT|INDEPENDENT_SAME_BROKER_SERVER_H1_EXPORT|OFFICIAL_MARKET_OR_BROKER_HOLIDAY_NOTICE,,evidence_package_id|evidence_type|evidence_role_PRIMARY|source_organization|broker|server|symbol|time_basis|timezone_or_unknown|effective_start|effective_end|captured_at|artifact_path|artifact_sha256|source_metadata|validation_status,NO_EVIDENCE_SUBMITTED
GQ0311,2021,Tuesday,2021-03-16T22:00:00,2021-03-17T00:00:00,2.0,1,GOLD#_H1_202101040100_202112311800.csv,GOLD#_H1_202101040100_202112311800.csv,UNVERIFIED,UNVERIFIED_GAP,true,34899ae92d6db104c71ddc98c68a9a27ee3cb253ba3c2b63fc72d09f810ded54,BROKER_SERVER_SESSION_SCHEDULE|SAME_BROKER_SERVER_LOWER_TIMEFRAME_OR_TICK_EXPORT|INDEPENDENT_SAME_BROKER_SERVER_H1_EXPORT|OFFICIAL_MARKET_OR_BROKER_HOLIDAY_NOTICE,,evidence_package_id|evidence_type|evidence_role_PRIMARY|source_organization|broker|server|symbol|time_basis|timezone_or_unknown|effective_start|effective_end|captured_at|artifact_path|artifact_sha256|source_metadata|validation_status,NO_EVIDENCE_SUBMITTED
GQ0312,2021,Wednesday,2021-03-17T22:00:00,2021-03-18T00:00:00,2.0,1,GOLD#_H1_202101040100_202112311800.csv,GOLD#_H1_202101040100_202112311800.csv,UNVERIFIED,UNVERIFIED_GAP,true,4c6f6c81cef12e879128a915d7ba8c52dfda2b9e1fe43db8e84da0102827027c,BROKER_SERVER_SESSION_SCHEDULE|SAME_BROKER_SERVER_LOWER_TIMEFRAME_OR_TICK_EXPORT|INDEPENDENT_SAME_BROKER_SERVER_H1_EXPORT|OFFICIAL_MARKET_OR_BROKER_HOLIDAY_NOTICE,,evidence_package_id|evidence_type|evidence_role_PRIMARY|source_organization|broker|server|symbol|time_basis|timezone_or_unknown|effective_start|effective_end|captured_at|artifact_path|artifact_sha256|source_metadata|validation_status,NO_EVIDENCE_SUBMITTED
GQ0313,2021,Thursday,2021-03-18T22:00:00,2021-03-19T00:00:00,2.0,1,GOLD#_H1_202101040100_202112311800.csv,GOLD#_H1_202101040100_202112311800.csv,UNVERIFIED,UNVERIFIED_GAP,true,1971eb60dfc165a07cfc27dc50345850a9d54326c0f1e8b2055fa6958d4b6252,BROKER_SERVER_SESSION_SCHEDULE|SAME_BROKER_SERVER_LOWER_TIMEFRAME_OR_TICK_EXPORT|INDEPENDENT_SAME_BROKER_SERVER_H1_EXPORT|OFFICIAL_MARKET_OR_BROKER_HOLIDAY_NOTICE,,evidence_package_id|evidence_type|evidence_role_PRIMARY|source_organization|broker|server|symbol|time_basis|timezone_or_unknown|effective_start|effective_end|captured_at|artifact_path|artifact_sha256|source_metadata|validation_status,NO_EVIDENCE_SUBMITTED
GQ0315,2021,Monday,2021-03-22T22:00:00,2021-03-23T00:00:00,2.0,1,GOLD#_H1_202101040100_202112311800.csv,GOLD#_H1_202101040100_202112311800.csv,UNVERIFIED,UNVERIFIED_GAP,true,ed1180a6ff73719a238f41efaaa4ceb8651074685b2a7c91cb66d8039623fb46,BROKER_SERVER_SESSION_SCHEDULE|SAME_BROKER_SERVER_LOWER_TIMEFRAME_OR_TICK_EXPORT|INDEPENDENT_SAME_BROKER_SERVER_H1_EXPORT|OFFICIAL_MARKET_OR_BROKER_HOLIDAY_NOTICE,,evidence_package_id|evidence_type|evidence_role_PRIMARY|source_organization|broker|server|symbol|time_basis|timezone_or_unknown|effective_start|effective_end|captured_at|artifact_path|artifact_sha256|source_metadata|validation_status,NO_EVIDENCE_SUBMITTED
GQ0316,2021,Tuesday,2021-03-23T22:00:00,2021-03-24T00:00:00,2.0,1,GOLD#_H1_202101040100_202112311800.csv,GOLD#_H1_202101040100_202112311800.csv,UNVERIFIED,UNVERIFIED_GAP,true,34899ae92d6db104c71ddc98c68a9a27ee3cb253ba3c2b63fc72d09f810ded54,BROKER_SERVER_SESSION_SCHEDULE|SAME_BROKER_SERVER_LOWER_TIMEFRAME_OR_TICK_EXPORT|INDEPENDENT_SAME_BROKER_SERVER_H1_EXPORT|OFFICIAL_MARKET_OR_BROKER_HOLIDAY_NOTICE,,evidence_package_id|evidence_type|evidence_role_PRIMARY|source_organization|broker|server|symbol|time_basis|timezone_or_unknown|effective_start|effective_end|captured_at|artifact_path|artifact_sha256|source_metadata|validation_status,NO_EVIDENCE_SUBMITTED
GQ0317,2021,Wednesday,2021-03-24T22:00:00,2021-03-25T00:00:00,2.0,1,GOLD#_H1_202101040100_202112311800.csv,GOLD#_H1_202101040100_202112311800.csv,UNVERIFIED,UNVERIFIED_GAP,true,4c6f6c81cef12e879128a915d7ba8c52dfda2b9e1fe43db8e84da0102827027c,BROKER_SERVER_SESSION_SCHEDULE|SAME_BROKER_SERVER_LOWER_TIMEFRAME_OR_TICK_EXPORT|INDEPENDENT_SAME_BROKER_SERVER_H1_EXPORT|OFFICIAL_MARKET_OR_BROKER_HOLIDAY_NOTICE,,evidence_package_id|evidence_type|evidence_role_PRIMARY|source_organization|broker|server|symbol|time_basis|timezone_or_unknown|effective_start|effective_end|captured_at|artifact_path|artifact_sha256|source_metadata|validation_status,NO_EVIDENCE_SUBMITTED
GQ0318,2021,Thursday,2021-03-25T22:00:00,2021-03-26T00:00:00,2.0,1,GOLD#_H1_202101040100_202112311800.csv,GOLD#_H1_202101040100_202112311800.csv,UNVERIFIED,UNVERIFIED_GAP,true,1971eb60dfc165a07cfc27dc50345850a9d54326c0f1e8b2055fa6958d4b6252,BROKER_SERVER_SESSION_SCHEDULE|SAME_BROKER_SERVER_LOWER_TIMEFRAME_OR_TICK_EXPORT|INDEPENDENT_SAME_BROKER_SERVER_H1_EXPORT|OFFICIAL_MARKET_OR_BROKER_HOLIDAY_NOTICE,,evidence_package_id|evidence_type|evidence_role_PRIMARY|source_organization|broker|server|symbol|time_basis|timezone_or_unknown|effective_start|effective_end|captured_at|artifact_path|artifact_sha256|source_metadata|validation_status,NO_EVIDENCE_SUBMITTED
GQ0320,2021,Monday,2021-03-29T23:00:00,2021-03-30T01:00:00,2.0,1,GOLD#_H1_202101040100_202112311800.csv,GOLD#_H1_202101040100_202112311800.csv,UNVERIFIED,UNVERIFIED_GAP,true,41788d072da2c7f0c6a4fb42ce01c1e8254d697e778164fc83dce052f65c50a5,BROKER_SERVER_SESSION_SCHEDULE|SAME_BROKER_SERVER_LOWER_TIMEFRAME_OR_TICK_EXPORT|INDEPENDENT_SAME_BROKER_SERVER_H1_EXPORT|OFFICIAL_MARKET_OR_BROKER_HOLIDAY_NOTICE,,evidence_package_id|evidence_type|evidence_role_PRIMARY|source_organization|broker|server|symbol|time_basis|timezone_or_unknown|effective_start|effective_end|captured_at|artifact_path|artifact_sha256|source_metadata|validation_status,NO_EVIDENCE_SUBMITTED
GQ0321,2021,Tuesday,2021-03-30T23:00:00,2021-03-31T01:00:00,2.0,1,GOLD#_H1_202101040100_202112311800.csv,GOLD#_H1_202101040100_202112311800.csv,UNVERIFIED,UNVERIFIED_GAP,true,53280efdf6bc9f719693aff8ee0cd9e5953a29cee58ee2a97648ba481f9b3c4f,BROKER_SERVER_SESSION_SCHEDULE|SAME_BROKER_SERVER_LOWER_TIMEFRAME_OR_TICK_EXPORT|INDEPENDENT_SAME_BROKER_SERVER_H1_EXPORT|OFFICIAL_MARKET_OR_BROKER_HOLIDAY_NOTICE,,evidence_package_id|evidence_type|evidence_role_PRIMARY|source_organization|broker|server|symbol|time_basis|timezone_or_unknown|effective_start|effective_end|captured_at|artifact_path|artifact_sha256|source_metadata|validation_status,NO_EVIDENCE_SUBMITTED
GQ0322,2021,Wednesday,2021-03-31T23:00:00,2021-04-01T01:00:00,2.0,1,GOLD#_H1_202101040100_202112311800.csv,GOLD#_H1_202101040100_202112311800.csv,UNVERIFIED,UNVERIFIED_GAP,true,d76217406ee93f5010b97cbcf9ca99649b2aceef5b7bcb42cf8209c7ba6ec3d6,BROKER_SERVER_SESSION_SCHEDULE|SAME_BROKER_SERVER_LOWER_TIMEFRAME_OR_TICK_EXPORT|INDEPENDENT_SAME_BROKER_SERVER_H1_EXPORT|OFFICIAL_MARKET_OR_BROKER_HOLIDAY_NOTICE,,evidence_package_id|evidence_type|evidence_role_PRIMARY|source_organization|broker|server|symbol|time_basis|timezone_or_unknown|effective_start|effective_end|captured_at|artifact_path|artifact_sha256|source_metadata|validation_status,NO_EVIDENCE_SUBMITTED
GQ0323,2021,Thursday,2021-04-01T23:00:00,2021-04-05T01:00:00,74.0,73,GOLD#_H1_202101040100_202112311800.csv,GOLD#_H1_202101040100_202112311800.csv,UNVERIFIED,UNVERIFIED_GAP,true,ae05cba5f69bbf3b4f58b412056bae305121a83453c41973f828f57470fcc3a3,BROKER_SERVER_SESSION_SCHEDULE|SAME_BROKER_SERVER_LOWER_TIMEFRAME_OR_TICK_EXPORT|INDEPENDENT_SAME_BROKER_SERVER_H1_EXPORT|OFFICIAL_MARKET_OR_BROKER_HOLIDAY_NOTICE,,evidence_package_id|evidence_type|evidence_role_PRIMARY|source_organization|broker|server|symbol|time_basis|timezone_or_unknown|effective_start|effective_end|captured_at|artifact_path|artifact_sha256|source_metadata|validation_status,NO_EVIDENCE_SUBMITTED
GQ0324,2021,Monday,2021-04-05T23:00:00,2021-04-06T01:00:00,2.0,1,GOLD#_H1_202101040100_202112311800.csv,GOLD#_H1_202101040100_202112311800.csv,UNVERIFIED,UNVERIFIED_GAP,true,41788d072da2c7f0c6a4fb42ce01c1e8254d697e778164fc83dce052f65c50a5,BROKER_SERVER_SESSION_SCHEDULE|SAME_BROKER_SERVER_LOWER_TIMEFRAME_OR_TICK_EXPORT|INDEPENDENT_SAME_BROKER_SERVER_H1_EXPORT|OFFICIAL_MARKET_OR_BROKER_HOLIDAY_NOTICE,,evidence_package_id|evidence_type|evidence_role_PRIMARY|source_organization|broker|server|symbol|time_basis|timezone_or_unknown|effective_start|effective_end|captured_at|artifact_path|artifact_sha256|source_metadata|validation_status,NO_EVIDENCE_SUBMITTED
GQ0325,2021,Tuesday,2021-04-06T23:00:00,2021-04-07T01:00:00,2.0,1,GOLD#_H1_202101040100_202112311800.csv,GOLD#_H1_202101040100_202112311800.csv,UNVERIFIED,UNVERIFIED_GAP,true,53280efdf6bc9f719693aff8ee0cd9e5953a29cee58ee2a97648ba481f9b3c4f,BROKER_SERVER_SESSION_SCHEDULE|SAME_BROKER_SERVER_LOWER_TIMEFRAME_OR_TICK_EXPORT|INDEPENDENT_SAME_BROKER_SERVER_H1_EXPORT|OFFICIAL_MARKET_OR_BROKER_HOLIDAY_NOTICE,,evidence_package_id|evidence_type|evidence_role_PRIMARY|source_organization|broker|server|symbol|time_basis|timezone_or_unknown|effective_start|effective_end|captured_at|artifact_path|artifact_sha256|source_metadata|validation_status,NO_EVIDENCE_SUBMITTED
GQ0326,2021,Wednesday,2021-04-07T23:00:00,2021-04-08T01:00:00,2.0,1,GOLD#_H1_202101040100_202112311800.csv,GOLD#_H1_202101040100_202112311800.csv,UNVERIFIED,UNVERIFIED_GAP,true,d76217406ee93f5010b97cbcf9ca99649b2aceef5b7bcb42cf8209c7ba6ec3d6,BROKER_SERVER_SESSION_SCHEDULE|SAME_BROKER_SERVER_LOWER_TIMEFRAME_OR_TICK_EXPORT|INDEPENDENT_SAME_BROKER_SERVER_H1_EXPORT|OFFICIAL_MARKET_OR_BROKER_HOLIDAY_NOTICE,,evidence_package_id|evidence_type|evidence_role_PRIMARY|source_organization|broker|server|symbol|time_basis|timezone_or_unknown|effective_start|effective_end|captured_at|artifact_path|artifact_sha256|source_metadata|validation_status,NO_EVIDENCE_SUBMITTED
GQ0327,2021,Thursday,2021-04-08T23:00:00,2021-04-09T01:00:00,2.0,1,GOLD#_H1_202101040100_202112311800.csv,GOLD#_H1_202101040100_202112311800.csv,UNVERIFIED,UNVERIFIED_GAP,true,584d3ff35576855898e412d9fb2a6f3aa8735a4cdef39a6dfff4762a633923e7,BROKER_SERVER_SESSION_SCHEDULE|SAME_BROKER_SERVER_LOWER_TIMEFRAME_OR_TICK_EXPORT|INDEPENDENT_SAME_BROKER_SERVER_H1_EXPORT|OFFICIAL_MARKET_OR_BROKER_HOLIDAY_NOTICE,,evidence_package_id|evidence_type|evidence_role_PRIMARY|source_organization|broker|server|symbol|time_basis|timezone_or_unknown|effective_start|effective_end|captured_at|artifact_path|artifact_sha256|source_metadata|validation_status,NO_EVIDENCE_SUBMITTED
GQ0329,2021,Monday,2021-04-12T23:00:00,2021-04-13T01:00:00,2.0,1,GOLD#_H1_202101040100_202112311800.csv,GOLD#_H1_202101040100_202112311800.csv,UNVERIFIED,UNVERIFIED_GAP,true,41788d072da2c7f0c6a4fb42ce01c1e8254d697e778164fc83dce052f65c50a5,BROKER_SERVER_SESSION_SCHEDULE|SAME_BROKER_SERVER_LOWER_TIMEFRAME_OR_TICK_EXPORT|INDEPENDENT_SAME_BROKER_SERVER_H1_EXPORT|OFFICIAL_MARKET_OR_BROKER_HOLIDAY_NOTICE,,evidence_package_id|evidence_type|evidence_role_PRIMARY|source_organization|broker|server|symbol|time_basis|timezone_or_unknown|effective_start|effective_end|captured_at|artifact_path|artifact_sha256|source_metadata|validation_status,NO_EVIDENCE_SUBMITTED
GQ0330,2021,Tuesday,2021-04-13T23:00:00,2021-04-14T01:00:00,2.0,1,GOLD#_H1_202101040100_202112311800.csv,GOLD#_H1_202101040100_202112311800.csv,UNVERIFIED,UNVERIFIED_GAP,true,53280efdf6bc9f719693aff8ee0cd9e5953a29cee58ee2a97648ba481f9b3c4f,BROKER_SERVER_SESSION_SCHEDULE|SAME_BROKER_SERVER_LOWER_TIMEFRAME_OR_TICK_EXPORT|INDEPENDENT_SAME_BROKER_SERVER_H1_EXPORT|OFFICIAL_MARKET_OR_BROKER_HOLIDAY_NOTICE,,evidence_package_id|evidence_type|evidence_role_PRIMARY|source_organization|broker|server|symbol|time_basis|timezone_or_unknown|effective_start|effective_end|captured_at|artifact_path|artifact_sha256|source_metadata|validation_status,NO_EVIDENCE_SUBMITTED
GQ0331,2021,Wednesday,2021-04-14T23:00:00,2021-04-15T01:00:00,2.0,1,GOLD#_H1_202101040100_202112311800.csv,GOLD#_H1_202101040100_202112311800.csv,UNVERIFIED,UNVERIFIED_GAP,true,d76217406ee93f5010b97cbcf9ca99649b2aceef5b7bcb42cf8209c7ba6ec3d6,BROKER_SERVER_SESSION_SCHEDULE|SAME_BROKER_SERVER_LOWER_TIMEFRAME_OR_TICK_EXPORT|INDEPENDENT_SAME_BROKER_SERVER_H1_EXPORT|OFFICIAL_MARKET_OR_BROKER_HOLIDAY_NOTICE,,evidence_package_id|evidence_type|evidence_role_PRIMARY|source_organization|broker|server|symbol|time_basis|timezone_or_unknown|effective_start|effective_end|captured_at|artifact_path|artifact_sha256|source_metadata|validation_status,NO_EVIDENCE_SUBMITTED
GQ0332,2021,Thursday,2021-04-15T23:00:00,2021-04-16T01:00:00,2.0,1,GOLD#_H1_202101040100_202112311800.csv,GOLD#_H1_202101040100_202112311800.csv,UNVERIFIED,UNVERIFIED_GAP,true,584d3ff35576855898e412d9fb2a6f3aa8735a4cdef39a6dfff4762a633923e7,BROKER_SERVER_SESSION_SCHEDULE|SAME_BROKER_SERVER_LOWER_TIMEFRAME_OR_TICK_EXPORT|INDEPENDENT_SAME_BROKER_SERVER_H1_EXPORT|OFFICIAL_MARKET_OR_BROKER_HOLIDAY_NOTICE,,evidence_package_id|evidence_type|evidence_role_PRIMARY|source_organization|broker|server|symbol|time_basis|timezone_or_unknown|effective_start|effective_end|captured_at|artifact_path|artifact_sha256|source_metadata|validation_status,NO_EVIDENCE_SUBMITTED
GQ0334,2021,Monday,2021-04-19T23:00:00,2021-04-20T01:00:00,2.0,1,GOLD#_H1_202101040100_202112311800.csv,GOLD#_H1_202101040100_202112311800.csv,UNVERIFIED,UNVERIFIED_GAP,true,41788d072da2c7f0c6a4fb42ce01c1e8254d697e778164fc83dce052f65c50a5,BROKER_SERVER_SESSION_SCHEDULE|SAME_BROKER_SERVER_LOWER_TIMEFRAME_OR_TICK_EXPORT|INDEPENDENT_SAME_BROKER_SERVER_H1_EXPORT|OFFICIAL_MARKET_OR_BROKER_HOLIDAY_NOTICE,,evidence_package_id|evidence_type|evidence_role_PRIMARY|source_organization|broker|server|symbol|time_basis|timezone_or_unknown|effective_start|effective_end|captured_at|artifact_path|artifact_sha256|source_metadata|validation_status,NO_EVIDENCE_SUBMITTED
GQ0335,2021,Tuesday,2021-04-20T23:00:00,2021-04-21T01:00:00,2.0,1,GOLD#_H1_202101040100_202112311800.csv,GOLD#_H1_202101040100_202112311800.csv,UNVERIFIED,UNVERIFIED_GAP,true,53280efdf6bc9f719693aff8ee0cd9e5953a29cee58ee2a97648ba481f9b3c4f,BROKER_SERVER_SESSION_SCHEDULE|SAME_BROKER_SERVER_LOWER_TIMEFRAME_OR_TICK_EXPORT|INDEPENDENT_SAME_BROKER_SERVER_H1_EXPORT|OFFICIAL_MARKET_OR_BROKER_HOLIDAY_NOTICE,,evidence_package_id|evidence_type|evidence_role_PRIMARY|source_organization|broker|server|symbol|time_basis|timezone_or_unknown|effective_start|effective_end|captured_at|artifact_path|artifact_sha256|source_metadata|validation_status,NO_EVIDENCE_SUBMITTED
GQ0336,2021,Wednesday,2021-04-21T23:00:00,2021-04-22T01:00:00,2.0,1,GOLD#_H1_202101040100_202112311800.csv,GOLD#_H1_202101040100_202112311800.csv,UNVERIFIED,UNVERIFIED_GAP,true,d76217406ee93f5010b97cbcf9ca99649b2aceef5b7bcb42cf8209c7ba6ec3d6,BROKER_SERVER_SESSION_SCHEDULE|SAME_BROKER_SERVER_LOWER_TIMEFRAME_OR_TICK_EXPORT|INDEPENDENT_SAME_BROKER_SERVER_H1_EXPORT|OFFICIAL_MARKET_OR_BROKER_HOLIDAY_NOTICE,,evidence_package_id|evidence_type|evidence_role_PRIMARY|source_organization|broker|server|symbol|time_basis|timezone_or_unknown|effective_start|effective_end|captured_at|artifact_path|artifact_sha256|source_metadata|validation_status,NO_EVIDENCE_SUBMITTED
GQ0337,2021,Thursday,2021-04-22T23:00:00,2021-04-23T01:00:00,2.0,1,GOLD#_H1_202101040100_202112311800.csv,GOLD#_H1_202101040100_202112311800.csv,UNVERIFIED,UNVERIFIED_GAP,true,584d3ff35576855898e412d9fb2a6f3aa8735a4cdef39a6dfff4762a633923e7,BROKER_SERVER_SESSION_SCHEDULE|SAME_BROKER_SERVER_LOWER_TIMEFRAME_OR_TICK_EXPORT|INDEPENDENT_SAME_BROKER_SERVER_H1_EXPORT|OFFICIAL_MARKET_OR_BROKER_HOLIDAY_NOTICE,,evidence_package_id|evidence_type|evidence_role_PRIMARY|source_organization|broker|server|symbol|time_basis|timezone_or_unknown|effective_start|effective_end|captured_at|artifact_path|artifact_sha256|source_metadata|validation_status,NO_EVIDENCE_SUBMITTED
GQ0339,2021,Monday,2021-04-26T23:00:00,2021-04-27T01:00:00,2.0,1,GOLD#_H1_202101040100_202112311800.csv,GOLD#_H1_202101040100_202112311800.csv,UNVERIFIED,UNVERIFIED_GAP,true,41788d072da2c7f0c6a4fb42ce01c1e8254d697e778164fc83dce052f65c50a5,BROKER_SERVER_SESSION_SCHEDULE|SAME_BROKER_SERVER_LOWER_TIMEFRAME_OR_TICK_EXPORT|INDEPENDENT_SAME_BROKER_SERVER_H1_EXPORT|OFFICIAL_MARKET_OR_BROKER_HOLIDAY_NOTICE,,evidence_package_id|evidence_type|evidence_role_PRIMARY|source_organization|broker|server|symbol|time_basis|timezone_or_unknown|effective_start|effective_end|captured_at|artifact_path|artifact_sha256|source_metadata|validation_status,NO_EVIDENCE_SUBMITTED
GQ0340,2021,Tuesday,2021-04-27T23:00:00,2021-04-28T01:00:00,2.0,1,GOLD#_H1_202101040100_202112311800.csv,GOLD#_H1_202101040100_202112311800.csv,UNVERIFIED,UNVERIFIED_GAP,true,53280efdf6bc9f719693aff8ee0cd9e5953a29cee58ee2a97648ba481f9b3c4f,BROKER_SERVER_SESSION_SCHEDULE|SAME_BROKER_SERVER_LOWER_TIMEFRAME_OR_TICK_EXPORT|INDEPENDENT_SAME_BROKER_SERVER_H1_EXPORT|OFFICIAL_MARKET_OR_BROKER_HOLIDAY_NOTICE,,evidence_package_id|evidence_type|evidence_role_PRIMARY|source_organization|broker|server|symbol|time_basis|timezone_or_unknown|effective_start|effective_end|captured_at|artifact_path|artifact_sha256|source_metadata|validation_status,NO_EVIDENCE_SUBMITTED
GQ0341,2021,Wednesday,2021-04-28T23:00:00,2021-04-29T01:00:00,2.0,1,GOLD#_H1_202101040100_202112311800.csv,GOLD#_H1_202101040100_202112311800.csv,UNVERIFIED,UNVERIFIED_GAP,true,d76217406ee93f5010b97cbcf9ca99649b2aceef5b7bcb42cf8209c7ba6ec3d6,BROKER_SERVER_SESSION_SCHEDULE|SAME_BROKER_SERVER_LOWER_TIMEFRAME_OR_TICK_EXPORT|INDEPENDENT_SAME_BROKER_SERVER_H1_EXPORT|OFFICIAL_MARKET_OR_BROKER_HOLIDAY_NOTICE,,evidence_package_id|evidence_type|evidence_role_PRIMARY|source_organization|broker|server|symbol|time_basis|timezone_or_unknown|effective_start|effective_end|captured_at|artifact_path|artifact_sha256|source_metadata|validation_status,NO_EVIDENCE_SUBMITTED
GQ0342,2021,Thursday,2021-04-29T23:00:00,2021-04-30T01:00:00,2.0,1,GOLD#_H1_202101040100_202112311800.csv,GOLD#_H1_202101040100_202112311800.csv,UNVERIFIED,UNVERIFIED_GAP,true,584d3ff35576855898e412d9fb2a6f3aa8735a4cdef39a6dfff4762a633923e7,BROKER_SERVER_SESSION_SCHEDULE|SAME_BROKER_SERVER_LOWER_TIMEFRAME_OR_TICK_EXPORT|INDEPENDENT_SAME_BROKER_SERVER_H1_EXPORT|OFFICIAL_MARKET_OR_BROKER_HOLIDAY_NOTICE,,evidence_package_id|evidence_type|evidence_role_PRIMARY|source_organization|broker|server|symbol|time_basis|timezone_or_unknown|effective_start|effective_end|captured_at|artifact_path|artifact_sha256|source_metadata|validation_status,NO_EVIDENCE_SUBMITTED
GQ0344,2021,Monday,2021-05-03T23:00:00,2021-05-04T01:00:00,2.0,1,GOLD#_H1_202101040100_202112311800.csv,GOLD#_H1_202101040100_202112311800.csv,UNVERIFIED,UNVERIFIED_GAP,true,41788d072da2c7f0c6a4fb42ce01c1e8254d697e778164fc83dce052f65c50a5,BROKER_SERVER_SESSION_SCHEDULE|SAME_BROKER_SERVER_LOWER_TIMEFRAME_OR_TICK_EXPORT|INDEPENDENT_SAME_BROKER_SERVER_H1_EXPORT|OFFICIAL_MARKET_OR_BROKER_HOLIDAY_NOTICE,,evidence_package_id|evidence_type|evidence_role_PRIMARY|source_organization|broker|server|symbol|time_basis|timezone_or_unknown|effective_start|effective_end|captured_at|artifact_path|artifact_sha256|source_metadata|validation_status,NO_EVIDENCE_SUBMITTED
GQ0345,2021,Tuesday,2021-05-04T23:00:00,2021-05-05T01:00:00,2.0,1,GOLD#_H1_202101040100_202112311800.csv,GOLD#_H1_202101040100_202112311800.csv,UNVERIFIED,UNVERIFIED_GAP,true,53280efdf6bc9f719693aff8ee0cd9e5953a29cee58ee2a97648ba481f9b3c4f,BROKER_SERVER_SESSION_SCHEDULE|SAME_BROKER_SERVER_LOWER_TIMEFRAME_OR_TICK_EXPORT|INDEPENDENT_SAME_BROKER_SERVER_H1_EXPORT|OFFICIAL_MARKET_OR_BROKER_HOLIDAY_NOTICE,,evidence_package_id|evidence_type|evidence_role_PRIMARY|source_organization|broker|server|symbol|time_basis|timezone_or_unknown|effective_start|effective_end|captured_at|artifact_path|artifact_sha256|source_metadata|validation_status,NO_EVIDENCE_SUBMITTED
GQ0346,2021,Wednesday,2021-05-05T23:00:00,2021-05-06T01:00:00,2.0,1,GOLD#_H1_202101040100_202112311800.csv,GOLD#_H1_202101040100_202112311800.csv,UNVERIFIED,UNVERIFIED_GAP,true,d76217406ee93f5010b97cbcf9ca99649b2aceef5b7bcb42cf8209c7ba6ec3d6,BROKER_SERVER_SESSION_SCHEDULE|SAME_BROKER_SERVER_LOWER_TIMEFRAME_OR_TICK_EXPORT|INDEPENDENT_SAME_BROKER_SERVER_H1_EXPORT|OFFICIAL_MARKET_OR_BROKER_HOLIDAY_NOTICE,,evidence_package_id|evidence_type|evidence_role_PRIMARY|source_organization|broker|server|symbol|time_basis|timezone_or_unknown|effective_start|effective_end|captured_at|artifact_path|artifact_sha256|source_metadata|validation_status,NO_EVIDENCE_SUBMITTED
GQ0347,2021,Thursday,2021-05-06T23:00:00,2021-05-07T01:00:00,2.0,1,GOLD#_H1_202101040100_202112311800.csv,GOLD#_H1_202101040100_202112311800.csv,UNVERIFIED,UNVERIFIED_GAP,true,584d3ff35576855898e412d9fb2a6f3aa8735a4cdef39a6dfff4762a633923e7,BROKER_SERVER_SESSION_SCHEDULE|SAME_BROKER_SERVER_LOWER_TIMEFRAME_OR_TICK_EXPORT|INDEPENDENT_SAME_BROKER_SERVER_H1_EXPORT|OFFICIAL_MARKET_OR_BROKER_HOLIDAY_NOTICE,,evidence_package_id|evidence_type|evidence_role_PRIMARY|source_organization|broker|server|symbol|time_basis|timezone_or_unknown|effective_start|effective_end|captured_at|artifact_path|artifact_sha256|source_metadata|validation_status,NO_EVIDENCE_SUBMITTED
GQ0349,2021,Monday,2021-05-10T23:00:00,2021-05-11T01:00:00,2.0,1,GOLD#_H1_202101040100_202112311800.csv,GOLD#_H1_202101040100_202112311800.csv,UNVERIFIED,UNVERIFIED_GAP,true,41788d072da2c7f0c6a4fb42ce01c1e8254d697e778164fc83dce052f65c50a5,BROKER_SERVER_SESSION_SCHEDULE|SAME_BROKER_SERVER_LOWER_TIMEFRAME_OR_TICK_EXPORT|INDEPENDENT_SAME_BROKER_SERVER_H1_EXPORT|OFFICIAL_MARKET_OR_BROKER_HOLIDAY_NOTICE,,evidence_package_id|evidence_type|evidence_role_PRIMARY|source_organization|broker|server|symbol|time_basis|timezone_or_unknown|effective_start|effective_end|captured_at|artifact_path|artifact_sha256|source_metadata|validation_status,NO_EVIDENCE_SUBMITTED
GQ0350,2021,Tuesday,2021-05-11T23:00:00,2021-05-12T01:00:00,2.0,1,GOLD#_H1_202101040100_202112311800.csv,GOLD#_H1_202101040100_202112311800.csv,UNVERIFIED,UNVERIFIED_GAP,true,53280efdf6bc9f719693aff8ee0cd9e5953a29cee58ee2a97648ba481f9b3c4f,BROKER_SERVER_SESSION_SCHEDULE|SAME_BROKER_SERVER_LOWER_TIMEFRAME_OR_TICK_EXPORT|INDEPENDENT_SAME_BROKER_SERVER_H1_EXPORT|OFFICIAL_MARKET_OR_BROKER_HOLIDAY_NOTICE,,evidence_package_id|evidence_type|evidence_role_PRIMARY|source_organization|broker|server|symbol|time_basis|timezone_or_unknown|effective_start|effective_end|captured_at|artifact_path|artifact_sha256|source_metadata|validation_status,NO_EVIDENCE_SUBMITTED
GQ0351,2021,Wednesday,2021-05-12T23:00:00,2021-05-13T01:00:00,2.0,1,GOLD#_H1_202101040100_202112311800.csv,GOLD#_H1_202101040100_202112311800.csv,UNVERIFIED,UNVERIFIED_GAP,true,d76217406ee93f5010b97cbcf9ca99649b2aceef5b7bcb42cf8209c7ba6ec3d6,BROKER_SERVER_SESSION_SCHEDULE|SAME_BROKER_SERVER_LOWER_TIMEFRAME_OR_TICK_EXPORT|INDEPENDENT_SAME_BROKER_SERVER_H1_EXPORT|OFFICIAL_MARKET_OR_BROKER_HOLIDAY_NOTICE,,evidence_package_id|evidence_type|evidence_role_PRIMARY|source_organization|broker|server|symbol|time_basis|timezone_or_unknown|effective_start|effective_end|captured_at|artifact_path|artifact_sha256|source_metadata|validation_status,NO_EVIDENCE_SUBMITTED
GQ0352,2021,Thursday,2021-05-13T23:00:00,2021-05-14T01:00:00,2.0,1,GOLD#_H1_202101040100_202112311800.csv,GOLD#_H1_202101040100_202112311800.csv,UNVERIFIED,UNVERIFIED_GAP,true,584d3ff35576855898e412d9fb2a6f3aa8735a4cdef39a6dfff4762a633923e7,BROKER_SERVER_SESSION_SCHEDULE|SAME_BROKER_SERVER_LOWER_TIMEFRAME_OR_TICK_EXPORT|INDEPENDENT_SAME_BROKER_SERVER_H1_EXPORT|OFFICIAL_MARKET_OR_BROKER_HOLIDAY_NOTICE,,evidence_package_id|evidence_type|evidence_role_PRIMARY|source_organization|broker|server|symbol|time_basis|timezone_or_unknown|effective_start|effective_end|captured_at|artifact_path|artifact_sha256|source_metadata|validation_status,NO_EVIDENCE_SUBMITTED
GQ0354,2021,Monday,2021-05-17T23:00:00,2021-05-18T01:00:00,2.0,1,GOLD#_H1_202101040100_202112311800.csv,GOLD#_H1_202101040100_202112311800.csv,UNVERIFIED,UNVERIFIED_GAP,true,41788d072da2c7f0c6a4fb42ce01c1e8254d697e778164fc83dce052f65c50a5,BROKER_SERVER_SESSION_SCHEDULE|SAME_BROKER_SERVER_LOWER_TIMEFRAME_OR_TICK_EXPORT|INDEPENDENT_SAME_BROKER_SERVER_H1_EXPORT|OFFICIAL_MARKET_OR_BROKER_HOLIDAY_NOTICE,,evidence_package_id|evidence_type|evidence_role_PRIMARY|source_organization|broker|server|symbol|time_basis|timezone_or_unknown|effective_start|effective_end|captured_at|artifact_path|artifact_sha256|source_metadata|validation_status,NO_EVIDENCE_SUBMITTED
GQ0355,2021,Tuesday,2021-05-18T23:00:00,2021-05-19T01:00:00,2.0,1,GOLD#_H1_202101040100_202112311800.csv,GOLD#_H1_202101040100_202112311800.csv,UNVERIFIED,UNVERIFIED_GAP,true,53280efdf6bc9f719693aff8ee0cd9e5953a29cee58ee2a97648ba481f9b3c4f,BROKER_SERVER_SESSION_SCHEDULE|SAME_BROKER_SERVER_LOWER_TIMEFRAME_OR_TICK_EXPORT|INDEPENDENT_SAME_BROKER_SERVER_H1_EXPORT|OFFICIAL_MARKET_OR_BROKER_HOLIDAY_NOTICE,,evidence_package_id|evidence_type|evidence_role_PRIMARY|source_organization|broker|server|symbol|time_basis|timezone_or_unknown|effective_start|effective_end|captured_at|artifact_path|artifact_sha256|source_metadata|validation_status,NO_EVIDENCE_SUBMITTED
GQ0356,2021,Wednesday,2021-05-19T23:00:00,2021-05-20T01:00:00,2.0,1,GOLD#_H1_202101040100_202112311800.csv,GOLD#_H1_202101040100_202112311800.csv,UNVERIFIED,UNVERIFIED_GAP,true,d76217406ee93f5010b97cbcf9ca99649b2aceef5b7bcb42cf8209c7ba6ec3d6,BROKER_SERVER_SESSION_SCHEDULE|SAME_BROKER_SERVER_LOWER_TIMEFRAME_OR_TICK_EXPORT|INDEPENDENT_SAME_BROKER_SERVER_H1_EXPORT|OFFICIAL_MARKET_OR_BROKER_HOLIDAY_NOTICE,,evidence_package_id|evidence_type|evidence_role_PRIMARY|source_organization|broker|server|symbol|time_basis|timezone_or_unknown|effective_start|effective_end|captured_at|artifact_path|artifact_sha256|source_metadata|validation_status,NO_EVIDENCE_SUBMITTED
GQ0357,2021,Thursday,2021-05-20T23:00:00,2021-05-21T01:00:00,2.0,1,GOLD#_H1_202101040100_202112311800.csv,GOLD#_H1_202101040100_202112311800.csv,UNVERIFIED,UNVERIFIED_GAP,true,584d3ff35576855898e412d9fb2a6f3aa8735a4cdef39a6dfff4762a633923e7,BROKER_SERVER_SESSION_SCHEDULE|SAME_BROKER_SERVER_LOWER_TIMEFRAME_OR_TICK_EXPORT|INDEPENDENT_SAME_BROKER_SERVER_H1_EXPORT|OFFICIAL_MARKET_OR_BROKER_HOLIDAY_NOTICE,,evidence_package_id|evidence_type|evidence_role_PRIMARY|source_organization|broker|server|symbol|time_basis|timezone_or_unknown|effective_start|effective_end|captured_at|artifact_path|artifact_sha256|source_metadata|validation_status,NO_EVIDENCE_SUBMITTED
GQ0359,2021,Monday,2021-05-24T23:00:00,2021-05-25T01:00:00,2.0,1,GOLD#_H1_202101040100_202112311800.csv,GOLD#_H1_202101040100_202112311800.csv,UNVERIFIED,UNVERIFIED_GAP,true,41788d072da2c7f0c6a4fb42ce01c1e8254d697e778164fc83dce052f65c50a5,BROKER_SERVER_SESSION_SCHEDULE|SAME_BROKER_SERVER_LOWER_TIMEFRAME_OR_TICK_EXPORT|INDEPENDENT_SAME_BROKER_SERVER_H1_EXPORT|OFFICIAL_MARKET_OR_BROKER_HOLIDAY_NOTICE,,evidence_package_id|evidence_type|evidence_role_PRIMARY|source_organization|broker|server|symbol|time_basis|timezone_or_unknown|effective_start|effective_end|captured_at|artifact_path|artifact_sha256|source_metadata|validation_status,NO_EVIDENCE_SUBMITTED
GQ0360,2021,Tuesday,2021-05-25T23:00:00,2021-05-26T01:00:00,2.0,1,GOLD#_H1_202101040100_202112311800.csv,GOLD#_H1_202101040100_202112311800.csv,UNVERIFIED,UNVERIFIED_GAP,true,53280efdf6bc9f719693aff8ee0cd9e5953a29cee58ee2a97648ba481f9b3c4f,BROKER_SERVER_SESSION_SCHEDULE|SAME_BROKER_SERVER_LOWER_TIMEFRAME_OR_TICK_EXPORT|INDEPENDENT_SAME_BROKER_SERVER_H1_EXPORT|OFFICIAL_MARKET_OR_BROKER_HOLIDAY_NOTICE,,evidence_package_id|evidence_type|evidence_role_PRIMARY|source_organization|broker|server|symbol|time_basis|timezone_or_unknown|effective_start|effective_end|captured_at|artifact_path|artifact_sha256|source_metadata|validation_status,NO_EVIDENCE_SUBMITTED
GQ0361,2021,Wednesday,2021-05-26T23:00:00,2021-05-27T01:00:00,2.0,1,GOLD#_H1_202101040100_202112311800.csv,GOLD#_H1_202101040100_202112311800.csv,UNVERIFIED,UNVERIFIED_GAP,true,d76217406ee93f5010b97cbcf9ca99649b2aceef5b7bcb42cf8209c7ba6ec3d6,BROKER_SERVER_SESSION_SCHEDULE|SAME_BROKER_SERVER_LOWER_TIMEFRAME_OR_TICK_EXPORT|INDEPENDENT_SAME_BROKER_SERVER_H1_EXPORT|OFFICIAL_MARKET_OR_BROKER_HOLIDAY_NOTICE,,evidence_package_id|evidence_type|evidence_role_PRIMARY|source_organization|broker|server|symbol|time_basis|timezone_or_unknown|effective_start|effective_end|captured_at|artifact_path|artifact_sha256|source_metadata|validation_status,NO_EVIDENCE_SUBMITTED
GQ0362,2021,Thursday,2021-05-27T23:00:00,2021-05-28T01:00:00,2.0,1,GOLD#_H1_202101040100_202112311800.csv,GOLD#_H1_202101040100_202112311800.csv,UNVERIFIED,UNVERIFIED_GAP,true,584d3ff35576855898e412d9fb2a6f3aa8735a4cdef39a6dfff4762a633923e7,BROKER_SERVER_SESSION_SCHEDULE|SAME_BROKER_SERVER_LOWER_TIMEFRAME_OR_TICK_EXPORT|INDEPENDENT_SAME_BROKER_SERVER_H1_EXPORT|OFFICIAL_MARKET_OR_BROKER_HOLIDAY_NOTICE,,evidence_package_id|evidence_type|evidence_role_PRIMARY|source_organization|broker|server|symbol|time_basis|timezone_or_unknown|effective_start|effective_end|captured_at|artifact_path|artifact_sha256|source_metadata|validation_status,NO_EVIDENCE_SUBMITTED
GQ0364,2021,Monday,2021-05-31T19:00:00,2021-06-01T01:00:00,6.0,5,GOLD#_H1_202101040100_202112311800.csv,GOLD#_H1_202101040100_202112311800.csv,UNVERIFIED,UNVERIFIED_GAP,true,8919b66f0a00d54fafc960616a1ee3cbd08115bc5b74f82868224b00684803dc,BROKER_SERVER_SESSION_SCHEDULE|SAME_BROKER_SERVER_LOWER_TIMEFRAME_OR_TICK_EXPORT|INDEPENDENT_SAME_BROKER_SERVER_H1_EXPORT|OFFICIAL_MARKET_OR_BROKER_HOLIDAY_NOTICE,,evidence_package_id|evidence_type|evidence_role_PRIMARY|source_organization|broker|server|symbol|time_basis|timezone_or_unknown|effective_start|effective_end|captured_at|artifact_path|artifact_sha256|source_metadata|validation_status,NO_EVIDENCE_SUBMITTED
GQ0365,2021,Tuesday,2021-06-01T23:00:00,2021-06-02T01:00:00,2.0,1,GOLD#_H1_202101040100_202112311800.csv,GOLD#_H1_202101040100_202112311800.csv,UNVERIFIED,UNVERIFIED_GAP,true,53280efdf6bc9f719693aff8ee0cd9e5953a29cee58ee2a97648ba481f9b3c4f,BROKER_SERVER_SESSION_SCHEDULE|SAME_BROKER_SERVER_LOWER_TIMEFRAME_OR_TICK_EXPORT|INDEPENDENT_SAME_BROKER_SERVER_H1_EXPORT|OFFICIAL_MARKET_OR_BROKER_HOLIDAY_NOTICE,,evidence_package_id|evidence_type|evidence_role_PRIMARY|source_organization|broker|server|symbol|time_basis|timezone_or_unknown|effective_start|effective_end|captured_at|artifact_path|artifact_sha256|source_metadata|validation_status,NO_EVIDENCE_SUBMITTED
GQ0366,2021,Wednesday,2021-06-02T23:00:00,2021-06-03T01:00:00,2.0,1,GOLD#_H1_202101040100_202112311800.csv,GOLD#_H1_202101040100_202112311800.csv,UNVERIFIED,UNVERIFIED_GAP,true,d76217406ee93f5010b97cbcf9ca99649b2aceef5b7bcb42cf8209c7ba6ec3d6,BROKER_SERVER_SESSION_SCHEDULE|SAME_BROKER_SERVER_LOWER_TIMEFRAME_OR_TICK_EXPORT|INDEPENDENT_SAME_BROKER_SERVER_H1_EXPORT|OFFICIAL_MARKET_OR_BROKER_HOLIDAY_NOTICE,,evidence_package_id|evidence_type|evidence_role_PRIMARY|source_organization|broker|server|symbol|time_basis|timezone_or_unknown|effective_start|effective_end|captured_at|artifact_path|artifact_sha256|source_metadata|validation_status,NO_EVIDENCE_SUBMITTED
GQ0367,2021,Thursday,2021-06-03T23:00:00,2021-06-04T01:00:00,2.0,1,GOLD#_H1_202101040100_202112311800.csv,GOLD#_H1_202101040100_202112311800.csv,UNVERIFIED,UNVERIFIED_GAP,true,584d3ff35576855898e412d9fb2a6f3aa8735a4cdef39a6dfff4762a633923e7,BROKER_SERVER_SESSION_SCHEDULE|SAME_BROKER_SERVER_LOWER_TIMEFRAME_OR_TICK_EXPORT|INDEPENDENT_SAME_BROKER_SERVER_H1_EXPORT|OFFICIAL_MARKET_OR_BROKER_HOLIDAY_NOTICE,,evidence_package_id|evidence_type|evidence_role_PRIMARY|source_organization|broker|server|symbol|time_basis|timezone_or_unknown|effective_start|effective_end|captured_at|artifact_path|artifact_sha256|source_metadata|validation_status,NO_EVIDENCE_SUBMITTED
GQ0369,2021,Monday,2021-06-07T23:00:00,2021-06-08T01:00:00,2.0,1,GOLD#_H1_202101040100_202112311800.csv,GOLD#_H1_202101040100_202112311800.csv,UNVERIFIED,UNVERIFIED_GAP,true,41788d072da2c7f0c6a4fb42ce01c1e8254d697e778164fc83dce052f65c50a5,BROKER_SERVER_SESSION_SCHEDULE|SAME_BROKER_SERVER_LOWER_TIMEFRAME_OR_TICK_EXPORT|INDEPENDENT_SAME_BROKER_SERVER_H1_EXPORT|OFFICIAL_MARKET_OR_BROKER_HOLIDAY_NOTICE,,evidence_package_id|evidence_type|evidence_role_PRIMARY|source_organization|broker|server|symbol|time_basis|timezone_or_unknown|effective_start|effective_end|captured_at|artifact_path|artifact_sha256|source_metadata|validation_status,NO_EVIDENCE_SUBMITTED
GQ0370,2021,Tuesday,2021-06-08T23:00:00,2021-06-09T01:00:00,2.0,1,GOLD#_H1_202101040100_202112311800.csv,GOLD#_H1_202101040100_202112311800.csv,UNVERIFIED,UNVERIFIED_GAP,true,53280efdf6bc9f719693aff8ee0cd9e5953a29cee58ee2a97648ba481f9b3c4f,BROKER_SERVER_SESSION_SCHEDULE|SAME_BROKER_SERVER_LOWER_TIMEFRAME_OR_TICK_EXPORT|INDEPENDENT_SAME_BROKER_SERVER_H1_EXPORT|OFFICIAL_MARKET_OR_BROKER_HOLIDAY_NOTICE,,evidence_package_id|evidence_type|evidence_role_PRIMARY|source_organization|broker|server|symbol|time_basis|timezone_or_unknown|effective_start|effective_end|captured_at|artifact_path|artifact_sha256|source_metadata|validation_status,NO_EVIDENCE_SUBMITTED
GQ0371,2021,Wednesday,2021-06-09T23:00:00,2021-06-10T01:00:00,2.0,1,GOLD#_H1_202101040100_202112311800.csv,GOLD#_H1_202101040100_202112311800.csv,UNVERIFIED,UNVERIFIED_GAP,true,d76217406ee93f5010b97cbcf9ca99649b2aceef5b7bcb42cf8209c7ba6ec3d6,BROKER_SERVER_SESSION_SCHEDULE|SAME_BROKER_SERVER_LOWER_TIMEFRAME_OR_TICK_EXPORT|INDEPENDENT_SAME_BROKER_SERVER_H1_EXPORT|OFFICIAL_MARKET_OR_BROKER_HOLIDAY_NOTICE,,evidence_package_id|evidence_type|evidence_role_PRIMARY|source_organization|broker|server|symbol|time_basis|timezone_or_unknown|effective_start|effective_end|captured_at|artifact_path|artifact_sha256|source_metadata|validation_status,NO_EVIDENCE_SUBMITTED
GQ0372,2021,Thursday,2021-06-10T23:00:00,2021-06-11T01:00:00,2.0,1,GOLD#_H1_202101040100_202112311800.csv,GOLD#_H1_202101040100_202112311800.csv,UNVERIFIED,UNVERIFIED_GAP,true,584d3ff35576855898e412d9fb2a6f3aa8735a4cdef39a6dfff4762a633923e7,BROKER_SERVER_SESSION_SCHEDULE|SAME_BROKER_SERVER_LOWER_TIMEFRAME_OR_TICK_EXPORT|INDEPENDENT_SAME_BROKER_SERVER_H1_EXPORT|OFFICIAL_MARKET_OR_BROKER_HOLIDAY_NOTICE,,evidence_package_id|evidence_type|evidence_role_PRIMARY|source_organization|broker|server|symbol|time_basis|timezone_or_unknown|effective_start|effective_end|captured_at|artifact_path|artifact_sha256|source_metadata|validation_status,NO_EVIDENCE_SUBMITTED
GQ0374,2021,Monday,2021-06-14T23:00:00,2021-06-15T01:00:00,2.0,1,GOLD#_H1_202101040100_202112311800.csv,GOLD#_H1_202101040100_202112311800.csv,UNVERIFIED,UNVERIFIED_GAP,true,41788d072da2c7f0c6a4fb42ce01c1e8254d697e778164fc83dce052f65c50a5,BROKER_SERVER_SESSION_SCHEDULE|SAME_BROKER_SERVER_LOWER_TIMEFRAME_OR_TICK_EXPORT|INDEPENDENT_SAME_BROKER_SERVER_H1_EXPORT|OFFICIAL_MARKET_OR_BROKER_HOLIDAY_NOTICE,,evidence_package_id|evidence_type|evidence_role_PRIMARY|source_organization|broker|server|symbol|time_basis|timezone_or_unknown|effective_start|effective_end|captured_at|artifact_path|artifact_sha256|source_metadata|validation_status,NO_EVIDENCE_SUBMITTED
GQ0375,2021,Tuesday,2021-06-15T23:00:00,2021-06-16T01:00:00,2.0,1,GOLD#_H1_202101040100_202112311800.csv,GOLD#_H1_202101040100_202112311800.csv,UNVERIFIED,UNVERIFIED_GAP,true,53280efdf6bc9f719693aff8ee0cd9e5953a29cee58ee2a97648ba481f9b3c4f,BROKER_SERVER_SESSION_SCHEDULE|SAME_BROKER_SERVER_LOWER_TIMEFRAME_OR_TICK_EXPORT|INDEPENDENT_SAME_BROKER_SERVER_H1_EXPORT|OFFICIAL_MARKET_OR_BROKER_HOLIDAY_NOTICE,,evidence_package_id|evidence_type|evidence_role_PRIMARY|source_organization|broker|server|symbol|time_basis|timezone_or_unknown|effective_start|effective_end|captured_at|artifact_path|artifact_sha256|source_metadata|validation_status,NO_EVIDENCE_SUBMITTED
GQ0376,2021,Wednesday,2021-06-16T23:00:00,2021-06-17T01:00:00,2.0,1,GOLD#_H1_202101040100_202112311800.csv,GOLD#_H1_202101040100_202112311800.csv,UNVERIFIED,UNVERIFIED_GAP,true,d76217406ee93f5010b97cbcf9ca99649b2aceef5b7bcb42cf8209c7ba6ec3d6,BROKER_SERVER_SESSION_SCHEDULE|SAME_BROKER_SERVER_LOWER_TIMEFRAME_OR_TICK_EXPORT|INDEPENDENT_SAME_BROKER_SERVER_H1_EXPORT|OFFICIAL_MARKET_OR_BROKER_HOLIDAY_NOTICE,,evidence_package_id|evidence_type|evidence_role_PRIMARY|source_organization|broker|server|symbol|time_basis|timezone_or_unknown|effective_start|effective_end|captured_at|artifact_path|artifact_sha256|source_metadata|validation_status,NO_EVIDENCE_SUBMITTED
GQ0377,2021,Thursday,2021-06-17T23:00:00,2021-06-18T01:00:00,2.0,1,GOLD#_H1_202101040100_202112311800.csv,GOLD#_H1_202101040100_202112311800.csv,UNVERIFIED,UNVERIFIED_GAP,true,584d3ff35576855898e412d9fb2a6f3aa8735a4cdef39a6dfff4762a633923e7,BROKER_SERVER_SESSION_SCHEDULE|SAME_BROKER_SERVER_LOWER_TIMEFRAME_OR_TICK_EXPORT|INDEPENDENT_SAME_BROKER_SERVER_H1_EXPORT|OFFICIAL_MARKET_OR_BROKER_HOLIDAY_NOTICE,,evidence_package_id|evidence_type|evidence_role_PRIMARY|source_organization|broker|server|symbol|time_basis|timezone_or_unknown|effective_start|effective_end|captured_at|artifact_path|artifact_sha256|source_metadata|validation_status,NO_EVIDENCE_SUBMITTED
GQ0379,2021,Monday,2021-06-21T23:00:00,2021-06-22T01:00:00,2.0,1,GOLD#_H1_202101040100_202112311800.csv,GOLD#_H1_202101040100_202112311800.csv,UNVERIFIED,UNVERIFIED_GAP,true,41788d072da2c7f0c6a4fb42ce01c1e8254d697e778164fc83dce052f65c50a5,BROKER_SERVER_SESSION_SCHEDULE|SAME_BROKER_SERVER_LOWER_TIMEFRAME_OR_TICK_EXPORT|INDEPENDENT_SAME_BROKER_SERVER_H1_EXPORT|OFFICIAL_MARKET_OR_BROKER_HOLIDAY_NOTICE,,evidence_package_id|evidence_type|evidence_role_PRIMARY|source_organization|broker|server|symbol|time_basis|timezone_or_unknown|effective_start|effective_end|captured_at|artifact_path|artifact_sha256|source_metadata|validation_status,NO_EVIDENCE_SUBMITTED
GQ0380,2021,Tuesday,2021-06-22T23:00:00,2021-06-23T01:00:00,2.0,1,GOLD#_H1_202101040100_202112311800.csv,GOLD#_H1_202101040100_202112311800.csv,UNVERIFIED,UNVERIFIED_GAP,true,53280efdf6bc9f719693aff8ee0cd9e5953a29cee58ee2a97648ba481f9b3c4f,BROKER_SERVER_SESSION_SCHEDULE|SAME_BROKER_SERVER_LOWER_TIMEFRAME_OR_TICK_EXPORT|INDEPENDENT_SAME_BROKER_SERVER_H1_EXPORT|OFFICIAL_MARKET_OR_BROKER_HOLIDAY_NOTICE,,evidence_package_id|evidence_type|evidence_role_PRIMARY|source_organization|broker|server|symbol|time_basis|timezone_or_unknown|effective_start|effective_end|captured_at|artifact_path|artifact_sha256|source_metadata|validation_status,NO_EVIDENCE_SUBMITTED
GQ0381,2021,Wednesday,2021-06-23T23:00:00,2021-06-24T01:00:00,2.0,1,GOLD#_H1_202101040100_202112311800.csv,GOLD#_H1_202101040100_202112311800.csv,UNVERIFIED,UNVERIFIED_GAP,true,d76217406ee93f5010b97cbcf9ca99649b2aceef5b7bcb42cf8209c7ba6ec3d6,BROKER_SERVER_SESSION_SCHEDULE|SAME_BROKER_SERVER_LOWER_TIMEFRAME_OR_TICK_EXPORT|INDEPENDENT_SAME_BROKER_SERVER_H1_EXPORT|OFFICIAL_MARKET_OR_BROKER_HOLIDAY_NOTICE,,evidence_package_id|evidence_type|evidence_role_PRIMARY|source_organization|broker|server|symbol|time_basis|timezone_or_unknown|effective_start|effective_end|captured_at|artifact_path|artifact_sha256|source_metadata|validation_status,NO_EVIDENCE_SUBMITTED
GQ0382,2021,Thursday,2021-06-24T23:00:00,2021-06-25T01:00:00,2.0,1,GOLD#_H1_202101040100_202112311800.csv,GOLD#_H1_202101040100_202112311800.csv,UNVERIFIED,UNVERIFIED_GAP,true,584d3ff35576855898e412d9fb2a6f3aa8735a4cdef39a6dfff4762a633923e7,BROKER_SERVER_SESSION_SCHEDULE|SAME_BROKER_SERVER_LOWER_TIMEFRAME_OR_TICK_EXPORT|INDEPENDENT_SAME_BROKER_SERVER_H1_EXPORT|OFFICIAL_MARKET_OR_BROKER_HOLIDAY_NOTICE,,evidence_package_id|evidence_type|evidence_role_PRIMARY|source_organization|broker|server|symbol|time_basis|timezone_or_unknown|effective_start|effective_end|captured_at|artifact_path|artifact_sha256|source_metadata|validation_status,NO_EVIDENCE_SUBMITTED
GQ0384,2021,Monday,2021-06-28T23:00:00,2021-06-29T01:00:00,2.0,1,GOLD#_H1_202101040100_202112311800.csv,GOLD#_H1_202101040100_202112311800.csv,UNVERIFIED,UNVERIFIED_GAP,true,41788d072da2c7f0c6a4fb42ce01c1e8254d697e778164fc83dce052f65c50a5,BROKER_SERVER_SESSION_SCHEDULE|SAME_BROKER_SERVER_LOWER_TIMEFRAME_OR_TICK_EXPORT|INDEPENDENT_SAME_BROKER_SERVER_H1_EXPORT|OFFICIAL_MARKET_OR_BROKER_HOLIDAY_NOTICE,,evidence_package_id|evidence_type|evidence_role_PRIMARY|source_organization|broker|server|symbol|time_basis|timezone_or_unknown|effective_start|effective_end|captured_at|artifact_path|artifact_sha256|source_metadata|validation_status,NO_EVIDENCE_SUBMITTED
GQ0385,2021,Tuesday,2021-06-29T23:00:00,2021-06-30T01:00:00,2.0,1,GOLD#_H1_202101040100_202112311800.csv,GOLD#_H1_202101040100_202112311800.csv,UNVERIFIED,UNVERIFIED_GAP,true,53280efdf6bc9f719693aff8ee0cd9e5953a29cee58ee2a97648ba481f9b3c4f,BROKER_SERVER_SESSION_SCHEDULE|SAME_BROKER_SERVER_LOWER_TIMEFRAME_OR_TICK_EXPORT|INDEPENDENT_SAME_BROKER_SERVER_H1_EXPORT|OFFICIAL_MARKET_OR_BROKER_HOLIDAY_NOTICE,,evidence_package_id|evidence_type|evidence_role_PRIMARY|source_organization|broker|server|symbol|time_basis|timezone_or_unknown|effective_start|effective_end|captured_at|artifact_path|artifact_sha256|source_metadata|validation_status,NO_EVIDENCE_SUBMITTED
GQ0386,2021,Wednesday,2021-06-30T23:00:00,2021-07-01T01:00:00,2.0,1,GOLD#_H1_202101040100_202112311800.csv,GOLD#_H1_202101040100_202112311800.csv,UNVERIFIED,UNVERIFIED_GAP,true,d76217406ee93f5010b97cbcf9ca99649b2aceef5b7bcb42cf8209c7ba6ec3d6,BROKER_SERVER_SESSION_SCHEDULE|SAME_BROKER_SERVER_LOWER_TIMEFRAME_OR_TICK_EXPORT|INDEPENDENT_SAME_BROKER_SERVER_H1_EXPORT|OFFICIAL_MARKET_OR_BROKER_HOLIDAY_NOTICE,,evidence_package_id|evidence_type|evidence_role_PRIMARY|source_organization|broker|server|symbol|time_basis|timezone_or_unknown|effective_start|effective_end|captured_at|artifact_path|artifact_sha256|source_metadata|validation_status,NO_EVIDENCE_SUBMITTED
GQ0387,2021,Thursday,2021-07-01T23:00:00,2021-07-02T01:00:00,2.0,1,GOLD#_H1_202101040100_202112311800.csv,GOLD#_H1_202101040100_202112311800.csv,UNVERIFIED,UNVERIFIED_GAP,true,584d3ff35576855898e412d9fb2a6f3aa8735a4cdef39a6dfff4762a633923e7,BROKER_SERVER_SESSION_SCHEDULE|SAME_BROKER_SERVER_LOWER_TIMEFRAME_OR_TICK_EXPORT|INDEPENDENT_SAME_BROKER_SERVER_H1_EXPORT|OFFICIAL_MARKET_OR_BROKER_HOLIDAY_NOTICE,,evidence_package_id|evidence_type|evidence_role_PRIMARY|source_organization|broker|server|symbol|time_basis|timezone_or_unknown|effective_start|effective_end|captured_at|artifact_path|artifact_sha256|source_metadata|validation_status,NO_EVIDENCE_SUBMITTED
GQ0389,2021,Monday,2021-07-05T19:00:00,2021-07-06T01:00:00,6.0,5,GOLD#_H1_202101040100_202112311800.csv,GOLD#_H1_202101040100_202112311800.csv,UNVERIFIED,UNVERIFIED_GAP,true,8919b66f0a00d54fafc960616a1ee3cbd08115bc5b74f82868224b00684803dc,BROKER_SERVER_SESSION_SCHEDULE|SAME_BROKER_SERVER_LOWER_TIMEFRAME_OR_TICK_EXPORT|INDEPENDENT_SAME_BROKER_SERVER_H1_EXPORT|OFFICIAL_MARKET_OR_BROKER_HOLIDAY_NOTICE,,evidence_package_id|evidence_type|evidence_role_PRIMARY|source_organization|broker|server|symbol|time_basis|timezone_or_unknown|effective_start|effective_end|captured_at|artifact_path|artifact_sha256|source_metadata|validation_status,NO_EVIDENCE_SUBMITTED
GQ0390,2021,Tuesday,2021-07-06T23:00:00,2021-07-07T01:00:00,2.0,1,GOLD#_H1_202101040100_202112311800.csv,GOLD#_H1_202101040100_202112311800.csv,UNVERIFIED,UNVERIFIED_GAP,true,53280efdf6bc9f719693aff8ee0cd9e5953a29cee58ee2a97648ba481f9b3c4f,BROKER_SERVER_SESSION_SCHEDULE|SAME_BROKER_SERVER_LOWER_TIMEFRAME_OR_TICK_EXPORT|INDEPENDENT_SAME_BROKER_SERVER_H1_EXPORT|OFFICIAL_MARKET_OR_BROKER_HOLIDAY_NOTICE,,evidence_package_id|evidence_type|evidence_role_PRIMARY|source_organization|broker|server|symbol|time_basis|timezone_or_unknown|effective_start|effective_end|captured_at|artifact_path|artifact_sha256|source_metadata|validation_status,NO_EVIDENCE_SUBMITTED
GQ0391,2021,Wednesday,2021-07-07T23:00:00,2021-07-08T01:00:00,2.0,1,GOLD#_H1_202101040100_202112311800.csv,GOLD#_H1_202101040100_202112311800.csv,UNVERIFIED,UNVERIFIED_GAP,true,d76217406ee93f5010b97cbcf9ca99649b2aceef5b7bcb42cf8209c7ba6ec3d6,BROKER_SERVER_SESSION_SCHEDULE|SAME_BROKER_SERVER_LOWER_TIMEFRAME_OR_TICK_EXPORT|INDEPENDENT_SAME_BROKER_SERVER_H1_EXPORT|OFFICIAL_MARKET_OR_BROKER_HOLIDAY_NOTICE,,evidence_package_id|evidence_type|evidence_role_PRIMARY|source_organization|broker|server|symbol|time_basis|timezone_or_unknown|effective_start|effective_end|captured_at|artifact_path|artifact_sha256|source_metadata|validation_status,NO_EVIDENCE_SUBMITTED
GQ0392,2021,Thursday,2021-07-08T23:00:00,2021-07-09T01:00:00,2.0,1,GOLD#_H1_202101040100_202112311800.csv,GOLD#_H1_202101040100_202112311800.csv,UNVERIFIED,UNVERIFIED_GAP,true,584d3ff35576855898e412d9fb2a6f3aa8735a4cdef39a6dfff4762a633923e7,BROKER_SERVER_SESSION_SCHEDULE|SAME_BROKER_SERVER_LOWER_TIMEFRAME_OR_TICK_EXPORT|INDEPENDENT_SAME_BROKER_SERVER_H1_EXPORT|OFFICIAL_MARKET_OR_BROKER_HOLIDAY_NOTICE,,evidence_package_id|evidence_type|evidence_role_PRIMARY|source_organization|broker|server|symbol|time_basis|timezone_or_unknown|effective_start|effective_end|captured_at|artifact_path|artifact_sha256|source_metadata|validation_status,NO_EVIDENCE_SUBMITTED
GQ0394,2021,Monday,2021-07-12T23:00:00,2021-07-13T01:00:00,2.0,1,GOLD#_H1_202101040100_202112311800.csv,GOLD#_H1_202101040100_202112311800.csv,UNVERIFIED,UNVERIFIED_GAP,true,41788d072da2c7f0c6a4fb42ce01c1e8254d697e778164fc83dce052f65c50a5,BROKER_SERVER_SESSION_SCHEDULE|SAME_BROKER_SERVER_LOWER_TIMEFRAME_OR_TICK_EXPORT|INDEPENDENT_SAME_BROKER_SERVER_H1_EXPORT|OFFICIAL_MARKET_OR_BROKER_HOLIDAY_NOTICE,,evidence_package_id|evidence_type|evidence_role_PRIMARY|source_organization|broker|server|symbol|time_basis|timezone_or_unknown|effective_start|effective_end|captured_at|artifact_path|artifact_sha256|source_metadata|validation_status,NO_EVIDENCE_SUBMITTED
GQ0395,2021,Tuesday,2021-07-13T23:00:00,2021-07-14T01:00:00,2.0,1,GOLD#_H1_202101040100_202112311800.csv,GOLD#_H1_202101040100_202112311800.csv,UNVERIFIED,UNVERIFIED_GAP,true,53280efdf6bc9f719693aff8ee0cd9e5953a29cee58ee2a97648ba481f9b3c4f,BROKER_SERVER_SESSION_SCHEDULE|SAME_BROKER_SERVER_LOWER_TIMEFRAME_OR_TICK_EXPORT|INDEPENDENT_SAME_BROKER_SERVER_H1_EXPORT|OFFICIAL_MARKET_OR_BROKER_HOLIDAY_NOTICE,,evidence_package_id|evidence_type|evidence_role_PRIMARY|source_organization|broker|server|symbol|time_basis|timezone_or_unknown|effective_start|effective_end|captured_at|artifact_path|artifact_sha256|source_metadata|validation_status,NO_EVIDENCE_SUBMITTED
GQ0396,2021,Wednesday,2021-07-14T23:00:00,2021-07-15T01:00:00,2.0,1,GOLD#_H1_202101040100_202112311800.csv,GOLD#_H1_202101040100_202112311800.csv,UNVERIFIED,UNVERIFIED_GAP,true,d76217406ee93f5010b97cbcf9ca99649b2aceef5b7bcb42cf8209c7ba6ec3d6,BROKER_SERVER_SESSION_SCHEDULE|SAME_BROKER_SERVER_LOWER_TIMEFRAME_OR_TICK_EXPORT|INDEPENDENT_SAME_BROKER_SERVER_H1_EXPORT|OFFICIAL_MARKET_OR_BROKER_HOLIDAY_NOTICE,,evidence_package_id|evidence_type|evidence_role_PRIMARY|source_organization|broker|server|symbol|time_basis|timezone_or_unknown|effective_start|effective_end|captured_at|artifact_path|artifact_sha256|source_metadata|validation_status,NO_EVIDENCE_SUBMITTED
GQ0397,2021,Thursday,2021-07-15T23:00:00,2021-07-16T01:00:00,2.0,1,GOLD#_H1_202101040100_202112311800.csv,GOLD#_H1_202101040100_202112311800.csv,UNVERIFIED,UNVERIFIED_GAP,true,584d3ff35576855898e412d9fb2a6f3aa8735a4cdef39a6dfff4762a633923e7,BROKER_SERVER_SESSION_SCHEDULE|SAME_BROKER_SERVER_LOWER_TIMEFRAME_OR_TICK_EXPORT|INDEPENDENT_SAME_BROKER_SERVER_H1_EXPORT|OFFICIAL_MARKET_OR_BROKER_HOLIDAY_NOTICE,,evidence_package_id|evidence_type|evidence_role_PRIMARY|source_organization|broker|server|symbol|time_basis|timezone_or_unknown|effective_start|effective_end|captured_at|artifact_path|artifact_sha256|source_metadata|validation_status,NO_EVIDENCE_SUBMITTED
GQ0399,2021,Monday,2021-07-19T23:00:00,2021-07-20T01:00:00,2.0,1,GOLD#_H1_202101040100_202112311800.csv,GOLD#_H1_202101040100_202112311800.csv,UNVERIFIED,UNVERIFIED_GAP,true,41788d072da2c7f0c6a4fb42ce01c1e8254d697e778164fc83dce052f65c50a5,BROKER_SERVER_SESSION_SCHEDULE|SAME_BROKER_SERVER_LOWER_TIMEFRAME_OR_TICK_EXPORT|INDEPENDENT_SAME_BROKER_SERVER_H1_EXPORT|OFFICIAL_MARKET_OR_BROKER_HOLIDAY_NOTICE,,evidence_package_id|evidence_type|evidence_role_PRIMARY|source_organization|broker|server|symbol|time_basis|timezone_or_unknown|effective_start|effective_end|captured_at|artifact_path|artifact_sha256|source_metadata|validation_status,NO_EVIDENCE_SUBMITTED
GQ0400,2021,Tuesday,2021-07-20T23:00:00,2021-07-21T01:00:00,2.0,1,GOLD#_H1_202101040100_202112311800.csv,GOLD#_H1_202101040100_202112311800.csv,UNVERIFIED,UNVERIFIED_GAP,true,53280efdf6bc9f719693aff8ee0cd9e5953a29cee58ee2a97648ba481f9b3c4f,BROKER_SERVER_SESSION_SCHEDULE|SAME_BROKER_SERVER_LOWER_TIMEFRAME_OR_TICK_EXPORT|INDEPENDENT_SAME_BROKER_SERVER_H1_EXPORT|OFFICIAL_MARKET_OR_BROKER_HOLIDAY_NOTICE,,evidence_package_id|evidence_type|evidence_role_PRIMARY|source_organization|broker|server|symbol|time_basis|timezone_or_unknown|effective_start|effective_end|captured_at|artifact_path|artifact_sha256|source_metadata|validation_status,NO_EVIDENCE_SUBMITTED
GQ0401,2021,Wednesday,2021-07-21T23:00:00,2021-07-22T01:00:00,2.0,1,GOLD#_H1_202101040100_202112311800.csv,GOLD#_H1_202101040100_202112311800.csv,UNVERIFIED,UNVERIFIED_GAP,true,d76217406ee93f5010b97cbcf9ca99649b2aceef5b7bcb42cf8209c7ba6ec3d6,BROKER_SERVER_SESSION_SCHEDULE|SAME_BROKER_SERVER_LOWER_TIMEFRAME_OR_TICK_EXPORT|INDEPENDENT_SAME_BROKER_SERVER_H1_EXPORT|OFFICIAL_MARKET_OR_BROKER_HOLIDAY_NOTICE,,evidence_package_id|evidence_type|evidence_role_PRIMARY|source_organization|broker|server|symbol|time_basis|timezone_or_unknown|effective_start|effective_end|captured_at|artifact_path|artifact_sha256|source_metadata|validation_status,NO_EVIDENCE_SUBMITTED
GQ0402,2021,Thursday,2021-07-22T23:00:00,2021-07-23T01:00:00,2.0,1,GOLD#_H1_202101040100_202112311800.csv,GOLD#_H1_202101040100_202112311800.csv,UNVERIFIED,UNVERIFIED_GAP,true,584d3ff35576855898e412d9fb2a6f3aa8735a4cdef39a6dfff4762a633923e7,BROKER_SERVER_SESSION_SCHEDULE|SAME_BROKER_SERVER_LOWER_TIMEFRAME_OR_TICK_EXPORT|INDEPENDENT_SAME_BROKER_SERVER_H1_EXPORT|OFFICIAL_MARKET_OR_BROKER_HOLIDAY_NOTICE,,evidence_package_id|evidence_type|evidence_role_PRIMARY|source_organization|broker|server|symbol|time_basis|timezone_or_unknown|effective_start|effective_end|captured_at|artifact_path|artifact_sha256|source_metadata|validation_status,NO_EVIDENCE_SUBMITTED
GQ0404,2021,Monday,2021-07-26T23:00:00,2021-07-27T01:00:00,2.0,1,GOLD#_H1_202101040100_202112311800.csv,GOLD#_H1_202101040100_202112311800.csv,UNVERIFIED,UNVERIFIED_GAP,true,41788d072da2c7f0c6a4fb42ce01c1e8254d697e778164fc83dce052f65c50a5,BROKER_SERVER_SESSION_SCHEDULE|SAME_BROKER_SERVER_LOWER_TIMEFRAME_OR_TICK_EXPORT|INDEPENDENT_SAME_BROKER_SERVER_H1_EXPORT|OFFICIAL_MARKET_OR_BROKER_HOLIDAY_NOTICE,,evidence_package_id|evidence_type|evidence_role_PRIMARY|source_organization|broker|server|symbol|time_basis|timezone_or_unknown|effective_start|effective_end|captured_at|artifact_path|artifact_sha256|source_metadata|validation_status,NO_EVIDENCE_SUBMITTED
GQ0405,2021,Tuesday,2021-07-27T23:00:00,2021-07-28T01:00:00,2.0,1,GOLD#_H1_202101040100_202112311800.csv,GOLD#_H1_202101040100_202112311800.csv,UNVERIFIED,UNVERIFIED_GAP,true,53280efdf6bc9f719693aff8ee0cd9e5953a29cee58ee2a97648ba481f9b3c4f,BROKER_SERVER_SESSION_SCHEDULE|SAME_BROKER_SERVER_LOWER_TIMEFRAME_OR_TICK_EXPORT|INDEPENDENT_SAME_BROKER_SERVER_H1_EXPORT|OFFICIAL_MARKET_OR_BROKER_HOLIDAY_NOTICE,,evidence_package_id|evidence_type|evidence_role_PRIMARY|source_organization|broker|server|symbol|time_basis|timezone_or_unknown|effective_start|effective_end|captured_at|artifact_path|artifact_sha256|source_metadata|validation_status,NO_EVIDENCE_SUBMITTED
GQ0406,2021,Wednesday,2021-07-28T23:00:00,2021-07-29T01:00:00,2.0,1,GOLD#_H1_202101040100_202112311800.csv,GOLD#_H1_202101040100_202112311800.csv,UNVERIFIED,UNVERIFIED_GAP,true,d76217406ee93f5010b97cbcf9ca99649b2aceef5b7bcb42cf8209c7ba6ec3d6,BROKER_SERVER_SESSION_SCHEDULE|SAME_BROKER_SERVER_LOWER_TIMEFRAME_OR_TICK_EXPORT|INDEPENDENT_SAME_BROKER_SERVER_H1_EXPORT|OFFICIAL_MARKET_OR_BROKER_HOLIDAY_NOTICE,,evidence_package_id|evidence_type|evidence_role_PRIMARY|source_organization|broker|server|symbol|time_basis|timezone_or_unknown|effective_start|effective_end|captured_at|artifact_path|artifact_sha256|source_metadata|validation_status,NO_EVIDENCE_SUBMITTED
GQ0407,2021,Thursday,2021-07-29T23:00:00,2021-07-30T01:00:00,2.0,1,GOLD#_H1_202101040100_202112311800.csv,GOLD#_H1_202101040100_202112311800.csv,UNVERIFIED,UNVERIFIED_GAP,true,584d3ff35576855898e412d9fb2a6f3aa8735a4cdef39a6dfff4762a633923e7,BROKER_SERVER_SESSION_SCHEDULE|SAME_BROKER_SERVER_LOWER_TIMEFRAME_OR_TICK_EXPORT|INDEPENDENT_SAME_BROKER_SERVER_H1_EXPORT|OFFICIAL_MARKET_OR_BROKER_HOLIDAY_NOTICE,,evidence_package_id|evidence_type|evidence_role_PRIMARY|source_organization|broker|server|symbol|time_basis|timezone_or_unknown|effective_start|effective_end|captured_at|artifact_path|artifact_sha256|source_metadata|validation_status,NO_EVIDENCE_SUBMITTED
GQ0409,2021,Monday,2021-08-02T23:00:00,2021-08-03T01:00:00,2.0,1,GOLD#_H1_202101040100_202112311800.csv,GOLD#_H1_202101040100_202112311800.csv,UNVERIFIED,UNVERIFIED_GAP,true,41788d072da2c7f0c6a4fb42ce01c1e8254d697e778164fc83dce052f65c50a5,BROKER_SERVER_SESSION_SCHEDULE|SAME_BROKER_SERVER_LOWER_TIMEFRAME_OR_TICK_EXPORT|INDEPENDENT_SAME_BROKER_SERVER_H1_EXPORT|OFFICIAL_MARKET_OR_BROKER_HOLIDAY_NOTICE,,evidence_package_id|evidence_type|evidence_role_PRIMARY|source_organization|broker|server|symbol|time_basis|timezone_or_unknown|effective_start|effective_end|captured_at|artifact_path|artifact_sha256|source_metadata|validation_status,NO_EVIDENCE_SUBMITTED
GQ0410,2021,Tuesday,2021-08-03T23:00:00,2021-08-04T01:00:00,2.0,1,GOLD#_H1_202101040100_202112311800.csv,GOLD#_H1_202101040100_202112311800.csv,UNVERIFIED,UNVERIFIED_GAP,true,53280efdf6bc9f719693aff8ee0cd9e5953a29cee58ee2a97648ba481f9b3c4f,BROKER_SERVER_SESSION_SCHEDULE|SAME_BROKER_SERVER_LOWER_TIMEFRAME_OR_TICK_EXPORT|INDEPENDENT_SAME_BROKER_SERVER_H1_EXPORT|OFFICIAL_MARKET_OR_BROKER_HOLIDAY_NOTICE,,evidence_package_id|evidence_type|evidence_role_PRIMARY|source_organization|broker|server|symbol|time_basis|timezone_or_unknown|effective_start|effective_end|captured_at|artifact_path|artifact_sha256|source_metadata|validation_status,NO_EVIDENCE_SUBMITTED
GQ0411,2021,Wednesday,2021-08-04T23:00:00,2021-08-05T01:00:00,2.0,1,GOLD#_H1_202101040100_202112311800.csv,GOLD#_H1_202101040100_202112311800.csv,UNVERIFIED,UNVERIFIED_GAP,true,d76217406ee93f5010b97cbcf9ca99649b2aceef5b7bcb42cf8209c7ba6ec3d6,BROKER_SERVER_SESSION_SCHEDULE|SAME_BROKER_SERVER_LOWER_TIMEFRAME_OR_TICK_EXPORT|INDEPENDENT_SAME_BROKER_SERVER_H1_EXPORT|OFFICIAL_MARKET_OR_BROKER_HOLIDAY_NOTICE,,evidence_package_id|evidence_type|evidence_role_PRIMARY|source_organization|broker|server|symbol|time_basis|timezone_or_unknown|effective_start|effective_end|captured_at|artifact_path|artifact_sha256|source_metadata|validation_status,NO_EVIDENCE_SUBMITTED
GQ0412,2021,Thursday,2021-08-05T23:00:00,2021-08-06T01:00:00,2.0,1,GOLD#_H1_202101040100_202112311800.csv,GOLD#_H1_202101040100_202112311800.csv,UNVERIFIED,UNVERIFIED_GAP,true,584d3ff35576855898e412d9fb2a6f3aa8735a4cdef39a6dfff4762a633923e7,BROKER_SERVER_SESSION_SCHEDULE|SAME_BROKER_SERVER_LOWER_TIMEFRAME_OR_TICK_EXPORT|INDEPENDENT_SAME_BROKER_SERVER_H1_EXPORT|OFFICIAL_MARKET_OR_BROKER_HOLIDAY_NOTICE,,evidence_package_id|evidence_type|evidence_role_PRIMARY|source_organization|broker|server|symbol|time_basis|timezone_or_unknown|effective_start|effective_end|captured_at|artifact_path|artifact_sha256|source_metadata|validation_status,NO_EVIDENCE_SUBMITTED
GQ0414,2021,Monday,2021-08-09T23:00:00,2021-08-10T01:00:00,2.0,1,GOLD#_H1_202101040100_202112311800.csv,GOLD#_H1_202101040100_202112311800.csv,UNVERIFIED,UNVERIFIED_GAP,true,41788d072da2c7f0c6a4fb42ce01c1e8254d697e778164fc83dce052f65c50a5,BROKER_SERVER_SESSION_SCHEDULE|SAME_BROKER_SERVER_LOWER_TIMEFRAME_OR_TICK_EXPORT|INDEPENDENT_SAME_BROKER_SERVER_H1_EXPORT|OFFICIAL_MARKET_OR_BROKER_HOLIDAY_NOTICE,,evidence_package_id|evidence_type|evidence_role_PRIMARY|source_organization|broker|server|symbol|time_basis|timezone_or_unknown|effective_start|effective_end|captured_at|artifact_path|artifact_sha256|source_metadata|validation_status,NO_EVIDENCE_SUBMITTED
GQ0415,2021,Tuesday,2021-08-10T23:00:00,2021-08-11T01:00:00,2.0,1,GOLD#_H1_202101040100_202112311800.csv,GOLD#_H1_202101040100_202112311800.csv,UNVERIFIED,UNVERIFIED_GAP,true,53280efdf6bc9f719693aff8ee0cd9e5953a29cee58ee2a97648ba481f9b3c4f,BROKER_SERVER_SESSION_SCHEDULE|SAME_BROKER_SERVER_LOWER_TIMEFRAME_OR_TICK_EXPORT|INDEPENDENT_SAME_BROKER_SERVER_H1_EXPORT|OFFICIAL_MARKET_OR_BROKER_HOLIDAY_NOTICE,,evidence_package_id|evidence_type|evidence_role_PRIMARY|source_organization|broker|server|symbol|time_basis|timezone_or_unknown|effective_start|effective_end|captured_at|artifact_path|artifact_sha256|source_metadata|validation_status,NO_EVIDENCE_SUBMITTED
GQ0416,2021,Wednesday,2021-08-11T23:00:00,2021-08-12T01:00:00,2.0,1,GOLD#_H1_202101040100_202112311800.csv,GOLD#_H1_202101040100_202112311800.csv,UNVERIFIED,UNVERIFIED_GAP,true,d76217406ee93f5010b97cbcf9ca99649b2aceef5b7bcb42cf8209c7ba6ec3d6,BROKER_SERVER_SESSION_SCHEDULE|SAME_BROKER_SERVER_LOWER_TIMEFRAME_OR_TICK_EXPORT|INDEPENDENT_SAME_BROKER_SERVER_H1_EXPORT|OFFICIAL_MARKET_OR_BROKER_HOLIDAY_NOTICE,,evidence_package_id|evidence_type|evidence_role_PRIMARY|source_organization|broker|server|symbol|time_basis|timezone_or_unknown|effective_start|effective_end|captured_at|artifact_path|artifact_sha256|source_metadata|validation_status,NO_EVIDENCE_SUBMITTED
GQ0417,2021,Thursday,2021-08-12T23:00:00,2021-08-13T01:00:00,2.0,1,GOLD#_H1_202101040100_202112311800.csv,GOLD#_H1_202101040100_202112311800.csv,UNVERIFIED,UNVERIFIED_GAP,true,584d3ff35576855898e412d9fb2a6f3aa8735a4cdef39a6dfff4762a633923e7,BROKER_SERVER_SESSION_SCHEDULE|SAME_BROKER_SERVER_LOWER_TIMEFRAME_OR_TICK_EXPORT|INDEPENDENT_SAME_BROKER_SERVER_H1_EXPORT|OFFICIAL_MARKET_OR_BROKER_HOLIDAY_NOTICE,,evidence_package_id|evidence_type|evidence_role_PRIMARY|source_organization|broker|server|symbol|time_basis|timezone_or_unknown|effective_start|effective_end|captured_at|artifact_path|artifact_sha256|source_metadata|validation_status,NO_EVIDENCE_SUBMITTED
GQ0419,2021,Monday,2021-08-16T23:00:00,2021-08-17T01:00:00,2.0,1,GOLD#_H1_202101040100_202112311800.csv,GOLD#_H1_202101040100_202112311800.csv,UNVERIFIED,UNVERIFIED_GAP,true,41788d072da2c7f0c6a4fb42ce01c1e8254d697e778164fc83dce052f65c50a5,BROKER_SERVER_SESSION_SCHEDULE|SAME_BROKER_SERVER_LOWER_TIMEFRAME_OR_TICK_EXPORT|INDEPENDENT_SAME_BROKER_SERVER_H1_EXPORT|OFFICIAL_MARKET_OR_BROKER_HOLIDAY_NOTICE,,evidence_package_id|evidence_type|evidence_role_PRIMARY|source_organization|broker|server|symbol|time_basis|timezone_or_unknown|effective_start|effective_end|captured_at|artifact_path|artifact_sha256|source_metadata|validation_status,NO_EVIDENCE_SUBMITTED
GQ0420,2021,Tuesday,2021-08-17T23:00:00,2021-08-18T01:00:00,2.0,1,GOLD#_H1_202101040100_202112311800.csv,GOLD#_H1_202101040100_202112311800.csv,UNVERIFIED,UNVERIFIED_GAP,true,53280efdf6bc9f719693aff8ee0cd9e5953a29cee58ee2a97648ba481f9b3c4f,BROKER_SERVER_SESSION_SCHEDULE|SAME_BROKER_SERVER_LOWER_TIMEFRAME_OR_TICK_EXPORT|INDEPENDENT_SAME_BROKER_SERVER_H1_EXPORT|OFFICIAL_MARKET_OR_BROKER_HOLIDAY_NOTICE,,evidence_package_id|evidence_type|evidence_role_PRIMARY|source_organization|broker|server|symbol|time_basis|timezone_or_unknown|effective_start|effective_end|captured_at|artifact_path|artifact_sha256|source_metadata|validation_status,NO_EVIDENCE_SUBMITTED
GQ0421,2021,Wednesday,2021-08-18T23:00:00,2021-08-19T01:00:00,2.0,1,GOLD#_H1_202101040100_202112311800.csv,GOLD#_H1_202101040100_202112311800.csv,UNVERIFIED,UNVERIFIED_GAP,true,d76217406ee93f5010b97cbcf9ca99649b2aceef5b7bcb42cf8209c7ba6ec3d6,BROKER_SERVER_SESSION_SCHEDULE|SAME_BROKER_SERVER_LOWER_TIMEFRAME_OR_TICK_EXPORT|INDEPENDENT_SAME_BROKER_SERVER_H1_EXPORT|OFFICIAL_MARKET_OR_BROKER_HOLIDAY_NOTICE,,evidence_package_id|evidence_type|evidence_role_PRIMARY|source_organization|broker|server|symbol|time_basis|timezone_or_unknown|effective_start|effective_end|captured_at|artifact_path|artifact_sha256|source_metadata|validation_status,NO_EVIDENCE_SUBMITTED
GQ0422,2021,Thursday,2021-08-19T23:00:00,2021-08-20T01:00:00,2.0,1,GOLD#_H1_202101040100_202112311800.csv,GOLD#_H1_202101040100_202112311800.csv,UNVERIFIED,UNVERIFIED_GAP,true,584d3ff35576855898e412d9fb2a6f3aa8735a4cdef39a6dfff4762a633923e7,BROKER_SERVER_SESSION_SCHEDULE|SAME_BROKER_SERVER_LOWER_TIMEFRAME_OR_TICK_EXPORT|INDEPENDENT_SAME_BROKER_SERVER_H1_EXPORT|OFFICIAL_MARKET_OR_BROKER_HOLIDAY_NOTICE,,evidence_package_id|evidence_type|evidence_role_PRIMARY|source_organization|broker|server|symbol|time_basis|timezone_or_unknown|effective_start|effective_end|captured_at|artifact_path|artifact_sha256|source_metadata|validation_status,NO_EVIDENCE_SUBMITTED
GQ0424,2021,Monday,2021-08-23T23:00:00,2021-08-24T01:00:00,2.0,1,GOLD#_H1_202101040100_202112311800.csv,GOLD#_H1_202101040100_202112311800.csv,UNVERIFIED,UNVERIFIED_GAP,true,41788d072da2c7f0c6a4fb42ce01c1e8254d697e778164fc83dce052f65c50a5,BROKER_SERVER_SESSION_SCHEDULE|SAME_BROKER_SERVER_LOWER_TIMEFRAME_OR_TICK_EXPORT|INDEPENDENT_SAME_BROKER_SERVER_H1_EXPORT|OFFICIAL_MARKET_OR_BROKER_HOLIDAY_NOTICE,,evidence_package_id|evidence_type|evidence_role_PRIMARY|source_organization|broker|server|symbol|time_basis|timezone_or_unknown|effective_start|effective_end|captured_at|artifact_path|artifact_sha256|source_metadata|validation_status,NO_EVIDENCE_SUBMITTED
GQ0425,2021,Tuesday,2021-08-24T23:00:00,2021-08-25T01:00:00,2.0,1,GOLD#_H1_202101040100_202112311800.csv,GOLD#_H1_202101040100_202112311800.csv,UNVERIFIED,UNVERIFIED_GAP,true,53280efdf6bc9f719693aff8ee0cd9e5953a29cee58ee2a97648ba481f9b3c4f,BROKER_SERVER_SESSION_SCHEDULE|SAME_BROKER_SERVER_LOWER_TIMEFRAME_OR_TICK_EXPORT|INDEPENDENT_SAME_BROKER_SERVER_H1_EXPORT|OFFICIAL_MARKET_OR_BROKER_HOLIDAY_NOTICE,,evidence_package_id|evidence_type|evidence_role_PRIMARY|source_organization|broker|server|symbol|time_basis|timezone_or_unknown|effective_start|effective_end|captured_at|artifact_path|artifact_sha256|source_metadata|validation_status,NO_EVIDENCE_SUBMITTED
GQ0426,2021,Wednesday,2021-08-25T23:00:00,2021-08-26T01:00:00,2.0,1,GOLD#_H1_202101040100_202112311800.csv,GOLD#_H1_202101040100_202112311800.csv,UNVERIFIED,UNVERIFIED_GAP,true,d76217406ee93f5010b97cbcf9ca99649b2aceef5b7bcb42cf8209c7ba6ec3d6,BROKER_SERVER_SESSION_SCHEDULE|SAME_BROKER_SERVER_LOWER_TIMEFRAME_OR_TICK_EXPORT|INDEPENDENT_SAME_BROKER_SERVER_H1_EXPORT|OFFICIAL_MARKET_OR_BROKER_HOLIDAY_NOTICE,,evidence_package_id|evidence_type|evidence_role_PRIMARY|source_organization|broker|server|symbol|time_basis|timezone_or_unknown|effective_start|effective_end|captured_at|artifact_path|artifact_sha256|source_metadata|validation_status,NO_EVIDENCE_SUBMITTED
GQ0427,2021,Thursday,2021-08-26T23:00:00,2021-08-27T01:00:00,2.0,1,GOLD#_H1_202101040100_202112311800.csv,GOLD#_H1_202101040100_202112311800.csv,UNVERIFIED,UNVERIFIED_GAP,true,584d3ff35576855898e412d9fb2a6f3aa8735a4cdef39a6dfff4762a633923e7,BROKER_SERVER_SESSION_SCHEDULE|SAME_BROKER_SERVER_LOWER_TIMEFRAME_OR_TICK_EXPORT|INDEPENDENT_SAME_BROKER_SERVER_H1_EXPORT|OFFICIAL_MARKET_OR_BROKER_HOLIDAY_NOTICE,,evidence_package_id|evidence_type|evidence_role_PRIMARY|source_organization|broker|server|symbol|time_basis|timezone_or_unknown|effective_start|effective_end|captured_at|artifact_path|artifact_sha256|source_metadata|validation_status,NO_EVIDENCE_SUBMITTED
GQ0429,2021,Monday,2021-08-30T23:00:00,2021-08-31T01:00:00,2.0,1,GOLD#_H1_202101040100_202112311800.csv,GOLD#_H1_202101040100_202112311800.csv,UNVERIFIED,UNVERIFIED_GAP,true,41788d072da2c7f0c6a4fb42ce01c1e8254d697e778164fc83dce052f65c50a5,BROKER_SERVER_SESSION_SCHEDULE|SAME_BROKER_SERVER_LOWER_TIMEFRAME_OR_TICK_EXPORT|INDEPENDENT_SAME_BROKER_SERVER_H1_EXPORT|OFFICIAL_MARKET_OR_BROKER_HOLIDAY_NOTICE,,evidence_package_id|evidence_type|evidence_role_PRIMARY|source_organization|broker|server|symbol|time_basis|timezone_or_unknown|effective_start|effective_end|captured_at|artifact_path|artifact_sha256|source_metadata|validation_status,NO_EVIDENCE_SUBMITTED
GQ0430,2021,Tuesday,2021-08-31T23:00:00,2021-09-01T01:00:00,2.0,1,GOLD#_H1_202101040100_202112311800.csv,GOLD#_H1_202101040100_202112311800.csv,UNVERIFIED,UNVERIFIED_GAP,true,53280efdf6bc9f719693aff8ee0cd9e5953a29cee58ee2a97648ba481f9b3c4f,BROKER_SERVER_SESSION_SCHEDULE|SAME_BROKER_SERVER_LOWER_TIMEFRAME_OR_TICK_EXPORT|INDEPENDENT_SAME_BROKER_SERVER_H1_EXPORT|OFFICIAL_MARKET_OR_BROKER_HOLIDAY_NOTICE,,evidence_package_id|evidence_type|evidence_role_PRIMARY|source_organization|broker|server|symbol|time_basis|timezone_or_unknown|effective_start|effective_end|captured_at|artifact_path|artifact_sha256|source_metadata|validation_status,NO_EVIDENCE_SUBMITTED
GQ0431,2021,Wednesday,2021-09-01T23:00:00,2021-09-02T01:00:00,2.0,1,GOLD#_H1_202101040100_202112311800.csv,GOLD#_H1_202101040100_202112311800.csv,UNVERIFIED,UNVERIFIED_GAP,true,d76217406ee93f5010b97cbcf9ca99649b2aceef5b7bcb42cf8209c7ba6ec3d6,BROKER_SERVER_SESSION_SCHEDULE|SAME_BROKER_SERVER_LOWER_TIMEFRAME_OR_TICK_EXPORT|INDEPENDENT_SAME_BROKER_SERVER_H1_EXPORT|OFFICIAL_MARKET_OR_BROKER_HOLIDAY_NOTICE,,evidence_package_id|evidence_type|evidence_role_PRIMARY|source_organization|broker|server|symbol|time_basis|timezone_or_unknown|effective_start|effective_end|captured_at|artifact_path|artifact_sha256|source_metadata|validation_status,NO_EVIDENCE_SUBMITTED
GQ0432,2021,Thursday,2021-09-02T23:00:00,2021-09-03T01:00:00,2.0,1,GOLD#_H1_202101040100_202112311800.csv,GOLD#_H1_202101040100_202112311800.csv,UNVERIFIED,UNVERIFIED_GAP,true,584d3ff35576855898e412d9fb2a6f3aa8735a4cdef39a6dfff4762a633923e7,BROKER_SERVER_SESSION_SCHEDULE|SAME_BROKER_SERVER_LOWER_TIMEFRAME_OR_TICK_EXPORT|INDEPENDENT_SAME_BROKER_SERVER_H1_EXPORT|OFFICIAL_MARKET_OR_BROKER_HOLIDAY_NOTICE,,evidence_package_id|evidence_type|evidence_role_PRIMARY|source_organization|broker|server|symbol|time_basis|timezone_or_unknown|effective_start|effective_end|captured_at|artifact_path|artifact_sha256|source_metadata|validation_status,NO_EVIDENCE_SUBMITTED
GQ0434,2021,Monday,2021-09-06T19:00:00,2021-09-07T01:00:00,6.0,5,GOLD#_H1_202101040100_202112311800.csv,GOLD#_H1_202101040100_202112311800.csv,UNVERIFIED,UNVERIFIED_GAP,true,8919b66f0a00d54fafc960616a1ee3cbd08115bc5b74f82868224b00684803dc,BROKER_SERVER_SESSION_SCHEDULE|SAME_BROKER_SERVER_LOWER_TIMEFRAME_OR_TICK_EXPORT|INDEPENDENT_SAME_BROKER_SERVER_H1_EXPORT|OFFICIAL_MARKET_OR_BROKER_HOLIDAY_NOTICE,,evidence_package_id|evidence_type|evidence_role_PRIMARY|source_organization|broker|server|symbol|time_basis|timezone_or_unknown|effective_start|effective_end|captured_at|artifact_path|artifact_sha256|source_metadata|validation_status,NO_EVIDENCE_SUBMITTED
GQ0435,2021,Tuesday,2021-09-07T23:00:00,2021-09-08T01:00:00,2.0,1,GOLD#_H1_202101040100_202112311800.csv,GOLD#_H1_202101040100_202112311800.csv,UNVERIFIED,UNVERIFIED_GAP,true,53280efdf6bc9f719693aff8ee0cd9e5953a29cee58ee2a97648ba481f9b3c4f,BROKER_SERVER_SESSION_SCHEDULE|SAME_BROKER_SERVER_LOWER_TIMEFRAME_OR_TICK_EXPORT|INDEPENDENT_SAME_BROKER_SERVER_H1_EXPORT|OFFICIAL_MARKET_OR_BROKER_HOLIDAY_NOTICE,,evidence_package_id|evidence_type|evidence_role_PRIMARY|source_organization|broker|server|symbol|time_basis|timezone_or_unknown|effective_start|effective_end|captured_at|artifact_path|artifact_sha256|source_metadata|validation_status,NO_EVIDENCE_SUBMITTED
GQ0436,2021,Wednesday,2021-09-08T23:00:00,2021-09-09T01:00:00,2.0,1,GOLD#_H1_202101040100_202112311800.csv,GOLD#_H1_202101040100_202112311800.csv,UNVERIFIED,UNVERIFIED_GAP,true,d76217406ee93f5010b97cbcf9ca99649b2aceef5b7bcb42cf8209c7ba6ec3d6,BROKER_SERVER_SESSION_SCHEDULE|SAME_BROKER_SERVER_LOWER_TIMEFRAME_OR_TICK_EXPORT|INDEPENDENT_SAME_BROKER_SERVER_H1_EXPORT|OFFICIAL_MARKET_OR_BROKER_HOLIDAY_NOTICE,,evidence_package_id|evidence_type|evidence_role_PRIMARY|source_organization|broker|server|symbol|time_basis|timezone_or_unknown|effective_start|effective_end|captured_at|artifact_path|artifact_sha256|source_metadata|validation_status,NO_EVIDENCE_SUBMITTED
GQ0437,2021,Thursday,2021-09-09T23:00:00,2021-09-10T01:00:00,2.0,1,GOLD#_H1_202101040100_202112311800.csv,GOLD#_H1_202101040100_202112311800.csv,UNVERIFIED,UNVERIFIED_GAP,true,584d3ff35576855898e412d9fb2a6f3aa8735a4cdef39a6dfff4762a633923e7,BROKER_SERVER_SESSION_SCHEDULE|SAME_BROKER_SERVER_LOWER_TIMEFRAME_OR_TICK_EXPORT|INDEPENDENT_SAME_BROKER_SERVER_H1_EXPORT|OFFICIAL_MARKET_OR_BROKER_HOLIDAY_NOTICE,,evidence_package_id|evidence_type|evidence_role_PRIMARY|source_organization|broker|server|symbol|time_basis|timezone_or_unknown|effective_start|effective_end|captured_at|artifact_path|artifact_sha256|source_metadata|validation_status,NO_EVIDENCE_SUBMITTED
GQ0439,2021,Monday,2021-09-13T23:00:00,2021-09-14T01:00:00,2.0,1,GOLD#_H1_202101040100_202112311800.csv,GOLD#_H1_202101040100_202112311800.csv,UNVERIFIED,UNVERIFIED_GAP,true,41788d072da2c7f0c6a4fb42ce01c1e8254d697e778164fc83dce052f65c50a5,BROKER_SERVER_SESSION_SCHEDULE|SAME_BROKER_SERVER_LOWER_TIMEFRAME_OR_TICK_EXPORT|INDEPENDENT_SAME_BROKER_SERVER_H1_EXPORT|OFFICIAL_MARKET_OR_BROKER_HOLIDAY_NOTICE,,evidence_package_id|evidence_type|evidence_role_PRIMARY|source_organization|broker|server|symbol|time_basis|timezone_or_unknown|effective_start|effective_end|captured_at|artifact_path|artifact_sha256|source_metadata|validation_status,NO_EVIDENCE_SUBMITTED
GQ0440,2021,Tuesday,2021-09-14T23:00:00,2021-09-15T01:00:00,2.0,1,GOLD#_H1_202101040100_202112311800.csv,GOLD#_H1_202101040100_202112311800.csv,UNVERIFIED,UNVERIFIED_GAP,true,53280efdf6bc9f719693aff8ee0cd9e5953a29cee58ee2a97648ba481f9b3c4f,BROKER_SERVER_SESSION_SCHEDULE|SAME_BROKER_SERVER_LOWER_TIMEFRAME_OR_TICK_EXPORT|INDEPENDENT_SAME_BROKER_SERVER_H1_EXPORT|OFFICIAL_MARKET_OR_BROKER_HOLIDAY_NOTICE,,evidence_package_id|evidence_type|evidence_role_PRIMARY|source_organization|broker|server|symbol|time_basis|timezone_or_unknown|effective_start|effective_end|captured_at|artifact_path|artifact_sha256|source_metadata|validation_status,NO_EVIDENCE_SUBMITTED
GQ0441,2021,Wednesday,2021-09-15T23:00:00,2021-09-16T01:00:00,2.0,1,GOLD#_H1_202101040100_202112311800.csv,GOLD#_H1_202101040100_202112311800.csv,UNVERIFIED,UNVERIFIED_GAP,true,d76217406ee93f5010b97cbcf9ca99649b2aceef5b7bcb42cf8209c7ba6ec3d6,BROKER_SERVER_SESSION_SCHEDULE|SAME_BROKER_SERVER_LOWER_TIMEFRAME_OR_TICK_EXPORT|INDEPENDENT_SAME_BROKER_SERVER_H1_EXPORT|OFFICIAL_MARKET_OR_BROKER_HOLIDAY_NOTICE,,evidence_package_id|evidence_type|evidence_role_PRIMARY|source_organization|broker|server|symbol|time_basis|timezone_or_unknown|effective_start|effective_end|captured_at|artifact_path|artifact_sha256|source_metadata|validation_status,NO_EVIDENCE_SUBMITTED
GQ0442,2021,Thursday,2021-09-16T23:00:00,2021-09-17T01:00:00,2.0,1,GOLD#_H1_202101040100_202112311800.csv,GOLD#_H1_202101040100_202112311800.csv,UNVERIFIED,UNVERIFIED_GAP,true,584d3ff35576855898e412d9fb2a6f3aa8735a4cdef39a6dfff4762a633923e7,BROKER_SERVER_SESSION_SCHEDULE|SAME_BROKER_SERVER_LOWER_TIMEFRAME_OR_TICK_EXPORT|INDEPENDENT_SAME_BROKER_SERVER_H1_EXPORT|OFFICIAL_MARKET_OR_BROKER_HOLIDAY_NOTICE,,evidence_package_id|evidence_type|evidence_role_PRIMARY|source_organization|broker|server|symbol|time_basis|timezone_or_unknown|effective_start|effective_end|captured_at|artifact_path|artifact_sha256|source_metadata|validation_status,NO_EVIDENCE_SUBMITTED
GQ0444,2021,Monday,2021-09-20T23:00:00,2021-09-21T01:00:00,2.0,1,GOLD#_H1_202101040100_202112311800.csv,GOLD#_H1_202101040100_202112311800.csv,UNVERIFIED,UNVERIFIED_GAP,true,41788d072da2c7f0c6a4fb42ce01c1e8254d697e778164fc83dce052f65c50a5,BROKER_SERVER_SESSION_SCHEDULE|SAME_BROKER_SERVER_LOWER_TIMEFRAME_OR_TICK_EXPORT|INDEPENDENT_SAME_BROKER_SERVER_H1_EXPORT|OFFICIAL_MARKET_OR_BROKER_HOLIDAY_NOTICE,,evidence_package_id|evidence_type|evidence_role_PRIMARY|source_organization|broker|server|symbol|time_basis|timezone_or_unknown|effective_start|effective_end|captured_at|artifact_path|artifact_sha256|source_metadata|validation_status,NO_EVIDENCE_SUBMITTED
GQ0445,2021,Tuesday,2021-09-21T23:00:00,2021-09-22T01:00:00,2.0,1,GOLD#_H1_202101040100_202112311800.csv,GOLD#_H1_202101040100_202112311800.csv,UNVERIFIED,UNVERIFIED_GAP,true,53280efdf6bc9f719693aff8ee0cd9e5953a29cee58ee2a97648ba481f9b3c4f,BROKER_SERVER_SESSION_SCHEDULE|SAME_BROKER_SERVER_LOWER_TIMEFRAME_OR_TICK_EXPORT|INDEPENDENT_SAME_BROKER_SERVER_H1_EXPORT|OFFICIAL_MARKET_OR_BROKER_HOLIDAY_NOTICE,,evidence_package_id|evidence_type|evidence_role_PRIMARY|source_organization|broker|server|symbol|time_basis|timezone_or_unknown|effective_start|effective_end|captured_at|artifact_path|artifact_sha256|source_metadata|validation_status,NO_EVIDENCE_SUBMITTED
GQ0446,2021,Wednesday,2021-09-22T23:00:00,2021-09-23T01:00:00,2.0,1,GOLD#_H1_202101040100_202112311800.csv,GOLD#_H1_202101040100_202112311800.csv,UNVERIFIED,UNVERIFIED_GAP,true,d76217406ee93f5010b97cbcf9ca99649b2aceef5b7bcb42cf8209c7ba6ec3d6,BROKER_SERVER_SESSION_SCHEDULE|SAME_BROKER_SERVER_LOWER_TIMEFRAME_OR_TICK_EXPORT|INDEPENDENT_SAME_BROKER_SERVER_H1_EXPORT|OFFICIAL_MARKET_OR_BROKER_HOLIDAY_NOTICE,,evidence_package_id|evidence_type|evidence_role_PRIMARY|source_organization|broker|server|symbol|time_basis|timezone_or_unknown|effective_start|effective_end|captured_at|artifact_path|artifact_sha256|source_metadata|validation_status,NO_EVIDENCE_SUBMITTED
GQ0447,2021,Thursday,2021-09-23T23:00:00,2021-09-24T01:00:00,2.0,1,GOLD#_H1_202101040100_202112311800.csv,GOLD#_H1_202101040100_202112311800.csv,UNVERIFIED,UNVERIFIED_GAP,true,584d3ff35576855898e412d9fb2a6f3aa8735a4cdef39a6dfff4762a633923e7,BROKER_SERVER_SESSION_SCHEDULE|SAME_BROKER_SERVER_LOWER_TIMEFRAME_OR_TICK_EXPORT|INDEPENDENT_SAME_BROKER_SERVER_H1_EXPORT|OFFICIAL_MARKET_OR_BROKER_HOLIDAY_NOTICE,,evidence_package_id|evidence_type|evidence_role_PRIMARY|source_organization|broker|server|symbol|time_basis|timezone_or_unknown|effective_start|effective_end|captured_at|artifact_path|artifact_sha256|source_metadata|validation_status,NO_EVIDENCE_SUBMITTED
GQ0449,2021,Monday,2021-09-27T23:00:00,2021-09-28T01:00:00,2.0,1,GOLD#_H1_202101040100_202112311800.csv,GOLD#_H1_202101040100_202112311800.csv,UNVERIFIED,UNVERIFIED_GAP,true,41788d072da2c7f0c6a4fb42ce01c1e8254d697e778164fc83dce052f65c50a5,BROKER_SERVER_SESSION_SCHEDULE|SAME_BROKER_SERVER_LOWER_TIMEFRAME_OR_TICK_EXPORT|INDEPENDENT_SAME_BROKER_SERVER_H1_EXPORT|OFFICIAL_MARKET_OR_BROKER_HOLIDAY_NOTICE,,evidence_package_id|evidence_type|evidence_role_PRIMARY|source_organization|broker|server|symbol|time_basis|timezone_or_unknown|effective_start|effective_end|captured_at|artifact_path|artifact_sha256|source_metadata|validation_status,NO_EVIDENCE_SUBMITTED
GQ0450,2021,Tuesday,2021-09-28T23:00:00,2021-09-29T01:00:00,2.0,1,GOLD#_H1_202101040100_202112311800.csv,GOLD#_H1_202101040100_202112311800.csv,UNVERIFIED,UNVERIFIED_GAP,true,53280efdf6bc9f719693aff8ee0cd9e5953a29cee58ee2a97648ba481f9b3c4f,BROKER_SERVER_SESSION_SCHEDULE|SAME_BROKER_SERVER_LOWER_TIMEFRAME_OR_TICK_EXPORT|INDEPENDENT_SAME_BROKER_SERVER_H1_EXPORT|OFFICIAL_MARKET_OR_BROKER_HOLIDAY_NOTICE,,evidence_package_id|evidence_type|evidence_role_PRIMARY|source_organization|broker|server|symbol|time_basis|timezone_or_unknown|effective_start|effective_end|captured_at|artifact_path|artifact_sha256|source_metadata|validation_status,NO_EVIDENCE_SUBMITTED
GQ0451,2021,Wednesday,2021-09-29T23:00:00,2021-09-30T01:00:00,2.0,1,GOLD#_H1_202101040100_202112311800.csv,GOLD#_H1_202101040100_202112311800.csv,UNVERIFIED,UNVERIFIED_GAP,true,d76217406ee93f5010b97cbcf9ca99649b2aceef5b7bcb42cf8209c7ba6ec3d6,BROKER_SERVER_SESSION_SCHEDULE|SAME_BROKER_SERVER_LOWER_TIMEFRAME_OR_TICK_EXPORT|INDEPENDENT_SAME_BROKER_SERVER_H1_EXPORT|OFFICIAL_MARKET_OR_BROKER_HOLIDAY_NOTICE,,evidence_package_id|evidence_type|evidence_role_PRIMARY|source_organization|broker|server|symbol|time_basis|timezone_or_unknown|effective_start|effective_end|captured_at|artifact_path|artifact_sha256|source_metadata|validation_status,NO_EVIDENCE_SUBMITTED
GQ0452,2021,Thursday,2021-09-30T23:00:00,2021-10-01T01:00:00,2.0,1,GOLD#_H1_202101040100_202112311800.csv,GOLD#_H1_202101040100_202112311800.csv,UNVERIFIED,UNVERIFIED_GAP,true,584d3ff35576855898e412d9fb2a6f3aa8735a4cdef39a6dfff4762a633923e7,BROKER_SERVER_SESSION_SCHEDULE|SAME_BROKER_SERVER_LOWER_TIMEFRAME_OR_TICK_EXPORT|INDEPENDENT_SAME_BROKER_SERVER_H1_EXPORT|OFFICIAL_MARKET_OR_BROKER_HOLIDAY_NOTICE,,evidence_package_id|evidence_type|evidence_role_PRIMARY|source_organization|broker|server|symbol|time_basis|timezone_or_unknown|effective_start|effective_end|captured_at|artifact_path|artifact_sha256|source_metadata|validation_status,NO_EVIDENCE_SUBMITTED
GQ0454,2021,Monday,2021-10-04T23:00:00,2021-10-05T01:00:00,2.0,1,GOLD#_H1_202101040100_202112311800.csv,GOLD#_H1_202101040100_202112311800.csv,UNVERIFIED,UNVERIFIED_GAP,true,41788d072da2c7f0c6a4fb42ce01c1e8254d697e778164fc83dce052f65c50a5,BROKER_SERVER_SESSION_SCHEDULE|SAME_BROKER_SERVER_LOWER_TIMEFRAME_OR_TICK_EXPORT|INDEPENDENT_SAME_BROKER_SERVER_H1_EXPORT|OFFICIAL_MARKET_OR_BROKER_HOLIDAY_NOTICE,,evidence_package_id|evidence_type|evidence_role_PRIMARY|source_organization|broker|server|symbol|time_basis|timezone_or_unknown|effective_start|effective_end|captured_at|artifact_path|artifact_sha256|source_metadata|validation_status,NO_EVIDENCE_SUBMITTED
GQ0455,2021,Tuesday,2021-10-05T23:00:00,2021-10-06T01:00:00,2.0,1,GOLD#_H1_202101040100_202112311800.csv,GOLD#_H1_202101040100_202112311800.csv,UNVERIFIED,UNVERIFIED_GAP,true,53280efdf6bc9f719693aff8ee0cd9e5953a29cee58ee2a97648ba481f9b3c4f,BROKER_SERVER_SESSION_SCHEDULE|SAME_BROKER_SERVER_LOWER_TIMEFRAME_OR_TICK_EXPORT|INDEPENDENT_SAME_BROKER_SERVER_H1_EXPORT|OFFICIAL_MARKET_OR_BROKER_HOLIDAY_NOTICE,,evidence_package_id|evidence_type|evidence_role_PRIMARY|source_organization|broker|server|symbol|time_basis|timezone_or_unknown|effective_start|effective_end|captured_at|artifact_path|artifact_sha256|source_metadata|validation_status,NO_EVIDENCE_SUBMITTED
GQ0456,2021,Wednesday,2021-10-06T23:00:00,2021-10-07T01:00:00,2.0,1,GOLD#_H1_202101040100_202112311800.csv,GOLD#_H1_202101040100_202112311800.csv,UNVERIFIED,UNVERIFIED_GAP,true,d76217406ee93f5010b97cbcf9ca99649b2aceef5b7bcb42cf8209c7ba6ec3d6,BROKER_SERVER_SESSION_SCHEDULE|SAME_BROKER_SERVER_LOWER_TIMEFRAME_OR_TICK_EXPORT|INDEPENDENT_SAME_BROKER_SERVER_H1_EXPORT|OFFICIAL_MARKET_OR_BROKER_HOLIDAY_NOTICE,,evidence_package_id|evidence_type|evidence_role_PRIMARY|source_organization|broker|server|symbol|time_basis|timezone_or_unknown|effective_start|effective_end|captured_at|artifact_path|artifact_sha256|source_metadata|validation_status,NO_EVIDENCE_SUBMITTED
GQ0457,2021,Thursday,2021-10-07T23:00:00,2021-10-08T01:00:00,2.0,1,GOLD#_H1_202101040100_202112311800.csv,GOLD#_H1_202101040100_202112311800.csv,UNVERIFIED,UNVERIFIED_GAP,true,584d3ff35576855898e412d9fb2a6f3aa8735a4cdef39a6dfff4762a633923e7,BROKER_SERVER_SESSION_SCHEDULE|SAME_BROKER_SERVER_LOWER_TIMEFRAME_OR_TICK_EXPORT|INDEPENDENT_SAME_BROKER_SERVER_H1_EXPORT|OFFICIAL_MARKET_OR_BROKER_HOLIDAY_NOTICE,,evidence_package_id|evidence_type|evidence_role_PRIMARY|source_organization|broker|server|symbol|time_basis|timezone_or_unknown|effective_start|effective_end|captured_at|artifact_path|artifact_sha256|source_metadata|validation_status,NO_EVIDENCE_SUBMITTED
GQ0459,2021,Monday,2021-10-11T23:00:00,2021-10-12T01:00:00,2.0,1,GOLD#_H1_202101040100_202112311800.csv,GOLD#_H1_202101040100_202112311800.csv,UNVERIFIED,UNVERIFIED_GAP,true,41788d072da2c7f0c6a4fb42ce01c1e8254d697e778164fc83dce052f65c50a5,BROKER_SERVER_SESSION_SCHEDULE|SAME_BROKER_SERVER_LOWER_TIMEFRAME_OR_TICK_EXPORT|INDEPENDENT_SAME_BROKER_SERVER_H1_EXPORT|OFFICIAL_MARKET_OR_BROKER_HOLIDAY_NOTICE,,evidence_package_id|evidence_type|evidence_role_PRIMARY|source_organization|broker|server|symbol|time_basis|timezone_or_unknown|effective_start|effective_end|captured_at|artifact_path|artifact_sha256|source_metadata|validation_status,NO_EVIDENCE_SUBMITTED
GQ0460,2021,Tuesday,2021-10-12T23:00:00,2021-10-13T01:00:00,2.0,1,GOLD#_H1_202101040100_202112311800.csv,GOLD#_H1_202101040100_202112311800.csv,UNVERIFIED,UNVERIFIED_GAP,true,53280efdf6bc9f719693aff8ee0cd9e5953a29cee58ee2a97648ba481f9b3c4f,BROKER_SERVER_SESSION_SCHEDULE|SAME_BROKER_SERVER_LOWER_TIMEFRAME_OR_TICK_EXPORT|INDEPENDENT_SAME_BROKER_SERVER_H1_EXPORT|OFFICIAL_MARKET_OR_BROKER_HOLIDAY_NOTICE,,evidence_package_id|evidence_type|evidence_role_PRIMARY|source_organization|broker|server|symbol|time_basis|timezone_or_unknown|effective_start|effective_end|captured_at|artifact_path|artifact_sha256|source_metadata|validation_status,NO_EVIDENCE_SUBMITTED
GQ0461,2021,Wednesday,2021-10-13T23:00:00,2021-10-14T01:00:00,2.0,1,GOLD#_H1_202101040100_202112311800.csv,GOLD#_H1_202101040100_202112311800.csv,UNVERIFIED,UNVERIFIED_GAP,true,d76217406ee93f5010b97cbcf9ca99649b2aceef5b7bcb42cf8209c7ba6ec3d6,BROKER_SERVER_SESSION_SCHEDULE|SAME_BROKER_SERVER_LOWER_TIMEFRAME_OR_TICK_EXPORT|INDEPENDENT_SAME_BROKER_SERVER_H1_EXPORT|OFFICIAL_MARKET_OR_BROKER_HOLIDAY_NOTICE,,evidence_package_id|evidence_type|evidence_role_PRIMARY|source_organization|broker|server|symbol|time_basis|timezone_or_unknown|effective_start|effective_end|captured_at|artifact_path|artifact_sha256|source_metadata|validation_status,NO_EVIDENCE_SUBMITTED
GQ0462,2021,Thursday,2021-10-14T23:00:00,2021-10-15T01:00:00,2.0,1,GOLD#_H1_202101040100_202112311800.csv,GOLD#_H1_202101040100_202112311800.csv,UNVERIFIED,UNVERIFIED_GAP,true,584d3ff35576855898e412d9fb2a6f3aa8735a4cdef39a6dfff4762a633923e7,BROKER_SERVER_SESSION_SCHEDULE|SAME_BROKER_SERVER_LOWER_TIMEFRAME_OR_TICK_EXPORT|INDEPENDENT_SAME_BROKER_SERVER_H1_EXPORT|OFFICIAL_MARKET_OR_BROKER_HOLIDAY_NOTICE,,evidence_package_id|evidence_type|evidence_role_PRIMARY|source_organization|broker|server|symbol|time_basis|timezone_or_unknown|effective_start|effective_end|captured_at|artifact_path|artifact_sha256|source_metadata|validation_status,NO_EVIDENCE_SUBMITTED
GQ0464,2021,Monday,2021-10-18T23:00:00,2021-10-19T01:00:00,2.0,1,GOLD#_H1_202101040100_202112311800.csv,GOLD#_H1_202101040100_202112311800.csv,UNVERIFIED,UNVERIFIED_GAP,true,41788d072da2c7f0c6a4fb42ce01c1e8254d697e778164fc83dce052f65c50a5,BROKER_SERVER_SESSION_SCHEDULE|SAME_BROKER_SERVER_LOWER_TIMEFRAME_OR_TICK_EXPORT|INDEPENDENT_SAME_BROKER_SERVER_H1_EXPORT|OFFICIAL_MARKET_OR_BROKER_HOLIDAY_NOTICE,,evidence_package_id|evidence_type|evidence_role_PRIMARY|source_organization|broker|server|symbol|time_basis|timezone_or_unknown|effective_start|effective_end|captured_at|artifact_path|artifact_sha256|source_metadata|validation_status,NO_EVIDENCE_SUBMITTED
GQ0465,2021,Tuesday,2021-10-19T23:00:00,2021-10-20T01:00:00,2.0,1,GOLD#_H1_202101040100_202112311800.csv,GOLD#_H1_202101040100_202112311800.csv,UNVERIFIED,UNVERIFIED_GAP,true,53280efdf6bc9f719693aff8ee0cd9e5953a29cee58ee2a97648ba481f9b3c4f,BROKER_SERVER_SESSION_SCHEDULE|SAME_BROKER_SERVER_LOWER_TIMEFRAME_OR_TICK_EXPORT|INDEPENDENT_SAME_BROKER_SERVER_H1_EXPORT|OFFICIAL_MARKET_OR_BROKER_HOLIDAY_NOTICE,,evidence_package_id|evidence_type|evidence_role_PRIMARY|source_organization|broker|server|symbol|time_basis|timezone_or_unknown|effective_start|effective_end|captured_at|artifact_path|artifact_sha256|source_metadata|validation_status,NO_EVIDENCE_SUBMITTED
GQ0466,2021,Wednesday,2021-10-20T23:00:00,2021-10-21T01:00:00,2.0,1,GOLD#_H1_202101040100_202112311800.csv,GOLD#_H1_202101040100_202112311800.csv,UNVERIFIED,UNVERIFIED_GAP,true,d76217406ee93f5010b97cbcf9ca99649b2aceef5b7bcb42cf8209c7ba6ec3d6,BROKER_SERVER_SESSION_SCHEDULE|SAME_BROKER_SERVER_LOWER_TIMEFRAME_OR_TICK_EXPORT|INDEPENDENT_SAME_BROKER_SERVER_H1_EXPORT|OFFICIAL_MARKET_OR_BROKER_HOLIDAY_NOTICE,,evidence_package_id|evidence_type|evidence_role_PRIMARY|source_organization|broker|server|symbol|time_basis|timezone_or_unknown|effective_start|effective_end|captured_at|artifact_path|artifact_sha256|source_metadata|validation_status,NO_EVIDENCE_SUBMITTED
GQ0467,2021,Thursday,2021-10-21T23:00:00,2021-10-22T01:00:00,2.0,1,GOLD#_H1_202101040100_202112311800.csv,GOLD#_H1_202101040100_202112311800.csv,UNVERIFIED,UNVERIFIED_GAP,true,584d3ff35576855898e412d9fb2a6f3aa8735a4cdef39a6dfff4762a633923e7,BROKER_SERVER_SESSION_SCHEDULE|SAME_BROKER_SERVER_LOWER_TIMEFRAME_OR_TICK_EXPORT|INDEPENDENT_SAME_BROKER_SERVER_H1_EXPORT|OFFICIAL_MARKET_OR_BROKER_HOLIDAY_NOTICE,,evidence_package_id|evidence_type|evidence_role_PRIMARY|source_organization|broker|server|symbol|time_basis|timezone_or_unknown|effective_start|effective_end|captured_at|artifact_path|artifact_sha256|source_metadata|validation_status,NO_EVIDENCE_SUBMITTED
GQ0469,2021,Monday,2021-10-25T23:00:00,2021-10-26T01:00:00,2.0,1,GOLD#_H1_202101040100_202112311800.csv,GOLD#_H1_202101040100_202112311800.csv,UNVERIFIED,UNVERIFIED_GAP,true,41788d072da2c7f0c6a4fb42ce01c1e8254d697e778164fc83dce052f65c50a5,BROKER_SERVER_SESSION_SCHEDULE|SAME_BROKER_SERVER_LOWER_TIMEFRAME_OR_TICK_EXPORT|INDEPENDENT_SAME_BROKER_SERVER_H1_EXPORT|OFFICIAL_MARKET_OR_BROKER_HOLIDAY_NOTICE,,evidence_package_id|evidence_type|evidence_role_PRIMARY|source_organization|broker|server|symbol|time_basis|timezone_or_unknown|effective_start|effective_end|captured_at|artifact_path|artifact_sha256|source_metadata|validation_status,NO_EVIDENCE_SUBMITTED
GQ0470,2021,Tuesday,2021-10-26T23:00:00,2021-10-27T01:00:00,2.0,1,GOLD#_H1_202101040100_202112311800.csv,GOLD#_H1_202101040100_202112311800.csv,UNVERIFIED,UNVERIFIED_GAP,true,53280efdf6bc9f719693aff8ee0cd9e5953a29cee58ee2a97648ba481f9b3c4f,BROKER_SERVER_SESSION_SCHEDULE|SAME_BROKER_SERVER_LOWER_TIMEFRAME_OR_TICK_EXPORT|INDEPENDENT_SAME_BROKER_SERVER_H1_EXPORT|OFFICIAL_MARKET_OR_BROKER_HOLIDAY_NOTICE,,evidence_package_id|evidence_type|evidence_role_PRIMARY|source_organization|broker|server|symbol|time_basis|timezone_or_unknown|effective_start|effective_end|captured_at|artifact_path|artifact_sha256|source_metadata|validation_status,NO_EVIDENCE_SUBMITTED
GQ0471,2021,Wednesday,2021-10-27T23:00:00,2021-10-28T01:00:00,2.0,1,GOLD#_H1_202101040100_202112311800.csv,GOLD#_H1_202101040100_202112311800.csv,UNVERIFIED,UNVERIFIED_GAP,true,d76217406ee93f5010b97cbcf9ca99649b2aceef5b7bcb42cf8209c7ba6ec3d6,BROKER_SERVER_SESSION_SCHEDULE|SAME_BROKER_SERVER_LOWER_TIMEFRAME_OR_TICK_EXPORT|INDEPENDENT_SAME_BROKER_SERVER_H1_EXPORT|OFFICIAL_MARKET_OR_BROKER_HOLIDAY_NOTICE,,evidence_package_id|evidence_type|evidence_role_PRIMARY|source_organization|broker|server|symbol|time_basis|timezone_or_unknown|effective_start|effective_end|captured_at|artifact_path|artifact_sha256|source_metadata|validation_status,NO_EVIDENCE_SUBMITTED
GQ0472,2021,Thursday,2021-10-28T23:00:00,2021-10-29T01:00:00,2.0,1,GOLD#_H1_202101040100_202112311800.csv,GOLD#_H1_202101040100_202112311800.csv,UNVERIFIED,UNVERIFIED_GAP,true,584d3ff35576855898e412d9fb2a6f3aa8735a4cdef39a6dfff4762a633923e7,BROKER_SERVER_SESSION_SCHEDULE|SAME_BROKER_SERVER_LOWER_TIMEFRAME_OR_TICK_EXPORT|INDEPENDENT_SAME_BROKER_SERVER_H1_EXPORT|OFFICIAL_MARKET_OR_BROKER_HOLIDAY_NOTICE,,evidence_package_id|evidence_type|evidence_role_PRIMARY|source_organization|broker|server|symbol|time_basis|timezone_or_unknown|effective_start|effective_end|captured_at|artifact_path|artifact_sha256|source_metadata|validation_status,NO_EVIDENCE_SUBMITTED
GQ0474,2021,Monday,2021-11-01T22:00:00,2021-11-02T00:00:00,2.0,1,GOLD#_H1_202101040100_202112311800.csv,GOLD#_H1_202101040100_202112311800.csv,UNVERIFIED,UNVERIFIED_GAP,true,ed1180a6ff73719a238f41efaaa4ceb8651074685b2a7c91cb66d8039623fb46,BROKER_SERVER_SESSION_SCHEDULE|SAME_BROKER_SERVER_LOWER_TIMEFRAME_OR_TICK_EXPORT|INDEPENDENT_SAME_BROKER_SERVER_H1_EXPORT|OFFICIAL_MARKET_OR_BROKER_HOLIDAY_NOTICE,,evidence_package_id|evidence_type|evidence_role_PRIMARY|source_organization|broker|server|symbol|time_basis|timezone_or_unknown|effective_start|effective_end|captured_at|artifact_path|artifact_sha256|source_metadata|validation_status,NO_EVIDENCE_SUBMITTED
GQ0475,2021,Tuesday,2021-11-02T22:00:00,2021-11-03T00:00:00,2.0,1,GOLD#_H1_202101040100_202112311800.csv,GOLD#_H1_202101040100_202112311800.csv,UNVERIFIED,UNVERIFIED_GAP,true,34899ae92d6db104c71ddc98c68a9a27ee3cb253ba3c2b63fc72d09f810ded54,BROKER_SERVER_SESSION_SCHEDULE|SAME_BROKER_SERVER_LOWER_TIMEFRAME_OR_TICK_EXPORT|INDEPENDENT_SAME_BROKER_SERVER_H1_EXPORT|OFFICIAL_MARKET_OR_BROKER_HOLIDAY_NOTICE,,evidence_package_id|evidence_type|evidence_role_PRIMARY|source_organization|broker|server|symbol|time_basis|timezone_or_unknown|effective_start|effective_end|captured_at|artifact_path|artifact_sha256|source_metadata|validation_status,NO_EVIDENCE_SUBMITTED
GQ0476,2021,Wednesday,2021-11-03T22:00:00,2021-11-04T00:00:00,2.0,1,GOLD#_H1_202101040100_202112311800.csv,GOLD#_H1_202101040100_202112311800.csv,UNVERIFIED,UNVERIFIED_GAP,true,4c6f6c81cef12e879128a915d7ba8c52dfda2b9e1fe43db8e84da0102827027c,BROKER_SERVER_SESSION_SCHEDULE|SAME_BROKER_SERVER_LOWER_TIMEFRAME_OR_TICK_EXPORT|INDEPENDENT_SAME_BROKER_SERVER_H1_EXPORT|OFFICIAL_MARKET_OR_BROKER_HOLIDAY_NOTICE,,evidence_package_id|evidence_type|evidence_role_PRIMARY|source_organization|broker|server|symbol|time_basis|timezone_or_unknown|effective_start|effective_end|captured_at|artifact_path|artifact_sha256|source_metadata|validation_status,NO_EVIDENCE_SUBMITTED
GQ0477,2021,Thursday,2021-11-04T22:00:00,2021-11-05T00:00:00,2.0,1,GOLD#_H1_202101040100_202112311800.csv,GOLD#_H1_202101040100_202112311800.csv,UNVERIFIED,UNVERIFIED_GAP,true,1971eb60dfc165a07cfc27dc50345850a9d54326c0f1e8b2055fa6958d4b6252,BROKER_SERVER_SESSION_SCHEDULE|SAME_BROKER_SERVER_LOWER_TIMEFRAME_OR_TICK_EXPORT|INDEPENDENT_SAME_BROKER_SERVER_H1_EXPORT|OFFICIAL_MARKET_OR_BROKER_HOLIDAY_NOTICE,,evidence_package_id|evidence_type|evidence_role_PRIMARY|source_organization|broker|server|symbol|time_basis|timezone_or_unknown|effective_start|effective_end|captured_at|artifact_path|artifact_sha256|source_metadata|validation_status,NO_EVIDENCE_SUBMITTED
GQ0479,2021,Monday,2021-11-08T23:00:00,2021-11-09T01:00:00,2.0,1,GOLD#_H1_202101040100_202112311800.csv,GOLD#_H1_202101040100_202112311800.csv,UNVERIFIED,UNVERIFIED_GAP,true,41788d072da2c7f0c6a4fb42ce01c1e8254d697e778164fc83dce052f65c50a5,BROKER_SERVER_SESSION_SCHEDULE|SAME_BROKER_SERVER_LOWER_TIMEFRAME_OR_TICK_EXPORT|INDEPENDENT_SAME_BROKER_SERVER_H1_EXPORT|OFFICIAL_MARKET_OR_BROKER_HOLIDAY_NOTICE,,evidence_package_id|evidence_type|evidence_role_PRIMARY|source_organization|broker|server|symbol|time_basis|timezone_or_unknown|effective_start|effective_end|captured_at|artifact_path|artifact_sha256|source_metadata|validation_status,NO_EVIDENCE_SUBMITTED
GQ0480,2021,Tuesday,2021-11-09T23:00:00,2021-11-10T01:00:00,2.0,1,GOLD#_H1_202101040100_202112311800.csv,GOLD#_H1_202101040100_202112311800.csv,UNVERIFIED,UNVERIFIED_GAP,true,53280efdf6bc9f719693aff8ee0cd9e5953a29cee58ee2a97648ba481f9b3c4f,BROKER_SERVER_SESSION_SCHEDULE|SAME_BROKER_SERVER_LOWER_TIMEFRAME_OR_TICK_EXPORT|INDEPENDENT_SAME_BROKER_SERVER_H1_EXPORT|OFFICIAL_MARKET_OR_BROKER_HOLIDAY_NOTICE,,evidence_package_id|evidence_type|evidence_role_PRIMARY|source_organization|broker|server|symbol|time_basis|timezone_or_unknown|effective_start|effective_end|captured_at|artifact_path|artifact_sha256|source_metadata|validation_status,NO_EVIDENCE_SUBMITTED
GQ0481,2021,Wednesday,2021-11-10T23:00:00,2021-11-11T01:00:00,2.0,1,GOLD#_H1_202101040100_202112311800.csv,GOLD#_H1_202101040100_202112311800.csv,UNVERIFIED,UNVERIFIED_GAP,true,d76217406ee93f5010b97cbcf9ca99649b2aceef5b7bcb42cf8209c7ba6ec3d6,BROKER_SERVER_SESSION_SCHEDULE|SAME_BROKER_SERVER_LOWER_TIMEFRAME_OR_TICK_EXPORT|INDEPENDENT_SAME_BROKER_SERVER_H1_EXPORT|OFFICIAL_MARKET_OR_BROKER_HOLIDAY_NOTICE,,evidence_package_id|evidence_type|evidence_role_PRIMARY|source_organization|broker|server|symbol|time_basis|timezone_or_unknown|effective_start|effective_end|captured_at|artifact_path|artifact_sha256|source_metadata|validation_status,NO_EVIDENCE_SUBMITTED
GQ0482,2021,Thursday,2021-11-11T23:00:00,2021-11-12T01:00:00,2.0,1,GOLD#_H1_202101040100_202112311800.csv,GOLD#_H1_202101040100_202112311800.csv,UNVERIFIED,UNVERIFIED_GAP,true,584d3ff35576855898e412d9fb2a6f3aa8735a4cdef39a6dfff4762a633923e7,BROKER_SERVER_SESSION_SCHEDULE|SAME_BROKER_SERVER_LOWER_TIMEFRAME_OR_TICK_EXPORT|INDEPENDENT_SAME_BROKER_SERVER_H1_EXPORT|OFFICIAL_MARKET_OR_BROKER_HOLIDAY_NOTICE,,evidence_package_id|evidence_type|evidence_role_PRIMARY|source_organization|broker|server|symbol|time_basis|timezone_or_unknown|effective_start|effective_end|captured_at|artifact_path|artifact_sha256|source_metadata|validation_status,NO_EVIDENCE_SUBMITTED
GQ0484,2021,Monday,2021-11-15T23:00:00,2021-11-16T01:00:00,2.0,1,GOLD#_H1_202101040100_202112311800.csv,GOLD#_H1_202101040100_202112311800.csv,UNVERIFIED,UNVERIFIED_GAP,true,41788d072da2c7f0c6a4fb42ce01c1e8254d697e778164fc83dce052f65c50a5,BROKER_SERVER_SESSION_SCHEDULE|SAME_BROKER_SERVER_LOWER_TIMEFRAME_OR_TICK_EXPORT|INDEPENDENT_SAME_BROKER_SERVER_H1_EXPORT|OFFICIAL_MARKET_OR_BROKER_HOLIDAY_NOTICE,,evidence_package_id|evidence_type|evidence_role_PRIMARY|source_organization|broker|server|symbol|time_basis|timezone_or_unknown|effective_start|effective_end|captured_at|artifact_path|artifact_sha256|source_metadata|validation_status,NO_EVIDENCE_SUBMITTED
GQ0485,2021,Tuesday,2021-11-16T23:00:00,2021-11-17T01:00:00,2.0,1,GOLD#_H1_202101040100_202112311800.csv,GOLD#_H1_202101040100_202112311800.csv,UNVERIFIED,UNVERIFIED_GAP,true,53280efdf6bc9f719693aff8ee0cd9e5953a29cee58ee2a97648ba481f9b3c4f,BROKER_SERVER_SESSION_SCHEDULE|SAME_BROKER_SERVER_LOWER_TIMEFRAME_OR_TICK_EXPORT|INDEPENDENT_SAME_BROKER_SERVER_H1_EXPORT|OFFICIAL_MARKET_OR_BROKER_HOLIDAY_NOTICE,,evidence_package_id|evidence_type|evidence_role_PRIMARY|source_organization|broker|server|symbol|time_basis|timezone_or_unknown|effective_start|effective_end|captured_at|artifact_path|artifact_sha256|source_metadata|validation_status,NO_EVIDENCE_SUBMITTED
GQ0486,2021,Wednesday,2021-11-17T23:00:00,2021-11-18T01:00:00,2.0,1,GOLD#_H1_202101040100_202112311800.csv,GOLD#_H1_202101040100_202112311800.csv,UNVERIFIED,UNVERIFIED_GAP,true,d76217406ee93f5010b97cbcf9ca99649b2aceef5b7bcb42cf8209c7ba6ec3d6,BROKER_SERVER_SESSION_SCHEDULE|SAME_BROKER_SERVER_LOWER_TIMEFRAME_OR_TICK_EXPORT|INDEPENDENT_SAME_BROKER_SERVER_H1_EXPORT|OFFICIAL_MARKET_OR_BROKER_HOLIDAY_NOTICE,,evidence_package_id|evidence_type|evidence_role_PRIMARY|source_organization|broker|server|symbol|time_basis|timezone_or_unknown|effective_start|effective_end|captured_at|artifact_path|artifact_sha256|source_metadata|validation_status,NO_EVIDENCE_SUBMITTED
GQ0487,2021,Thursday,2021-11-18T23:00:00,2021-11-19T01:00:00,2.0,1,GOLD#_H1_202101040100_202112311800.csv,GOLD#_H1_202101040100_202112311800.csv,UNVERIFIED,UNVERIFIED_GAP,true,584d3ff35576855898e412d9fb2a6f3aa8735a4cdef39a6dfff4762a633923e7,BROKER_SERVER_SESSION_SCHEDULE|SAME_BROKER_SERVER_LOWER_TIMEFRAME_OR_TICK_EXPORT|INDEPENDENT_SAME_BROKER_SERVER_H1_EXPORT|OFFICIAL_MARKET_OR_BROKER_HOLIDAY_NOTICE,,evidence_package_id|evidence_type|evidence_role_PRIMARY|source_organization|broker|server|symbol|time_basis|timezone_or_unknown|effective_start|effective_end|captured_at|artifact_path|artifact_sha256|source_metadata|validation_status,NO_EVIDENCE_SUBMITTED
GQ0489,2021,Monday,2021-11-22T23:00:00,2021-11-23T01:00:00,2.0,1,GOLD#_H1_202101040100_202112311800.csv,GOLD#_H1_202101040100_202112311800.csv,UNVERIFIED,UNVERIFIED_GAP,true,41788d072da2c7f0c6a4fb42ce01c1e8254d697e778164fc83dce052f65c50a5,BROKER_SERVER_SESSION_SCHEDULE|SAME_BROKER_SERVER_LOWER_TIMEFRAME_OR_TICK_EXPORT|INDEPENDENT_SAME_BROKER_SERVER_H1_EXPORT|OFFICIAL_MARKET_OR_BROKER_HOLIDAY_NOTICE,,evidence_package_id|evidence_type|evidence_role_PRIMARY|source_organization|broker|server|symbol|time_basis|timezone_or_unknown|effective_start|effective_end|captured_at|artifact_path|artifact_sha256|source_metadata|validation_status,NO_EVIDENCE_SUBMITTED
GQ0490,2021,Tuesday,2021-11-23T23:00:00,2021-11-24T01:00:00,2.0,1,GOLD#_H1_202101040100_202112311800.csv,GOLD#_H1_202101040100_202112311800.csv,UNVERIFIED,UNVERIFIED_GAP,true,53280efdf6bc9f719693aff8ee0cd9e5953a29cee58ee2a97648ba481f9b3c4f,BROKER_SERVER_SESSION_SCHEDULE|SAME_BROKER_SERVER_LOWER_TIMEFRAME_OR_TICK_EXPORT|INDEPENDENT_SAME_BROKER_SERVER_H1_EXPORT|OFFICIAL_MARKET_OR_BROKER_HOLIDAY_NOTICE,,evidence_package_id|evidence_type|evidence_role_PRIMARY|source_organization|broker|server|symbol|time_basis|timezone_or_unknown|effective_start|effective_end|captured_at|artifact_path|artifact_sha256|source_metadata|validation_status,NO_EVIDENCE_SUBMITTED
GQ0491,2021,Wednesday,2021-11-24T23:00:00,2021-11-25T01:00:00,2.0,1,GOLD#_H1_202101040100_202112311800.csv,GOLD#_H1_202101040100_202112311800.csv,UNVERIFIED,UNVERIFIED_GAP,true,d76217406ee93f5010b97cbcf9ca99649b2aceef5b7bcb42cf8209c7ba6ec3d6,BROKER_SERVER_SESSION_SCHEDULE|SAME_BROKER_SERVER_LOWER_TIMEFRAME_OR_TICK_EXPORT|INDEPENDENT_SAME_BROKER_SERVER_H1_EXPORT|OFFICIAL_MARKET_OR_BROKER_HOLIDAY_NOTICE,,evidence_package_id|evidence_type|evidence_role_PRIMARY|source_organization|broker|server|symbol|time_basis|timezone_or_unknown|effective_start|effective_end|captured_at|artifact_path|artifact_sha256|source_metadata|validation_status,NO_EVIDENCE_SUBMITTED
GQ0492,2021,Thursday,2021-11-25T19:00:00,2021-11-26T01:00:00,6.0,5,GOLD#_H1_202101040100_202112311800.csv,GOLD#_H1_202101040100_202112311800.csv,UNVERIFIED,UNVERIFIED_GAP,true,7e3580e7c58b0e166ad7a6bc124c8caed4d698b0bb7f968780890cc2aaa9e63a,BROKER_SERVER_SESSION_SCHEDULE|SAME_BROKER_SERVER_LOWER_TIMEFRAME_OR_TICK_EXPORT|INDEPENDENT_SAME_BROKER_SERVER_H1_EXPORT|OFFICIAL_MARKET_OR_BROKER_HOLIDAY_NOTICE,,evidence_package_id|evidence_type|evidence_role_PRIMARY|source_organization|broker|server|symbol|time_basis|timezone_or_unknown|effective_start|effective_end|captured_at|artifact_path|artifact_sha256|source_metadata|validation_status,NO_EVIDENCE_SUBMITTED
GQ0494,2021,Monday,2021-11-29T23:00:00,2021-11-30T01:00:00,2.0,1,GOLD#_H1_202101040100_202112311800.csv,GOLD#_H1_202101040100_202112311800.csv,UNVERIFIED,UNVERIFIED_GAP,true,41788d072da2c7f0c6a4fb42ce01c1e8254d697e778164fc83dce052f65c50a5,BROKER_SERVER_SESSION_SCHEDULE|SAME_BROKER_SERVER_LOWER_TIMEFRAME_OR_TICK_EXPORT|INDEPENDENT_SAME_BROKER_SERVER_H1_EXPORT|OFFICIAL_MARKET_OR_BROKER_HOLIDAY_NOTICE,,evidence_package_id|evidence_type|evidence_role_PRIMARY|source_organization|broker|server|symbol|time_basis|timezone_or_unknown|effective_start|effective_end|captured_at|artifact_path|artifact_sha256|source_metadata|validation_status,NO_EVIDENCE_SUBMITTED
GQ0495,2021,Tuesday,2021-11-30T23:00:00,2021-12-01T01:00:00,2.0,1,GOLD#_H1_202101040100_202112311800.csv,GOLD#_H1_202101040100_202112311800.csv,UNVERIFIED,UNVERIFIED_GAP,true,53280efdf6bc9f719693aff8ee0cd9e5953a29cee58ee2a97648ba481f9b3c4f,BROKER_SERVER_SESSION_SCHEDULE|SAME_BROKER_SERVER_LOWER_TIMEFRAME_OR_TICK_EXPORT|INDEPENDENT_SAME_BROKER_SERVER_H1_EXPORT|OFFICIAL_MARKET_OR_BROKER_HOLIDAY_NOTICE,,evidence_package_id|evidence_type|evidence_role_PRIMARY|source_organization|broker|server|symbol|time_basis|timezone_or_unknown|effective_start|effective_end|captured_at|artifact_path|artifact_sha256|source_metadata|validation_status,NO_EVIDENCE_SUBMITTED
GQ0496,2021,Wednesday,2021-12-01T23:00:00,2021-12-02T01:00:00,2.0,1,GOLD#_H1_202101040100_202112311800.csv,GOLD#_H1_202101040100_202112311800.csv,UNVERIFIED,UNVERIFIED_GAP,true,d76217406ee93f5010b97cbcf9ca99649b2aceef5b7bcb42cf8209c7ba6ec3d6,BROKER_SERVER_SESSION_SCHEDULE|SAME_BROKER_SERVER_LOWER_TIMEFRAME_OR_TICK_EXPORT|INDEPENDENT_SAME_BROKER_SERVER_H1_EXPORT|OFFICIAL_MARKET_OR_BROKER_HOLIDAY_NOTICE,,evidence_package_id|evidence_type|evidence_role_PRIMARY|source_organization|broker|server|symbol|time_basis|timezone_or_unknown|effective_start|effective_end|captured_at|artifact_path|artifact_sha256|source_metadata|validation_status,NO_EVIDENCE_SUBMITTED
GQ0497,2021,Thursday,2021-12-02T23:00:00,2021-12-03T01:00:00,2.0,1,GOLD#_H1_202101040100_202112311800.csv,GOLD#_H1_202101040100_202112311800.csv,UNVERIFIED,UNVERIFIED_GAP,true,584d3ff35576855898e412d9fb2a6f3aa8735a4cdef39a6dfff4762a633923e7,BROKER_SERVER_SESSION_SCHEDULE|SAME_BROKER_SERVER_LOWER_TIMEFRAME_OR_TICK_EXPORT|INDEPENDENT_SAME_BROKER_SERVER_H1_EXPORT|OFFICIAL_MARKET_OR_BROKER_HOLIDAY_NOTICE,,evidence_package_id|evidence_type|evidence_role_PRIMARY|source_organization|broker|server|symbol|time_basis|timezone_or_unknown|effective_start|effective_end|captured_at|artifact_path|artifact_sha256|source_metadata|validation_status,NO_EVIDENCE_SUBMITTED
GQ0499,2021,Monday,2021-12-06T23:00:00,2021-12-07T01:00:00,2.0,1,GOLD#_H1_202101040100_202112311800.csv,GOLD#_H1_202101040100_202112311800.csv,UNVERIFIED,UNVERIFIED_GAP,true,41788d072da2c7f0c6a4fb42ce01c1e8254d697e778164fc83dce052f65c50a5,BROKER_SERVER_SESSION_SCHEDULE|SAME_BROKER_SERVER_LOWER_TIMEFRAME_OR_TICK_EXPORT|INDEPENDENT_SAME_BROKER_SERVER_H1_EXPORT|OFFICIAL_MARKET_OR_BROKER_HOLIDAY_NOTICE,,evidence_package_id|evidence_type|evidence_role_PRIMARY|source_organization|broker|server|symbol|time_basis|timezone_or_unknown|effective_start|effective_end|captured_at|artifact_path|artifact_sha256|source_metadata|validation_status,NO_EVIDENCE_SUBMITTED
GQ0500,2021,Tuesday,2021-12-07T23:00:00,2021-12-08T01:00:00,2.0,1,GOLD#_H1_202101040100_202112311800.csv,GOLD#_H1_202101040100_202112311800.csv,UNVERIFIED,UNVERIFIED_GAP,true,53280efdf6bc9f719693aff8ee0cd9e5953a29cee58ee2a97648ba481f9b3c4f,BROKER_SERVER_SESSION_SCHEDULE|SAME_BROKER_SERVER_LOWER_TIMEFRAME_OR_TICK_EXPORT|INDEPENDENT_SAME_BROKER_SERVER_H1_EXPORT|OFFICIAL_MARKET_OR_BROKER_HOLIDAY_NOTICE,,evidence_package_id|evidence_type|evidence_role_PRIMARY|source_organization|broker|server|symbol|time_basis|timezone_or_unknown|effective_start|effective_end|captured_at|artifact_path|artifact_sha256|source_metadata|validation_status,NO_EVIDENCE_SUBMITTED
GQ0501,2021,Wednesday,2021-12-08T23:00:00,2021-12-09T01:00:00,2.0,1,GOLD#_H1_202101040100_202112311800.csv,GOLD#_H1_202101040100_202112311800.csv,UNVERIFIED,UNVERIFIED_GAP,true,d76217406ee93f5010b97cbcf9ca99649b2aceef5b7bcb42cf8209c7ba6ec3d6,BROKER_SERVER_SESSION_SCHEDULE|SAME_BROKER_SERVER_LOWER_TIMEFRAME_OR_TICK_EXPORT|INDEPENDENT_SAME_BROKER_SERVER_H1_EXPORT|OFFICIAL_MARKET_OR_BROKER_HOLIDAY_NOTICE,,evidence_package_id|evidence_type|evidence_role_PRIMARY|source_organization|broker|server|symbol|time_basis|timezone_or_unknown|effective_start|effective_end|captured_at|artifact_path|artifact_sha256|source_metadata|validation_status,NO_EVIDENCE_SUBMITTED
GQ0502,2021,Thursday,2021-12-09T23:00:00,2021-12-10T01:00:00,2.0,1,GOLD#_H1_202101040100_202112311800.csv,GOLD#_H1_202101040100_202112311800.csv,UNVERIFIED,UNVERIFIED_GAP,true,584d3ff35576855898e412d9fb2a6f3aa8735a4cdef39a6dfff4762a633923e7,BROKER_SERVER_SESSION_SCHEDULE|SAME_BROKER_SERVER_LOWER_TIMEFRAME_OR_TICK_EXPORT|INDEPENDENT_SAME_BROKER_SERVER_H1_EXPORT|OFFICIAL_MARKET_OR_BROKER_HOLIDAY_NOTICE,,evidence_package_id|evidence_type|evidence_role_PRIMARY|source_organization|broker|server|symbol|time_basis|timezone_or_unknown|effective_start|effective_end|captured_at|artifact_path|artifact_sha256|source_metadata|validation_status,NO_EVIDENCE_SUBMITTED
GQ0504,2021,Monday,2021-12-13T23:00:00,2021-12-14T01:00:00,2.0,1,GOLD#_H1_202101040100_202112311800.csv,GOLD#_H1_202101040100_202112311800.csv,UNVERIFIED,UNVERIFIED_GAP,true,41788d072da2c7f0c6a4fb42ce01c1e8254d697e778164fc83dce052f65c50a5,BROKER_SERVER_SESSION_SCHEDULE|SAME_BROKER_SERVER_LOWER_TIMEFRAME_OR_TICK_EXPORT|INDEPENDENT_SAME_BROKER_SERVER_H1_EXPORT|OFFICIAL_MARKET_OR_BROKER_HOLIDAY_NOTICE,,evidence_package_id|evidence_type|evidence_role_PRIMARY|source_organization|broker|server|symbol|time_basis|timezone_or_unknown|effective_start|effective_end|captured_at|artifact_path|artifact_sha256|source_metadata|validation_status,NO_EVIDENCE_SUBMITTED
GQ0505,2021,Tuesday,2021-12-14T23:00:00,2021-12-15T01:00:00,2.0,1,GOLD#_H1_202101040100_202112311800.csv,GOLD#_H1_202101040100_202112311800.csv,UNVERIFIED,UNVERIFIED_GAP,true,53280efdf6bc9f719693aff8ee0cd9e5953a29cee58ee2a97648ba481f9b3c4f,BROKER_SERVER_SESSION_SCHEDULE|SAME_BROKER_SERVER_LOWER_TIMEFRAME_OR_TICK_EXPORT|INDEPENDENT_SAME_BROKER_SERVER_H1_EXPORT|OFFICIAL_MARKET_OR_BROKER_HOLIDAY_NOTICE,,evidence_package_id|evidence_type|evidence_role_PRIMARY|source_organization|broker|server|symbol|time_basis|timezone_or_unknown|effective_start|effective_end|captured_at|artifact_path|artifact_sha256|source_metadata|validation_status,NO_EVIDENCE_SUBMITTED
GQ0506,2021,Wednesday,2021-12-15T23:00:00,2021-12-16T01:00:00,2.0,1,GOLD#_H1_202101040100_202112311800.csv,GOLD#_H1_202101040100_202112311800.csv,UNVERIFIED,UNVERIFIED_GAP,true,d76217406ee93f5010b97cbcf9ca99649b2aceef5b7bcb42cf8209c7ba6ec3d6,BROKER_SERVER_SESSION_SCHEDULE|SAME_BROKER_SERVER_LOWER_TIMEFRAME_OR_TICK_EXPORT|INDEPENDENT_SAME_BROKER_SERVER_H1_EXPORT|OFFICIAL_MARKET_OR_BROKER_HOLIDAY_NOTICE,,evidence_package_id|evidence_type|evidence_role_PRIMARY|source_organization|broker|server|symbol|time_basis|timezone_or_unknown|effective_start|effective_end|captured_at|artifact_path|artifact_sha256|source_metadata|validation_status,NO_EVIDENCE_SUBMITTED
GQ0507,2021,Thursday,2021-12-16T23:00:00,2021-12-17T01:00:00,2.0,1,GOLD#_H1_202101040100_202112311800.csv,GOLD#_H1_202101040100_202112311800.csv,UNVERIFIED,UNVERIFIED_GAP,true,584d3ff35576855898e412d9fb2a6f3aa8735a4cdef39a6dfff4762a633923e7,BROKER_SERVER_SESSION_SCHEDULE|SAME_BROKER_SERVER_LOWER_TIMEFRAME_OR_TICK_EXPORT|INDEPENDENT_SAME_BROKER_SERVER_H1_EXPORT|OFFICIAL_MARKET_OR_BROKER_HOLIDAY_NOTICE,,evidence_package_id|evidence_type|evidence_role_PRIMARY|source_organization|broker|server|symbol|time_basis|timezone_or_unknown|effective_start|effective_end|captured_at|artifact_path|artifact_sha256|source_metadata|validation_status,NO_EVIDENCE_SUBMITTED
GQ0509,2021,Monday,2021-12-20T23:00:00,2021-12-21T01:00:00,2.0,1,GOLD#_H1_202101040100_202112311800.csv,GOLD#_H1_202101040100_202112311800.csv,UNVERIFIED,UNVERIFIED_GAP,true,41788d072da2c7f0c6a4fb42ce01c1e8254d697e778164fc83dce052f65c50a5,BROKER_SERVER_SESSION_SCHEDULE|SAME_BROKER_SERVER_LOWER_TIMEFRAME_OR_TICK_EXPORT|INDEPENDENT_SAME_BROKER_SERVER_H1_EXPORT|OFFICIAL_MARKET_OR_BROKER_HOLIDAY_NOTICE,,evidence_package_id|evidence_type|evidence_role_PRIMARY|source_organization|broker|server|symbol|time_basis|timezone_or_unknown|effective_start|effective_end|captured_at|artifact_path|artifact_sha256|source_metadata|validation_status,NO_EVIDENCE_SUBMITTED
GQ0510,2021,Tuesday,2021-12-21T23:00:00,2021-12-22T01:00:00,2.0,1,GOLD#_H1_202101040100_202112311800.csv,GOLD#_H1_202101040100_202112311800.csv,UNVERIFIED,UNVERIFIED_GAP,true,53280efdf6bc9f719693aff8ee0cd9e5953a29cee58ee2a97648ba481f9b3c4f,BROKER_SERVER_SESSION_SCHEDULE|SAME_BROKER_SERVER_LOWER_TIMEFRAME_OR_TICK_EXPORT|INDEPENDENT_SAME_BROKER_SERVER_H1_EXPORT|OFFICIAL_MARKET_OR_BROKER_HOLIDAY_NOTICE,,evidence_package_id|evidence_type|evidence_role_PRIMARY|source_organization|broker|server|symbol|time_basis|timezone_or_unknown|effective_start|effective_end|captured_at|artifact_path|artifact_sha256|source_metadata|validation_status,NO_EVIDENCE_SUBMITTED
GQ0511,2021,Wednesday,2021-12-22T23:00:00,2021-12-23T01:00:00,2.0,1,GOLD#_H1_202101040100_202112311800.csv,GOLD#_H1_202101040100_202112311800.csv,UNVERIFIED,UNVERIFIED_GAP,true,d76217406ee93f5010b97cbcf9ca99649b2aceef5b7bcb42cf8209c7ba6ec3d6,BROKER_SERVER_SESSION_SCHEDULE|SAME_BROKER_SERVER_LOWER_TIMEFRAME_OR_TICK_EXPORT|INDEPENDENT_SAME_BROKER_SERVER_H1_EXPORT|OFFICIAL_MARKET_OR_BROKER_HOLIDAY_NOTICE,,evidence_package_id|evidence_type|evidence_role_PRIMARY|source_organization|broker|server|symbol|time_basis|timezone_or_unknown|effective_start|effective_end|captured_at|artifact_path|artifact_sha256|source_metadata|validation_status,NO_EVIDENCE_SUBMITTED
GQ0512,2021,Thursday,2021-12-23T23:00:00,2021-12-27T01:00:00,74.0,73,GOLD#_H1_202101040100_202112311800.csv,GOLD#_H1_202101040100_202112311800.csv,UNVERIFIED,UNVERIFIED_GAP,true,ae05cba5f69bbf3b4f58b412056bae305121a83453c41973f828f57470fcc3a3,BROKER_SERVER_SESSION_SCHEDULE|SAME_BROKER_SERVER_LOWER_TIMEFRAME_OR_TICK_EXPORT|INDEPENDENT_SAME_BROKER_SERVER_H1_EXPORT|OFFICIAL_MARKET_OR_BROKER_HOLIDAY_NOTICE,,evidence_package_id|evidence_type|evidence_role_PRIMARY|source_organization|broker|server|symbol|time_basis|timezone_or_unknown|effective_start|effective_end|captured_at|artifact_path|artifact_sha256|source_metadata|validation_status,NO_EVIDENCE_SUBMITTED
GQ0513,2021,Monday,2021-12-27T23:00:00,2021-12-28T01:00:00,2.0,1,GOLD#_H1_202101040100_202112311800.csv,GOLD#_H1_202101040100_202112311800.csv,UNVERIFIED,UNVERIFIED_GAP,true,41788d072da2c7f0c6a4fb42ce01c1e8254d697e778164fc83dce052f65c50a5,BROKER_SERVER_SESSION_SCHEDULE|SAME_BROKER_SERVER_LOWER_TIMEFRAME_OR_TICK_EXPORT|INDEPENDENT_SAME_BROKER_SERVER_H1_EXPORT|OFFICIAL_MARKET_OR_BROKER_HOLIDAY_NOTICE,,evidence_package_id|evidence_type|evidence_role_PRIMARY|source_organization|broker|server|symbol|time_basis|timezone_or_unknown|effective_start|effective_end|captured_at|artifact_path|artifact_sha256|source_metadata|validation_status,NO_EVIDENCE_SUBMITTED
GQ0514,2021,Tuesday,2021-12-28T23:00:00,2021-12-29T01:00:00,2.0,1,GOLD#_H1_202101040100_202112311800.csv,GOLD#_H1_202101040100_202112311800.csv,UNVERIFIED,UNVERIFIED_GAP,true,53280efdf6bc9f719693aff8ee0cd9e5953a29cee58ee2a97648ba481f9b3c4f,BROKER_SERVER_SESSION_SCHEDULE|SAME_BROKER_SERVER_LOWER_TIMEFRAME_OR_TICK_EXPORT|INDEPENDENT_SAME_BROKER_SERVER_H1_EXPORT|OFFICIAL_MARKET_OR_BROKER_HOLIDAY_NOTICE,,evidence_package_id|evidence_type|evidence_role_PRIMARY|source_organization|broker|server|symbol|time_basis|timezone_or_unknown|effective_start|effective_end|captured_at|artifact_path|artifact_sha256|source_metadata|validation_status,NO_EVIDENCE_SUBMITTED
GQ0515,2021,Wednesday,2021-12-29T23:00:00,2021-12-30T01:00:00,2.0,1,GOLD#_H1_202101040100_202112311800.csv,GOLD#_H1_202101040100_202112311800.csv,UNVERIFIED,UNVERIFIED_GAP,true,d76217406ee93f5010b97cbcf9ca99649b2aceef5b7bcb42cf8209c7ba6ec3d6,BROKER_SERVER_SESSION_SCHEDULE|SAME_BROKER_SERVER_LOWER_TIMEFRAME_OR_TICK_EXPORT|INDEPENDENT_SAME_BROKER_SERVER_H1_EXPORT|OFFICIAL_MARKET_OR_BROKER_HOLIDAY_NOTICE,,evidence_package_id|evidence_type|evidence_role_PRIMARY|source_organization|broker|server|symbol|time_basis|timezone_or_unknown|effective_start|effective_end|captured_at|artifact_path|artifact_sha256|source_metadata|validation_status,NO_EVIDENCE_SUBMITTED
GQ0516,2021,Thursday,2021-12-30T23:00:00,2021-12-31T01:00:00,2.0,1,GOLD#_H1_202101040100_202112311800.csv,GOLD#_H1_202101040100_202112311800.csv,UNVERIFIED,UNVERIFIED_GAP,true,584d3ff35576855898e412d9fb2a6f3aa8735a4cdef39a6dfff4762a633923e7,BROKER_SERVER_SESSION_SCHEDULE|SAME_BROKER_SERVER_LOWER_TIMEFRAME_OR_TICK_EXPORT|INDEPENDENT_SAME_BROKER_SERVER_H1_EXPORT|OFFICIAL_MARKET_OR_BROKER_HOLIDAY_NOTICE,,evidence_package_id|evidence_type|evidence_role_PRIMARY|source_organization|broker|server|symbol|time_basis|timezone_or_unknown|effective_start|effective_end|captured_at|artifact_path|artifact_sha256|source_metadata|validation_status,NO_EVIDENCE_SUBMITTED
GQ0518,2022,Monday,2022-01-03T23:00:00,2022-01-04T01:00:00,2.0,1,GOLD#_H1_202201030100_202212302300.csv,GOLD#_H1_202201030100_202212302300.csv,UNVERIFIED,UNVERIFIED_GAP,true,b26ab4f081e185e53bcd6689f6b2cab6cae9a16683c4c423d82c1633dafc0e10,BROKER_SERVER_SESSION_SCHEDULE|SAME_BROKER_SERVER_LOWER_TIMEFRAME_OR_TICK_EXPORT|INDEPENDENT_SAME_BROKER_SERVER_H1_EXPORT|OFFICIAL_MARKET_OR_BROKER_HOLIDAY_NOTICE,,evidence_package_id|evidence_type|evidence_role_PRIMARY|source_organization|broker|server|symbol|time_basis|timezone_or_unknown|effective_start|effective_end|captured_at|artifact_path|artifact_sha256|source_metadata|validation_status,NO_EVIDENCE_SUBMITTED
GQ0519,2022,Tuesday,2022-01-04T23:00:00,2022-01-05T01:00:00,2.0,1,GOLD#_H1_202201030100_202212302300.csv,GOLD#_H1_202201030100_202212302300.csv,UNVERIFIED,UNVERIFIED_GAP,true,d7f1bba5f0cea25ae7149aae062148d8c3050c808dc8acae9bc8d4c58a0ac908,BROKER_SERVER_SESSION_SCHEDULE|SAME_BROKER_SERVER_LOWER_TIMEFRAME_OR_TICK_EXPORT|INDEPENDENT_SAME_BROKER_SERVER_H1_EXPORT|OFFICIAL_MARKET_OR_BROKER_HOLIDAY_NOTICE,,evidence_package_id|evidence_type|evidence_role_PRIMARY|source_organization|broker|server|symbol|time_basis|timezone_or_unknown|effective_start|effective_end|captured_at|artifact_path|artifact_sha256|source_metadata|validation_status,NO_EVIDENCE_SUBMITTED
GQ0520,2022,Wednesday,2022-01-05T23:00:00,2022-01-06T01:00:00,2.0,1,GOLD#_H1_202201030100_202212302300.csv,GOLD#_H1_202201030100_202212302300.csv,UNVERIFIED,UNVERIFIED_GAP,true,ddc847315172ec7c46de541a6d22fcf76e43b2086d1801cb01cae4330d2b071a,BROKER_SERVER_SESSION_SCHEDULE|SAME_BROKER_SERVER_LOWER_TIMEFRAME_OR_TICK_EXPORT|INDEPENDENT_SAME_BROKER_SERVER_H1_EXPORT|OFFICIAL_MARKET_OR_BROKER_HOLIDAY_NOTICE,,evidence_package_id|evidence_type|evidence_role_PRIMARY|source_organization|broker|server|symbol|time_basis|timezone_or_unknown|effective_start|effective_end|captured_at|artifact_path|artifact_sha256|source_metadata|validation_status,NO_EVIDENCE_SUBMITTED
GQ0521,2022,Thursday,2022-01-06T23:00:00,2022-01-07T01:00:00,2.0,1,GOLD#_H1_202201030100_202212302300.csv,GOLD#_H1_202201030100_202212302300.csv,UNVERIFIED,UNVERIFIED_GAP,true,0e6dd03f42a7fe5c935960758661b3fd08698b5af9259c549a0827d907c3904a,BROKER_SERVER_SESSION_SCHEDULE|SAME_BROKER_SERVER_LOWER_TIMEFRAME_OR_TICK_EXPORT|INDEPENDENT_SAME_BROKER_SERVER_H1_EXPORT|OFFICIAL_MARKET_OR_BROKER_HOLIDAY_NOTICE,,evidence_package_id|evidence_type|evidence_role_PRIMARY|source_organization|broker|server|symbol|time_basis|timezone_or_unknown|effective_start|effective_end|captured_at|artifact_path|artifact_sha256|source_metadata|validation_status,NO_EVIDENCE_SUBMITTED
GQ0523,2022,Monday,2022-01-10T23:00:00,2022-01-11T01:00:00,2.0,1,GOLD#_H1_202201030100_202212302300.csv,GOLD#_H1_202201030100_202212302300.csv,UNVERIFIED,UNVERIFIED_GAP,true,b26ab4f081e185e53bcd6689f6b2cab6cae9a16683c4c423d82c1633dafc0e10,BROKER_SERVER_SESSION_SCHEDULE|SAME_BROKER_SERVER_LOWER_TIMEFRAME_OR_TICK_EXPORT|INDEPENDENT_SAME_BROKER_SERVER_H1_EXPORT|OFFICIAL_MARKET_OR_BROKER_HOLIDAY_NOTICE,,evidence_package_id|evidence_type|evidence_role_PRIMARY|source_organization|broker|server|symbol|time_basis|timezone_or_unknown|effective_start|effective_end|captured_at|artifact_path|artifact_sha256|source_metadata|validation_status,NO_EVIDENCE_SUBMITTED
GQ0524,2022,Tuesday,2022-01-11T23:00:00,2022-01-12T01:00:00,2.0,1,GOLD#_H1_202201030100_202212302300.csv,GOLD#_H1_202201030100_202212302300.csv,UNVERIFIED,UNVERIFIED_GAP,true,d7f1bba5f0cea25ae7149aae062148d8c3050c808dc8acae9bc8d4c58a0ac908,BROKER_SERVER_SESSION_SCHEDULE|SAME_BROKER_SERVER_LOWER_TIMEFRAME_OR_TICK_EXPORT|INDEPENDENT_SAME_BROKER_SERVER_H1_EXPORT|OFFICIAL_MARKET_OR_BROKER_HOLIDAY_NOTICE,,evidence_package_id|evidence_type|evidence_role_PRIMARY|source_organization|broker|server|symbol|time_basis|timezone_or_unknown|effective_start|effective_end|captured_at|artifact_path|artifact_sha256|source_metadata|validation_status,NO_EVIDENCE_SUBMITTED
GQ0525,2022,Wednesday,2022-01-12T23:00:00,2022-01-13T01:00:00,2.0,1,GOLD#_H1_202201030100_202212302300.csv,GOLD#_H1_202201030100_202212302300.csv,UNVERIFIED,UNVERIFIED_GAP,true,ddc847315172ec7c46de541a6d22fcf76e43b2086d1801cb01cae4330d2b071a,BROKER_SERVER_SESSION_SCHEDULE|SAME_BROKER_SERVER_LOWER_TIMEFRAME_OR_TICK_EXPORT|INDEPENDENT_SAME_BROKER_SERVER_H1_EXPORT|OFFICIAL_MARKET_OR_BROKER_HOLIDAY_NOTICE,,evidence_package_id|evidence_type|evidence_role_PRIMARY|source_organization|broker|server|symbol|time_basis|timezone_or_unknown|effective_start|effective_end|captured_at|artifact_path|artifact_sha256|source_metadata|validation_status,NO_EVIDENCE_SUBMITTED
GQ0526,2022,Thursday,2022-01-13T23:00:00,2022-01-14T01:00:00,2.0,1,GOLD#_H1_202201030100_202212302300.csv,GOLD#_H1_202201030100_202212302300.csv,UNVERIFIED,UNVERIFIED_GAP,true,0e6dd03f42a7fe5c935960758661b3fd08698b5af9259c549a0827d907c3904a,BROKER_SERVER_SESSION_SCHEDULE|SAME_BROKER_SERVER_LOWER_TIMEFRAME_OR_TICK_EXPORT|INDEPENDENT_SAME_BROKER_SERVER_H1_EXPORT|OFFICIAL_MARKET_OR_BROKER_HOLIDAY_NOTICE,,evidence_package_id|evidence_type|evidence_role_PRIMARY|source_organization|broker|server|symbol|time_basis|timezone_or_unknown|effective_start|effective_end|captured_at|artifact_path|artifact_sha256|source_metadata|validation_status,NO_EVIDENCE_SUBMITTED
GQ0528,2022,Monday,2022-01-17T21:00:00,2022-01-18T01:00:00,4.0,3,GOLD#_H1_202201030100_202212302300.csv,GOLD#_H1_202201030100_202212302300.csv,UNVERIFIED,UNVERIFIED_GAP,true,054e26265c9ed843b5dae04cb4406a17010643a5208f0609477372466b290588,BROKER_SERVER_SESSION_SCHEDULE|SAME_BROKER_SERVER_LOWER_TIMEFRAME_OR_TICK_EXPORT|INDEPENDENT_SAME_BROKER_SERVER_H1_EXPORT|OFFICIAL_MARKET_OR_BROKER_HOLIDAY_NOTICE,,evidence_package_id|evidence_type|evidence_role_PRIMARY|source_organization|broker|server|symbol|time_basis|timezone_or_unknown|effective_start|effective_end|captured_at|artifact_path|artifact_sha256|source_metadata|validation_status,NO_EVIDENCE_SUBMITTED
GQ0529,2022,Tuesday,2022-01-18T23:00:00,2022-01-19T01:00:00,2.0,1,GOLD#_H1_202201030100_202212302300.csv,GOLD#_H1_202201030100_202212302300.csv,UNVERIFIED,UNVERIFIED_GAP,true,d7f1bba5f0cea25ae7149aae062148d8c3050c808dc8acae9bc8d4c58a0ac908,BROKER_SERVER_SESSION_SCHEDULE|SAME_BROKER_SERVER_LOWER_TIMEFRAME_OR_TICK_EXPORT|INDEPENDENT_SAME_BROKER_SERVER_H1_EXPORT|OFFICIAL_MARKET_OR_BROKER_HOLIDAY_NOTICE,,evidence_package_id|evidence_type|evidence_role_PRIMARY|source_organization|broker|server|symbol|time_basis|timezone_or_unknown|effective_start|effective_end|captured_at|artifact_path|artifact_sha256|source_metadata|validation_status,NO_EVIDENCE_SUBMITTED
GQ0530,2022,Wednesday,2022-01-19T23:00:00,2022-01-20T01:00:00,2.0,1,GOLD#_H1_202201030100_202212302300.csv,GOLD#_H1_202201030100_202212302300.csv,UNVERIFIED,UNVERIFIED_GAP,true,ddc847315172ec7c46de541a6d22fcf76e43b2086d1801cb01cae4330d2b071a,BROKER_SERVER_SESSION_SCHEDULE|SAME_BROKER_SERVER_LOWER_TIMEFRAME_OR_TICK_EXPORT|INDEPENDENT_SAME_BROKER_SERVER_H1_EXPORT|OFFICIAL_MARKET_OR_BROKER_HOLIDAY_NOTICE,,evidence_package_id|evidence_type|evidence_role_PRIMARY|source_organization|broker|server|symbol|time_basis|timezone_or_unknown|effective_start|effective_end|captured_at|artifact_path|artifact_sha256|source_metadata|validation_status,NO_EVIDENCE_SUBMITTED
GQ0531,2022,Thursday,2022-01-20T23:00:00,2022-01-21T01:00:00,2.0,1,GOLD#_H1_202201030100_202212302300.csv,GOLD#_H1_202201030100_202212302300.csv,UNVERIFIED,UNVERIFIED_GAP,true,0e6dd03f42a7fe5c935960758661b3fd08698b5af9259c549a0827d907c3904a,BROKER_SERVER_SESSION_SCHEDULE|SAME_BROKER_SERVER_LOWER_TIMEFRAME_OR_TICK_EXPORT|INDEPENDENT_SAME_BROKER_SERVER_H1_EXPORT|OFFICIAL_MARKET_OR_BROKER_HOLIDAY_NOTICE,,evidence_package_id|evidence_type|evidence_role_PRIMARY|source_organization|broker|server|symbol|time_basis|timezone_or_unknown|effective_start|effective_end|captured_at|artifact_path|artifact_sha256|source_metadata|validation_status,NO_EVIDENCE_SUBMITTED
GQ0533,2022,Monday,2022-01-24T23:00:00,2022-01-25T01:00:00,2.0,1,GOLD#_H1_202201030100_202212302300.csv,GOLD#_H1_202201030100_202212302300.csv,UNVERIFIED,UNVERIFIED_GAP,true,b26ab4f081e185e53bcd6689f6b2cab6cae9a16683c4c423d82c1633dafc0e10,BROKER_SERVER_SESSION_SCHEDULE|SAME_BROKER_SERVER_LOWER_TIMEFRAME_OR_TICK_EXPORT|INDEPENDENT_SAME_BROKER_SERVER_H1_EXPORT|OFFICIAL_MARKET_OR_BROKER_HOLIDAY_NOTICE,,evidence_package_id|evidence_type|evidence_role_PRIMARY|source_organization|broker|server|symbol|time_basis|timezone_or_unknown|effective_start|effective_end|captured_at|artifact_path|artifact_sha256|source_metadata|validation_status,NO_EVIDENCE_SUBMITTED
GQ0534,2022,Tuesday,2022-01-25T23:00:00,2022-01-26T01:00:00,2.0,1,GOLD#_H1_202201030100_202212302300.csv,GOLD#_H1_202201030100_202212302300.csv,UNVERIFIED,UNVERIFIED_GAP,true,d7f1bba5f0cea25ae7149aae062148d8c3050c808dc8acae9bc8d4c58a0ac908,BROKER_SERVER_SESSION_SCHEDULE|SAME_BROKER_SERVER_LOWER_TIMEFRAME_OR_TICK_EXPORT|INDEPENDENT_SAME_BROKER_SERVER_H1_EXPORT|OFFICIAL_MARKET_OR_BROKER_HOLIDAY_NOTICE,,evidence_package_id|evidence_type|evidence_role_PRIMARY|source_organization|broker|server|symbol|time_basis|timezone_or_unknown|effective_start|effective_end|captured_at|artifact_path|artifact_sha256|source_metadata|validation_status,NO_EVIDENCE_SUBMITTED
GQ0535,2022,Wednesday,2022-01-26T23:00:00,2022-01-27T01:00:00,2.0,1,GOLD#_H1_202201030100_202212302300.csv,GOLD#_H1_202201030100_202212302300.csv,UNVERIFIED,UNVERIFIED_GAP,true,ddc847315172ec7c46de541a6d22fcf76e43b2086d1801cb01cae4330d2b071a,BROKER_SERVER_SESSION_SCHEDULE|SAME_BROKER_SERVER_LOWER_TIMEFRAME_OR_TICK_EXPORT|INDEPENDENT_SAME_BROKER_SERVER_H1_EXPORT|OFFICIAL_MARKET_OR_BROKER_HOLIDAY_NOTICE,,evidence_package_id|evidence_type|evidence_role_PRIMARY|source_organization|broker|server|symbol|time_basis|timezone_or_unknown|effective_start|effective_end|captured_at|artifact_path|artifact_sha256|source_metadata|validation_status,NO_EVIDENCE_SUBMITTED
GQ0536,2022,Thursday,2022-01-27T23:00:00,2022-01-28T01:00:00,2.0,1,GOLD#_H1_202201030100_202212302300.csv,GOLD#_H1_202201030100_202212302300.csv,UNVERIFIED,UNVERIFIED_GAP,true,0e6dd03f42a7fe5c935960758661b3fd08698b5af9259c549a0827d907c3904a,BROKER_SERVER_SESSION_SCHEDULE|SAME_BROKER_SERVER_LOWER_TIMEFRAME_OR_TICK_EXPORT|INDEPENDENT_SAME_BROKER_SERVER_H1_EXPORT|OFFICIAL_MARKET_OR_BROKER_HOLIDAY_NOTICE,,evidence_package_id|evidence_type|evidence_role_PRIMARY|source_organization|broker|server|symbol|time_basis|timezone_or_unknown|effective_start|effective_end|captured_at|artifact_path|artifact_sha256|source_metadata|validation_status,NO_EVIDENCE_SUBMITTED
GQ0538,2022,Monday,2022-01-31T23:00:00,2022-02-01T01:00:00,2.0,1,GOLD#_H1_202201030100_202212302300.csv,GOLD#_H1_202201030100_202212302300.csv,UNVERIFIED,UNVERIFIED_GAP,true,b26ab4f081e185e53bcd6689f6b2cab6cae9a16683c4c423d82c1633dafc0e10,BROKER_SERVER_SESSION_SCHEDULE|SAME_BROKER_SERVER_LOWER_TIMEFRAME_OR_TICK_EXPORT|INDEPENDENT_SAME_BROKER_SERVER_H1_EXPORT|OFFICIAL_MARKET_OR_BROKER_HOLIDAY_NOTICE,,evidence_package_id|evidence_type|evidence_role_PRIMARY|source_organization|broker|server|symbol|time_basis|timezone_or_unknown|effective_start|effective_end|captured_at|artifact_path|artifact_sha256|source_metadata|validation_status,NO_EVIDENCE_SUBMITTED
GQ0539,2022,Tuesday,2022-02-01T23:00:00,2022-02-02T01:00:00,2.0,1,GOLD#_H1_202201030100_202212302300.csv,GOLD#_H1_202201030100_202212302300.csv,UNVERIFIED,UNVERIFIED_GAP,true,d7f1bba5f0cea25ae7149aae062148d8c3050c808dc8acae9bc8d4c58a0ac908,BROKER_SERVER_SESSION_SCHEDULE|SAME_BROKER_SERVER_LOWER_TIMEFRAME_OR_TICK_EXPORT|INDEPENDENT_SAME_BROKER_SERVER_H1_EXPORT|OFFICIAL_MARKET_OR_BROKER_HOLIDAY_NOTICE,,evidence_package_id|evidence_type|evidence_role_PRIMARY|source_organization|broker|server|symbol|time_basis|timezone_or_unknown|effective_start|effective_end|captured_at|artifact_path|artifact_sha256|source_metadata|validation_status,NO_EVIDENCE_SUBMITTED
GQ0540,2022,Wednesday,2022-02-02T23:00:00,2022-02-03T01:00:00,2.0,1,GOLD#_H1_202201030100_202212302300.csv,GOLD#_H1_202201030100_202212302300.csv,UNVERIFIED,UNVERIFIED_GAP,true,ddc847315172ec7c46de541a6d22fcf76e43b2086d1801cb01cae4330d2b071a,BROKER_SERVER_SESSION_SCHEDULE|SAME_BROKER_SERVER_LOWER_TIMEFRAME_OR_TICK_EXPORT|INDEPENDENT_SAME_BROKER_SERVER_H1_EXPORT|OFFICIAL_MARKET_OR_BROKER_HOLIDAY_NOTICE,,evidence_package_id|evidence_type|evidence_role_PRIMARY|source_organization|broker|server|symbol|time_basis|timezone_or_unknown|effective_start|effective_end|captured_at|artifact_path|artifact_sha256|source_metadata|validation_status,NO_EVIDENCE_SUBMITTED
GQ0541,2022,Thursday,2022-02-03T23:00:00,2022-02-04T01:00:00,2.0,1,GOLD#_H1_202201030100_202212302300.csv,GOLD#_H1_202201030100_202212302300.csv,UNVERIFIED,UNVERIFIED_GAP,true,0e6dd03f42a7fe5c935960758661b3fd08698b5af9259c549a0827d907c3904a,BROKER_SERVER_SESSION_SCHEDULE|SAME_BROKER_SERVER_LOWER_TIMEFRAME_OR_TICK_EXPORT|INDEPENDENT_SAME_BROKER_SERVER_H1_EXPORT|OFFICIAL_MARKET_OR_BROKER_HOLIDAY_NOTICE,,evidence_package_id|evidence_type|evidence_role_PRIMARY|source_organization|broker|server|symbol|time_basis|timezone_or_unknown|effective_start|effective_end|captured_at|artifact_path|artifact_sha256|source_metadata|validation_status,NO_EVIDENCE_SUBMITTED
GQ0543,2022,Monday,2022-02-07T23:00:00,2022-02-08T01:00:00,2.0,1,GOLD#_H1_202201030100_202212302300.csv,GOLD#_H1_202201030100_202212302300.csv,UNVERIFIED,UNVERIFIED_GAP,true,b26ab4f081e185e53bcd6689f6b2cab6cae9a16683c4c423d82c1633dafc0e10,BROKER_SERVER_SESSION_SCHEDULE|SAME_BROKER_SERVER_LOWER_TIMEFRAME_OR_TICK_EXPORT|INDEPENDENT_SAME_BROKER_SERVER_H1_EXPORT|OFFICIAL_MARKET_OR_BROKER_HOLIDAY_NOTICE,,evidence_package_id|evidence_type|evidence_role_PRIMARY|source_organization|broker|server|symbol|time_basis|timezone_or_unknown|effective_start|effective_end|captured_at|artifact_path|artifact_sha256|source_metadata|validation_status,NO_EVIDENCE_SUBMITTED
GQ0544,2022,Tuesday,2022-02-08T23:00:00,2022-02-09T01:00:00,2.0,1,GOLD#_H1_202201030100_202212302300.csv,GOLD#_H1_202201030100_202212302300.csv,UNVERIFIED,UNVERIFIED_GAP,true,d7f1bba5f0cea25ae7149aae062148d8c3050c808dc8acae9bc8d4c58a0ac908,BROKER_SERVER_SESSION_SCHEDULE|SAME_BROKER_SERVER_LOWER_TIMEFRAME_OR_TICK_EXPORT|INDEPENDENT_SAME_BROKER_SERVER_H1_EXPORT|OFFICIAL_MARKET_OR_BROKER_HOLIDAY_NOTICE,,evidence_package_id|evidence_type|evidence_role_PRIMARY|source_organization|broker|server|symbol|time_basis|timezone_or_unknown|effective_start|effective_end|captured_at|artifact_path|artifact_sha256|source_metadata|validation_status,NO_EVIDENCE_SUBMITTED
GQ0545,2022,Wednesday,2022-02-09T23:00:00,2022-02-10T01:00:00,2.0,1,GOLD#_H1_202201030100_202212302300.csv,GOLD#_H1_202201030100_202212302300.csv,UNVERIFIED,UNVERIFIED_GAP,true,ddc847315172ec7c46de541a6d22fcf76e43b2086d1801cb01cae4330d2b071a,BROKER_SERVER_SESSION_SCHEDULE|SAME_BROKER_SERVER_LOWER_TIMEFRAME_OR_TICK_EXPORT|INDEPENDENT_SAME_BROKER_SERVER_H1_EXPORT|OFFICIAL_MARKET_OR_BROKER_HOLIDAY_NOTICE,,evidence_package_id|evidence_type|evidence_role_PRIMARY|source_organization|broker|server|symbol|time_basis|timezone_or_unknown|effective_start|effective_end|captured_at|artifact_path|artifact_sha256|source_metadata|validation_status,NO_EVIDENCE_SUBMITTED
GQ0546,2022,Thursday,2022-02-10T23:00:00,2022-02-11T01:00:00,2.0,1,GOLD#_H1_202201030100_202212302300.csv,GOLD#_H1_202201030100_202212302300.csv,UNVERIFIED,UNVERIFIED_GAP,true,0e6dd03f42a7fe5c935960758661b3fd08698b5af9259c549a0827d907c3904a,BROKER_SERVER_SESSION_SCHEDULE|SAME_BROKER_SERVER_LOWER_TIMEFRAME_OR_TICK_EXPORT|INDEPENDENT_SAME_BROKER_SERVER_H1_EXPORT|OFFICIAL_MARKET_OR_BROKER_HOLIDAY_NOTICE,,evidence_package_id|evidence_type|evidence_role_PRIMARY|source_organization|broker|server|symbol|time_basis|timezone_or_unknown|effective_start|effective_end|captured_at|artifact_path|artifact_sha256|source_metadata|validation_status,NO_EVIDENCE_SUBMITTED
GQ0548,2022,Monday,2022-02-14T23:00:00,2022-02-15T01:00:00,2.0,1,GOLD#_H1_202201030100_202212302300.csv,GOLD#_H1_202201030100_202212302300.csv,UNVERIFIED,UNVERIFIED_GAP,true,b26ab4f081e185e53bcd6689f6b2cab6cae9a16683c4c423d82c1633dafc0e10,BROKER_SERVER_SESSION_SCHEDULE|SAME_BROKER_SERVER_LOWER_TIMEFRAME_OR_TICK_EXPORT|INDEPENDENT_SAME_BROKER_SERVER_H1_EXPORT|OFFICIAL_MARKET_OR_BROKER_HOLIDAY_NOTICE,,evidence_package_id|evidence_type|evidence_role_PRIMARY|source_organization|broker|server|symbol|time_basis|timezone_or_unknown|effective_start|effective_end|captured_at|artifact_path|artifact_sha256|source_metadata|validation_status,NO_EVIDENCE_SUBMITTED
GQ0549,2022,Tuesday,2022-02-15T23:00:00,2022-02-16T01:00:00,2.0,1,GOLD#_H1_202201030100_202212302300.csv,GOLD#_H1_202201030100_202212302300.csv,UNVERIFIED,UNVERIFIED_GAP,true,d7f1bba5f0cea25ae7149aae062148d8c3050c808dc8acae9bc8d4c58a0ac908,BROKER_SERVER_SESSION_SCHEDULE|SAME_BROKER_SERVER_LOWER_TIMEFRAME_OR_TICK_EXPORT|INDEPENDENT_SAME_BROKER_SERVER_H1_EXPORT|OFFICIAL_MARKET_OR_BROKER_HOLIDAY_NOTICE,,evidence_package_id|evidence_type|evidence_role_PRIMARY|source_organization|broker|server|symbol|time_basis|timezone_or_unknown|effective_start|effective_end|captured_at|artifact_path|artifact_sha256|source_metadata|validation_status,NO_EVIDENCE_SUBMITTED
GQ0550,2022,Wednesday,2022-02-16T23:00:00,2022-02-17T01:00:00,2.0,1,GOLD#_H1_202201030100_202212302300.csv,GOLD#_H1_202201030100_202212302300.csv,UNVERIFIED,UNVERIFIED_GAP,true,ddc847315172ec7c46de541a6d22fcf76e43b2086d1801cb01cae4330d2b071a,BROKER_SERVER_SESSION_SCHEDULE|SAME_BROKER_SERVER_LOWER_TIMEFRAME_OR_TICK_EXPORT|INDEPENDENT_SAME_BROKER_SERVER_H1_EXPORT|OFFICIAL_MARKET_OR_BROKER_HOLIDAY_NOTICE,,evidence_package_id|evidence_type|evidence_role_PRIMARY|source_organization|broker|server|symbol|time_basis|timezone_or_unknown|effective_start|effective_end|captured_at|artifact_path|artifact_sha256|source_metadata|validation_status,NO_EVIDENCE_SUBMITTED
GQ0551,2022,Thursday,2022-02-17T23:00:00,2022-02-18T01:00:00,2.0,1,GOLD#_H1_202201030100_202212302300.csv,GOLD#_H1_202201030100_202212302300.csv,UNVERIFIED,UNVERIFIED_GAP,true,0e6dd03f42a7fe5c935960758661b3fd08698b5af9259c549a0827d907c3904a,BROKER_SERVER_SESSION_SCHEDULE|SAME_BROKER_SERVER_LOWER_TIMEFRAME_OR_TICK_EXPORT|INDEPENDENT_SAME_BROKER_SERVER_H1_EXPORT|OFFICIAL_MARKET_OR_BROKER_HOLIDAY_NOTICE,,evidence_package_id|evidence_type|evidence_role_PRIMARY|source_organization|broker|server|symbol|time_basis|timezone_or_unknown|effective_start|effective_end|captured_at|artifact_path|artifact_sha256|source_metadata|validation_status,NO_EVIDENCE_SUBMITTED
GQ0553,2022,Monday,2022-02-21T21:00:00,2022-02-22T01:00:00,4.0,3,GOLD#_H1_202201030100_202212302300.csv,GOLD#_H1_202201030100_202212302300.csv,UNVERIFIED,UNVERIFIED_GAP,true,054e26265c9ed843b5dae04cb4406a17010643a5208f0609477372466b290588,BROKER_SERVER_SESSION_SCHEDULE|SAME_BROKER_SERVER_LOWER_TIMEFRAME_OR_TICK_EXPORT|INDEPENDENT_SAME_BROKER_SERVER_H1_EXPORT|OFFICIAL_MARKET_OR_BROKER_HOLIDAY_NOTICE,,evidence_package_id|evidence_type|evidence_role_PRIMARY|source_organization|broker|server|symbol|time_basis|timezone_or_unknown|effective_start|effective_end|captured_at|artifact_path|artifact_sha256|source_metadata|validation_status,NO_EVIDENCE_SUBMITTED
GQ0554,2022,Tuesday,2022-02-22T23:00:00,2022-02-23T01:00:00,2.0,1,GOLD#_H1_202201030100_202212302300.csv,GOLD#_H1_202201030100_202212302300.csv,UNVERIFIED,UNVERIFIED_GAP,true,d7f1bba5f0cea25ae7149aae062148d8c3050c808dc8acae9bc8d4c58a0ac908,BROKER_SERVER_SESSION_SCHEDULE|SAME_BROKER_SERVER_LOWER_TIMEFRAME_OR_TICK_EXPORT|INDEPENDENT_SAME_BROKER_SERVER_H1_EXPORT|OFFICIAL_MARKET_OR_BROKER_HOLIDAY_NOTICE,,evidence_package_id|evidence_type|evidence_role_PRIMARY|source_organization|broker|server|symbol|time_basis|timezone_or_unknown|effective_start|effective_end|captured_at|artifact_path|artifact_sha256|source_metadata|validation_status,NO_EVIDENCE_SUBMITTED
GQ0555,2022,Wednesday,2022-02-23T23:00:00,2022-02-24T01:00:00,2.0,1,GOLD#_H1_202201030100_202212302300.csv,GOLD#_H1_202201030100_202212302300.csv,UNVERIFIED,UNVERIFIED_GAP,true,ddc847315172ec7c46de541a6d22fcf76e43b2086d1801cb01cae4330d2b071a,BROKER_SERVER_SESSION_SCHEDULE|SAME_BROKER_SERVER_LOWER_TIMEFRAME_OR_TICK_EXPORT|INDEPENDENT_SAME_BROKER_SERVER_H1_EXPORT|OFFICIAL_MARKET_OR_BROKER_HOLIDAY_NOTICE,,evidence_package_id|evidence_type|evidence_role_PRIMARY|source_organization|broker|server|symbol|time_basis|timezone_or_unknown|effective_start|effective_end|captured_at|artifact_path|artifact_sha256|source_metadata|validation_status,NO_EVIDENCE_SUBMITTED
GQ0556,2022,Thursday,2022-02-24T23:00:00,2022-02-25T01:00:00,2.0,1,GOLD#_H1_202201030100_202212302300.csv,GOLD#_H1_202201030100_202212302300.csv,UNVERIFIED,UNVERIFIED_GAP,true,0e6dd03f42a7fe5c935960758661b3fd08698b5af9259c549a0827d907c3904a,BROKER_SERVER_SESSION_SCHEDULE|SAME_BROKER_SERVER_LOWER_TIMEFRAME_OR_TICK_EXPORT|INDEPENDENT_SAME_BROKER_SERVER_H1_EXPORT|OFFICIAL_MARKET_OR_BROKER_HOLIDAY_NOTICE,,evidence_package_id|evidence_type|evidence_role_PRIMARY|source_organization|broker|server|symbol|time_basis|timezone_or_unknown|effective_start|effective_end|captured_at|artifact_path|artifact_sha256|source_metadata|validation_status,NO_EVIDENCE_SUBMITTED
GQ0558,2022,Monday,2022-02-28T23:00:00,2022-03-01T01:00:00,2.0,1,GOLD#_H1_202201030100_202212302300.csv,GOLD#_H1_202201030100_202212302300.csv,UNVERIFIED,UNVERIFIED_GAP,true,b26ab4f081e185e53bcd6689f6b2cab6cae9a16683c4c423d82c1633dafc0e10,BROKER_SERVER_SESSION_SCHEDULE|SAME_BROKER_SERVER_LOWER_TIMEFRAME_OR_TICK_EXPORT|INDEPENDENT_SAME_BROKER_SERVER_H1_EXPORT|OFFICIAL_MARKET_OR_BROKER_HOLIDAY_NOTICE,,evidence_package_id|evidence_type|evidence_role_PRIMARY|source_organization|broker|server|symbol|time_basis|timezone_or_unknown|effective_start|effective_end|captured_at|artifact_path|artifact_sha256|source_metadata|validation_status,NO_EVIDENCE_SUBMITTED
GQ0559,2022,Tuesday,2022-03-01T23:00:00,2022-03-02T01:00:00,2.0,1,GOLD#_H1_202201030100_202212302300.csv,GOLD#_H1_202201030100_202212302300.csv,UNVERIFIED,UNVERIFIED_GAP,true,d7f1bba5f0cea25ae7149aae062148d8c3050c808dc8acae9bc8d4c58a0ac908,BROKER_SERVER_SESSION_SCHEDULE|SAME_BROKER_SERVER_LOWER_TIMEFRAME_OR_TICK_EXPORT|INDEPENDENT_SAME_BROKER_SERVER_H1_EXPORT|OFFICIAL_MARKET_OR_BROKER_HOLIDAY_NOTICE,,evidence_package_id|evidence_type|evidence_role_PRIMARY|source_organization|broker|server|symbol|time_basis|timezone_or_unknown|effective_start|effective_end|captured_at|artifact_path|artifact_sha256|source_metadata|validation_status,NO_EVIDENCE_SUBMITTED
GQ0560,2022,Wednesday,2022-03-02T23:00:00,2022-03-03T01:00:00,2.0,1,GOLD#_H1_202201030100_202212302300.csv,GOLD#_H1_202201030100_202212302300.csv,UNVERIFIED,UNVERIFIED_GAP,true,ddc847315172ec7c46de541a6d22fcf76e43b2086d1801cb01cae4330d2b071a,BROKER_SERVER_SESSION_SCHEDULE|SAME_BROKER_SERVER_LOWER_TIMEFRAME_OR_TICK_EXPORT|INDEPENDENT_SAME_BROKER_SERVER_H1_EXPORT|OFFICIAL_MARKET_OR_BROKER_HOLIDAY_NOTICE,,evidence_package_id|evidence_type|evidence_role_PRIMARY|source_organization|broker|server|symbol|time_basis|timezone_or_unknown|effective_start|effective_end|captured_at|artifact_path|artifact_sha256|source_metadata|validation_status,NO_EVIDENCE_SUBMITTED
GQ0561,2022,Thursday,2022-03-03T23:00:00,2022-03-04T01:00:00,2.0,1,GOLD#_H1_202201030100_202212302300.csv,GOLD#_H1_202201030100_202212302300.csv,UNVERIFIED,UNVERIFIED_GAP,true,0e6dd03f42a7fe5c935960758661b3fd08698b5af9259c549a0827d907c3904a,BROKER_SERVER_SESSION_SCHEDULE|SAME_BROKER_SERVER_LOWER_TIMEFRAME_OR_TICK_EXPORT|INDEPENDENT_SAME_BROKER_SERVER_H1_EXPORT|OFFICIAL_MARKET_OR_BROKER_HOLIDAY_NOTICE,,evidence_package_id|evidence_type|evidence_role_PRIMARY|source_organization|broker|server|symbol|time_basis|timezone_or_unknown|effective_start|effective_end|captured_at|artifact_path|artifact_sha256|source_metadata|validation_status,NO_EVIDENCE_SUBMITTED
GQ0563,2022,Monday,2022-03-07T23:00:00,2022-03-08T01:00:00,2.0,1,GOLD#_H1_202201030100_202212302300.csv,GOLD#_H1_202201030100_202212302300.csv,UNVERIFIED,UNVERIFIED_GAP,true,b26ab4f081e185e53bcd6689f6b2cab6cae9a16683c4c423d82c1633dafc0e10,BROKER_SERVER_SESSION_SCHEDULE|SAME_BROKER_SERVER_LOWER_TIMEFRAME_OR_TICK_EXPORT|INDEPENDENT_SAME_BROKER_SERVER_H1_EXPORT|OFFICIAL_MARKET_OR_BROKER_HOLIDAY_NOTICE,,evidence_package_id|evidence_type|evidence_role_PRIMARY|source_organization|broker|server|symbol|time_basis|timezone_or_unknown|effective_start|effective_end|captured_at|artifact_path|artifact_sha256|source_metadata|validation_status,NO_EVIDENCE_SUBMITTED
GQ0564,2022,Tuesday,2022-03-08T23:00:00,2022-03-09T01:00:00,2.0,1,GOLD#_H1_202201030100_202212302300.csv,GOLD#_H1_202201030100_202212302300.csv,UNVERIFIED,UNVERIFIED_GAP,true,d7f1bba5f0cea25ae7149aae062148d8c3050c808dc8acae9bc8d4c58a0ac908,BROKER_SERVER_SESSION_SCHEDULE|SAME_BROKER_SERVER_LOWER_TIMEFRAME_OR_TICK_EXPORT|INDEPENDENT_SAME_BROKER_SERVER_H1_EXPORT|OFFICIAL_MARKET_OR_BROKER_HOLIDAY_NOTICE,,evidence_package_id|evidence_type|evidence_role_PRIMARY|source_organization|broker|server|symbol|time_basis|timezone_or_unknown|effective_start|effective_end|captured_at|artifact_path|artifact_sha256|source_metadata|validation_status,NO_EVIDENCE_SUBMITTED
GQ0565,2022,Wednesday,2022-03-09T23:00:00,2022-03-10T01:00:00,2.0,1,GOLD#_H1_202201030100_202212302300.csv,GOLD#_H1_202201030100_202212302300.csv,UNVERIFIED,UNVERIFIED_GAP,true,ddc847315172ec7c46de541a6d22fcf76e43b2086d1801cb01cae4330d2b071a,BROKER_SERVER_SESSION_SCHEDULE|SAME_BROKER_SERVER_LOWER_TIMEFRAME_OR_TICK_EXPORT|INDEPENDENT_SAME_BROKER_SERVER_H1_EXPORT|OFFICIAL_MARKET_OR_BROKER_HOLIDAY_NOTICE,,evidence_package_id|evidence_type|evidence_role_PRIMARY|source_organization|broker|server|symbol|time_basis|timezone_or_unknown|effective_start|effective_end|captured_at|artifact_path|artifact_sha256|source_metadata|validation_status,NO_EVIDENCE_SUBMITTED
GQ0566,2022,Thursday,2022-03-10T23:00:00,2022-03-11T01:00:00,2.0,1,GOLD#_H1_202201030100_202212302300.csv,GOLD#_H1_202201030100_202212302300.csv,UNVERIFIED,UNVERIFIED_GAP,true,0e6dd03f42a7fe5c935960758661b3fd08698b5af9259c549a0827d907c3904a,BROKER_SERVER_SESSION_SCHEDULE|SAME_BROKER_SERVER_LOWER_TIMEFRAME_OR_TICK_EXPORT|INDEPENDENT_SAME_BROKER_SERVER_H1_EXPORT|OFFICIAL_MARKET_OR_BROKER_HOLIDAY_NOTICE,,evidence_package_id|evidence_type|evidence_role_PRIMARY|source_organization|broker|server|symbol|time_basis|timezone_or_unknown|effective_start|effective_end|captured_at|artifact_path|artifact_sha256|source_metadata|validation_status,NO_EVIDENCE_SUBMITTED
GQ0568,2022,Monday,2022-03-14T22:00:00,2022-03-15T00:00:00,2.0,1,GOLD#_H1_202201030100_202212302300.csv,GOLD#_H1_202201030100_202212302300.csv,UNVERIFIED,UNVERIFIED_GAP,true,bad62b4231dc08775272341912cc69b1d92dedad593a9e805239ab3e5d83e0f2,BROKER_SERVER_SESSION_SCHEDULE|SAME_BROKER_SERVER_LOWER_TIMEFRAME_OR_TICK_EXPORT|INDEPENDENT_SAME_BROKER_SERVER_H1_EXPORT|OFFICIAL_MARKET_OR_BROKER_HOLIDAY_NOTICE,,evidence_package_id|evidence_type|evidence_role_PRIMARY|source_organization|broker|server|symbol|time_basis|timezone_or_unknown|effective_start|effective_end|captured_at|artifact_path|artifact_sha256|source_metadata|validation_status,NO_EVIDENCE_SUBMITTED
GQ0569,2022,Tuesday,2022-03-15T22:00:00,2022-03-16T00:00:00,2.0,1,GOLD#_H1_202201030100_202212302300.csv,GOLD#_H1_202201030100_202212302300.csv,UNVERIFIED,UNVERIFIED_GAP,true,ddb98fb13fe13e4ec17a00d25a11276cafbc74bdacd0eed1e5eb88bdf6bfee72,BROKER_SERVER_SESSION_SCHEDULE|SAME_BROKER_SERVER_LOWER_TIMEFRAME_OR_TICK_EXPORT|INDEPENDENT_SAME_BROKER_SERVER_H1_EXPORT|OFFICIAL_MARKET_OR_BROKER_HOLIDAY_NOTICE,,evidence_package_id|evidence_type|evidence_role_PRIMARY|source_organization|broker|server|symbol|time_basis|timezone_or_unknown|effective_start|effective_end|captured_at|artifact_path|artifact_sha256|source_metadata|validation_status,NO_EVIDENCE_SUBMITTED
GQ0570,2022,Wednesday,2022-03-16T22:00:00,2022-03-17T00:00:00,2.0,1,GOLD#_H1_202201030100_202212302300.csv,GOLD#_H1_202201030100_202212302300.csv,UNVERIFIED,UNVERIFIED_GAP,true,7aa0a1d0f5a89566b0db0ecdb9e344b19faa6ff4488f0d643af83ead87b2a4ee,BROKER_SERVER_SESSION_SCHEDULE|SAME_BROKER_SERVER_LOWER_TIMEFRAME_OR_TICK_EXPORT|INDEPENDENT_SAME_BROKER_SERVER_H1_EXPORT|OFFICIAL_MARKET_OR_BROKER_HOLIDAY_NOTICE,,evidence_package_id|evidence_type|evidence_role_PRIMARY|source_organization|broker|server|symbol|time_basis|timezone_or_unknown|effective_start|effective_end|captured_at|artifact_path|artifact_sha256|source_metadata|validation_status,NO_EVIDENCE_SUBMITTED
GQ0571,2022,Thursday,2022-03-17T22:00:00,2022-03-18T00:00:00,2.0,1,GOLD#_H1_202201030100_202212302300.csv,GOLD#_H1_202201030100_202212302300.csv,UNVERIFIED,UNVERIFIED_GAP,true,1530499f948c8b9b13e4f44694deede77fccdd283aedebc184d2b84fb602a22b,BROKER_SERVER_SESSION_SCHEDULE|SAME_BROKER_SERVER_LOWER_TIMEFRAME_OR_TICK_EXPORT|INDEPENDENT_SAME_BROKER_SERVER_H1_EXPORT|OFFICIAL_MARKET_OR_BROKER_HOLIDAY_NOTICE,,evidence_package_id|evidence_type|evidence_role_PRIMARY|source_organization|broker|server|symbol|time_basis|timezone_or_unknown|effective_start|effective_end|captured_at|artifact_path|artifact_sha256|source_metadata|validation_status,NO_EVIDENCE_SUBMITTED
GQ0573,2022,Monday,2022-03-21T22:00:00,2022-03-22T00:00:00,2.0,1,GOLD#_H1_202201030100_202212302300.csv,GOLD#_H1_202201030100_202212302300.csv,UNVERIFIED,UNVERIFIED_GAP,true,bad62b4231dc08775272341912cc69b1d92dedad593a9e805239ab3e5d83e0f2,BROKER_SERVER_SESSION_SCHEDULE|SAME_BROKER_SERVER_LOWER_TIMEFRAME_OR_TICK_EXPORT|INDEPENDENT_SAME_BROKER_SERVER_H1_EXPORT|OFFICIAL_MARKET_OR_BROKER_HOLIDAY_NOTICE,,evidence_package_id|evidence_type|evidence_role_PRIMARY|source_organization|broker|server|symbol|time_basis|timezone_or_unknown|effective_start|effective_end|captured_at|artifact_path|artifact_sha256|source_metadata|validation_status,NO_EVIDENCE_SUBMITTED
GQ0574,2022,Tuesday,2022-03-22T22:00:00,2022-03-23T00:00:00,2.0,1,GOLD#_H1_202201030100_202212302300.csv,GOLD#_H1_202201030100_202212302300.csv,UNVERIFIED,UNVERIFIED_GAP,true,ddb98fb13fe13e4ec17a00d25a11276cafbc74bdacd0eed1e5eb88bdf6bfee72,BROKER_SERVER_SESSION_SCHEDULE|SAME_BROKER_SERVER_LOWER_TIMEFRAME_OR_TICK_EXPORT|INDEPENDENT_SAME_BROKER_SERVER_H1_EXPORT|OFFICIAL_MARKET_OR_BROKER_HOLIDAY_NOTICE,,evidence_package_id|evidence_type|evidence_role_PRIMARY|source_organization|broker|server|symbol|time_basis|timezone_or_unknown|effective_start|effective_end|captured_at|artifact_path|artifact_sha256|source_metadata|validation_status,NO_EVIDENCE_SUBMITTED
GQ0575,2022,Wednesday,2022-03-23T22:00:00,2022-03-24T00:00:00,2.0,1,GOLD#_H1_202201030100_202212302300.csv,GOLD#_H1_202201030100_202212302300.csv,UNVERIFIED,UNVERIFIED_GAP,true,7aa0a1d0f5a89566b0db0ecdb9e344b19faa6ff4488f0d643af83ead87b2a4ee,BROKER_SERVER_SESSION_SCHEDULE|SAME_BROKER_SERVER_LOWER_TIMEFRAME_OR_TICK_EXPORT|INDEPENDENT_SAME_BROKER_SERVER_H1_EXPORT|OFFICIAL_MARKET_OR_BROKER_HOLIDAY_NOTICE,,evidence_package_id|evidence_type|evidence_role_PRIMARY|source_organization|broker|server|symbol|time_basis|timezone_or_unknown|effective_start|effective_end|captured_at|artifact_path|artifact_sha256|source_metadata|validation_status,NO_EVIDENCE_SUBMITTED
GQ0576,2022,Thursday,2022-03-24T22:00:00,2022-03-25T00:00:00,2.0,1,GOLD#_H1_202201030100_202212302300.csv,GOLD#_H1_202201030100_202212302300.csv,UNVERIFIED,UNVERIFIED_GAP,true,1530499f948c8b9b13e4f44694deede77fccdd283aedebc184d2b84fb602a22b,BROKER_SERVER_SESSION_SCHEDULE|SAME_BROKER_SERVER_LOWER_TIMEFRAME_OR_TICK_EXPORT|INDEPENDENT_SAME_BROKER_SERVER_H1_EXPORT|OFFICIAL_MARKET_OR_BROKER_HOLIDAY_NOTICE,,evidence_package_id|evidence_type|evidence_role_PRIMARY|source_organization|broker|server|symbol|time_basis|timezone_or_unknown|effective_start|effective_end|captured_at|artifact_path|artifact_sha256|source_metadata|validation_status,NO_EVIDENCE_SUBMITTED
GQ0578,2022,Monday,2022-03-28T23:00:00,2022-03-29T01:00:00,2.0,1,GOLD#_H1_202201030100_202212302300.csv,GOLD#_H1_202201030100_202212302300.csv,UNVERIFIED,UNVERIFIED_GAP,true,b26ab4f081e185e53bcd6689f6b2cab6cae9a16683c4c423d82c1633dafc0e10,BROKER_SERVER_SESSION_SCHEDULE|SAME_BROKER_SERVER_LOWER_TIMEFRAME_OR_TICK_EXPORT|INDEPENDENT_SAME_BROKER_SERVER_H1_EXPORT|OFFICIAL_MARKET_OR_BROKER_HOLIDAY_NOTICE,,evidence_package_id|evidence_type|evidence_role_PRIMARY|source_organization|broker|server|symbol|time_basis|timezone_or_unknown|effective_start|effective_end|captured_at|artifact_path|artifact_sha256|source_metadata|validation_status,NO_EVIDENCE_SUBMITTED
GQ0579,2022,Tuesday,2022-03-29T23:00:00,2022-03-30T01:00:00,2.0,1,GOLD#_H1_202201030100_202212302300.csv,GOLD#_H1_202201030100_202212302300.csv,UNVERIFIED,UNVERIFIED_GAP,true,d7f1bba5f0cea25ae7149aae062148d8c3050c808dc8acae9bc8d4c58a0ac908,BROKER_SERVER_SESSION_SCHEDULE|SAME_BROKER_SERVER_LOWER_TIMEFRAME_OR_TICK_EXPORT|INDEPENDENT_SAME_BROKER_SERVER_H1_EXPORT|OFFICIAL_MARKET_OR_BROKER_HOLIDAY_NOTICE,,evidence_package_id|evidence_type|evidence_role_PRIMARY|source_organization|broker|server|symbol|time_basis|timezone_or_unknown|effective_start|effective_end|captured_at|artifact_path|artifact_sha256|source_metadata|validation_status,NO_EVIDENCE_SUBMITTED
GQ0580,2022,Wednesday,2022-03-30T23:00:00,2022-03-31T01:00:00,2.0,1,GOLD#_H1_202201030100_202212302300.csv,GOLD#_H1_202201030100_202212302300.csv,UNVERIFIED,UNVERIFIED_GAP,true,ddc847315172ec7c46de541a6d22fcf76e43b2086d1801cb01cae4330d2b071a,BROKER_SERVER_SESSION_SCHEDULE|SAME_BROKER_SERVER_LOWER_TIMEFRAME_OR_TICK_EXPORT|INDEPENDENT_SAME_BROKER_SERVER_H1_EXPORT|OFFICIAL_MARKET_OR_BROKER_HOLIDAY_NOTICE,,evidence_package_id|evidence_type|evidence_role_PRIMARY|source_organization|broker|server|symbol|time_basis|timezone_or_unknown|effective_start|effective_end|captured_at|artifact_path|artifact_sha256|source_metadata|validation_status,NO_EVIDENCE_SUBMITTED
GQ0581,2022,Thursday,2022-03-31T23:00:00,2022-04-01T01:00:00,2.0,1,GOLD#_H1_202201030100_202212302300.csv,GOLD#_H1_202201030100_202212302300.csv,UNVERIFIED,UNVERIFIED_GAP,true,0e6dd03f42a7fe5c935960758661b3fd08698b5af9259c549a0827d907c3904a,BROKER_SERVER_SESSION_SCHEDULE|SAME_BROKER_SERVER_LOWER_TIMEFRAME_OR_TICK_EXPORT|INDEPENDENT_SAME_BROKER_SERVER_H1_EXPORT|OFFICIAL_MARKET_OR_BROKER_HOLIDAY_NOTICE,,evidence_package_id|evidence_type|evidence_role_PRIMARY|source_organization|broker|server|symbol|time_basis|timezone_or_unknown|effective_start|effective_end|captured_at|artifact_path|artifact_sha256|source_metadata|validation_status,NO_EVIDENCE_SUBMITTED
GQ0583,2022,Monday,2022-04-04T23:00:00,2022-04-05T01:00:00,2.0,1,GOLD#_H1_202201030100_202212302300.csv,GOLD#_H1_202201030100_202212302300.csv,UNVERIFIED,UNVERIFIED_GAP,true,b26ab4f081e185e53bcd6689f6b2cab6cae9a16683c4c423d82c1633dafc0e10,BROKER_SERVER_SESSION_SCHEDULE|SAME_BROKER_SERVER_LOWER_TIMEFRAME_OR_TICK_EXPORT|INDEPENDENT_SAME_BROKER_SERVER_H1_EXPORT|OFFICIAL_MARKET_OR_BROKER_HOLIDAY_NOTICE,,evidence_package_id|evidence_type|evidence_role_PRIMARY|source_organization|broker|server|symbol|time_basis|timezone_or_unknown|effective_start|effective_end|captured_at|artifact_path|artifact_sha256|source_metadata|validation_status,NO_EVIDENCE_SUBMITTED
GQ0584,2022,Tuesday,2022-04-05T23:00:00,2022-04-06T01:00:00,2.0,1,GOLD#_H1_202201030100_202212302300.csv,GOLD#_H1_202201030100_202212302300.csv,UNVERIFIED,UNVERIFIED_GAP,true,d7f1bba5f0cea25ae7149aae062148d8c3050c808dc8acae9bc8d4c58a0ac908,BROKER_SERVER_SESSION_SCHEDULE|SAME_BROKER_SERVER_LOWER_TIMEFRAME_OR_TICK_EXPORT|INDEPENDENT_SAME_BROKER_SERVER_H1_EXPORT|OFFICIAL_MARKET_OR_BROKER_HOLIDAY_NOTICE,,evidence_package_id|evidence_type|evidence_role_PRIMARY|source_organization|broker|server|symbol|time_basis|timezone_or_unknown|effective_start|effective_end|captured_at|artifact_path|artifact_sha256|source_metadata|validation_status,NO_EVIDENCE_SUBMITTED
GQ0585,2022,Wednesday,2022-04-06T23:00:00,2022-04-07T01:00:00,2.0,1,GOLD#_H1_202201030100_202212302300.csv,GOLD#_H1_202201030100_202212302300.csv,UNVERIFIED,UNVERIFIED_GAP,true,ddc847315172ec7c46de541a6d22fcf76e43b2086d1801cb01cae4330d2b071a,BROKER_SERVER_SESSION_SCHEDULE|SAME_BROKER_SERVER_LOWER_TIMEFRAME_OR_TICK_EXPORT|INDEPENDENT_SAME_BROKER_SERVER_H1_EXPORT|OFFICIAL_MARKET_OR_BROKER_HOLIDAY_NOTICE,,evidence_package_id|evidence_type|evidence_role_PRIMARY|source_organization|broker|server|symbol|time_basis|timezone_or_unknown|effective_start|effective_end|captured_at|artifact_path|artifact_sha256|source_metadata|validation_status,NO_EVIDENCE_SUBMITTED
GQ0586,2022,Thursday,2022-04-07T23:00:00,2022-04-08T01:00:00,2.0,1,GOLD#_H1_202201030100_202212302300.csv,GOLD#_H1_202201030100_202212302300.csv,UNVERIFIED,UNVERIFIED_GAP,true,0e6dd03f42a7fe5c935960758661b3fd08698b5af9259c549a0827d907c3904a,BROKER_SERVER_SESSION_SCHEDULE|SAME_BROKER_SERVER_LOWER_TIMEFRAME_OR_TICK_EXPORT|INDEPENDENT_SAME_BROKER_SERVER_H1_EXPORT|OFFICIAL_MARKET_OR_BROKER_HOLIDAY_NOTICE,,evidence_package_id|evidence_type|evidence_role_PRIMARY|source_organization|broker|server|symbol|time_basis|timezone_or_unknown|effective_start|effective_end|captured_at|artifact_path|artifact_sha256|source_metadata|validation_status,NO_EVIDENCE_SUBMITTED
GQ0588,2022,Monday,2022-04-11T23:00:00,2022-04-12T01:00:00,2.0,1,GOLD#_H1_202201030100_202212302300.csv,GOLD#_H1_202201030100_202212302300.csv,UNVERIFIED,UNVERIFIED_GAP,true,b26ab4f081e185e53bcd6689f6b2cab6cae9a16683c4c423d82c1633dafc0e10,BROKER_SERVER_SESSION_SCHEDULE|SAME_BROKER_SERVER_LOWER_TIMEFRAME_OR_TICK_EXPORT|INDEPENDENT_SAME_BROKER_SERVER_H1_EXPORT|OFFICIAL_MARKET_OR_BROKER_HOLIDAY_NOTICE,,evidence_package_id|evidence_type|evidence_role_PRIMARY|source_organization|broker|server|symbol|time_basis|timezone_or_unknown|effective_start|effective_end|captured_at|artifact_path|artifact_sha256|source_metadata|validation_status,NO_EVIDENCE_SUBMITTED
GQ0589,2022,Tuesday,2022-04-12T23:00:00,2022-04-13T01:00:00,2.0,1,GOLD#_H1_202201030100_202212302300.csv,GOLD#_H1_202201030100_202212302300.csv,UNVERIFIED,UNVERIFIED_GAP,true,d7f1bba5f0cea25ae7149aae062148d8c3050c808dc8acae9bc8d4c58a0ac908,BROKER_SERVER_SESSION_SCHEDULE|SAME_BROKER_SERVER_LOWER_TIMEFRAME_OR_TICK_EXPORT|INDEPENDENT_SAME_BROKER_SERVER_H1_EXPORT|OFFICIAL_MARKET_OR_BROKER_HOLIDAY_NOTICE,,evidence_package_id|evidence_type|evidence_role_PRIMARY|source_organization|broker|server|symbol|time_basis|timezone_or_unknown|effective_start|effective_end|captured_at|artifact_path|artifact_sha256|source_metadata|validation_status,NO_EVIDENCE_SUBMITTED
GQ0590,2022,Wednesday,2022-04-13T23:00:00,2022-04-14T01:00:00,2.0,1,GOLD#_H1_202201030100_202212302300.csv,GOLD#_H1_202201030100_202212302300.csv,UNVERIFIED,UNVERIFIED_GAP,true,ddc847315172ec7c46de541a6d22fcf76e43b2086d1801cb01cae4330d2b071a,BROKER_SERVER_SESSION_SCHEDULE|SAME_BROKER_SERVER_LOWER_TIMEFRAME_OR_TICK_EXPORT|INDEPENDENT_SAME_BROKER_SERVER_H1_EXPORT|OFFICIAL_MARKET_OR_BROKER_HOLIDAY_NOTICE,,evidence_package_id|evidence_type|evidence_role_PRIMARY|source_organization|broker|server|symbol|time_basis|timezone_or_unknown|effective_start|effective_end|captured_at|artifact_path|artifact_sha256|source_metadata|validation_status,NO_EVIDENCE_SUBMITTED
GQ0591,2022,Thursday,2022-04-14T23:00:00,2022-04-18T01:00:00,74.0,73,GOLD#_H1_202201030100_202212302300.csv,GOLD#_H1_202201030100_202212302300.csv,UNVERIFIED,UNVERIFIED_GAP,true,3e398ad6ddccf7c0925f5d8ba1d73d78baec0ebdf7632d292711a7eef200b93e,BROKER_SERVER_SESSION_SCHEDULE|SAME_BROKER_SERVER_LOWER_TIMEFRAME_OR_TICK_EXPORT|INDEPENDENT_SAME_BROKER_SERVER_H1_EXPORT|OFFICIAL_MARKET_OR_BROKER_HOLIDAY_NOTICE,,evidence_package_id|evidence_type|evidence_role_PRIMARY|source_organization|broker|server|symbol|time_basis|timezone_or_unknown|effective_start|effective_end|captured_at|artifact_path|artifact_sha256|source_metadata|validation_status,NO_EVIDENCE_SUBMITTED
GQ0592,2022,Monday,2022-04-18T23:00:00,2022-04-19T01:00:00,2.0,1,GOLD#_H1_202201030100_202212302300.csv,GOLD#_H1_202201030100_202212302300.csv,UNVERIFIED,UNVERIFIED_GAP,true,b26ab4f081e185e53bcd6689f6b2cab6cae9a16683c4c423d82c1633dafc0e10,BROKER_SERVER_SESSION_SCHEDULE|SAME_BROKER_SERVER_LOWER_TIMEFRAME_OR_TICK_EXPORT|INDEPENDENT_SAME_BROKER_SERVER_H1_EXPORT|OFFICIAL_MARKET_OR_BROKER_HOLIDAY_NOTICE,,evidence_package_id|evidence_type|evidence_role_PRIMARY|source_organization|broker|server|symbol|time_basis|timezone_or_unknown|effective_start|effective_end|captured_at|artifact_path|artifact_sha256|source_metadata|validation_status,NO_EVIDENCE_SUBMITTED
GQ0593,2022,Tuesday,2022-04-19T23:00:00,2022-04-20T01:00:00,2.0,1,GOLD#_H1_202201030100_202212302300.csv,GOLD#_H1_202201030100_202212302300.csv,UNVERIFIED,UNVERIFIED_GAP,true,d7f1bba5f0cea25ae7149aae062148d8c3050c808dc8acae9bc8d4c58a0ac908,BROKER_SERVER_SESSION_SCHEDULE|SAME_BROKER_SERVER_LOWER_TIMEFRAME_OR_TICK_EXPORT|INDEPENDENT_SAME_BROKER_SERVER_H1_EXPORT|OFFICIAL_MARKET_OR_BROKER_HOLIDAY_NOTICE,,evidence_package_id|evidence_type|evidence_role_PRIMARY|source_organization|broker|server|symbol|time_basis|timezone_or_unknown|effective_start|effective_end|captured_at|artifact_path|artifact_sha256|source_metadata|validation_status,NO_EVIDENCE_SUBMITTED
GQ0594,2022,Wednesday,2022-04-20T23:00:00,2022-04-21T01:00:00,2.0,1,GOLD#_H1_202201030100_202212302300.csv,GOLD#_H1_202201030100_202212302300.csv,UNVERIFIED,UNVERIFIED_GAP,true,ddc847315172ec7c46de541a6d22fcf76e43b2086d1801cb01cae4330d2b071a,BROKER_SERVER_SESSION_SCHEDULE|SAME_BROKER_SERVER_LOWER_TIMEFRAME_OR_TICK_EXPORT|INDEPENDENT_SAME_BROKER_SERVER_H1_EXPORT|OFFICIAL_MARKET_OR_BROKER_HOLIDAY_NOTICE,,evidence_package_id|evidence_type|evidence_role_PRIMARY|source_organization|broker|server|symbol|time_basis|timezone_or_unknown|effective_start|effective_end|captured_at|artifact_path|artifact_sha256|source_metadata|validation_status,NO_EVIDENCE_SUBMITTED
GQ0595,2022,Thursday,2022-04-21T23:00:00,2022-04-22T01:00:00,2.0,1,GOLD#_H1_202201030100_202212302300.csv,GOLD#_H1_202201030100_202212302300.csv,UNVERIFIED,UNVERIFIED_GAP,true,0e6dd03f42a7fe5c935960758661b3fd08698b5af9259c549a0827d907c3904a,BROKER_SERVER_SESSION_SCHEDULE|SAME_BROKER_SERVER_LOWER_TIMEFRAME_OR_TICK_EXPORT|INDEPENDENT_SAME_BROKER_SERVER_H1_EXPORT|OFFICIAL_MARKET_OR_BROKER_HOLIDAY_NOTICE,,evidence_package_id|evidence_type|evidence_role_PRIMARY|source_organization|broker|server|symbol|time_basis|timezone_or_unknown|effective_start|effective_end|captured_at|artifact_path|artifact_sha256|source_metadata|validation_status,NO_EVIDENCE_SUBMITTED
GQ0597,2022,Monday,2022-04-25T23:00:00,2022-04-26T01:00:00,2.0,1,GOLD#_H1_202201030100_202212302300.csv,GOLD#_H1_202201030100_202212302300.csv,UNVERIFIED,UNVERIFIED_GAP,true,b26ab4f081e185e53bcd6689f6b2cab6cae9a16683c4c423d82c1633dafc0e10,BROKER_SERVER_SESSION_SCHEDULE|SAME_BROKER_SERVER_LOWER_TIMEFRAME_OR_TICK_EXPORT|INDEPENDENT_SAME_BROKER_SERVER_H1_EXPORT|OFFICIAL_MARKET_OR_BROKER_HOLIDAY_NOTICE,,evidence_package_id|evidence_type|evidence_role_PRIMARY|source_organization|broker|server|symbol|time_basis|timezone_or_unknown|effective_start|effective_end|captured_at|artifact_path|artifact_sha256|source_metadata|validation_status,NO_EVIDENCE_SUBMITTED
GQ0598,2022,Tuesday,2022-04-26T23:00:00,2022-04-27T01:00:00,2.0,1,GOLD#_H1_202201030100_202212302300.csv,GOLD#_H1_202201030100_202212302300.csv,UNVERIFIED,UNVERIFIED_GAP,true,d7f1bba5f0cea25ae7149aae062148d8c3050c808dc8acae9bc8d4c58a0ac908,BROKER_SERVER_SESSION_SCHEDULE|SAME_BROKER_SERVER_LOWER_TIMEFRAME_OR_TICK_EXPORT|INDEPENDENT_SAME_BROKER_SERVER_H1_EXPORT|OFFICIAL_MARKET_OR_BROKER_HOLIDAY_NOTICE,,evidence_package_id|evidence_type|evidence_role_PRIMARY|source_organization|broker|server|symbol|time_basis|timezone_or_unknown|effective_start|effective_end|captured_at|artifact_path|artifact_sha256|source_metadata|validation_status,NO_EVIDENCE_SUBMITTED
GQ0599,2022,Wednesday,2022-04-27T23:00:00,2022-04-28T01:00:00,2.0,1,GOLD#_H1_202201030100_202212302300.csv,GOLD#_H1_202201030100_202212302300.csv,UNVERIFIED,UNVERIFIED_GAP,true,ddc847315172ec7c46de541a6d22fcf76e43b2086d1801cb01cae4330d2b071a,BROKER_SERVER_SESSION_SCHEDULE|SAME_BROKER_SERVER_LOWER_TIMEFRAME_OR_TICK_EXPORT|INDEPENDENT_SAME_BROKER_SERVER_H1_EXPORT|OFFICIAL_MARKET_OR_BROKER_HOLIDAY_NOTICE,,evidence_package_id|evidence_type|evidence_role_PRIMARY|source_organization|broker|server|symbol|time_basis|timezone_or_unknown|effective_start|effective_end|captured_at|artifact_path|artifact_sha256|source_metadata|validation_status,NO_EVIDENCE_SUBMITTED
GQ0600,2022,Thursday,2022-04-28T23:00:00,2022-04-29T01:00:00,2.0,1,GOLD#_H1_202201030100_202212302300.csv,GOLD#_H1_202201030100_202212302300.csv,UNVERIFIED,UNVERIFIED_GAP,true,0e6dd03f42a7fe5c935960758661b3fd08698b5af9259c549a0827d907c3904a,BROKER_SERVER_SESSION_SCHEDULE|SAME_BROKER_SERVER_LOWER_TIMEFRAME_OR_TICK_EXPORT|INDEPENDENT_SAME_BROKER_SERVER_H1_EXPORT|OFFICIAL_MARKET_OR_BROKER_HOLIDAY_NOTICE,,evidence_package_id|evidence_type|evidence_role_PRIMARY|source_organization|broker|server|symbol|time_basis|timezone_or_unknown|effective_start|effective_end|captured_at|artifact_path|artifact_sha256|source_metadata|validation_status,NO_EVIDENCE_SUBMITTED
GQ0602,2022,Monday,2022-05-02T23:00:00,2022-05-03T01:00:00,2.0,1,GOLD#_H1_202201030100_202212302300.csv,GOLD#_H1_202201030100_202212302300.csv,UNVERIFIED,UNVERIFIED_GAP,true,b26ab4f081e185e53bcd6689f6b2cab6cae9a16683c4c423d82c1633dafc0e10,BROKER_SERVER_SESSION_SCHEDULE|SAME_BROKER_SERVER_LOWER_TIMEFRAME_OR_TICK_EXPORT|INDEPENDENT_SAME_BROKER_SERVER_H1_EXPORT|OFFICIAL_MARKET_OR_BROKER_HOLIDAY_NOTICE,,evidence_package_id|evidence_type|evidence_role_PRIMARY|source_organization|broker|server|symbol|time_basis|timezone_or_unknown|effective_start|effective_end|captured_at|artifact_path|artifact_sha256|source_metadata|validation_status,NO_EVIDENCE_SUBMITTED
GQ0603,2022,Tuesday,2022-05-03T23:00:00,2022-05-04T01:00:00,2.0,1,GOLD#_H1_202201030100_202212302300.csv,GOLD#_H1_202201030100_202212302300.csv,UNVERIFIED,UNVERIFIED_GAP,true,d7f1bba5f0cea25ae7149aae062148d8c3050c808dc8acae9bc8d4c58a0ac908,BROKER_SERVER_SESSION_SCHEDULE|SAME_BROKER_SERVER_LOWER_TIMEFRAME_OR_TICK_EXPORT|INDEPENDENT_SAME_BROKER_SERVER_H1_EXPORT|OFFICIAL_MARKET_OR_BROKER_HOLIDAY_NOTICE,,evidence_package_id|evidence_type|evidence_role_PRIMARY|source_organization|broker|server|symbol|time_basis|timezone_or_unknown|effective_start|effective_end|captured_at|artifact_path|artifact_sha256|source_metadata|validation_status,NO_EVIDENCE_SUBMITTED
GQ0604,2022,Wednesday,2022-05-04T23:00:00,2022-05-05T01:00:00,2.0,1,GOLD#_H1_202201030100_202212302300.csv,GOLD#_H1_202201030100_202212302300.csv,UNVERIFIED,UNVERIFIED_GAP,true,ddc847315172ec7c46de541a6d22fcf76e43b2086d1801cb01cae4330d2b071a,BROKER_SERVER_SESSION_SCHEDULE|SAME_BROKER_SERVER_LOWER_TIMEFRAME_OR_TICK_EXPORT|INDEPENDENT_SAME_BROKER_SERVER_H1_EXPORT|OFFICIAL_MARKET_OR_BROKER_HOLIDAY_NOTICE,,evidence_package_id|evidence_type|evidence_role_PRIMARY|source_organization|broker|server|symbol|time_basis|timezone_or_unknown|effective_start|effective_end|captured_at|artifact_path|artifact_sha256|source_metadata|validation_status,NO_EVIDENCE_SUBMITTED
GQ0605,2022,Thursday,2022-05-05T23:00:00,2022-05-06T01:00:00,2.0,1,GOLD#_H1_202201030100_202212302300.csv,GOLD#_H1_202201030100_202212302300.csv,UNVERIFIED,UNVERIFIED_GAP,true,0e6dd03f42a7fe5c935960758661b3fd08698b5af9259c549a0827d907c3904a,BROKER_SERVER_SESSION_SCHEDULE|SAME_BROKER_SERVER_LOWER_TIMEFRAME_OR_TICK_EXPORT|INDEPENDENT_SAME_BROKER_SERVER_H1_EXPORT|OFFICIAL_MARKET_OR_BROKER_HOLIDAY_NOTICE,,evidence_package_id|evidence_type|evidence_role_PRIMARY|source_organization|broker|server|symbol|time_basis|timezone_or_unknown|effective_start|effective_end|captured_at|artifact_path|artifact_sha256|source_metadata|validation_status,NO_EVIDENCE_SUBMITTED
GQ0607,2022,Monday,2022-05-09T23:00:00,2022-05-10T01:00:00,2.0,1,GOLD#_H1_202201030100_202212302300.csv,GOLD#_H1_202201030100_202212302300.csv,UNVERIFIED,UNVERIFIED_GAP,true,b26ab4f081e185e53bcd6689f6b2cab6cae9a16683c4c423d82c1633dafc0e10,BROKER_SERVER_SESSION_SCHEDULE|SAME_BROKER_SERVER_LOWER_TIMEFRAME_OR_TICK_EXPORT|INDEPENDENT_SAME_BROKER_SERVER_H1_EXPORT|OFFICIAL_MARKET_OR_BROKER_HOLIDAY_NOTICE,,evidence_package_id|evidence_type|evidence_role_PRIMARY|source_organization|broker|server|symbol|time_basis|timezone_or_unknown|effective_start|effective_end|captured_at|artifact_path|artifact_sha256|source_metadata|validation_status,NO_EVIDENCE_SUBMITTED
GQ0608,2022,Tuesday,2022-05-10T23:00:00,2022-05-11T01:00:00,2.0,1,GOLD#_H1_202201030100_202212302300.csv,GOLD#_H1_202201030100_202212302300.csv,UNVERIFIED,UNVERIFIED_GAP,true,d7f1bba5f0cea25ae7149aae062148d8c3050c808dc8acae9bc8d4c58a0ac908,BROKER_SERVER_SESSION_SCHEDULE|SAME_BROKER_SERVER_LOWER_TIMEFRAME_OR_TICK_EXPORT|INDEPENDENT_SAME_BROKER_SERVER_H1_EXPORT|OFFICIAL_MARKET_OR_BROKER_HOLIDAY_NOTICE,,evidence_package_id|evidence_type|evidence_role_PRIMARY|source_organization|broker|server|symbol|time_basis|timezone_or_unknown|effective_start|effective_end|captured_at|artifact_path|artifact_sha256|source_metadata|validation_status,NO_EVIDENCE_SUBMITTED
GQ0609,2022,Wednesday,2022-05-11T23:00:00,2022-05-12T01:00:00,2.0,1,GOLD#_H1_202201030100_202212302300.csv,GOLD#_H1_202201030100_202212302300.csv,UNVERIFIED,UNVERIFIED_GAP,true,ddc847315172ec7c46de541a6d22fcf76e43b2086d1801cb01cae4330d2b071a,BROKER_SERVER_SESSION_SCHEDULE|SAME_BROKER_SERVER_LOWER_TIMEFRAME_OR_TICK_EXPORT|INDEPENDENT_SAME_BROKER_SERVER_H1_EXPORT|OFFICIAL_MARKET_OR_BROKER_HOLIDAY_NOTICE,,evidence_package_id|evidence_type|evidence_role_PRIMARY|source_organization|broker|server|symbol|time_basis|timezone_or_unknown|effective_start|effective_end|captured_at|artifact_path|artifact_sha256|source_metadata|validation_status,NO_EVIDENCE_SUBMITTED
GQ0610,2022,Thursday,2022-05-12T23:00:00,2022-05-13T01:00:00,2.0,1,GOLD#_H1_202201030100_202212302300.csv,GOLD#_H1_202201030100_202212302300.csv,UNVERIFIED,UNVERIFIED_GAP,true,0e6dd03f42a7fe5c935960758661b3fd08698b5af9259c549a0827d907c3904a,BROKER_SERVER_SESSION_SCHEDULE|SAME_BROKER_SERVER_LOWER_TIMEFRAME_OR_TICK_EXPORT|INDEPENDENT_SAME_BROKER_SERVER_H1_EXPORT|OFFICIAL_MARKET_OR_BROKER_HOLIDAY_NOTICE,,evidence_package_id|evidence_type|evidence_role_PRIMARY|source_organization|broker|server|symbol|time_basis|timezone_or_unknown|effective_start|effective_end|captured_at|artifact_path|artifact_sha256|source_metadata|validation_status,NO_EVIDENCE_SUBMITTED
GQ0612,2022,Monday,2022-05-16T23:00:00,2022-05-17T01:00:00,2.0,1,GOLD#_H1_202201030100_202212302300.csv,GOLD#_H1_202201030100_202212302300.csv,UNVERIFIED,UNVERIFIED_GAP,true,b26ab4f081e185e53bcd6689f6b2cab6cae9a16683c4c423d82c1633dafc0e10,BROKER_SERVER_SESSION_SCHEDULE|SAME_BROKER_SERVER_LOWER_TIMEFRAME_OR_TICK_EXPORT|INDEPENDENT_SAME_BROKER_SERVER_H1_EXPORT|OFFICIAL_MARKET_OR_BROKER_HOLIDAY_NOTICE,,evidence_package_id|evidence_type|evidence_role_PRIMARY|source_organization|broker|server|symbol|time_basis|timezone_or_unknown|effective_start|effective_end|captured_at|artifact_path|artifact_sha256|source_metadata|validation_status,NO_EVIDENCE_SUBMITTED
GQ0613,2022,Tuesday,2022-05-17T23:00:00,2022-05-18T01:00:00,2.0,1,GOLD#_H1_202201030100_202212302300.csv,GOLD#_H1_202201030100_202212302300.csv,UNVERIFIED,UNVERIFIED_GAP,true,d7f1bba5f0cea25ae7149aae062148d8c3050c808dc8acae9bc8d4c58a0ac908,BROKER_SERVER_SESSION_SCHEDULE|SAME_BROKER_SERVER_LOWER_TIMEFRAME_OR_TICK_EXPORT|INDEPENDENT_SAME_BROKER_SERVER_H1_EXPORT|OFFICIAL_MARKET_OR_BROKER_HOLIDAY_NOTICE,,evidence_package_id|evidence_type|evidence_role_PRIMARY|source_organization|broker|server|symbol|time_basis|timezone_or_unknown|effective_start|effective_end|captured_at|artifact_path|artifact_sha256|source_metadata|validation_status,NO_EVIDENCE_SUBMITTED
GQ0614,2022,Wednesday,2022-05-18T23:00:00,2022-05-19T01:00:00,2.0,1,GOLD#_H1_202201030100_202212302300.csv,GOLD#_H1_202201030100_202212302300.csv,UNVERIFIED,UNVERIFIED_GAP,true,ddc847315172ec7c46de541a6d22fcf76e43b2086d1801cb01cae4330d2b071a,BROKER_SERVER_SESSION_SCHEDULE|SAME_BROKER_SERVER_LOWER_TIMEFRAME_OR_TICK_EXPORT|INDEPENDENT_SAME_BROKER_SERVER_H1_EXPORT|OFFICIAL_MARKET_OR_BROKER_HOLIDAY_NOTICE,,evidence_package_id|evidence_type|evidence_role_PRIMARY|source_organization|broker|server|symbol|time_basis|timezone_or_unknown|effective_start|effective_end|captured_at|artifact_path|artifact_sha256|source_metadata|validation_status,NO_EVIDENCE_SUBMITTED
GQ0615,2022,Thursday,2022-05-19T23:00:00,2022-05-20T01:00:00,2.0,1,GOLD#_H1_202201030100_202212302300.csv,GOLD#_H1_202201030100_202212302300.csv,UNVERIFIED,UNVERIFIED_GAP,true,0e6dd03f42a7fe5c935960758661b3fd08698b5af9259c549a0827d907c3904a,BROKER_SERVER_SESSION_SCHEDULE|SAME_BROKER_SERVER_LOWER_TIMEFRAME_OR_TICK_EXPORT|INDEPENDENT_SAME_BROKER_SERVER_H1_EXPORT|OFFICIAL_MARKET_OR_BROKER_HOLIDAY_NOTICE,,evidence_package_id|evidence_type|evidence_role_PRIMARY|source_organization|broker|server|symbol|time_basis|timezone_or_unknown|effective_start|effective_end|captured_at|artifact_path|artifact_sha256|source_metadata|validation_status,NO_EVIDENCE_SUBMITTED
GQ0617,2022,Monday,2022-05-23T23:00:00,2022-05-24T01:00:00,2.0,1,GOLD#_H1_202201030100_202212302300.csv,GOLD#_H1_202201030100_202212302300.csv,UNVERIFIED,UNVERIFIED_GAP,true,b26ab4f081e185e53bcd6689f6b2cab6cae9a16683c4c423d82c1633dafc0e10,BROKER_SERVER_SESSION_SCHEDULE|SAME_BROKER_SERVER_LOWER_TIMEFRAME_OR_TICK_EXPORT|INDEPENDENT_SAME_BROKER_SERVER_H1_EXPORT|OFFICIAL_MARKET_OR_BROKER_HOLIDAY_NOTICE,,evidence_package_id|evidence_type|evidence_role_PRIMARY|source_organization|broker|server|symbol|time_basis|timezone_or_unknown|effective_start|effective_end|captured_at|artifact_path|artifact_sha256|source_metadata|validation_status,NO_EVIDENCE_SUBMITTED
GQ0618,2022,Tuesday,2022-05-24T23:00:00,2022-05-25T01:00:00,2.0,1,GOLD#_H1_202201030100_202212302300.csv,GOLD#_H1_202201030100_202212302300.csv,UNVERIFIED,UNVERIFIED_GAP,true,d7f1bba5f0cea25ae7149aae062148d8c3050c808dc8acae9bc8d4c58a0ac908,BROKER_SERVER_SESSION_SCHEDULE|SAME_BROKER_SERVER_LOWER_TIMEFRAME_OR_TICK_EXPORT|INDEPENDENT_SAME_BROKER_SERVER_H1_EXPORT|OFFICIAL_MARKET_OR_BROKER_HOLIDAY_NOTICE,,evidence_package_id|evidence_type|evidence_role_PRIMARY|source_organization|broker|server|symbol|time_basis|timezone_or_unknown|effective_start|effective_end|captured_at|artifact_path|artifact_sha256|source_metadata|validation_status,NO_EVIDENCE_SUBMITTED
GQ0619,2022,Wednesday,2022-05-25T23:00:00,2022-05-26T01:00:00,2.0,1,GOLD#_H1_202201030100_202212302300.csv,GOLD#_H1_202201030100_202212302300.csv,UNVERIFIED,UNVERIFIED_GAP,true,ddc847315172ec7c46de541a6d22fcf76e43b2086d1801cb01cae4330d2b071a,BROKER_SERVER_SESSION_SCHEDULE|SAME_BROKER_SERVER_LOWER_TIMEFRAME_OR_TICK_EXPORT|INDEPENDENT_SAME_BROKER_SERVER_H1_EXPORT|OFFICIAL_MARKET_OR_BROKER_HOLIDAY_NOTICE,,evidence_package_id|evidence_type|evidence_role_PRIMARY|source_organization|broker|server|symbol|time_basis|timezone_or_unknown|effective_start|effective_end|captured_at|artifact_path|artifact_sha256|source_metadata|validation_status,NO_EVIDENCE_SUBMITTED
GQ0620,2022,Thursday,2022-05-26T23:00:00,2022-05-27T01:00:00,2.0,1,GOLD#_H1_202201030100_202212302300.csv,GOLD#_H1_202201030100_202212302300.csv,UNVERIFIED,UNVERIFIED_GAP,true,0e6dd03f42a7fe5c935960758661b3fd08698b5af9259c549a0827d907c3904a,BROKER_SERVER_SESSION_SCHEDULE|SAME_BROKER_SERVER_LOWER_TIMEFRAME_OR_TICK_EXPORT|INDEPENDENT_SAME_BROKER_SERVER_H1_EXPORT|OFFICIAL_MARKET_OR_BROKER_HOLIDAY_NOTICE,,evidence_package_id|evidence_type|evidence_role_PRIMARY|source_organization|broker|server|symbol|time_basis|timezone_or_unknown|effective_start|effective_end|captured_at|artifact_path|artifact_sha256|source_metadata|validation_status,NO_EVIDENCE_SUBMITTED
GQ0622,2022,Monday,2022-05-30T21:00:00,2022-05-31T01:00:00,4.0,3,GOLD#_H1_202201030100_202212302300.csv,GOLD#_H1_202201030100_202212302300.csv,UNVERIFIED,UNVERIFIED_GAP,true,054e26265c9ed843b5dae04cb4406a17010643a5208f0609477372466b290588,BROKER_SERVER_SESSION_SCHEDULE|SAME_BROKER_SERVER_LOWER_TIMEFRAME_OR_TICK_EXPORT|INDEPENDENT_SAME_BROKER_SERVER_H1_EXPORT|OFFICIAL_MARKET_OR_BROKER_HOLIDAY_NOTICE,,evidence_package_id|evidence_type|evidence_role_PRIMARY|source_organization|broker|server|symbol|time_basis|timezone_or_unknown|effective_start|effective_end|captured_at|artifact_path|artifact_sha256|source_metadata|validation_status,NO_EVIDENCE_SUBMITTED
GQ0623,2022,Tuesday,2022-05-31T23:00:00,2022-06-01T01:00:00,2.0,1,GOLD#_H1_202201030100_202212302300.csv,GOLD#_H1_202201030100_202212302300.csv,UNVERIFIED,UNVERIFIED_GAP,true,d7f1bba5f0cea25ae7149aae062148d8c3050c808dc8acae9bc8d4c58a0ac908,BROKER_SERVER_SESSION_SCHEDULE|SAME_BROKER_SERVER_LOWER_TIMEFRAME_OR_TICK_EXPORT|INDEPENDENT_SAME_BROKER_SERVER_H1_EXPORT|OFFICIAL_MARKET_OR_BROKER_HOLIDAY_NOTICE,,evidence_package_id|evidence_type|evidence_role_PRIMARY|source_organization|broker|server|symbol|time_basis|timezone_or_unknown|effective_start|effective_end|captured_at|artifact_path|artifact_sha256|source_metadata|validation_status,NO_EVIDENCE_SUBMITTED
GQ0624,2022,Wednesday,2022-06-01T23:00:00,2022-06-02T01:00:00,2.0,1,GOLD#_H1_202201030100_202212302300.csv,GOLD#_H1_202201030100_202212302300.csv,UNVERIFIED,UNVERIFIED_GAP,true,ddc847315172ec7c46de541a6d22fcf76e43b2086d1801cb01cae4330d2b071a,BROKER_SERVER_SESSION_SCHEDULE|SAME_BROKER_SERVER_LOWER_TIMEFRAME_OR_TICK_EXPORT|INDEPENDENT_SAME_BROKER_SERVER_H1_EXPORT|OFFICIAL_MARKET_OR_BROKER_HOLIDAY_NOTICE,,evidence_package_id|evidence_type|evidence_role_PRIMARY|source_organization|broker|server|symbol|time_basis|timezone_or_unknown|effective_start|effective_end|captured_at|artifact_path|artifact_sha256|source_metadata|validation_status,NO_EVIDENCE_SUBMITTED
GQ0625,2022,Thursday,2022-06-02T23:00:00,2022-06-03T01:00:00,2.0,1,GOLD#_H1_202201030100_202212302300.csv,GOLD#_H1_202201030100_202212302300.csv,UNVERIFIED,UNVERIFIED_GAP,true,0e6dd03f42a7fe5c935960758661b3fd08698b5af9259c549a0827d907c3904a,BROKER_SERVER_SESSION_SCHEDULE|SAME_BROKER_SERVER_LOWER_TIMEFRAME_OR_TICK_EXPORT|INDEPENDENT_SAME_BROKER_SERVER_H1_EXPORT|OFFICIAL_MARKET_OR_BROKER_HOLIDAY_NOTICE,,evidence_package_id|evidence_type|evidence_role_PRIMARY|source_organization|broker|server|symbol|time_basis|timezone_or_unknown|effective_start|effective_end|captured_at|artifact_path|artifact_sha256|source_metadata|validation_status,NO_EVIDENCE_SUBMITTED
GQ0627,2022,Monday,2022-06-06T23:00:00,2022-06-07T01:00:00,2.0,1,GOLD#_H1_202201030100_202212302300.csv,GOLD#_H1_202201030100_202212302300.csv,UNVERIFIED,UNVERIFIED_GAP,true,b26ab4f081e185e53bcd6689f6b2cab6cae9a16683c4c423d82c1633dafc0e10,BROKER_SERVER_SESSION_SCHEDULE|SAME_BROKER_SERVER_LOWER_TIMEFRAME_OR_TICK_EXPORT|INDEPENDENT_SAME_BROKER_SERVER_H1_EXPORT|OFFICIAL_MARKET_OR_BROKER_HOLIDAY_NOTICE,,evidence_package_id|evidence_type|evidence_role_PRIMARY|source_organization|broker|server|symbol|time_basis|timezone_or_unknown|effective_start|effective_end|captured_at|artifact_path|artifact_sha256|source_metadata|validation_status,NO_EVIDENCE_SUBMITTED
GQ0628,2022,Tuesday,2022-06-07T23:00:00,2022-06-08T01:00:00,2.0,1,GOLD#_H1_202201030100_202212302300.csv,GOLD#_H1_202201030100_202212302300.csv,UNVERIFIED,UNVERIFIED_GAP,true,d7f1bba5f0cea25ae7149aae062148d8c3050c808dc8acae9bc8d4c58a0ac908,BROKER_SERVER_SESSION_SCHEDULE|SAME_BROKER_SERVER_LOWER_TIMEFRAME_OR_TICK_EXPORT|INDEPENDENT_SAME_BROKER_SERVER_H1_EXPORT|OFFICIAL_MARKET_OR_BROKER_HOLIDAY_NOTICE,,evidence_package_id|evidence_type|evidence_role_PRIMARY|source_organization|broker|server|symbol|time_basis|timezone_or_unknown|effective_start|effective_end|captured_at|artifact_path|artifact_sha256|source_metadata|validation_status,NO_EVIDENCE_SUBMITTED
GQ0629,2022,Wednesday,2022-06-08T23:00:00,2022-06-09T01:00:00,2.0,1,GOLD#_H1_202201030100_202212302300.csv,GOLD#_H1_202201030100_202212302300.csv,UNVERIFIED,UNVERIFIED_GAP,true,ddc847315172ec7c46de541a6d22fcf76e43b2086d1801cb01cae4330d2b071a,BROKER_SERVER_SESSION_SCHEDULE|SAME_BROKER_SERVER_LOWER_TIMEFRAME_OR_TICK_EXPORT|INDEPENDENT_SAME_BROKER_SERVER_H1_EXPORT|OFFICIAL_MARKET_OR_BROKER_HOLIDAY_NOTICE,,evidence_package_id|evidence_type|evidence_role_PRIMARY|source_organization|broker|server|symbol|time_basis|timezone_or_unknown|effective_start|effective_end|captured_at|artifact_path|artifact_sha256|source_metadata|validation_status,NO_EVIDENCE_SUBMITTED
GQ0630,2022,Thursday,2022-06-09T23:00:00,2022-06-10T01:00:00,2.0,1,GOLD#_H1_202201030100_202212302300.csv,GOLD#_H1_202201030100_202212302300.csv,UNVERIFIED,UNVERIFIED_GAP,true,0e6dd03f42a7fe5c935960758661b3fd08698b5af9259c549a0827d907c3904a,BROKER_SERVER_SESSION_SCHEDULE|SAME_BROKER_SERVER_LOWER_TIMEFRAME_OR_TICK_EXPORT|INDEPENDENT_SAME_BROKER_SERVER_H1_EXPORT|OFFICIAL_MARKET_OR_BROKER_HOLIDAY_NOTICE,,evidence_package_id|evidence_type|evidence_role_PRIMARY|source_organization|broker|server|symbol|time_basis|timezone_or_unknown|effective_start|effective_end|captured_at|artifact_path|artifact_sha256|source_metadata|validation_status,NO_EVIDENCE_SUBMITTED
GQ0632,2022,Monday,2022-06-13T23:00:00,2022-06-14T01:00:00,2.0,1,GOLD#_H1_202201030100_202212302300.csv,GOLD#_H1_202201030100_202212302300.csv,UNVERIFIED,UNVERIFIED_GAP,true,b26ab4f081e185e53bcd6689f6b2cab6cae9a16683c4c423d82c1633dafc0e10,BROKER_SERVER_SESSION_SCHEDULE|SAME_BROKER_SERVER_LOWER_TIMEFRAME_OR_TICK_EXPORT|INDEPENDENT_SAME_BROKER_SERVER_H1_EXPORT|OFFICIAL_MARKET_OR_BROKER_HOLIDAY_NOTICE,,evidence_package_id|evidence_type|evidence_role_PRIMARY|source_organization|broker|server|symbol|time_basis|timezone_or_unknown|effective_start|effective_end|captured_at|artifact_path|artifact_sha256|source_metadata|validation_status,NO_EVIDENCE_SUBMITTED
GQ0633,2022,Tuesday,2022-06-14T23:00:00,2022-06-15T01:00:00,2.0,1,GOLD#_H1_202201030100_202212302300.csv,GOLD#_H1_202201030100_202212302300.csv,UNVERIFIED,UNVERIFIED_GAP,true,d7f1bba5f0cea25ae7149aae062148d8c3050c808dc8acae9bc8d4c58a0ac908,BROKER_SERVER_SESSION_SCHEDULE|SAME_BROKER_SERVER_LOWER_TIMEFRAME_OR_TICK_EXPORT|INDEPENDENT_SAME_BROKER_SERVER_H1_EXPORT|OFFICIAL_MARKET_OR_BROKER_HOLIDAY_NOTICE,,evidence_package_id|evidence_type|evidence_role_PRIMARY|source_organization|broker|server|symbol|time_basis|timezone_or_unknown|effective_start|effective_end|captured_at|artifact_path|artifact_sha256|source_metadata|validation_status,NO_EVIDENCE_SUBMITTED
GQ0634,2022,Wednesday,2022-06-15T23:00:00,2022-06-16T01:00:00,2.0,1,GOLD#_H1_202201030100_202212302300.csv,GOLD#_H1_202201030100_202212302300.csv,UNVERIFIED,UNVERIFIED_GAP,true,ddc847315172ec7c46de541a6d22fcf76e43b2086d1801cb01cae4330d2b071a,BROKER_SERVER_SESSION_SCHEDULE|SAME_BROKER_SERVER_LOWER_TIMEFRAME_OR_TICK_EXPORT|INDEPENDENT_SAME_BROKER_SERVER_H1_EXPORT|OFFICIAL_MARKET_OR_BROKER_HOLIDAY_NOTICE,,evidence_package_id|evidence_type|evidence_role_PRIMARY|source_organization|broker|server|symbol|time_basis|timezone_or_unknown|effective_start|effective_end|captured_at|artifact_path|artifact_sha256|source_metadata|validation_status,NO_EVIDENCE_SUBMITTED
GQ0635,2022,Thursday,2022-06-16T23:00:00,2022-06-17T01:00:00,2.0,1,GOLD#_H1_202201030100_202212302300.csv,GOLD#_H1_202201030100_202212302300.csv,UNVERIFIED,UNVERIFIED_GAP,true,0e6dd03f42a7fe5c935960758661b3fd08698b5af9259c549a0827d907c3904a,BROKER_SERVER_SESSION_SCHEDULE|SAME_BROKER_SERVER_LOWER_TIMEFRAME_OR_TICK_EXPORT|INDEPENDENT_SAME_BROKER_SERVER_H1_EXPORT|OFFICIAL_MARKET_OR_BROKER_HOLIDAY_NOTICE,,evidence_package_id|evidence_type|evidence_role_PRIMARY|source_organization|broker|server|symbol|time_basis|timezone_or_unknown|effective_start|effective_end|captured_at|artifact_path|artifact_sha256|source_metadata|validation_status,NO_EVIDENCE_SUBMITTED
GQ0637,2022,Monday,2022-06-20T21:00:00,2022-06-21T01:00:00,4.0,3,GOLD#_H1_202201030100_202212302300.csv,GOLD#_H1_202201030100_202212302300.csv,UNVERIFIED,UNVERIFIED_GAP,true,054e26265c9ed843b5dae04cb4406a17010643a5208f0609477372466b290588,BROKER_SERVER_SESSION_SCHEDULE|SAME_BROKER_SERVER_LOWER_TIMEFRAME_OR_TICK_EXPORT|INDEPENDENT_SAME_BROKER_SERVER_H1_EXPORT|OFFICIAL_MARKET_OR_BROKER_HOLIDAY_NOTICE,,evidence_package_id|evidence_type|evidence_role_PRIMARY|source_organization|broker|server|symbol|time_basis|timezone_or_unknown|effective_start|effective_end|captured_at|artifact_path|artifact_sha256|source_metadata|validation_status,NO_EVIDENCE_SUBMITTED
GQ0638,2022,Tuesday,2022-06-21T23:00:00,2022-06-22T01:00:00,2.0,1,GOLD#_H1_202201030100_202212302300.csv,GOLD#_H1_202201030100_202212302300.csv,UNVERIFIED,UNVERIFIED_GAP,true,d7f1bba5f0cea25ae7149aae062148d8c3050c808dc8acae9bc8d4c58a0ac908,BROKER_SERVER_SESSION_SCHEDULE|SAME_BROKER_SERVER_LOWER_TIMEFRAME_OR_TICK_EXPORT|INDEPENDENT_SAME_BROKER_SERVER_H1_EXPORT|OFFICIAL_MARKET_OR_BROKER_HOLIDAY_NOTICE,,evidence_package_id|evidence_type|evidence_role_PRIMARY|source_organization|broker|server|symbol|time_basis|timezone_or_unknown|effective_start|effective_end|captured_at|artifact_path|artifact_sha256|source_metadata|validation_status,NO_EVIDENCE_SUBMITTED
GQ0639,2022,Wednesday,2022-06-22T23:00:00,2022-06-23T01:00:00,2.0,1,GOLD#_H1_202201030100_202212302300.csv,GOLD#_H1_202201030100_202212302300.csv,UNVERIFIED,UNVERIFIED_GAP,true,ddc847315172ec7c46de541a6d22fcf76e43b2086d1801cb01cae4330d2b071a,BROKER_SERVER_SESSION_SCHEDULE|SAME_BROKER_SERVER_LOWER_TIMEFRAME_OR_TICK_EXPORT|INDEPENDENT_SAME_BROKER_SERVER_H1_EXPORT|OFFICIAL_MARKET_OR_BROKER_HOLIDAY_NOTICE,,evidence_package_id|evidence_type|evidence_role_PRIMARY|source_organization|broker|server|symbol|time_basis|timezone_or_unknown|effective_start|effective_end|captured_at|artifact_path|artifact_sha256|source_metadata|validation_status,NO_EVIDENCE_SUBMITTED
GQ0640,2022,Thursday,2022-06-23T23:00:00,2022-06-24T01:00:00,2.0,1,GOLD#_H1_202201030100_202212302300.csv,GOLD#_H1_202201030100_202212302300.csv,UNVERIFIED,UNVERIFIED_GAP,true,0e6dd03f42a7fe5c935960758661b3fd08698b5af9259c549a0827d907c3904a,BROKER_SERVER_SESSION_SCHEDULE|SAME_BROKER_SERVER_LOWER_TIMEFRAME_OR_TICK_EXPORT|INDEPENDENT_SAME_BROKER_SERVER_H1_EXPORT|OFFICIAL_MARKET_OR_BROKER_HOLIDAY_NOTICE,,evidence_package_id|evidence_type|evidence_role_PRIMARY|source_organization|broker|server|symbol|time_basis|timezone_or_unknown|effective_start|effective_end|captured_at|artifact_path|artifact_sha256|source_metadata|validation_status,NO_EVIDENCE_SUBMITTED
GQ0642,2022,Monday,2022-06-27T23:00:00,2022-06-28T01:00:00,2.0,1,GOLD#_H1_202201030100_202212302300.csv,GOLD#_H1_202201030100_202212302300.csv,UNVERIFIED,UNVERIFIED_GAP,true,b26ab4f081e185e53bcd6689f6b2cab6cae9a16683c4c423d82c1633dafc0e10,BROKER_SERVER_SESSION_SCHEDULE|SAME_BROKER_SERVER_LOWER_TIMEFRAME_OR_TICK_EXPORT|INDEPENDENT_SAME_BROKER_SERVER_H1_EXPORT|OFFICIAL_MARKET_OR_BROKER_HOLIDAY_NOTICE,,evidence_package_id|evidence_type|evidence_role_PRIMARY|source_organization|broker|server|symbol|time_basis|timezone_or_unknown|effective_start|effective_end|captured_at|artifact_path|artifact_sha256|source_metadata|validation_status,NO_EVIDENCE_SUBMITTED
GQ0643,2022,Tuesday,2022-06-28T23:00:00,2022-06-29T01:00:00,2.0,1,GOLD#_H1_202201030100_202212302300.csv,GOLD#_H1_202201030100_202212302300.csv,UNVERIFIED,UNVERIFIED_GAP,true,d7f1bba5f0cea25ae7149aae062148d8c3050c808dc8acae9bc8d4c58a0ac908,BROKER_SERVER_SESSION_SCHEDULE|SAME_BROKER_SERVER_LOWER_TIMEFRAME_OR_TICK_EXPORT|INDEPENDENT_SAME_BROKER_SERVER_H1_EXPORT|OFFICIAL_MARKET_OR_BROKER_HOLIDAY_NOTICE,,evidence_package_id|evidence_type|evidence_role_PRIMARY|source_organization|broker|server|symbol|time_basis|timezone_or_unknown|effective_start|effective_end|captured_at|artifact_path|artifact_sha256|source_metadata|validation_status,NO_EVIDENCE_SUBMITTED
GQ0644,2022,Wednesday,2022-06-29T23:00:00,2022-06-30T01:00:00,2.0,1,GOLD#_H1_202201030100_202212302300.csv,GOLD#_H1_202201030100_202212302300.csv,UNVERIFIED,UNVERIFIED_GAP,true,ddc847315172ec7c46de541a6d22fcf76e43b2086d1801cb01cae4330d2b071a,BROKER_SERVER_SESSION_SCHEDULE|SAME_BROKER_SERVER_LOWER_TIMEFRAME_OR_TICK_EXPORT|INDEPENDENT_SAME_BROKER_SERVER_H1_EXPORT|OFFICIAL_MARKET_OR_BROKER_HOLIDAY_NOTICE,,evidence_package_id|evidence_type|evidence_role_PRIMARY|source_organization|broker|server|symbol|time_basis|timezone_or_unknown|effective_start|effective_end|captured_at|artifact_path|artifact_sha256|source_metadata|validation_status,NO_EVIDENCE_SUBMITTED
GQ0645,2022,Thursday,2022-06-30T23:00:00,2022-07-01T01:00:00,2.0,1,GOLD#_H1_202201030100_202212302300.csv,GOLD#_H1_202201030100_202212302300.csv,UNVERIFIED,UNVERIFIED_GAP,true,0e6dd03f42a7fe5c935960758661b3fd08698b5af9259c549a0827d907c3904a,BROKER_SERVER_SESSION_SCHEDULE|SAME_BROKER_SERVER_LOWER_TIMEFRAME_OR_TICK_EXPORT|INDEPENDENT_SAME_BROKER_SERVER_H1_EXPORT|OFFICIAL_MARKET_OR_BROKER_HOLIDAY_NOTICE,,evidence_package_id|evidence_type|evidence_role_PRIMARY|source_organization|broker|server|symbol|time_basis|timezone_or_unknown|effective_start|effective_end|captured_at|artifact_path|artifact_sha256|source_metadata|validation_status,NO_EVIDENCE_SUBMITTED
GQ0647,2022,Monday,2022-07-04T21:00:00,2022-07-05T01:00:00,4.0,3,GOLD#_H1_202201030100_202212302300.csv,GOLD#_H1_202201030100_202212302300.csv,UNVERIFIED,UNVERIFIED_GAP,true,054e26265c9ed843b5dae04cb4406a17010643a5208f0609477372466b290588,BROKER_SERVER_SESSION_SCHEDULE|SAME_BROKER_SERVER_LOWER_TIMEFRAME_OR_TICK_EXPORT|INDEPENDENT_SAME_BROKER_SERVER_H1_EXPORT|OFFICIAL_MARKET_OR_BROKER_HOLIDAY_NOTICE,,evidence_package_id|evidence_type|evidence_role_PRIMARY|source_organization|broker|server|symbol|time_basis|timezone_or_unknown|effective_start|effective_end|captured_at|artifact_path|artifact_sha256|source_metadata|validation_status,NO_EVIDENCE_SUBMITTED
GQ0648,2022,Tuesday,2022-07-05T23:00:00,2022-07-06T01:00:00,2.0,1,GOLD#_H1_202201030100_202212302300.csv,GOLD#_H1_202201030100_202212302300.csv,UNVERIFIED,UNVERIFIED_GAP,true,d7f1bba5f0cea25ae7149aae062148d8c3050c808dc8acae9bc8d4c58a0ac908,BROKER_SERVER_SESSION_SCHEDULE|SAME_BROKER_SERVER_LOWER_TIMEFRAME_OR_TICK_EXPORT|INDEPENDENT_SAME_BROKER_SERVER_H1_EXPORT|OFFICIAL_MARKET_OR_BROKER_HOLIDAY_NOTICE,,evidence_package_id|evidence_type|evidence_role_PRIMARY|source_organization|broker|server|symbol|time_basis|timezone_or_unknown|effective_start|effective_end|captured_at|artifact_path|artifact_sha256|source_metadata|validation_status,NO_EVIDENCE_SUBMITTED
GQ0649,2022,Wednesday,2022-07-06T23:00:00,2022-07-07T01:00:00,2.0,1,GOLD#_H1_202201030100_202212302300.csv,GOLD#_H1_202201030100_202212302300.csv,UNVERIFIED,UNVERIFIED_GAP,true,ddc847315172ec7c46de541a6d22fcf76e43b2086d1801cb01cae4330d2b071a,BROKER_SERVER_SESSION_SCHEDULE|SAME_BROKER_SERVER_LOWER_TIMEFRAME_OR_TICK_EXPORT|INDEPENDENT_SAME_BROKER_SERVER_H1_EXPORT|OFFICIAL_MARKET_OR_BROKER_HOLIDAY_NOTICE,,evidence_package_id|evidence_type|evidence_role_PRIMARY|source_organization|broker|server|symbol|time_basis|timezone_or_unknown|effective_start|effective_end|captured_at|artifact_path|artifact_sha256|source_metadata|validation_status,NO_EVIDENCE_SUBMITTED
GQ0650,2022,Thursday,2022-07-07T23:00:00,2022-07-08T01:00:00,2.0,1,GOLD#_H1_202201030100_202212302300.csv,GOLD#_H1_202201030100_202212302300.csv,UNVERIFIED,UNVERIFIED_GAP,true,0e6dd03f42a7fe5c935960758661b3fd08698b5af9259c549a0827d907c3904a,BROKER_SERVER_SESSION_SCHEDULE|SAME_BROKER_SERVER_LOWER_TIMEFRAME_OR_TICK_EXPORT|INDEPENDENT_SAME_BROKER_SERVER_H1_EXPORT|OFFICIAL_MARKET_OR_BROKER_HOLIDAY_NOTICE,,evidence_package_id|evidence_type|evidence_role_PRIMARY|source_organization|broker|server|symbol|time_basis|timezone_or_unknown|effective_start|effective_end|captured_at|artifact_path|artifact_sha256|source_metadata|validation_status,NO_EVIDENCE_SUBMITTED
GQ0652,2022,Monday,2022-07-11T23:00:00,2022-07-12T01:00:00,2.0,1,GOLD#_H1_202201030100_202212302300.csv,GOLD#_H1_202201030100_202212302300.csv,UNVERIFIED,UNVERIFIED_GAP,true,b26ab4f081e185e53bcd6689f6b2cab6cae9a16683c4c423d82c1633dafc0e10,BROKER_SERVER_SESSION_SCHEDULE|SAME_BROKER_SERVER_LOWER_TIMEFRAME_OR_TICK_EXPORT|INDEPENDENT_SAME_BROKER_SERVER_H1_EXPORT|OFFICIAL_MARKET_OR_BROKER_HOLIDAY_NOTICE,,evidence_package_id|evidence_type|evidence_role_PRIMARY|source_organization|broker|server|symbol|time_basis|timezone_or_unknown|effective_start|effective_end|captured_at|artifact_path|artifact_sha256|source_metadata|validation_status,NO_EVIDENCE_SUBMITTED
GQ0653,2022,Tuesday,2022-07-12T23:00:00,2022-07-13T01:00:00,2.0,1,GOLD#_H1_202201030100_202212302300.csv,GOLD#_H1_202201030100_202212302300.csv,UNVERIFIED,UNVERIFIED_GAP,true,d7f1bba5f0cea25ae7149aae062148d8c3050c808dc8acae9bc8d4c58a0ac908,BROKER_SERVER_SESSION_SCHEDULE|SAME_BROKER_SERVER_LOWER_TIMEFRAME_OR_TICK_EXPORT|INDEPENDENT_SAME_BROKER_SERVER_H1_EXPORT|OFFICIAL_MARKET_OR_BROKER_HOLIDAY_NOTICE,,evidence_package_id|evidence_type|evidence_role_PRIMARY|source_organization|broker|server|symbol|time_basis|timezone_or_unknown|effective_start|effective_end|captured_at|artifact_path|artifact_sha256|source_metadata|validation_status,NO_EVIDENCE_SUBMITTED
GQ0654,2022,Wednesday,2022-07-13T23:00:00,2022-07-14T01:00:00,2.0,1,GOLD#_H1_202201030100_202212302300.csv,GOLD#_H1_202201030100_202212302300.csv,UNVERIFIED,UNVERIFIED_GAP,true,ddc847315172ec7c46de541a6d22fcf76e43b2086d1801cb01cae4330d2b071a,BROKER_SERVER_SESSION_SCHEDULE|SAME_BROKER_SERVER_LOWER_TIMEFRAME_OR_TICK_EXPORT|INDEPENDENT_SAME_BROKER_SERVER_H1_EXPORT|OFFICIAL_MARKET_OR_BROKER_HOLIDAY_NOTICE,,evidence_package_id|evidence_type|evidence_role_PRIMARY|source_organization|broker|server|symbol|time_basis|timezone_or_unknown|effective_start|effective_end|captured_at|artifact_path|artifact_sha256|source_metadata|validation_status,NO_EVIDENCE_SUBMITTED
GQ0655,2022,Thursday,2022-07-14T23:00:00,2022-07-15T01:00:00,2.0,1,GOLD#_H1_202201030100_202212302300.csv,GOLD#_H1_202201030100_202212302300.csv,UNVERIFIED,UNVERIFIED_GAP,true,0e6dd03f42a7fe5c935960758661b3fd08698b5af9259c549a0827d907c3904a,BROKER_SERVER_SESSION_SCHEDULE|SAME_BROKER_SERVER_LOWER_TIMEFRAME_OR_TICK_EXPORT|INDEPENDENT_SAME_BROKER_SERVER_H1_EXPORT|OFFICIAL_MARKET_OR_BROKER_HOLIDAY_NOTICE,,evidence_package_id|evidence_type|evidence_role_PRIMARY|source_organization|broker|server|symbol|time_basis|timezone_or_unknown|effective_start|effective_end|captured_at|artifact_path|artifact_sha256|source_metadata|validation_status,NO_EVIDENCE_SUBMITTED
GQ0657,2022,Monday,2022-07-18T23:00:00,2022-07-19T01:00:00,2.0,1,GOLD#_H1_202201030100_202212302300.csv,GOLD#_H1_202201030100_202212302300.csv,UNVERIFIED,UNVERIFIED_GAP,true,b26ab4f081e185e53bcd6689f6b2cab6cae9a16683c4c423d82c1633dafc0e10,BROKER_SERVER_SESSION_SCHEDULE|SAME_BROKER_SERVER_LOWER_TIMEFRAME_OR_TICK_EXPORT|INDEPENDENT_SAME_BROKER_SERVER_H1_EXPORT|OFFICIAL_MARKET_OR_BROKER_HOLIDAY_NOTICE,,evidence_package_id|evidence_type|evidence_role_PRIMARY|source_organization|broker|server|symbol|time_basis|timezone_or_unknown|effective_start|effective_end|captured_at|artifact_path|artifact_sha256|source_metadata|validation_status,NO_EVIDENCE_SUBMITTED
GQ0658,2022,Tuesday,2022-07-19T23:00:00,2022-07-20T01:00:00,2.0,1,GOLD#_H1_202201030100_202212302300.csv,GOLD#_H1_202201030100_202212302300.csv,UNVERIFIED,UNVERIFIED_GAP,true,d7f1bba5f0cea25ae7149aae062148d8c3050c808dc8acae9bc8d4c58a0ac908,BROKER_SERVER_SESSION_SCHEDULE|SAME_BROKER_SERVER_LOWER_TIMEFRAME_OR_TICK_EXPORT|INDEPENDENT_SAME_BROKER_SERVER_H1_EXPORT|OFFICIAL_MARKET_OR_BROKER_HOLIDAY_NOTICE,,evidence_package_id|evidence_type|evidence_role_PRIMARY|source_organization|broker|server|symbol|time_basis|timezone_or_unknown|effective_start|effective_end|captured_at|artifact_path|artifact_sha256|source_metadata|validation_status,NO_EVIDENCE_SUBMITTED
GQ0659,2022,Wednesday,2022-07-20T23:00:00,2022-07-21T01:00:00,2.0,1,GOLD#_H1_202201030100_202212302300.csv,GOLD#_H1_202201030100_202212302300.csv,UNVERIFIED,UNVERIFIED_GAP,true,ddc847315172ec7c46de541a6d22fcf76e43b2086d1801cb01cae4330d2b071a,BROKER_SERVER_SESSION_SCHEDULE|SAME_BROKER_SERVER_LOWER_TIMEFRAME_OR_TICK_EXPORT|INDEPENDENT_SAME_BROKER_SERVER_H1_EXPORT|OFFICIAL_MARKET_OR_BROKER_HOLIDAY_NOTICE,,evidence_package_id|evidence_type|evidence_role_PRIMARY|source_organization|broker|server|symbol|time_basis|timezone_or_unknown|effective_start|effective_end|captured_at|artifact_path|artifact_sha256|source_metadata|validation_status,NO_EVIDENCE_SUBMITTED
GQ0660,2022,Thursday,2022-07-21T23:00:00,2022-07-22T01:00:00,2.0,1,GOLD#_H1_202201030100_202212302300.csv,GOLD#_H1_202201030100_202212302300.csv,UNVERIFIED,UNVERIFIED_GAP,true,0e6dd03f42a7fe5c935960758661b3fd08698b5af9259c549a0827d907c3904a,BROKER_SERVER_SESSION_SCHEDULE|SAME_BROKER_SERVER_LOWER_TIMEFRAME_OR_TICK_EXPORT|INDEPENDENT_SAME_BROKER_SERVER_H1_EXPORT|OFFICIAL_MARKET_OR_BROKER_HOLIDAY_NOTICE,,evidence_package_id|evidence_type|evidence_role_PRIMARY|source_organization|broker|server|symbol|time_basis|timezone_or_unknown|effective_start|effective_end|captured_at|artifact_path|artifact_sha256|source_metadata|validation_status,NO_EVIDENCE_SUBMITTED
GQ0662,2022,Monday,2022-07-25T23:00:00,2022-07-26T01:00:00,2.0,1,GOLD#_H1_202201030100_202212302300.csv,GOLD#_H1_202201030100_202212302300.csv,UNVERIFIED,UNVERIFIED_GAP,true,b26ab4f081e185e53bcd6689f6b2cab6cae9a16683c4c423d82c1633dafc0e10,BROKER_SERVER_SESSION_SCHEDULE|SAME_BROKER_SERVER_LOWER_TIMEFRAME_OR_TICK_EXPORT|INDEPENDENT_SAME_BROKER_SERVER_H1_EXPORT|OFFICIAL_MARKET_OR_BROKER_HOLIDAY_NOTICE,,evidence_package_id|evidence_type|evidence_role_PRIMARY|source_organization|broker|server|symbol|time_basis|timezone_or_unknown|effective_start|effective_end|captured_at|artifact_path|artifact_sha256|source_metadata|validation_status,NO_EVIDENCE_SUBMITTED
GQ0663,2022,Tuesday,2022-07-26T23:00:00,2022-07-27T01:00:00,2.0,1,GOLD#_H1_202201030100_202212302300.csv,GOLD#_H1_202201030100_202212302300.csv,UNVERIFIED,UNVERIFIED_GAP,true,d7f1bba5f0cea25ae7149aae062148d8c3050c808dc8acae9bc8d4c58a0ac908,BROKER_SERVER_SESSION_SCHEDULE|SAME_BROKER_SERVER_LOWER_TIMEFRAME_OR_TICK_EXPORT|INDEPENDENT_SAME_BROKER_SERVER_H1_EXPORT|OFFICIAL_MARKET_OR_BROKER_HOLIDAY_NOTICE,,evidence_package_id|evidence_type|evidence_role_PRIMARY|source_organization|broker|server|symbol|time_basis|timezone_or_unknown|effective_start|effective_end|captured_at|artifact_path|artifact_sha256|source_metadata|validation_status,NO_EVIDENCE_SUBMITTED
GQ0664,2022,Wednesday,2022-07-27T23:00:00,2022-07-28T01:00:00,2.0,1,GOLD#_H1_202201030100_202212302300.csv,GOLD#_H1_202201030100_202212302300.csv,UNVERIFIED,UNVERIFIED_GAP,true,ddc847315172ec7c46de541a6d22fcf76e43b2086d1801cb01cae4330d2b071a,BROKER_SERVER_SESSION_SCHEDULE|SAME_BROKER_SERVER_LOWER_TIMEFRAME_OR_TICK_EXPORT|INDEPENDENT_SAME_BROKER_SERVER_H1_EXPORT|OFFICIAL_MARKET_OR_BROKER_HOLIDAY_NOTICE,,evidence_package_id|evidence_type|evidence_role_PRIMARY|source_organization|broker|server|symbol|time_basis|timezone_or_unknown|effective_start|effective_end|captured_at|artifact_path|artifact_sha256|source_metadata|validation_status,NO_EVIDENCE_SUBMITTED
GQ0665,2022,Thursday,2022-07-28T23:00:00,2022-07-29T01:00:00,2.0,1,GOLD#_H1_202201030100_202212302300.csv,GOLD#_H1_202201030100_202212302300.csv,UNVERIFIED,UNVERIFIED_GAP,true,0e6dd03f42a7fe5c935960758661b3fd08698b5af9259c549a0827d907c3904a,BROKER_SERVER_SESSION_SCHEDULE|SAME_BROKER_SERVER_LOWER_TIMEFRAME_OR_TICK_EXPORT|INDEPENDENT_SAME_BROKER_SERVER_H1_EXPORT|OFFICIAL_MARKET_OR_BROKER_HOLIDAY_NOTICE,,evidence_package_id|evidence_type|evidence_role_PRIMARY|source_organization|broker|server|symbol|time_basis|timezone_or_unknown|effective_start|effective_end|captured_at|artifact_path|artifact_sha256|source_metadata|validation_status,NO_EVIDENCE_SUBMITTED
GQ0667,2022,Monday,2022-08-01T23:00:00,2022-08-02T01:00:00,2.0,1,GOLD#_H1_202201030100_202212302300.csv,GOLD#_H1_202201030100_202212302300.csv,UNVERIFIED,UNVERIFIED_GAP,true,b26ab4f081e185e53bcd6689f6b2cab6cae9a16683c4c423d82c1633dafc0e10,BROKER_SERVER_SESSION_SCHEDULE|SAME_BROKER_SERVER_LOWER_TIMEFRAME_OR_TICK_EXPORT|INDEPENDENT_SAME_BROKER_SERVER_H1_EXPORT|OFFICIAL_MARKET_OR_BROKER_HOLIDAY_NOTICE,,evidence_package_id|evidence_type|evidence_role_PRIMARY|source_organization|broker|server|symbol|time_basis|timezone_or_unknown|effective_start|effective_end|captured_at|artifact_path|artifact_sha256|source_metadata|validation_status,NO_EVIDENCE_SUBMITTED
GQ0668,2022,Tuesday,2022-08-02T23:00:00,2022-08-03T01:00:00,2.0,1,GOLD#_H1_202201030100_202212302300.csv,GOLD#_H1_202201030100_202212302300.csv,UNVERIFIED,UNVERIFIED_GAP,true,d7f1bba5f0cea25ae7149aae062148d8c3050c808dc8acae9bc8d4c58a0ac908,BROKER_SERVER_SESSION_SCHEDULE|SAME_BROKER_SERVER_LOWER_TIMEFRAME_OR_TICK_EXPORT|INDEPENDENT_SAME_BROKER_SERVER_H1_EXPORT|OFFICIAL_MARKET_OR_BROKER_HOLIDAY_NOTICE,,evidence_package_id|evidence_type|evidence_role_PRIMARY|source_organization|broker|server|symbol|time_basis|timezone_or_unknown|effective_start|effective_end|captured_at|artifact_path|artifact_sha256|source_metadata|validation_status,NO_EVIDENCE_SUBMITTED
GQ0669,2022,Wednesday,2022-08-03T23:00:00,2022-08-04T01:00:00,2.0,1,GOLD#_H1_202201030100_202212302300.csv,GOLD#_H1_202201030100_202212302300.csv,UNVERIFIED,UNVERIFIED_GAP,true,ddc847315172ec7c46de541a6d22fcf76e43b2086d1801cb01cae4330d2b071a,BROKER_SERVER_SESSION_SCHEDULE|SAME_BROKER_SERVER_LOWER_TIMEFRAME_OR_TICK_EXPORT|INDEPENDENT_SAME_BROKER_SERVER_H1_EXPORT|OFFICIAL_MARKET_OR_BROKER_HOLIDAY_NOTICE,,evidence_package_id|evidence_type|evidence_role_PRIMARY|source_organization|broker|server|symbol|time_basis|timezone_or_unknown|effective_start|effective_end|captured_at|artifact_path|artifact_sha256|source_metadata|validation_status,NO_EVIDENCE_SUBMITTED
GQ0670,2022,Thursday,2022-08-04T23:00:00,2022-08-05T01:00:00,2.0,1,GOLD#_H1_202201030100_202212302300.csv,GOLD#_H1_202201030100_202212302300.csv,UNVERIFIED,UNVERIFIED_GAP,true,0e6dd03f42a7fe5c935960758661b3fd08698b5af9259c549a0827d907c3904a,BROKER_SERVER_SESSION_SCHEDULE|SAME_BROKER_SERVER_LOWER_TIMEFRAME_OR_TICK_EXPORT|INDEPENDENT_SAME_BROKER_SERVER_H1_EXPORT|OFFICIAL_MARKET_OR_BROKER_HOLIDAY_NOTICE,,evidence_package_id|evidence_type|evidence_role_PRIMARY|source_organization|broker|server|symbol|time_basis|timezone_or_unknown|effective_start|effective_end|captured_at|artifact_path|artifact_sha256|source_metadata|validation_status,NO_EVIDENCE_SUBMITTED
GQ0672,2022,Monday,2022-08-08T23:00:00,2022-08-09T01:00:00,2.0,1,GOLD#_H1_202201030100_202212302300.csv,GOLD#_H1_202201030100_202212302300.csv,UNVERIFIED,UNVERIFIED_GAP,true,b26ab4f081e185e53bcd6689f6b2cab6cae9a16683c4c423d82c1633dafc0e10,BROKER_SERVER_SESSION_SCHEDULE|SAME_BROKER_SERVER_LOWER_TIMEFRAME_OR_TICK_EXPORT|INDEPENDENT_SAME_BROKER_SERVER_H1_EXPORT|OFFICIAL_MARKET_OR_BROKER_HOLIDAY_NOTICE,,evidence_package_id|evidence_type|evidence_role_PRIMARY|source_organization|broker|server|symbol|time_basis|timezone_or_unknown|effective_start|effective_end|captured_at|artifact_path|artifact_sha256|source_metadata|validation_status,NO_EVIDENCE_SUBMITTED
GQ0673,2022,Tuesday,2022-08-09T23:00:00,2022-08-10T01:00:00,2.0,1,GOLD#_H1_202201030100_202212302300.csv,GOLD#_H1_202201030100_202212302300.csv,UNVERIFIED,UNVERIFIED_GAP,true,d7f1bba5f0cea25ae7149aae062148d8c3050c808dc8acae9bc8d4c58a0ac908,BROKER_SERVER_SESSION_SCHEDULE|SAME_BROKER_SERVER_LOWER_TIMEFRAME_OR_TICK_EXPORT|INDEPENDENT_SAME_BROKER_SERVER_H1_EXPORT|OFFICIAL_MARKET_OR_BROKER_HOLIDAY_NOTICE,,evidence_package_id|evidence_type|evidence_role_PRIMARY|source_organization|broker|server|symbol|time_basis|timezone_or_unknown|effective_start|effective_end|captured_at|artifact_path|artifact_sha256|source_metadata|validation_status,NO_EVIDENCE_SUBMITTED
GQ0674,2022,Wednesday,2022-08-10T23:00:00,2022-08-11T01:00:00,2.0,1,GOLD#_H1_202201030100_202212302300.csv,GOLD#_H1_202201030100_202212302300.csv,UNVERIFIED,UNVERIFIED_GAP,true,ddc847315172ec7c46de541a6d22fcf76e43b2086d1801cb01cae4330d2b071a,BROKER_SERVER_SESSION_SCHEDULE|SAME_BROKER_SERVER_LOWER_TIMEFRAME_OR_TICK_EXPORT|INDEPENDENT_SAME_BROKER_SERVER_H1_EXPORT|OFFICIAL_MARKET_OR_BROKER_HOLIDAY_NOTICE,,evidence_package_id|evidence_type|evidence_role_PRIMARY|source_organization|broker|server|symbol|time_basis|timezone_or_unknown|effective_start|effective_end|captured_at|artifact_path|artifact_sha256|source_metadata|validation_status,NO_EVIDENCE_SUBMITTED
GQ0675,2022,Thursday,2022-08-11T23:00:00,2022-08-12T01:00:00,2.0,1,GOLD#_H1_202201030100_202212302300.csv,GOLD#_H1_202201030100_202212302300.csv,UNVERIFIED,UNVERIFIED_GAP,true,0e6dd03f42a7fe5c935960758661b3fd08698b5af9259c549a0827d907c3904a,BROKER_SERVER_SESSION_SCHEDULE|SAME_BROKER_SERVER_LOWER_TIMEFRAME_OR_TICK_EXPORT|INDEPENDENT_SAME_BROKER_SERVER_H1_EXPORT|OFFICIAL_MARKET_OR_BROKER_HOLIDAY_NOTICE,,evidence_package_id|evidence_type|evidence_role_PRIMARY|source_organization|broker|server|symbol|time_basis|timezone_or_unknown|effective_start|effective_end|captured_at|artifact_path|artifact_sha256|source_metadata|validation_status,NO_EVIDENCE_SUBMITTED
GQ0677,2022,Monday,2022-08-15T23:00:00,2022-08-16T01:00:00,2.0,1,GOLD#_H1_202201030100_202212302300.csv,GOLD#_H1_202201030100_202212302300.csv,UNVERIFIED,UNVERIFIED_GAP,true,b26ab4f081e185e53bcd6689f6b2cab6cae9a16683c4c423d82c1633dafc0e10,BROKER_SERVER_SESSION_SCHEDULE|SAME_BROKER_SERVER_LOWER_TIMEFRAME_OR_TICK_EXPORT|INDEPENDENT_SAME_BROKER_SERVER_H1_EXPORT|OFFICIAL_MARKET_OR_BROKER_HOLIDAY_NOTICE,,evidence_package_id|evidence_type|evidence_role_PRIMARY|source_organization|broker|server|symbol|time_basis|timezone_or_unknown|effective_start|effective_end|captured_at|artifact_path|artifact_sha256|source_metadata|validation_status,NO_EVIDENCE_SUBMITTED
GQ0678,2022,Tuesday,2022-08-16T23:00:00,2022-08-17T01:00:00,2.0,1,GOLD#_H1_202201030100_202212302300.csv,GOLD#_H1_202201030100_202212302300.csv,UNVERIFIED,UNVERIFIED_GAP,true,d7f1bba5f0cea25ae7149aae062148d8c3050c808dc8acae9bc8d4c58a0ac908,BROKER_SERVER_SESSION_SCHEDULE|SAME_BROKER_SERVER_LOWER_TIMEFRAME_OR_TICK_EXPORT|INDEPENDENT_SAME_BROKER_SERVER_H1_EXPORT|OFFICIAL_MARKET_OR_BROKER_HOLIDAY_NOTICE,,evidence_package_id|evidence_type|evidence_role_PRIMARY|source_organization|broker|server|symbol|time_basis|timezone_or_unknown|effective_start|effective_end|captured_at|artifact_path|artifact_sha256|source_metadata|validation_status,NO_EVIDENCE_SUBMITTED
GQ0679,2022,Wednesday,2022-08-17T23:00:00,2022-08-18T01:00:00,2.0,1,GOLD#_H1_202201030100_202212302300.csv,GOLD#_H1_202201030100_202212302300.csv,UNVERIFIED,UNVERIFIED_GAP,true,ddc847315172ec7c46de541a6d22fcf76e43b2086d1801cb01cae4330d2b071a,BROKER_SERVER_SESSION_SCHEDULE|SAME_BROKER_SERVER_LOWER_TIMEFRAME_OR_TICK_EXPORT|INDEPENDENT_SAME_BROKER_SERVER_H1_EXPORT|OFFICIAL_MARKET_OR_BROKER_HOLIDAY_NOTICE,,evidence_package_id|evidence_type|evidence_role_PRIMARY|source_organization|broker|server|symbol|time_basis|timezone_or_unknown|effective_start|effective_end|captured_at|artifact_path|artifact_sha256|source_metadata|validation_status,NO_EVIDENCE_SUBMITTED
GQ0680,2022,Thursday,2022-08-18T23:00:00,2022-08-19T01:00:00,2.0,1,GOLD#_H1_202201030100_202212302300.csv,GOLD#_H1_202201030100_202212302300.csv,UNVERIFIED,UNVERIFIED_GAP,true,0e6dd03f42a7fe5c935960758661b3fd08698b5af9259c549a0827d907c3904a,BROKER_SERVER_SESSION_SCHEDULE|SAME_BROKER_SERVER_LOWER_TIMEFRAME_OR_TICK_EXPORT|INDEPENDENT_SAME_BROKER_SERVER_H1_EXPORT|OFFICIAL_MARKET_OR_BROKER_HOLIDAY_NOTICE,,evidence_package_id|evidence_type|evidence_role_PRIMARY|source_organization|broker|server|symbol|time_basis|timezone_or_unknown|effective_start|effective_end|captured_at|artifact_path|artifact_sha256|source_metadata|validation_status,NO_EVIDENCE_SUBMITTED
GQ0682,2022,Monday,2022-08-22T23:00:00,2022-08-23T01:00:00,2.0,1,GOLD#_H1_202201030100_202212302300.csv,GOLD#_H1_202201030100_202212302300.csv,UNVERIFIED,UNVERIFIED_GAP,true,b26ab4f081e185e53bcd6689f6b2cab6cae9a16683c4c423d82c1633dafc0e10,BROKER_SERVER_SESSION_SCHEDULE|SAME_BROKER_SERVER_LOWER_TIMEFRAME_OR_TICK_EXPORT|INDEPENDENT_SAME_BROKER_SERVER_H1_EXPORT|OFFICIAL_MARKET_OR_BROKER_HOLIDAY_NOTICE,,evidence_package_id|evidence_type|evidence_role_PRIMARY|source_organization|broker|server|symbol|time_basis|timezone_or_unknown|effective_start|effective_end|captured_at|artifact_path|artifact_sha256|source_metadata|validation_status,NO_EVIDENCE_SUBMITTED
GQ0683,2022,Tuesday,2022-08-23T23:00:00,2022-08-24T01:00:00,2.0,1,GOLD#_H1_202201030100_202212302300.csv,GOLD#_H1_202201030100_202212302300.csv,UNVERIFIED,UNVERIFIED_GAP,true,d7f1bba5f0cea25ae7149aae062148d8c3050c808dc8acae9bc8d4c58a0ac908,BROKER_SERVER_SESSION_SCHEDULE|SAME_BROKER_SERVER_LOWER_TIMEFRAME_OR_TICK_EXPORT|INDEPENDENT_SAME_BROKER_SERVER_H1_EXPORT|OFFICIAL_MARKET_OR_BROKER_HOLIDAY_NOTICE,,evidence_package_id|evidence_type|evidence_role_PRIMARY|source_organization|broker|server|symbol|time_basis|timezone_or_unknown|effective_start|effective_end|captured_at|artifact_path|artifact_sha256|source_metadata|validation_status,NO_EVIDENCE_SUBMITTED
GQ0684,2022,Wednesday,2022-08-24T23:00:00,2022-08-25T01:00:00,2.0,1,GOLD#_H1_202201030100_202212302300.csv,GOLD#_H1_202201030100_202212302300.csv,UNVERIFIED,UNVERIFIED_GAP,true,ddc847315172ec7c46de541a6d22fcf76e43b2086d1801cb01cae4330d2b071a,BROKER_SERVER_SESSION_SCHEDULE|SAME_BROKER_SERVER_LOWER_TIMEFRAME_OR_TICK_EXPORT|INDEPENDENT_SAME_BROKER_SERVER_H1_EXPORT|OFFICIAL_MARKET_OR_BROKER_HOLIDAY_NOTICE,,evidence_package_id|evidence_type|evidence_role_PRIMARY|source_organization|broker|server|symbol|time_basis|timezone_or_unknown|effective_start|effective_end|captured_at|artifact_path|artifact_sha256|source_metadata|validation_status,NO_EVIDENCE_SUBMITTED
GQ0685,2022,Thursday,2022-08-25T23:00:00,2022-08-26T01:00:00,2.0,1,GOLD#_H1_202201030100_202212302300.csv,GOLD#_H1_202201030100_202212302300.csv,UNVERIFIED,UNVERIFIED_GAP,true,0e6dd03f42a7fe5c935960758661b3fd08698b5af9259c549a0827d907c3904a,BROKER_SERVER_SESSION_SCHEDULE|SAME_BROKER_SERVER_LOWER_TIMEFRAME_OR_TICK_EXPORT|INDEPENDENT_SAME_BROKER_SERVER_H1_EXPORT|OFFICIAL_MARKET_OR_BROKER_HOLIDAY_NOTICE,,evidence_package_id|evidence_type|evidence_role_PRIMARY|source_organization|broker|server|symbol|time_basis|timezone_or_unknown|effective_start|effective_end|captured_at|artifact_path|artifact_sha256|source_metadata|validation_status,NO_EVIDENCE_SUBMITTED
GQ0687,2022,Monday,2022-08-29T23:00:00,2022-08-30T01:00:00,2.0,1,GOLD#_H1_202201030100_202212302300.csv,GOLD#_H1_202201030100_202212302300.csv,UNVERIFIED,UNVERIFIED_GAP,true,b26ab4f081e185e53bcd6689f6b2cab6cae9a16683c4c423d82c1633dafc0e10,BROKER_SERVER_SESSION_SCHEDULE|SAME_BROKER_SERVER_LOWER_TIMEFRAME_OR_TICK_EXPORT|INDEPENDENT_SAME_BROKER_SERVER_H1_EXPORT|OFFICIAL_MARKET_OR_BROKER_HOLIDAY_NOTICE,,evidence_package_id|evidence_type|evidence_role_PRIMARY|source_organization|broker|server|symbol|time_basis|timezone_or_unknown|effective_start|effective_end|captured_at|artifact_path|artifact_sha256|source_metadata|validation_status,NO_EVIDENCE_SUBMITTED
GQ0688,2022,Tuesday,2022-08-30T23:00:00,2022-08-31T01:00:00,2.0,1,GOLD#_H1_202201030100_202212302300.csv,GOLD#_H1_202201030100_202212302300.csv,UNVERIFIED,UNVERIFIED_GAP,true,d7f1bba5f0cea25ae7149aae062148d8c3050c808dc8acae9bc8d4c58a0ac908,BROKER_SERVER_SESSION_SCHEDULE|SAME_BROKER_SERVER_LOWER_TIMEFRAME_OR_TICK_EXPORT|INDEPENDENT_SAME_BROKER_SERVER_H1_EXPORT|OFFICIAL_MARKET_OR_BROKER_HOLIDAY_NOTICE,,evidence_package_id|evidence_type|evidence_role_PRIMARY|source_organization|broker|server|symbol|time_basis|timezone_or_unknown|effective_start|effective_end|captured_at|artifact_path|artifact_sha256|source_metadata|validation_status,NO_EVIDENCE_SUBMITTED
GQ0689,2022,Wednesday,2022-08-31T23:00:00,2022-09-01T01:00:00,2.0,1,GOLD#_H1_202201030100_202212302300.csv,GOLD#_H1_202201030100_202212302300.csv,UNVERIFIED,UNVERIFIED_GAP,true,ddc847315172ec7c46de541a6d22fcf76e43b2086d1801cb01cae4330d2b071a,BROKER_SERVER_SESSION_SCHEDULE|SAME_BROKER_SERVER_LOWER_TIMEFRAME_OR_TICK_EXPORT|INDEPENDENT_SAME_BROKER_SERVER_H1_EXPORT|OFFICIAL_MARKET_OR_BROKER_HOLIDAY_NOTICE,,evidence_package_id|evidence_type|evidence_role_PRIMARY|source_organization|broker|server|symbol|time_basis|timezone_or_unknown|effective_start|effective_end|captured_at|artifact_path|artifact_sha256|source_metadata|validation_status,NO_EVIDENCE_SUBMITTED
GQ0690,2022,Thursday,2022-09-01T23:00:00,2022-09-02T01:00:00,2.0,1,GOLD#_H1_202201030100_202212302300.csv,GOLD#_H1_202201030100_202212302300.csv,UNVERIFIED,UNVERIFIED_GAP,true,0e6dd03f42a7fe5c935960758661b3fd08698b5af9259c549a0827d907c3904a,BROKER_SERVER_SESSION_SCHEDULE|SAME_BROKER_SERVER_LOWER_TIMEFRAME_OR_TICK_EXPORT|INDEPENDENT_SAME_BROKER_SERVER_H1_EXPORT|OFFICIAL_MARKET_OR_BROKER_HOLIDAY_NOTICE,,evidence_package_id|evidence_type|evidence_role_PRIMARY|source_organization|broker|server|symbol|time_basis|timezone_or_unknown|effective_start|effective_end|captured_at|artifact_path|artifact_sha256|source_metadata|validation_status,NO_EVIDENCE_SUBMITTED
GQ0692,2022,Monday,2022-09-05T21:00:00,2022-09-06T01:00:00,4.0,3,GOLD#_H1_202201030100_202212302300.csv,GOLD#_H1_202201030100_202212302300.csv,UNVERIFIED,UNVERIFIED_GAP,true,054e26265c9ed843b5dae04cb4406a17010643a5208f0609477372466b290588,BROKER_SERVER_SESSION_SCHEDULE|SAME_BROKER_SERVER_LOWER_TIMEFRAME_OR_TICK_EXPORT|INDEPENDENT_SAME_BROKER_SERVER_H1_EXPORT|OFFICIAL_MARKET_OR_BROKER_HOLIDAY_NOTICE,,evidence_package_id|evidence_type|evidence_role_PRIMARY|source_organization|broker|server|symbol|time_basis|timezone_or_unknown|effective_start|effective_end|captured_at|artifact_path|artifact_sha256|source_metadata|validation_status,NO_EVIDENCE_SUBMITTED
GQ0693,2022,Tuesday,2022-09-06T23:00:00,2022-09-07T01:00:00,2.0,1,GOLD#_H1_202201030100_202212302300.csv,GOLD#_H1_202201030100_202212302300.csv,UNVERIFIED,UNVERIFIED_GAP,true,d7f1bba5f0cea25ae7149aae062148d8c3050c808dc8acae9bc8d4c58a0ac908,BROKER_SERVER_SESSION_SCHEDULE|SAME_BROKER_SERVER_LOWER_TIMEFRAME_OR_TICK_EXPORT|INDEPENDENT_SAME_BROKER_SERVER_H1_EXPORT|OFFICIAL_MARKET_OR_BROKER_HOLIDAY_NOTICE,,evidence_package_id|evidence_type|evidence_role_PRIMARY|source_organization|broker|server|symbol|time_basis|timezone_or_unknown|effective_start|effective_end|captured_at|artifact_path|artifact_sha256|source_metadata|validation_status,NO_EVIDENCE_SUBMITTED
GQ0694,2022,Wednesday,2022-09-07T23:00:00,2022-09-08T01:00:00,2.0,1,GOLD#_H1_202201030100_202212302300.csv,GOLD#_H1_202201030100_202212302300.csv,UNVERIFIED,UNVERIFIED_GAP,true,ddc847315172ec7c46de541a6d22fcf76e43b2086d1801cb01cae4330d2b071a,BROKER_SERVER_SESSION_SCHEDULE|SAME_BROKER_SERVER_LOWER_TIMEFRAME_OR_TICK_EXPORT|INDEPENDENT_SAME_BROKER_SERVER_H1_EXPORT|OFFICIAL_MARKET_OR_BROKER_HOLIDAY_NOTICE,,evidence_package_id|evidence_type|evidence_role_PRIMARY|source_organization|broker|server|symbol|time_basis|timezone_or_unknown|effective_start|effective_end|captured_at|artifact_path|artifact_sha256|source_metadata|validation_status,NO_EVIDENCE_SUBMITTED
GQ0695,2022,Thursday,2022-09-08T23:00:00,2022-09-09T01:00:00,2.0,1,GOLD#_H1_202201030100_202212302300.csv,GOLD#_H1_202201030100_202212302300.csv,UNVERIFIED,UNVERIFIED_GAP,true,0e6dd03f42a7fe5c935960758661b3fd08698b5af9259c549a0827d907c3904a,BROKER_SERVER_SESSION_SCHEDULE|SAME_BROKER_SERVER_LOWER_TIMEFRAME_OR_TICK_EXPORT|INDEPENDENT_SAME_BROKER_SERVER_H1_EXPORT|OFFICIAL_MARKET_OR_BROKER_HOLIDAY_NOTICE,,evidence_package_id|evidence_type|evidence_role_PRIMARY|source_organization|broker|server|symbol|time_basis|timezone_or_unknown|effective_start|effective_end|captured_at|artifact_path|artifact_sha256|source_metadata|validation_status,NO_EVIDENCE_SUBMITTED
GQ0697,2022,Monday,2022-09-12T23:00:00,2022-09-13T01:00:00,2.0,1,GOLD#_H1_202201030100_202212302300.csv,GOLD#_H1_202201030100_202212302300.csv,UNVERIFIED,UNVERIFIED_GAP,true,b26ab4f081e185e53bcd6689f6b2cab6cae9a16683c4c423d82c1633dafc0e10,BROKER_SERVER_SESSION_SCHEDULE|SAME_BROKER_SERVER_LOWER_TIMEFRAME_OR_TICK_EXPORT|INDEPENDENT_SAME_BROKER_SERVER_H1_EXPORT|OFFICIAL_MARKET_OR_BROKER_HOLIDAY_NOTICE,,evidence_package_id|evidence_type|evidence_role_PRIMARY|source_organization|broker|server|symbol|time_basis|timezone_or_unknown|effective_start|effective_end|captured_at|artifact_path|artifact_sha256|source_metadata|validation_status,NO_EVIDENCE_SUBMITTED
GQ0698,2022,Tuesday,2022-09-13T23:00:00,2022-09-14T01:00:00,2.0,1,GOLD#_H1_202201030100_202212302300.csv,GOLD#_H1_202201030100_202212302300.csv,UNVERIFIED,UNVERIFIED_GAP,true,d7f1bba5f0cea25ae7149aae062148d8c3050c808dc8acae9bc8d4c58a0ac908,BROKER_SERVER_SESSION_SCHEDULE|SAME_BROKER_SERVER_LOWER_TIMEFRAME_OR_TICK_EXPORT|INDEPENDENT_SAME_BROKER_SERVER_H1_EXPORT|OFFICIAL_MARKET_OR_BROKER_HOLIDAY_NOTICE,,evidence_package_id|evidence_type|evidence_role_PRIMARY|source_organization|broker|server|symbol|time_basis|timezone_or_unknown|effective_start|effective_end|captured_at|artifact_path|artifact_sha256|source_metadata|validation_status,NO_EVIDENCE_SUBMITTED
GQ0699,2022,Wednesday,2022-09-14T23:00:00,2022-09-15T01:00:00,2.0,1,GOLD#_H1_202201030100_202212302300.csv,GOLD#_H1_202201030100_202212302300.csv,UNVERIFIED,UNVERIFIED_GAP,true,ddc847315172ec7c46de541a6d22fcf76e43b2086d1801cb01cae4330d2b071a,BROKER_SERVER_SESSION_SCHEDULE|SAME_BROKER_SERVER_LOWER_TIMEFRAME_OR_TICK_EXPORT|INDEPENDENT_SAME_BROKER_SERVER_H1_EXPORT|OFFICIAL_MARKET_OR_BROKER_HOLIDAY_NOTICE,,evidence_package_id|evidence_type|evidence_role_PRIMARY|source_organization|broker|server|symbol|time_basis|timezone_or_unknown|effective_start|effective_end|captured_at|artifact_path|artifact_sha256|source_metadata|validation_status,NO_EVIDENCE_SUBMITTED
GQ0700,2022,Thursday,2022-09-15T23:00:00,2022-09-16T01:00:00,2.0,1,GOLD#_H1_202201030100_202212302300.csv,GOLD#_H1_202201030100_202212302300.csv,UNVERIFIED,UNVERIFIED_GAP,true,0e6dd03f42a7fe5c935960758661b3fd08698b5af9259c549a0827d907c3904a,BROKER_SERVER_SESSION_SCHEDULE|SAME_BROKER_SERVER_LOWER_TIMEFRAME_OR_TICK_EXPORT|INDEPENDENT_SAME_BROKER_SERVER_H1_EXPORT|OFFICIAL_MARKET_OR_BROKER_HOLIDAY_NOTICE,,evidence_package_id|evidence_type|evidence_role_PRIMARY|source_organization|broker|server|symbol|time_basis|timezone_or_unknown|effective_start|effective_end|captured_at|artifact_path|artifact_sha256|source_metadata|validation_status,NO_EVIDENCE_SUBMITTED
GQ0702,2022,Monday,2022-09-19T23:00:00,2022-09-20T01:00:00,2.0,1,GOLD#_H1_202201030100_202212302300.csv,GOLD#_H1_202201030100_202212302300.csv,UNVERIFIED,UNVERIFIED_GAP,true,b26ab4f081e185e53bcd6689f6b2cab6cae9a16683c4c423d82c1633dafc0e10,BROKER_SERVER_SESSION_SCHEDULE|SAME_BROKER_SERVER_LOWER_TIMEFRAME_OR_TICK_EXPORT|INDEPENDENT_SAME_BROKER_SERVER_H1_EXPORT|OFFICIAL_MARKET_OR_BROKER_HOLIDAY_NOTICE,,evidence_package_id|evidence_type|evidence_role_PRIMARY|source_organization|broker|server|symbol|time_basis|timezone_or_unknown|effective_start|effective_end|captured_at|artifact_path|artifact_sha256|source_metadata|validation_status,NO_EVIDENCE_SUBMITTED
GQ0703,2022,Tuesday,2022-09-20T23:00:00,2022-09-21T01:00:00,2.0,1,GOLD#_H1_202201030100_202212302300.csv,GOLD#_H1_202201030100_202212302300.csv,UNVERIFIED,UNVERIFIED_GAP,true,d7f1bba5f0cea25ae7149aae062148d8c3050c808dc8acae9bc8d4c58a0ac908,BROKER_SERVER_SESSION_SCHEDULE|SAME_BROKER_SERVER_LOWER_TIMEFRAME_OR_TICK_EXPORT|INDEPENDENT_SAME_BROKER_SERVER_H1_EXPORT|OFFICIAL_MARKET_OR_BROKER_HOLIDAY_NOTICE,,evidence_package_id|evidence_type|evidence_role_PRIMARY|source_organization|broker|server|symbol|time_basis|timezone_or_unknown|effective_start|effective_end|captured_at|artifact_path|artifact_sha256|source_metadata|validation_status,NO_EVIDENCE_SUBMITTED
GQ0704,2022,Wednesday,2022-09-21T23:00:00,2022-09-22T01:00:00,2.0,1,GOLD#_H1_202201030100_202212302300.csv,GOLD#_H1_202201030100_202212302300.csv,UNVERIFIED,UNVERIFIED_GAP,true,ddc847315172ec7c46de541a6d22fcf76e43b2086d1801cb01cae4330d2b071a,BROKER_SERVER_SESSION_SCHEDULE|SAME_BROKER_SERVER_LOWER_TIMEFRAME_OR_TICK_EXPORT|INDEPENDENT_SAME_BROKER_SERVER_H1_EXPORT|OFFICIAL_MARKET_OR_BROKER_HOLIDAY_NOTICE,,evidence_package_id|evidence_type|evidence_role_PRIMARY|source_organization|broker|server|symbol|time_basis|timezone_or_unknown|effective_start|effective_end|captured_at|artifact_path|artifact_sha256|source_metadata|validation_status,NO_EVIDENCE_SUBMITTED
GQ0705,2022,Thursday,2022-09-22T23:00:00,2022-09-23T01:00:00,2.0,1,GOLD#_H1_202201030100_202212302300.csv,GOLD#_H1_202201030100_202212302300.csv,UNVERIFIED,UNVERIFIED_GAP,true,0e6dd03f42a7fe5c935960758661b3fd08698b5af9259c549a0827d907c3904a,BROKER_SERVER_SESSION_SCHEDULE|SAME_BROKER_SERVER_LOWER_TIMEFRAME_OR_TICK_EXPORT|INDEPENDENT_SAME_BROKER_SERVER_H1_EXPORT|OFFICIAL_MARKET_OR_BROKER_HOLIDAY_NOTICE,,evidence_package_id|evidence_type|evidence_role_PRIMARY|source_organization|broker|server|symbol|time_basis|timezone_or_unknown|effective_start|effective_end|captured_at|artifact_path|artifact_sha256|source_metadata|validation_status,NO_EVIDENCE_SUBMITTED
GQ0707,2022,Monday,2022-09-26T23:00:00,2022-09-27T01:00:00,2.0,1,GOLD#_H1_202201030100_202212302300.csv,GOLD#_H1_202201030100_202212302300.csv,UNVERIFIED,UNVERIFIED_GAP,true,b26ab4f081e185e53bcd6689f6b2cab6cae9a16683c4c423d82c1633dafc0e10,BROKER_SERVER_SESSION_SCHEDULE|SAME_BROKER_SERVER_LOWER_TIMEFRAME_OR_TICK_EXPORT|INDEPENDENT_SAME_BROKER_SERVER_H1_EXPORT|OFFICIAL_MARKET_OR_BROKER_HOLIDAY_NOTICE,,evidence_package_id|evidence_type|evidence_role_PRIMARY|source_organization|broker|server|symbol|time_basis|timezone_or_unknown|effective_start|effective_end|captured_at|artifact_path|artifact_sha256|source_metadata|validation_status,NO_EVIDENCE_SUBMITTED
GQ0708,2022,Tuesday,2022-09-27T23:00:00,2022-09-28T01:00:00,2.0,1,GOLD#_H1_202201030100_202212302300.csv,GOLD#_H1_202201030100_202212302300.csv,UNVERIFIED,UNVERIFIED_GAP,true,d7f1bba5f0cea25ae7149aae062148d8c3050c808dc8acae9bc8d4c58a0ac908,BROKER_SERVER_SESSION_SCHEDULE|SAME_BROKER_SERVER_LOWER_TIMEFRAME_OR_TICK_EXPORT|INDEPENDENT_SAME_BROKER_SERVER_H1_EXPORT|OFFICIAL_MARKET_OR_BROKER_HOLIDAY_NOTICE,,evidence_package_id|evidence_type|evidence_role_PRIMARY|source_organization|broker|server|symbol|time_basis|timezone_or_unknown|effective_start|effective_end|captured_at|artifact_path|artifact_sha256|source_metadata|validation_status,NO_EVIDENCE_SUBMITTED
GQ0709,2022,Wednesday,2022-09-28T23:00:00,2022-09-29T01:00:00,2.0,1,GOLD#_H1_202201030100_202212302300.csv,GOLD#_H1_202201030100_202212302300.csv,UNVERIFIED,UNVERIFIED_GAP,true,ddc847315172ec7c46de541a6d22fcf76e43b2086d1801cb01cae4330d2b071a,BROKER_SERVER_SESSION_SCHEDULE|SAME_BROKER_SERVER_LOWER_TIMEFRAME_OR_TICK_EXPORT|INDEPENDENT_SAME_BROKER_SERVER_H1_EXPORT|OFFICIAL_MARKET_OR_BROKER_HOLIDAY_NOTICE,,evidence_package_id|evidence_type|evidence_role_PRIMARY|source_organization|broker|server|symbol|time_basis|timezone_or_unknown|effective_start|effective_end|captured_at|artifact_path|artifact_sha256|source_metadata|validation_status,NO_EVIDENCE_SUBMITTED
GQ0710,2022,Thursday,2022-09-29T23:00:00,2022-09-30T01:00:00,2.0,1,GOLD#_H1_202201030100_202212302300.csv,GOLD#_H1_202201030100_202212302300.csv,UNVERIFIED,UNVERIFIED_GAP,true,0e6dd03f42a7fe5c935960758661b3fd08698b5af9259c549a0827d907c3904a,BROKER_SERVER_SESSION_SCHEDULE|SAME_BROKER_SERVER_LOWER_TIMEFRAME_OR_TICK_EXPORT|INDEPENDENT_SAME_BROKER_SERVER_H1_EXPORT|OFFICIAL_MARKET_OR_BROKER_HOLIDAY_NOTICE,,evidence_package_id|evidence_type|evidence_role_PRIMARY|source_organization|broker|server|symbol|time_basis|timezone_or_unknown|effective_start|effective_end|captured_at|artifact_path|artifact_sha256|source_metadata|validation_status,NO_EVIDENCE_SUBMITTED
GQ0712,2022,Monday,2022-10-03T23:00:00,2022-10-04T01:00:00,2.0,1,GOLD#_H1_202201030100_202212302300.csv,GOLD#_H1_202201030100_202212302300.csv,UNVERIFIED,UNVERIFIED_GAP,true,b26ab4f081e185e53bcd6689f6b2cab6cae9a16683c4c423d82c1633dafc0e10,BROKER_SERVER_SESSION_SCHEDULE|SAME_BROKER_SERVER_LOWER_TIMEFRAME_OR_TICK_EXPORT|INDEPENDENT_SAME_BROKER_SERVER_H1_EXPORT|OFFICIAL_MARKET_OR_BROKER_HOLIDAY_NOTICE,,evidence_package_id|evidence_type|evidence_role_PRIMARY|source_organization|broker|server|symbol|time_basis|timezone_or_unknown|effective_start|effective_end|captured_at|artifact_path|artifact_sha256|source_metadata|validation_status,NO_EVIDENCE_SUBMITTED
GQ0713,2022,Tuesday,2022-10-04T23:00:00,2022-10-05T01:00:00,2.0,1,GOLD#_H1_202201030100_202212302300.csv,GOLD#_H1_202201030100_202212302300.csv,UNVERIFIED,UNVERIFIED_GAP,true,d7f1bba5f0cea25ae7149aae062148d8c3050c808dc8acae9bc8d4c58a0ac908,BROKER_SERVER_SESSION_SCHEDULE|SAME_BROKER_SERVER_LOWER_TIMEFRAME_OR_TICK_EXPORT|INDEPENDENT_SAME_BROKER_SERVER_H1_EXPORT|OFFICIAL_MARKET_OR_BROKER_HOLIDAY_NOTICE,,evidence_package_id|evidence_type|evidence_role_PRIMARY|source_organization|broker|server|symbol|time_basis|timezone_or_unknown|effective_start|effective_end|captured_at|artifact_path|artifact_sha256|source_metadata|validation_status,NO_EVIDENCE_SUBMITTED
GQ0714,2022,Wednesday,2022-10-05T23:00:00,2022-10-06T01:00:00,2.0,1,GOLD#_H1_202201030100_202212302300.csv,GOLD#_H1_202201030100_202212302300.csv,UNVERIFIED,UNVERIFIED_GAP,true,ddc847315172ec7c46de541a6d22fcf76e43b2086d1801cb01cae4330d2b071a,BROKER_SERVER_SESSION_SCHEDULE|SAME_BROKER_SERVER_LOWER_TIMEFRAME_OR_TICK_EXPORT|INDEPENDENT_SAME_BROKER_SERVER_H1_EXPORT|OFFICIAL_MARKET_OR_BROKER_HOLIDAY_NOTICE,,evidence_package_id|evidence_type|evidence_role_PRIMARY|source_organization|broker|server|symbol|time_basis|timezone_or_unknown|effective_start|effective_end|captured_at|artifact_path|artifact_sha256|source_metadata|validation_status,NO_EVIDENCE_SUBMITTED
GQ0715,2022,Thursday,2022-10-06T23:00:00,2022-10-07T01:00:00,2.0,1,GOLD#_H1_202201030100_202212302300.csv,GOLD#_H1_202201030100_202212302300.csv,UNVERIFIED,UNVERIFIED_GAP,true,0e6dd03f42a7fe5c935960758661b3fd08698b5af9259c549a0827d907c3904a,BROKER_SERVER_SESSION_SCHEDULE|SAME_BROKER_SERVER_LOWER_TIMEFRAME_OR_TICK_EXPORT|INDEPENDENT_SAME_BROKER_SERVER_H1_EXPORT|OFFICIAL_MARKET_OR_BROKER_HOLIDAY_NOTICE,,evidence_package_id|evidence_type|evidence_role_PRIMARY|source_organization|broker|server|symbol|time_basis|timezone_or_unknown|effective_start|effective_end|captured_at|artifact_path|artifact_sha256|source_metadata|validation_status,NO_EVIDENCE_SUBMITTED
GQ0717,2022,Monday,2022-10-10T23:00:00,2022-10-11T01:00:00,2.0,1,GOLD#_H1_202201030100_202212302300.csv,GOLD#_H1_202201030100_202212302300.csv,UNVERIFIED,UNVERIFIED_GAP,true,b26ab4f081e185e53bcd6689f6b2cab6cae9a16683c4c423d82c1633dafc0e10,BROKER_SERVER_SESSION_SCHEDULE|SAME_BROKER_SERVER_LOWER_TIMEFRAME_OR_TICK_EXPORT|INDEPENDENT_SAME_BROKER_SERVER_H1_EXPORT|OFFICIAL_MARKET_OR_BROKER_HOLIDAY_NOTICE,,evidence_package_id|evidence_type|evidence_role_PRIMARY|source_organization|broker|server|symbol|time_basis|timezone_or_unknown|effective_start|effective_end|captured_at|artifact_path|artifact_sha256|source_metadata|validation_status,NO_EVIDENCE_SUBMITTED
GQ0718,2022,Tuesday,2022-10-11T23:00:00,2022-10-12T01:00:00,2.0,1,GOLD#_H1_202201030100_202212302300.csv,GOLD#_H1_202201030100_202212302300.csv,UNVERIFIED,UNVERIFIED_GAP,true,d7f1bba5f0cea25ae7149aae062148d8c3050c808dc8acae9bc8d4c58a0ac908,BROKER_SERVER_SESSION_SCHEDULE|SAME_BROKER_SERVER_LOWER_TIMEFRAME_OR_TICK_EXPORT|INDEPENDENT_SAME_BROKER_SERVER_H1_EXPORT|OFFICIAL_MARKET_OR_BROKER_HOLIDAY_NOTICE,,evidence_package_id|evidence_type|evidence_role_PRIMARY|source_organization|broker|server|symbol|time_basis|timezone_or_unknown|effective_start|effective_end|captured_at|artifact_path|artifact_sha256|source_metadata|validation_status,NO_EVIDENCE_SUBMITTED
GQ0719,2022,Wednesday,2022-10-12T23:00:00,2022-10-13T01:00:00,2.0,1,GOLD#_H1_202201030100_202212302300.csv,GOLD#_H1_202201030100_202212302300.csv,UNVERIFIED,UNVERIFIED_GAP,true,ddc847315172ec7c46de541a6d22fcf76e43b2086d1801cb01cae4330d2b071a,BROKER_SERVER_SESSION_SCHEDULE|SAME_BROKER_SERVER_LOWER_TIMEFRAME_OR_TICK_EXPORT|INDEPENDENT_SAME_BROKER_SERVER_H1_EXPORT|OFFICIAL_MARKET_OR_BROKER_HOLIDAY_NOTICE,,evidence_package_id|evidence_type|evidence_role_PRIMARY|source_organization|broker|server|symbol|time_basis|timezone_or_unknown|effective_start|effective_end|captured_at|artifact_path|artifact_sha256|source_metadata|validation_status,NO_EVIDENCE_SUBMITTED
GQ0720,2022,Thursday,2022-10-13T23:00:00,2022-10-14T01:00:00,2.0,1,GOLD#_H1_202201030100_202212302300.csv,GOLD#_H1_202201030100_202212302300.csv,UNVERIFIED,UNVERIFIED_GAP,true,0e6dd03f42a7fe5c935960758661b3fd08698b5af9259c549a0827d907c3904a,BROKER_SERVER_SESSION_SCHEDULE|SAME_BROKER_SERVER_LOWER_TIMEFRAME_OR_TICK_EXPORT|INDEPENDENT_SAME_BROKER_SERVER_H1_EXPORT|OFFICIAL_MARKET_OR_BROKER_HOLIDAY_NOTICE,,evidence_package_id|evidence_type|evidence_role_PRIMARY|source_organization|broker|server|symbol|time_basis|timezone_or_unknown|effective_start|effective_end|captured_at|artifact_path|artifact_sha256|source_metadata|validation_status,NO_EVIDENCE_SUBMITTED
GQ0722,2022,Monday,2022-10-17T23:00:00,2022-10-18T01:00:00,2.0,1,GOLD#_H1_202201030100_202212302300.csv,GOLD#_H1_202201030100_202212302300.csv,UNVERIFIED,UNVERIFIED_GAP,true,b26ab4f081e185e53bcd6689f6b2cab6cae9a16683c4c423d82c1633dafc0e10,BROKER_SERVER_SESSION_SCHEDULE|SAME_BROKER_SERVER_LOWER_TIMEFRAME_OR_TICK_EXPORT|INDEPENDENT_SAME_BROKER_SERVER_H1_EXPORT|OFFICIAL_MARKET_OR_BROKER_HOLIDAY_NOTICE,,evidence_package_id|evidence_type|evidence_role_PRIMARY|source_organization|broker|server|symbol|time_basis|timezone_or_unknown|effective_start|effective_end|captured_at|artifact_path|artifact_sha256|source_metadata|validation_status,NO_EVIDENCE_SUBMITTED
GQ0723,2022,Tuesday,2022-10-18T23:00:00,2022-10-19T01:00:00,2.0,1,GOLD#_H1_202201030100_202212302300.csv,GOLD#_H1_202201030100_202212302300.csv,UNVERIFIED,UNVERIFIED_GAP,true,d7f1bba5f0cea25ae7149aae062148d8c3050c808dc8acae9bc8d4c58a0ac908,BROKER_SERVER_SESSION_SCHEDULE|SAME_BROKER_SERVER_LOWER_TIMEFRAME_OR_TICK_EXPORT|INDEPENDENT_SAME_BROKER_SERVER_H1_EXPORT|OFFICIAL_MARKET_OR_BROKER_HOLIDAY_NOTICE,,evidence_package_id|evidence_type|evidence_role_PRIMARY|source_organization|broker|server|symbol|time_basis|timezone_or_unknown|effective_start|effective_end|captured_at|artifact_path|artifact_sha256|source_metadata|validation_status,NO_EVIDENCE_SUBMITTED
GQ0724,2022,Wednesday,2022-10-19T23:00:00,2022-10-20T01:00:00,2.0,1,GOLD#_H1_202201030100_202212302300.csv,GOLD#_H1_202201030100_202212302300.csv,UNVERIFIED,UNVERIFIED_GAP,true,ddc847315172ec7c46de541a6d22fcf76e43b2086d1801cb01cae4330d2b071a,BROKER_SERVER_SESSION_SCHEDULE|SAME_BROKER_SERVER_LOWER_TIMEFRAME_OR_TICK_EXPORT|INDEPENDENT_SAME_BROKER_SERVER_H1_EXPORT|OFFICIAL_MARKET_OR_BROKER_HOLIDAY_NOTICE,,evidence_package_id|evidence_type|evidence_role_PRIMARY|source_organization|broker|server|symbol|time_basis|timezone_or_unknown|effective_start|effective_end|captured_at|artifact_path|artifact_sha256|source_metadata|validation_status,NO_EVIDENCE_SUBMITTED
GQ0725,2022,Thursday,2022-10-20T23:00:00,2022-10-21T01:00:00,2.0,1,GOLD#_H1_202201030100_202212302300.csv,GOLD#_H1_202201030100_202212302300.csv,UNVERIFIED,UNVERIFIED_GAP,true,0e6dd03f42a7fe5c935960758661b3fd08698b5af9259c549a0827d907c3904a,BROKER_SERVER_SESSION_SCHEDULE|SAME_BROKER_SERVER_LOWER_TIMEFRAME_OR_TICK_EXPORT|INDEPENDENT_SAME_BROKER_SERVER_H1_EXPORT|OFFICIAL_MARKET_OR_BROKER_HOLIDAY_NOTICE,,evidence_package_id|evidence_type|evidence_role_PRIMARY|source_organization|broker|server|symbol|time_basis|timezone_or_unknown|effective_start|effective_end|captured_at|artifact_path|artifact_sha256|source_metadata|validation_status,NO_EVIDENCE_SUBMITTED
GQ0727,2022,Monday,2022-10-24T23:00:00,2022-10-25T01:00:00,2.0,1,GOLD#_H1_202201030100_202212302300.csv,GOLD#_H1_202201030100_202212302300.csv,UNVERIFIED,UNVERIFIED_GAP,true,b26ab4f081e185e53bcd6689f6b2cab6cae9a16683c4c423d82c1633dafc0e10,BROKER_SERVER_SESSION_SCHEDULE|SAME_BROKER_SERVER_LOWER_TIMEFRAME_OR_TICK_EXPORT|INDEPENDENT_SAME_BROKER_SERVER_H1_EXPORT|OFFICIAL_MARKET_OR_BROKER_HOLIDAY_NOTICE,,evidence_package_id|evidence_type|evidence_role_PRIMARY|source_organization|broker|server|symbol|time_basis|timezone_or_unknown|effective_start|effective_end|captured_at|artifact_path|artifact_sha256|source_metadata|validation_status,NO_EVIDENCE_SUBMITTED
GQ0728,2022,Tuesday,2022-10-25T23:00:00,2022-10-26T01:00:00,2.0,1,GOLD#_H1_202201030100_202212302300.csv,GOLD#_H1_202201030100_202212302300.csv,UNVERIFIED,UNVERIFIED_GAP,true,d7f1bba5f0cea25ae7149aae062148d8c3050c808dc8acae9bc8d4c58a0ac908,BROKER_SERVER_SESSION_SCHEDULE|SAME_BROKER_SERVER_LOWER_TIMEFRAME_OR_TICK_EXPORT|INDEPENDENT_SAME_BROKER_SERVER_H1_EXPORT|OFFICIAL_MARKET_OR_BROKER_HOLIDAY_NOTICE,,evidence_package_id|evidence_type|evidence_role_PRIMARY|source_organization|broker|server|symbol|time_basis|timezone_or_unknown|effective_start|effective_end|captured_at|artifact_path|artifact_sha256|source_metadata|validation_status,NO_EVIDENCE_SUBMITTED
GQ0729,2022,Wednesday,2022-10-26T23:00:00,2022-10-27T01:00:00,2.0,1,GOLD#_H1_202201030100_202212302300.csv,GOLD#_H1_202201030100_202212302300.csv,UNVERIFIED,UNVERIFIED_GAP,true,ddc847315172ec7c46de541a6d22fcf76e43b2086d1801cb01cae4330d2b071a,BROKER_SERVER_SESSION_SCHEDULE|SAME_BROKER_SERVER_LOWER_TIMEFRAME_OR_TICK_EXPORT|INDEPENDENT_SAME_BROKER_SERVER_H1_EXPORT|OFFICIAL_MARKET_OR_BROKER_HOLIDAY_NOTICE,,evidence_package_id|evidence_type|evidence_role_PRIMARY|source_organization|broker|server|symbol|time_basis|timezone_or_unknown|effective_start|effective_end|captured_at|artifact_path|artifact_sha256|source_metadata|validation_status,NO_EVIDENCE_SUBMITTED
GQ0730,2022,Thursday,2022-10-27T23:00:00,2022-10-28T01:00:00,2.0,1,GOLD#_H1_202201030100_202212302300.csv,GOLD#_H1_202201030100_202212302300.csv,UNVERIFIED,UNVERIFIED_GAP,true,0e6dd03f42a7fe5c935960758661b3fd08698b5af9259c549a0827d907c3904a,BROKER_SERVER_SESSION_SCHEDULE|SAME_BROKER_SERVER_LOWER_TIMEFRAME_OR_TICK_EXPORT|INDEPENDENT_SAME_BROKER_SERVER_H1_EXPORT|OFFICIAL_MARKET_OR_BROKER_HOLIDAY_NOTICE,,evidence_package_id|evidence_type|evidence_role_PRIMARY|source_organization|broker|server|symbol|time_basis|timezone_or_unknown|effective_start|effective_end|captured_at|artifact_path|artifact_sha256|source_metadata|validation_status,NO_EVIDENCE_SUBMITTED
GQ0732,2022,Monday,2022-10-31T22:00:00,2022-11-01T00:00:00,2.0,1,GOLD#_H1_202201030100_202212302300.csv,GOLD#_H1_202201030100_202212302300.csv,UNVERIFIED,UNVERIFIED_GAP,true,bad62b4231dc08775272341912cc69b1d92dedad593a9e805239ab3e5d83e0f2,BROKER_SERVER_SESSION_SCHEDULE|SAME_BROKER_SERVER_LOWER_TIMEFRAME_OR_TICK_EXPORT|INDEPENDENT_SAME_BROKER_SERVER_H1_EXPORT|OFFICIAL_MARKET_OR_BROKER_HOLIDAY_NOTICE,,evidence_package_id|evidence_type|evidence_role_PRIMARY|source_organization|broker|server|symbol|time_basis|timezone_or_unknown|effective_start|effective_end|captured_at|artifact_path|artifact_sha256|source_metadata|validation_status,NO_EVIDENCE_SUBMITTED
GQ0733,2022,Tuesday,2022-11-01T22:00:00,2022-11-02T00:00:00,2.0,1,GOLD#_H1_202201030100_202212302300.csv,GOLD#_H1_202201030100_202212302300.csv,UNVERIFIED,UNVERIFIED_GAP,true,ddb98fb13fe13e4ec17a00d25a11276cafbc74bdacd0eed1e5eb88bdf6bfee72,BROKER_SERVER_SESSION_SCHEDULE|SAME_BROKER_SERVER_LOWER_TIMEFRAME_OR_TICK_EXPORT|INDEPENDENT_SAME_BROKER_SERVER_H1_EXPORT|OFFICIAL_MARKET_OR_BROKER_HOLIDAY_NOTICE,,evidence_package_id|evidence_type|evidence_role_PRIMARY|source_organization|broker|server|symbol|time_basis|timezone_or_unknown|effective_start|effective_end|captured_at|artifact_path|artifact_sha256|source_metadata|validation_status,NO_EVIDENCE_SUBMITTED
GQ0734,2022,Wednesday,2022-11-02T22:00:00,2022-11-03T00:00:00,2.0,1,GOLD#_H1_202201030100_202212302300.csv,GOLD#_H1_202201030100_202212302300.csv,UNVERIFIED,UNVERIFIED_GAP,true,7aa0a1d0f5a89566b0db0ecdb9e344b19faa6ff4488f0d643af83ead87b2a4ee,BROKER_SERVER_SESSION_SCHEDULE|SAME_BROKER_SERVER_LOWER_TIMEFRAME_OR_TICK_EXPORT|INDEPENDENT_SAME_BROKER_SERVER_H1_EXPORT|OFFICIAL_MARKET_OR_BROKER_HOLIDAY_NOTICE,,evidence_package_id|evidence_type|evidence_role_PRIMARY|source_organization|broker|server|symbol|time_basis|timezone_or_unknown|effective_start|effective_end|captured_at|artifact_path|artifact_sha256|source_metadata|validation_status,NO_EVIDENCE_SUBMITTED
GQ0735,2022,Thursday,2022-11-03T22:00:00,2022-11-04T00:00:00,2.0,1,GOLD#_H1_202201030100_202212302300.csv,GOLD#_H1_202201030100_202212302300.csv,UNVERIFIED,UNVERIFIED_GAP,true,1530499f948c8b9b13e4f44694deede77fccdd283aedebc184d2b84fb602a22b,BROKER_SERVER_SESSION_SCHEDULE|SAME_BROKER_SERVER_LOWER_TIMEFRAME_OR_TICK_EXPORT|INDEPENDENT_SAME_BROKER_SERVER_H1_EXPORT|OFFICIAL_MARKET_OR_BROKER_HOLIDAY_NOTICE,,evidence_package_id|evidence_type|evidence_role_PRIMARY|source_organization|broker|server|symbol|time_basis|timezone_or_unknown|effective_start|effective_end|captured_at|artifact_path|artifact_sha256|source_metadata|validation_status,NO_EVIDENCE_SUBMITTED
GQ0737,2022,Monday,2022-11-07T23:00:00,2022-11-08T01:00:00,2.0,1,GOLD#_H1_202201030100_202212302300.csv,GOLD#_H1_202201030100_202212302300.csv,UNVERIFIED,UNVERIFIED_GAP,true,b26ab4f081e185e53bcd6689f6b2cab6cae9a16683c4c423d82c1633dafc0e10,BROKER_SERVER_SESSION_SCHEDULE|SAME_BROKER_SERVER_LOWER_TIMEFRAME_OR_TICK_EXPORT|INDEPENDENT_SAME_BROKER_SERVER_H1_EXPORT|OFFICIAL_MARKET_OR_BROKER_HOLIDAY_NOTICE,,evidence_package_id|evidence_type|evidence_role_PRIMARY|source_organization|broker|server|symbol|time_basis|timezone_or_unknown|effective_start|effective_end|captured_at|artifact_path|artifact_sha256|source_metadata|validation_status,NO_EVIDENCE_SUBMITTED
GQ0738,2022,Tuesday,2022-11-08T23:00:00,2022-11-09T01:00:00,2.0,1,GOLD#_H1_202201030100_202212302300.csv,GOLD#_H1_202201030100_202212302300.csv,UNVERIFIED,UNVERIFIED_GAP,true,d7f1bba5f0cea25ae7149aae062148d8c3050c808dc8acae9bc8d4c58a0ac908,BROKER_SERVER_SESSION_SCHEDULE|SAME_BROKER_SERVER_LOWER_TIMEFRAME_OR_TICK_EXPORT|INDEPENDENT_SAME_BROKER_SERVER_H1_EXPORT|OFFICIAL_MARKET_OR_BROKER_HOLIDAY_NOTICE,,evidence_package_id|evidence_type|evidence_role_PRIMARY|source_organization|broker|server|symbol|time_basis|timezone_or_unknown|effective_start|effective_end|captured_at|artifact_path|artifact_sha256|source_metadata|validation_status,NO_EVIDENCE_SUBMITTED
GQ0739,2022,Wednesday,2022-11-09T23:00:00,2022-11-10T01:00:00,2.0,1,GOLD#_H1_202201030100_202212302300.csv,GOLD#_H1_202201030100_202212302300.csv,UNVERIFIED,UNVERIFIED_GAP,true,ddc847315172ec7c46de541a6d22fcf76e43b2086d1801cb01cae4330d2b071a,BROKER_SERVER_SESSION_SCHEDULE|SAME_BROKER_SERVER_LOWER_TIMEFRAME_OR_TICK_EXPORT|INDEPENDENT_SAME_BROKER_SERVER_H1_EXPORT|OFFICIAL_MARKET_OR_BROKER_HOLIDAY_NOTICE,,evidence_package_id|evidence_type|evidence_role_PRIMARY|source_organization|broker|server|symbol|time_basis|timezone_or_unknown|effective_start|effective_end|captured_at|artifact_path|artifact_sha256|source_metadata|validation_status,NO_EVIDENCE_SUBMITTED
GQ0740,2022,Thursday,2022-11-10T23:00:00,2022-11-11T01:00:00,2.0,1,GOLD#_H1_202201030100_202212302300.csv,GOLD#_H1_202201030100_202212302300.csv,UNVERIFIED,UNVERIFIED_GAP,true,0e6dd03f42a7fe5c935960758661b3fd08698b5af9259c549a0827d907c3904a,BROKER_SERVER_SESSION_SCHEDULE|SAME_BROKER_SERVER_LOWER_TIMEFRAME_OR_TICK_EXPORT|INDEPENDENT_SAME_BROKER_SERVER_H1_EXPORT|OFFICIAL_MARKET_OR_BROKER_HOLIDAY_NOTICE,,evidence_package_id|evidence_type|evidence_role_PRIMARY|source_organization|broker|server|symbol|time_basis|timezone_or_unknown|effective_start|effective_end|captured_at|artifact_path|artifact_sha256|source_metadata|validation_status,NO_EVIDENCE_SUBMITTED
GQ0742,2022,Monday,2022-11-14T23:00:00,2022-11-15T01:00:00,2.0,1,GOLD#_H1_202201030100_202212302300.csv,GOLD#_H1_202201030100_202212302300.csv,UNVERIFIED,UNVERIFIED_GAP,true,b26ab4f081e185e53bcd6689f6b2cab6cae9a16683c4c423d82c1633dafc0e10,BROKER_SERVER_SESSION_SCHEDULE|SAME_BROKER_SERVER_LOWER_TIMEFRAME_OR_TICK_EXPORT|INDEPENDENT_SAME_BROKER_SERVER_H1_EXPORT|OFFICIAL_MARKET_OR_BROKER_HOLIDAY_NOTICE,,evidence_package_id|evidence_type|evidence_role_PRIMARY|source_organization|broker|server|symbol|time_basis|timezone_or_unknown|effective_start|effective_end|captured_at|artifact_path|artifact_sha256|source_metadata|validation_status,NO_EVIDENCE_SUBMITTED
GQ0743,2022,Tuesday,2022-11-15T23:00:00,2022-11-16T01:00:00,2.0,1,GOLD#_H1_202201030100_202212302300.csv,GOLD#_H1_202201030100_202212302300.csv,UNVERIFIED,UNVERIFIED_GAP,true,d7f1bba5f0cea25ae7149aae062148d8c3050c808dc8acae9bc8d4c58a0ac908,BROKER_SERVER_SESSION_SCHEDULE|SAME_BROKER_SERVER_LOWER_TIMEFRAME_OR_TICK_EXPORT|INDEPENDENT_SAME_BROKER_SERVER_H1_EXPORT|OFFICIAL_MARKET_OR_BROKER_HOLIDAY_NOTICE,,evidence_package_id|evidence_type|evidence_role_PRIMARY|source_organization|broker|server|symbol|time_basis|timezone_or_unknown|effective_start|effective_end|captured_at|artifact_path|artifact_sha256|source_metadata|validation_status,NO_EVIDENCE_SUBMITTED
GQ0744,2022,Wednesday,2022-11-16T23:00:00,2022-11-17T01:00:00,2.0,1,GOLD#_H1_202201030100_202212302300.csv,GOLD#_H1_202201030100_202212302300.csv,UNVERIFIED,UNVERIFIED_GAP,true,ddc847315172ec7c46de541a6d22fcf76e43b2086d1801cb01cae4330d2b071a,BROKER_SERVER_SESSION_SCHEDULE|SAME_BROKER_SERVER_LOWER_TIMEFRAME_OR_TICK_EXPORT|INDEPENDENT_SAME_BROKER_SERVER_H1_EXPORT|OFFICIAL_MARKET_OR_BROKER_HOLIDAY_NOTICE,,evidence_package_id|evidence_type|evidence_role_PRIMARY|source_organization|broker|server|symbol|time_basis|timezone_or_unknown|effective_start|effective_end|captured_at|artifact_path|artifact_sha256|source_metadata|validation_status,NO_EVIDENCE_SUBMITTED
GQ0745,2022,Thursday,2022-11-17T23:00:00,2022-11-18T01:00:00,2.0,1,GOLD#_H1_202201030100_202212302300.csv,GOLD#_H1_202201030100_202212302300.csv,UNVERIFIED,UNVERIFIED_GAP,true,0e6dd03f42a7fe5c935960758661b3fd08698b5af9259c549a0827d907c3904a,BROKER_SERVER_SESSION_SCHEDULE|SAME_BROKER_SERVER_LOWER_TIMEFRAME_OR_TICK_EXPORT|INDEPENDENT_SAME_BROKER_SERVER_H1_EXPORT|OFFICIAL_MARKET_OR_BROKER_HOLIDAY_NOTICE,,evidence_package_id|evidence_type|evidence_role_PRIMARY|source_organization|broker|server|symbol|time_basis|timezone_or_unknown|effective_start|effective_end|captured_at|artifact_path|artifact_sha256|source_metadata|validation_status,NO_EVIDENCE_SUBMITTED
GQ0747,2022,Monday,2022-11-21T23:00:00,2022-11-22T01:00:00,2.0,1,GOLD#_H1_202201030100_202212302300.csv,GOLD#_H1_202201030100_202212302300.csv,UNVERIFIED,UNVERIFIED_GAP,true,b26ab4f081e185e53bcd6689f6b2cab6cae9a16683c4c423d82c1633dafc0e10,BROKER_SERVER_SESSION_SCHEDULE|SAME_BROKER_SERVER_LOWER_TIMEFRAME_OR_TICK_EXPORT|INDEPENDENT_SAME_BROKER_SERVER_H1_EXPORT|OFFICIAL_MARKET_OR_BROKER_HOLIDAY_NOTICE,,evidence_package_id|evidence_type|evidence_role_PRIMARY|source_organization|broker|server|symbol|time_basis|timezone_or_unknown|effective_start|effective_end|captured_at|artifact_path|artifact_sha256|source_metadata|validation_status,NO_EVIDENCE_SUBMITTED
GQ0748,2022,Tuesday,2022-11-22T23:00:00,2022-11-23T01:00:00,2.0,1,GOLD#_H1_202201030100_202212302300.csv,GOLD#_H1_202201030100_202212302300.csv,UNVERIFIED,UNVERIFIED_GAP,true,d7f1bba5f0cea25ae7149aae062148d8c3050c808dc8acae9bc8d4c58a0ac908,BROKER_SERVER_SESSION_SCHEDULE|SAME_BROKER_SERVER_LOWER_TIMEFRAME_OR_TICK_EXPORT|INDEPENDENT_SAME_BROKER_SERVER_H1_EXPORT|OFFICIAL_MARKET_OR_BROKER_HOLIDAY_NOTICE,,evidence_package_id|evidence_type|evidence_role_PRIMARY|source_organization|broker|server|symbol|time_basis|timezone_or_unknown|effective_start|effective_end|captured_at|artifact_path|artifact_sha256|source_metadata|validation_status,NO_EVIDENCE_SUBMITTED
GQ0749,2022,Wednesday,2022-11-23T23:00:00,2022-11-24T01:00:00,2.0,1,GOLD#_H1_202201030100_202212302300.csv,GOLD#_H1_202201030100_202212302300.csv,UNVERIFIED,UNVERIFIED_GAP,true,ddc847315172ec7c46de541a6d22fcf76e43b2086d1801cb01cae4330d2b071a,BROKER_SERVER_SESSION_SCHEDULE|SAME_BROKER_SERVER_LOWER_TIMEFRAME_OR_TICK_EXPORT|INDEPENDENT_SAME_BROKER_SERVER_H1_EXPORT|OFFICIAL_MARKET_OR_BROKER_HOLIDAY_NOTICE,,evidence_package_id|evidence_type|evidence_role_PRIMARY|source_organization|broker|server|symbol|time_basis|timezone_or_unknown|effective_start|effective_end|captured_at|artifact_path|artifact_sha256|source_metadata|validation_status,NO_EVIDENCE_SUBMITTED
GQ0750,2022,Thursday,2022-11-24T21:00:00,2022-11-25T01:00:00,4.0,3,GOLD#_H1_202201030100_202212302300.csv,GOLD#_H1_202201030100_202212302300.csv,UNVERIFIED,UNVERIFIED_GAP,true,0c4ae8b6b18ad2ba36a3e86d19e25632ad975aa9d4648a3cf8512cf3b2129686,BROKER_SERVER_SESSION_SCHEDULE|SAME_BROKER_SERVER_LOWER_TIMEFRAME_OR_TICK_EXPORT|INDEPENDENT_SAME_BROKER_SERVER_H1_EXPORT|OFFICIAL_MARKET_OR_BROKER_HOLIDAY_NOTICE,,evidence_package_id|evidence_type|evidence_role_PRIMARY|source_organization|broker|server|symbol|time_basis|timezone_or_unknown|effective_start|effective_end|captured_at|artifact_path|artifact_sha256|source_metadata|validation_status,NO_EVIDENCE_SUBMITTED
GQ0752,2022,Monday,2022-11-28T23:00:00,2022-11-29T01:00:00,2.0,1,GOLD#_H1_202201030100_202212302300.csv,GOLD#_H1_202201030100_202212302300.csv,UNVERIFIED,UNVERIFIED_GAP,true,b26ab4f081e185e53bcd6689f6b2cab6cae9a16683c4c423d82c1633dafc0e10,BROKER_SERVER_SESSION_SCHEDULE|SAME_BROKER_SERVER_LOWER_TIMEFRAME_OR_TICK_EXPORT|INDEPENDENT_SAME_BROKER_SERVER_H1_EXPORT|OFFICIAL_MARKET_OR_BROKER_HOLIDAY_NOTICE,,evidence_package_id|evidence_type|evidence_role_PRIMARY|source_organization|broker|server|symbol|time_basis|timezone_or_unknown|effective_start|effective_end|captured_at|artifact_path|artifact_sha256|source_metadata|validation_status,NO_EVIDENCE_SUBMITTED
GQ0753,2022,Tuesday,2022-11-29T23:00:00,2022-11-30T01:00:00,2.0,1,GOLD#_H1_202201030100_202212302300.csv,GOLD#_H1_202201030100_202212302300.csv,UNVERIFIED,UNVERIFIED_GAP,true,d7f1bba5f0cea25ae7149aae062148d8c3050c808dc8acae9bc8d4c58a0ac908,BROKER_SERVER_SESSION_SCHEDULE|SAME_BROKER_SERVER_LOWER_TIMEFRAME_OR_TICK_EXPORT|INDEPENDENT_SAME_BROKER_SERVER_H1_EXPORT|OFFICIAL_MARKET_OR_BROKER_HOLIDAY_NOTICE,,evidence_package_id|evidence_type|evidence_role_PRIMARY|source_organization|broker|server|symbol|time_basis|timezone_or_unknown|effective_start|effective_end|captured_at|artifact_path|artifact_sha256|source_metadata|validation_status,NO_EVIDENCE_SUBMITTED
GQ0754,2022,Wednesday,2022-11-30T23:00:00,2022-12-01T01:00:00,2.0,1,GOLD#_H1_202201030100_202212302300.csv,GOLD#_H1_202201030100_202212302300.csv,UNVERIFIED,UNVERIFIED_GAP,true,ddc847315172ec7c46de541a6d22fcf76e43b2086d1801cb01cae4330d2b071a,BROKER_SERVER_SESSION_SCHEDULE|SAME_BROKER_SERVER_LOWER_TIMEFRAME_OR_TICK_EXPORT|INDEPENDENT_SAME_BROKER_SERVER_H1_EXPORT|OFFICIAL_MARKET_OR_BROKER_HOLIDAY_NOTICE,,evidence_package_id|evidence_type|evidence_role_PRIMARY|source_organization|broker|server|symbol|time_basis|timezone_or_unknown|effective_start|effective_end|captured_at|artifact_path|artifact_sha256|source_metadata|validation_status,NO_EVIDENCE_SUBMITTED
GQ0755,2022,Thursday,2022-12-01T23:00:00,2022-12-02T01:00:00,2.0,1,GOLD#_H1_202201030100_202212302300.csv,GOLD#_H1_202201030100_202212302300.csv,UNVERIFIED,UNVERIFIED_GAP,true,0e6dd03f42a7fe5c935960758661b3fd08698b5af9259c549a0827d907c3904a,BROKER_SERVER_SESSION_SCHEDULE|SAME_BROKER_SERVER_LOWER_TIMEFRAME_OR_TICK_EXPORT|INDEPENDENT_SAME_BROKER_SERVER_H1_EXPORT|OFFICIAL_MARKET_OR_BROKER_HOLIDAY_NOTICE,,evidence_package_id|evidence_type|evidence_role_PRIMARY|source_organization|broker|server|symbol|time_basis|timezone_or_unknown|effective_start|effective_end|captured_at|artifact_path|artifact_sha256|source_metadata|validation_status,NO_EVIDENCE_SUBMITTED
GQ0757,2022,Monday,2022-12-05T23:00:00,2022-12-06T01:00:00,2.0,1,GOLD#_H1_202201030100_202212302300.csv,GOLD#_H1_202201030100_202212302300.csv,UNVERIFIED,UNVERIFIED_GAP,true,b26ab4f081e185e53bcd6689f6b2cab6cae9a16683c4c423d82c1633dafc0e10,BROKER_SERVER_SESSION_SCHEDULE|SAME_BROKER_SERVER_LOWER_TIMEFRAME_OR_TICK_EXPORT|INDEPENDENT_SAME_BROKER_SERVER_H1_EXPORT|OFFICIAL_MARKET_OR_BROKER_HOLIDAY_NOTICE,,evidence_package_id|evidence_type|evidence_role_PRIMARY|source_organization|broker|server|symbol|time_basis|timezone_or_unknown|effective_start|effective_end|captured_at|artifact_path|artifact_sha256|source_metadata|validation_status,NO_EVIDENCE_SUBMITTED
GQ0758,2022,Tuesday,2022-12-06T23:00:00,2022-12-07T01:00:00,2.0,1,GOLD#_H1_202201030100_202212302300.csv,GOLD#_H1_202201030100_202212302300.csv,UNVERIFIED,UNVERIFIED_GAP,true,d7f1bba5f0cea25ae7149aae062148d8c3050c808dc8acae9bc8d4c58a0ac908,BROKER_SERVER_SESSION_SCHEDULE|SAME_BROKER_SERVER_LOWER_TIMEFRAME_OR_TICK_EXPORT|INDEPENDENT_SAME_BROKER_SERVER_H1_EXPORT|OFFICIAL_MARKET_OR_BROKER_HOLIDAY_NOTICE,,evidence_package_id|evidence_type|evidence_role_PRIMARY|source_organization|broker|server|symbol|time_basis|timezone_or_unknown|effective_start|effective_end|captured_at|artifact_path|artifact_sha256|source_metadata|validation_status,NO_EVIDENCE_SUBMITTED
GQ0759,2022,Wednesday,2022-12-07T23:00:00,2022-12-08T01:00:00,2.0,1,GOLD#_H1_202201030100_202212302300.csv,GOLD#_H1_202201030100_202212302300.csv,UNVERIFIED,UNVERIFIED_GAP,true,ddc847315172ec7c46de541a6d22fcf76e43b2086d1801cb01cae4330d2b071a,BROKER_SERVER_SESSION_SCHEDULE|SAME_BROKER_SERVER_LOWER_TIMEFRAME_OR_TICK_EXPORT|INDEPENDENT_SAME_BROKER_SERVER_H1_EXPORT|OFFICIAL_MARKET_OR_BROKER_HOLIDAY_NOTICE,,evidence_package_id|evidence_type|evidence_role_PRIMARY|source_organization|broker|server|symbol|time_basis|timezone_or_unknown|effective_start|effective_end|captured_at|artifact_path|artifact_sha256|source_metadata|validation_status,NO_EVIDENCE_SUBMITTED
GQ0760,2022,Thursday,2022-12-08T23:00:00,2022-12-09T01:00:00,2.0,1,GOLD#_H1_202201030100_202212302300.csv,GOLD#_H1_202201030100_202212302300.csv,UNVERIFIED,UNVERIFIED_GAP,true,0e6dd03f42a7fe5c935960758661b3fd08698b5af9259c549a0827d907c3904a,BROKER_SERVER_SESSION_SCHEDULE|SAME_BROKER_SERVER_LOWER_TIMEFRAME_OR_TICK_EXPORT|INDEPENDENT_SAME_BROKER_SERVER_H1_EXPORT|OFFICIAL_MARKET_OR_BROKER_HOLIDAY_NOTICE,,evidence_package_id|evidence_type|evidence_role_PRIMARY|source_organization|broker|server|symbol|time_basis|timezone_or_unknown|effective_start|effective_end|captured_at|artifact_path|artifact_sha256|source_metadata|validation_status,NO_EVIDENCE_SUBMITTED
GQ0762,2022,Monday,2022-12-12T23:00:00,2022-12-13T01:00:00,2.0,1,GOLD#_H1_202201030100_202212302300.csv,GOLD#_H1_202201030100_202212302300.csv,UNVERIFIED,UNVERIFIED_GAP,true,b26ab4f081e185e53bcd6689f6b2cab6cae9a16683c4c423d82c1633dafc0e10,BROKER_SERVER_SESSION_SCHEDULE|SAME_BROKER_SERVER_LOWER_TIMEFRAME_OR_TICK_EXPORT|INDEPENDENT_SAME_BROKER_SERVER_H1_EXPORT|OFFICIAL_MARKET_OR_BROKER_HOLIDAY_NOTICE,,evidence_package_id|evidence_type|evidence_role_PRIMARY|source_organization|broker|server|symbol|time_basis|timezone_or_unknown|effective_start|effective_end|captured_at|artifact_path|artifact_sha256|source_metadata|validation_status,NO_EVIDENCE_SUBMITTED
GQ0763,2022,Tuesday,2022-12-13T23:00:00,2022-12-14T01:00:00,2.0,1,GOLD#_H1_202201030100_202212302300.csv,GOLD#_H1_202201030100_202212302300.csv,UNVERIFIED,UNVERIFIED_GAP,true,d7f1bba5f0cea25ae7149aae062148d8c3050c808dc8acae9bc8d4c58a0ac908,BROKER_SERVER_SESSION_SCHEDULE|SAME_BROKER_SERVER_LOWER_TIMEFRAME_OR_TICK_EXPORT|INDEPENDENT_SAME_BROKER_SERVER_H1_EXPORT|OFFICIAL_MARKET_OR_BROKER_HOLIDAY_NOTICE,,evidence_package_id|evidence_type|evidence_role_PRIMARY|source_organization|broker|server|symbol|time_basis|timezone_or_unknown|effective_start|effective_end|captured_at|artifact_path|artifact_sha256|source_metadata|validation_status,NO_EVIDENCE_SUBMITTED
GQ0764,2022,Wednesday,2022-12-14T23:00:00,2022-12-15T01:00:00,2.0,1,GOLD#_H1_202201030100_202212302300.csv,GOLD#_H1_202201030100_202212302300.csv,UNVERIFIED,UNVERIFIED_GAP,true,ddc847315172ec7c46de541a6d22fcf76e43b2086d1801cb01cae4330d2b071a,BROKER_SERVER_SESSION_SCHEDULE|SAME_BROKER_SERVER_LOWER_TIMEFRAME_OR_TICK_EXPORT|INDEPENDENT_SAME_BROKER_SERVER_H1_EXPORT|OFFICIAL_MARKET_OR_BROKER_HOLIDAY_NOTICE,,evidence_package_id|evidence_type|evidence_role_PRIMARY|source_organization|broker|server|symbol|time_basis|timezone_or_unknown|effective_start|effective_end|captured_at|artifact_path|artifact_sha256|source_metadata|validation_status,NO_EVIDENCE_SUBMITTED
GQ0765,2022,Thursday,2022-12-15T23:00:00,2022-12-16T01:00:00,2.0,1,GOLD#_H1_202201030100_202212302300.csv,GOLD#_H1_202201030100_202212302300.csv,UNVERIFIED,UNVERIFIED_GAP,true,0e6dd03f42a7fe5c935960758661b3fd08698b5af9259c549a0827d907c3904a,BROKER_SERVER_SESSION_SCHEDULE|SAME_BROKER_SERVER_LOWER_TIMEFRAME_OR_TICK_EXPORT|INDEPENDENT_SAME_BROKER_SERVER_H1_EXPORT|OFFICIAL_MARKET_OR_BROKER_HOLIDAY_NOTICE,,evidence_package_id|evidence_type|evidence_role_PRIMARY|source_organization|broker|server|symbol|time_basis|timezone_or_unknown|effective_start|effective_end|captured_at|artifact_path|artifact_sha256|source_metadata|validation_status,NO_EVIDENCE_SUBMITTED
GQ0767,2022,Monday,2022-12-19T23:00:00,2022-12-20T01:00:00,2.0,1,GOLD#_H1_202201030100_202212302300.csv,GOLD#_H1_202201030100_202212302300.csv,UNVERIFIED,UNVERIFIED_GAP,true,b26ab4f081e185e53bcd6689f6b2cab6cae9a16683c4c423d82c1633dafc0e10,BROKER_SERVER_SESSION_SCHEDULE|SAME_BROKER_SERVER_LOWER_TIMEFRAME_OR_TICK_EXPORT|INDEPENDENT_SAME_BROKER_SERVER_H1_EXPORT|OFFICIAL_MARKET_OR_BROKER_HOLIDAY_NOTICE,,evidence_package_id|evidence_type|evidence_role_PRIMARY|source_organization|broker|server|symbol|time_basis|timezone_or_unknown|effective_start|effective_end|captured_at|artifact_path|artifact_sha256|source_metadata|validation_status,NO_EVIDENCE_SUBMITTED
GQ0768,2022,Tuesday,2022-12-20T23:00:00,2022-12-21T01:00:00,2.0,1,GOLD#_H1_202201030100_202212302300.csv,GOLD#_H1_202201030100_202212302300.csv,UNVERIFIED,UNVERIFIED_GAP,true,d7f1bba5f0cea25ae7149aae062148d8c3050c808dc8acae9bc8d4c58a0ac908,BROKER_SERVER_SESSION_SCHEDULE|SAME_BROKER_SERVER_LOWER_TIMEFRAME_OR_TICK_EXPORT|INDEPENDENT_SAME_BROKER_SERVER_H1_EXPORT|OFFICIAL_MARKET_OR_BROKER_HOLIDAY_NOTICE,,evidence_package_id|evidence_type|evidence_role_PRIMARY|source_organization|broker|server|symbol|time_basis|timezone_or_unknown|effective_start|effective_end|captured_at|artifact_path|artifact_sha256|source_metadata|validation_status,NO_EVIDENCE_SUBMITTED
GQ0769,2022,Wednesday,2022-12-21T23:00:00,2022-12-22T01:00:00,2.0,1,GOLD#_H1_202201030100_202212302300.csv,GOLD#_H1_202201030100_202212302300.csv,UNVERIFIED,UNVERIFIED_GAP,true,ddc847315172ec7c46de541a6d22fcf76e43b2086d1801cb01cae4330d2b071a,BROKER_SERVER_SESSION_SCHEDULE|SAME_BROKER_SERVER_LOWER_TIMEFRAME_OR_TICK_EXPORT|INDEPENDENT_SAME_BROKER_SERVER_H1_EXPORT|OFFICIAL_MARKET_OR_BROKER_HOLIDAY_NOTICE,,evidence_package_id|evidence_type|evidence_role_PRIMARY|source_organization|broker|server|symbol|time_basis|timezone_or_unknown|effective_start|effective_end|captured_at|artifact_path|artifact_sha256|source_metadata|validation_status,NO_EVIDENCE_SUBMITTED
GQ0770,2022,Thursday,2022-12-22T23:00:00,2022-12-23T01:00:00,2.0,1,GOLD#_H1_202201030100_202212302300.csv,GOLD#_H1_202201030100_202212302300.csv,UNVERIFIED,UNVERIFIED_GAP,true,0e6dd03f42a7fe5c935960758661b3fd08698b5af9259c549a0827d907c3904a,BROKER_SERVER_SESSION_SCHEDULE|SAME_BROKER_SERVER_LOWER_TIMEFRAME_OR_TICK_EXPORT|INDEPENDENT_SAME_BROKER_SERVER_H1_EXPORT|OFFICIAL_MARKET_OR_BROKER_HOLIDAY_NOTICE,,evidence_package_id|evidence_type|evidence_role_PRIMARY|source_organization|broker|server|symbol|time_basis|timezone_or_unknown|effective_start|effective_end|captured_at|artifact_path|artifact_sha256|source_metadata|validation_status,NO_EVIDENCE_SUBMITTED
GQ0771,2022,Friday,2022-12-23T23:00:00,2022-12-27T01:00:00,74.0,73,GOLD#_H1_202201030100_202212302300.csv,GOLD#_H1_202201030100_202212302300.csv,UNVERIFIED,UNVERIFIED_GAP,true,ff1070eab42c893d6ff25b0144df0b247a5dc558e75a9ca91af2bc7213b24c8a,BROKER_SERVER_SESSION_SCHEDULE|SAME_BROKER_SERVER_LOWER_TIMEFRAME_OR_TICK_EXPORT|INDEPENDENT_SAME_BROKER_SERVER_H1_EXPORT|OFFICIAL_MARKET_OR_BROKER_HOLIDAY_NOTICE,,evidence_package_id|evidence_type|evidence_role_PRIMARY|source_organization|broker|server|symbol|time_basis|timezone_or_unknown|effective_start|effective_end|captured_at|artifact_path|artifact_sha256|source_metadata|validation_status,NO_EVIDENCE_SUBMITTED
GQ0772,2022,Tuesday,2022-12-27T23:00:00,2022-12-28T01:00:00,2.0,1,GOLD#_H1_202201030100_202212302300.csv,GOLD#_H1_202201030100_202212302300.csv,UNVERIFIED,UNVERIFIED_GAP,true,d7f1bba5f0cea25ae7149aae062148d8c3050c808dc8acae9bc8d4c58a0ac908,BROKER_SERVER_SESSION_SCHEDULE|SAME_BROKER_SERVER_LOWER_TIMEFRAME_OR_TICK_EXPORT|INDEPENDENT_SAME_BROKER_SERVER_H1_EXPORT|OFFICIAL_MARKET_OR_BROKER_HOLIDAY_NOTICE,,evidence_package_id|evidence_type|evidence_role_PRIMARY|source_organization|broker|server|symbol|time_basis|timezone_or_unknown|effective_start|effective_end|captured_at|artifact_path|artifact_sha256|source_metadata|validation_status,NO_EVIDENCE_SUBMITTED
GQ0773,2022,Wednesday,2022-12-28T23:00:00,2022-12-29T01:00:00,2.0,1,GOLD#_H1_202201030100_202212302300.csv,GOLD#_H1_202201030100_202212302300.csv,UNVERIFIED,UNVERIFIED_GAP,true,ddc847315172ec7c46de541a6d22fcf76e43b2086d1801cb01cae4330d2b071a,BROKER_SERVER_SESSION_SCHEDULE|SAME_BROKER_SERVER_LOWER_TIMEFRAME_OR_TICK_EXPORT|INDEPENDENT_SAME_BROKER_SERVER_H1_EXPORT|OFFICIAL_MARKET_OR_BROKER_HOLIDAY_NOTICE,,evidence_package_id|evidence_type|evidence_role_PRIMARY|source_organization|broker|server|symbol|time_basis|timezone_or_unknown|effective_start|effective_end|captured_at|artifact_path|artifact_sha256|source_metadata|validation_status,NO_EVIDENCE_SUBMITTED
GQ0774,2022,Thursday,2022-12-29T23:00:00,2022-12-30T01:00:00,2.0,1,GOLD#_H1_202201030100_202212302300.csv,GOLD#_H1_202201030100_202212302300.csv,UNVERIFIED,UNVERIFIED_GAP,true,0e6dd03f42a7fe5c935960758661b3fd08698b5af9259c549a0827d907c3904a,BROKER_SERVER_SESSION_SCHEDULE|SAME_BROKER_SERVER_LOWER_TIMEFRAME_OR_TICK_EXPORT|INDEPENDENT_SAME_BROKER_SERVER_H1_EXPORT|OFFICIAL_MARKET_OR_BROKER_HOLIDAY_NOTICE,,evidence_package_id|evidence_type|evidence_role_PRIMARY|source_organization|broker|server|symbol|time_basis|timezone_or_unknown|effective_start|effective_end|captured_at|artifact_path|artifact_sha256|source_metadata|validation_status,NO_EVIDENCE_SUBMITTED
