section,field,independently_recomputed_value,c2_recorded_value,match,severity,source_artifact,notes_code
01_raw_artifact,byte_size,216222,216222,true,MATERIAL,research/results/checkpoint_fr_phase_c2/row_structural_validation_summary.json,RAW_RECOMPUTATION
01_raw_artifact,data_row_count,3386,3386,true,MATERIAL,research/results/checkpoint_fr_phase_c2/row_structural_validation_summary.json,RAW_RECOMPUTATION
01_raw_artifact,delimiter,TAB,TAB,true,MATERIAL,research/results/checkpoint_fr_phase_c2/row_structural_validation_summary.json,RAW_RECOMPUTATION
01_raw_artifact,encoding,UTF-8_NO_BOM,UTF-8_NO_BOM,true,MATERIAL,research/results/checkpoint_fr_phase_c2/row_structural_validation_summary.json,RAW_RECOMPUTATION
01_raw_artifact,header_profile,MT5_ANGLE_BRACKET_HEADER,MT5_ANGLE_BRACKET_HEADER,true,MATERIAL,research/results/checkpoint_fr_phase_c2/row_structural_validation_summary.json,RAW_RECOMPUTATION
01_raw_artifact,original_bytes,UNCHANGED,UNCHANGED,true,MATERIAL,research/results/checkpoint_fr_phase_c2/row_structural_validation_summary.json,RAW_IMMUTABILITY
01_raw_artifact,physical_row_count,3387,3387,true,MATERIAL,research/results/checkpoint_fr_phase_c2/row_structural_validation_summary.json,RAW_RECOMPUTATION
01_raw_artifact,sha256,69aa7e16d4d3e54bfe8e0aa3ce4c5d61bbd0fcaefb45050341304681b3766f92,69aa7e16d4d3e54bfe8e0aa3ce4c5d61bbd0fcaefb45050341304681b3766f92,true,MATERIAL,research/results/checkpoint_fr_phase_c2/row_structural_validation_summary.json,RAW_RECOMPUTATION
02_source_identity,account_environment_type,DEMO,DEMO,true,MATERIAL,research/results/checkpoint_fr_phase_c2/row_structural_validation_summary.json,SOURCE_IDENTITY_RECOMPUTATION
02_source_identity,broker,XM,XM,true,MATERIAL,research/results/checkpoint_fr_phase_c2/row_structural_validation_summary.json,SOURCE_IDENTITY_RECOMPUTATION
02_source_identity,dst_behavior,UNKNOWN,UNKNOWN,true,MATERIAL,research/results/checkpoint_fr_phase_c2/row_structural_validation_summary.json,SOURCE_IDENTITY_RECOMPUTATION
02_source_identity,exact_server,XMGlobal-MT5 2,XMGlobal-MT5 2,true,MATERIAL,research/results/checkpoint_fr_phase_c2/row_structural_validation_summary.json,SOURCE_IDENTITY_RECOMPUTATION
02_source_identity,exact_symbol,GOLD#,GOLD#,true,MATERIAL,research/results/checkpoint_fr_phase_c2/row_structural_validation_summary.json,SOURCE_IDENTITY_RECOMPUTATION
02_source_identity,status,VERIFIED,VERIFIED,true,MATERIAL,research/results/checkpoint_fr_phase_c2/row_structural_validation_summary.json,SOURCE_IDENTITY_STATUS
02_source_identity,symbol_utf8_hex,474f4c4423,474f4c4423,true,MATERIAL,research/results/checkpoint_fr_phase_c2/row_structural_validation_summary.json,SOURCE_IDENTITY_RECOMPUTATION
02_source_identity,terminal_build,6061,6061,true,MATERIAL,research/results/checkpoint_fr_phase_c2/row_structural_validation_summary.json,SOURCE_IDENTITY_RECOMPUTATION
02_source_identity,time_basis,XM_MT5_SERVER_CHART_TIME,XM_MT5_SERVER_CHART_TIME,true,MATERIAL,research/results/checkpoint_fr_phase_c2/row_structural_validation_summary.json,SOURCE_IDENTITY_RECOMPUTATION
02_source_identity,timeframe,H1,H1,true,MATERIAL,research/results/checkpoint_fr_phase_c2/row_structural_validation_summary.json,SOURCE_IDENTITY_RECOMPUTATION
02_source_identity,utc_offset,UNKNOWN,UNKNOWN,true,MATERIAL,research/results/checkpoint_fr_phase_c2/row_structural_validation_summary.json,SOURCE_IDENTITY_RECOMPUTATION
03_numeric_ranges,CLOSE.maximum,5562.45,5562.45,true,MATERIAL,research/results/checkpoint_fr_phase_c2/row_structural_validation_summary.json,NUMERIC_RANGE
03_numeric_ranges,CLOSE.minimum,3962.80,3962.80,true,MATERIAL,research/results/checkpoint_fr_phase_c2/row_structural_validation_summary.json,NUMERIC_RANGE
03_numeric_ranges,HIGH.maximum,5597.99,5597.99,true,MATERIAL,research/results/checkpoint_fr_phase_c2/row_structural_validation_summary.json,NUMERIC_RANGE
03_numeric_ranges,HIGH.minimum,3971.17,3971.17,true,MATERIAL,research/results/checkpoint_fr_phase_c2/row_structural_validation_summary.json,NUMERIC_RANGE
03_numeric_ranges,LOW.maximum,5554.71,5554.71,true,MATERIAL,research/results/checkpoint_fr_phase_c2/row_structural_validation_summary.json,NUMERIC_RANGE
03_numeric_ranges,LOW.minimum,3942.28,3942.28,true,MATERIAL,research/results/checkpoint_fr_phase_c2/row_structural_validation_summary.json,NUMERIC_RANGE
03_numeric_ranges,OPEN.maximum,5562.57,5562.57,true,MATERIAL,research/results/checkpoint_fr_phase_c2/row_structural_validation_summary.json,NUMERIC_RANGE
03_numeric_ranges,OPEN.minimum,3962.79,3962.79,true,MATERIAL,research/results/checkpoint_fr_phase_c2/row_structural_validation_summary.json,NUMERIC_RANGE
03_numeric_ranges,SPREAD.maximum,32,32,true,MATERIAL,research/results/checkpoint_fr_phase_c2/row_structural_validation_summary.json,NUMERIC_RANGE
03_numeric_ranges,SPREAD.minimum,16,16,true,MATERIAL,research/results/checkpoint_fr_phase_c2/row_structural_validation_summary.json,NUMERIC_RANGE
03_numeric_ranges,TICKVOL.maximum,38551,38551,true,MATERIAL,research/results/checkpoint_fr_phase_c2/row_structural_validation_summary.json,NUMERIC_RANGE
03_numeric_ranges,TICKVOL.minimum,1414,1414,true,MATERIAL,research/results/checkpoint_fr_phase_c2/row_structural_validation_summary.json,NUMERIC_RANGE
03_numeric_ranges,VOL.maximum,0,0,true,MATERIAL,research/results/checkpoint_fr_phase_c2/row_structural_validation_summary.json,NUMERIC_RANGE
03_numeric_ranges,VOL.minimum,0,0,true,MATERIAL,research/results/checkpoint_fr_phase_c2/row_structural_validation_summary.json,NUMERIC_RANGE
03_structural,logical_columns,"[""DATE"",""TIME"",""OPEN"",""HIGH"",""LOW"",""CLOSE"",""TICKVOL"",""VOL"",""SPREAD""]","[""DATE"",""TIME"",""OPEN"",""HIGH"",""LOW"",""CLOSE"",""TICKVOL"",""VOL"",""SPREAD""]",true,MATERIAL,research/results/checkpoint_fr_phase_c2/row_structural_validation_summary.json,HEADER_COLUMNS
03_structural,original_ordering,PASS,PASS,true,MATERIAL,research/results/checkpoint_fr_phase_c2/row_structural_validation_summary.json,ORDERING_STATUS
03_structural,parsed_row_identity_sha256,bdf606eefdd4eb9cf3aad63be00ea84a8d7654c817db606e7ba1e6d2ece47422,bdf606eefdd4eb9cf3aad63be00ea84a8d7654c817db606e7ba1e6d2ece47422,true,MATERIAL,research/results/checkpoint_fr_phase_c2/row_structural_validation_summary.json,PARSER_IDENTITY
03_structural,structural_parse,PASS,PASS,true,MATERIAL,research/results/checkpoint_fr_phase_c2/row_structural_validation_summary.json,STRUCTURAL_STATUS
03_structural,valid_structural_row_count,3386,3386,true,MATERIAL,research/results/checkpoint_fr_phase_c2/row_structural_validation_summary.json,VALID_ROW_COUNT
03_structural_errors,blank_embedded_data_row_count,0,0,true,MATERIAL,research/results/checkpoint_fr_phase_c2/row_structural_validation_summary.json,STRUCTURAL_ERROR_COUNT
03_structural_errors,duplicate_conflicting_count,0,0,true,MATERIAL,research/results/checkpoint_fr_phase_c2/row_structural_validation_summary.json,STRUCTURAL_ERROR_COUNT
03_structural_errors,duplicate_identical_count,0,0,true,MATERIAL,research/results/checkpoint_fr_phase_c2/row_structural_validation_summary.json,STRUCTURAL_ERROR_COUNT
03_structural_errors,invalid_date_count,0,0,true,MATERIAL,research/results/checkpoint_fr_phase_c2/row_structural_validation_summary.json,STRUCTURAL_ERROR_COUNT
03_structural_errors,invalid_h1_alignment_count,0,0,true,MATERIAL,research/results/checkpoint_fr_phase_c2/row_structural_validation_summary.json,STRUCTURAL_ERROR_COUNT
03_structural_errors,invalid_time_count,0,0,true,MATERIAL,research/results/checkpoint_fr_phase_c2/row_structural_validation_summary.json,STRUCTURAL_ERROR_COUNT
03_structural_errors,invalid_timestamp_count,0,0,true,MATERIAL,research/results/checkpoint_fr_phase_c2/row_structural_validation_summary.json,STRUCTURAL_ERROR_COUNT
03_structural_errors,negative_spread_count,0,0,true,MATERIAL,research/results/checkpoint_fr_phase_c2/row_structural_validation_summary.json,STRUCTURAL_ERROR_COUNT
03_structural_errors,negative_tick_volume_count,0,0,true,MATERIAL,research/results/checkpoint_fr_phase_c2/row_structural_validation_summary.json,STRUCTURAL_ERROR_COUNT
03_structural_errors,negative_volume_count,0,0,true,MATERIAL,research/results/checkpoint_fr_phase_c2/row_structural_validation_summary.json,STRUCTURAL_ERROR_COUNT
03_structural_errors,non_finite_price_count,0,0,true,MATERIAL,research/results/checkpoint_fr_phase_c2/row_structural_validation_summary.json,STRUCTURAL_ERROR_COUNT
03_structural_errors,non_positive_price_count,0,0,true,MATERIAL,research/results/checkpoint_fr_phase_c2/row_structural_validation_summary.json,STRUCTURAL_ERROR_COUNT
03_structural_errors,numeric_parse_error_count,0,0,true,MATERIAL,research/results/checkpoint_fr_phase_c2/row_structural_validation_summary.json,STRUCTURAL_ERROR_COUNT
03_structural_errors,ohlc_consistency_error_count,0,0,true,MATERIAL,research/results/checkpoint_fr_phase_c2/row_structural_validation_summary.json,STRUCTURAL_ERROR_COUNT
03_structural_errors,out_of_order_count,0,0,true,MATERIAL,research/results/checkpoint_fr_phase_c2/row_structural_validation_summary.json,STRUCTURAL_ERROR_COUNT
03_structural_errors,wrong_field_count,0,0,true,MATERIAL,research/results/checkpoint_fr_phase_c2/row_structural_validation_summary.json,STRUCTURAL_ERROR_COUNT
04_observed_boundaries,first_timestamp,2026-01-02T08:00:00,2026-01-02T08:00:00,true,MATERIAL,research/results/checkpoint_fr_phase_c2/timeline_boundary_validation_summary.json,OBSERVED_BOUNDARY
04_observed_boundaries,last_timestamp,2026-07-30T03:00:00,2026-07-30T03:00:00,true,MATERIAL,research/results/checkpoint_fr_phase_c2/timeline_boundary_validation_summary.json,OBSERVED_BOUNDARY
05_partitions,analysis_row_count,2904,2904,true,MATERIAL,research/results/checkpoint_fr_phase_c2/timeline_boundary_validation_summary.json,PARTITION_COUNT
05_partitions,contracted_right_buffer_row_count,111,111,true,MATERIAL,research/results/checkpoint_fr_phase_c2/timeline_boundary_validation_summary.json,PARTITION_COUNT
05_partitions,pre_analysis_surplus_row_count,0,0,true,MATERIAL,research/results/checkpoint_fr_phase_c2/timeline_boundary_validation_summary.json,PARTITION_COUNT
05_partitions,surplus_post_contract_buffer_row_count,371,371,true,MATERIAL,research/results/checkpoint_fr_phase_c2/timeline_boundary_validation_summary.json,PARTITION_COUNT
05_surplus,expands_analysis_window,false,false,true,MATERIAL,research/results/checkpoint_fr_phase_c2/timeline_boundary_validation_summary.json,SURPLUS_PARTITION
05_surplus,first_timestamp,2026-07-08T01:00:00,2026-07-08T01:00:00,true,MATERIAL,research/results/checkpoint_fr_phase_c2/timeline_boundary_validation_summary.json,SURPLUS_PARTITION
05_surplus,last_timestamp,2026-07-30T03:00:00,2026-07-30T03:00:00,true,MATERIAL,research/results/checkpoint_fr_phase_c2/timeline_boundary_validation_summary.json,SURPLUS_PARTITION
05_surplus,row_count,371,371,true,MATERIAL,research/results/checkpoint_fr_phase_c2/timeline_boundary_validation_summary.json,SURPLUS_PARTITION
06_boundaries,analysis_leading_boundary.boundary,ANALYSIS_LEADING_BOUNDARY,ANALYSIS_LEADING_BOUNDARY,true,MATERIAL,research/results/checkpoint_fr_phase_c2/timeline_boundary_validation_summary.json,BOUNDARY_RECOMPUTATION
06_boundaries,analysis_leading_boundary.expected_hourly_timestamp,2026-01-01T00:00:00,2026-01-01T00:00:00,true,MATERIAL,research/results/checkpoint_fr_phase_c2/timeline_boundary_validation_summary.json,BOUNDARY_RECOMPUTATION
06_boundaries,analysis_leading_boundary.final_status,UNVERIFIED_BOUNDARY_COVERAGE,UNVERIFIED_BOUNDARY_COVERAGE,true,MATERIAL,research/results/checkpoint_fr_phase_c2/timeline_boundary_validation_summary.json,BOUNDARY_RECOMPUTATION
06_boundaries,analysis_leading_boundary.first_missing_expected_hourly_timestamp,2026-01-01T00:00:00,2026-01-01T00:00:00,true,MATERIAL,research/results/checkpoint_fr_phase_c2/timeline_boundary_validation_summary.json,BOUNDARY_RECOMPUTATION
06_boundaries,analysis_leading_boundary.last_missing_expected_hourly_timestamp,2026-01-02T07:00:00,2026-01-02T07:00:00,true,MATERIAL,research/results/checkpoint_fr_phase_c2/timeline_boundary_validation_summary.json,BOUNDARY_RECOMPUTATION
06_boundaries,analysis_leading_boundary.nominal_missing_hour_count,32,32,true,MATERIAL,research/results/checkpoint_fr_phase_c2/timeline_boundary_validation_summary.json,BOUNDARY_RECOMPUTATION
06_boundaries,analysis_leading_boundary.observed_timestamp,2026-01-02T08:00:00,2026-01-02T08:00:00,true,MATERIAL,research/results/checkpoint_fr_phase_c2/timeline_boundary_validation_summary.json,BOUNDARY_RECOMPUTATION
06_boundaries,analysis_leading_boundary.status,INCOMPLETE_LEADING_COVERAGE,INCOMPLETE_LEADING_COVERAGE,true,MATERIAL,research/results/checkpoint_fr_phase_c2/timeline_boundary_validation_summary.json,BOUNDARY_RECOMPUTATION
06_boundaries,analysis_trailing_boundary.boundary,ANALYSIS_TRAILING_BOUNDARY,ANALYSIS_TRAILING_BOUNDARY,true,MATERIAL,research/results/checkpoint_fr_phase_c2/timeline_boundary_validation_summary.json,BOUNDARY_RECOMPUTATION
06_boundaries,analysis_trailing_boundary.expected_hourly_timestamp,2026-06-30T23:00:00,2026-06-30T23:00:00,true,MATERIAL,research/results/checkpoint_fr_phase_c2/timeline_boundary_validation_summary.json,BOUNDARY_RECOMPUTATION
06_boundaries,analysis_trailing_boundary.final_status,COMPLETE,COMPLETE,true,MATERIAL,research/results/checkpoint_fr_phase_c2/timeline_boundary_validation_summary.json,BOUNDARY_RECOMPUTATION
06_boundaries,analysis_trailing_boundary.first_missing_expected_hourly_timestamp,null,null,true,MATERIAL,research/results/checkpoint_fr_phase_c2/timeline_boundary_validation_summary.json,BOUNDARY_RECOMPUTATION
06_boundaries,analysis_trailing_boundary.last_missing_expected_hourly_timestamp,null,null,true,MATERIAL,research/results/checkpoint_fr_phase_c2/timeline_boundary_validation_summary.json,BOUNDARY_RECOMPUTATION
06_boundaries,analysis_trailing_boundary.nominal_missing_hour_count,0,0,true,MATERIAL,research/results/checkpoint_fr_phase_c2/timeline_boundary_validation_summary.json,BOUNDARY_RECOMPUTATION
06_boundaries,analysis_trailing_boundary.observed_timestamp,2026-06-30T23:00:00,2026-06-30T23:00:00,true,MATERIAL,research/results/checkpoint_fr_phase_c2/timeline_boundary_validation_summary.json,BOUNDARY_RECOMPUTATION
06_boundaries,analysis_trailing_boundary.status,COMPLETE,COMPLETE,true,MATERIAL,research/results/checkpoint_fr_phase_c2/timeline_boundary_validation_summary.json,BOUNDARY_RECOMPUTATION
06_boundaries,observed_raw_trailing_boundary.boundary,OBSERVED_RAW_TRAILING_BOUNDARY,OBSERVED_RAW_TRAILING_BOUNDARY,true,MATERIAL,research/results/checkpoint_fr_phase_c2/timeline_boundary_validation_summary.json,BOUNDARY_RECOMPUTATION
06_boundaries,observed_raw_trailing_boundary.expected_hourly_timestamp,2026-07-07T23:00:00,2026-07-07T23:00:00,true,MATERIAL,research/results/checkpoint_fr_phase_c2/timeline_boundary_validation_summary.json,BOUNDARY_RECOMPUTATION
06_boundaries,observed_raw_trailing_boundary.final_status,OBSERVED_OVERSHOOT,OBSERVED_OVERSHOOT,true,MATERIAL,research/results/checkpoint_fr_phase_c2/timeline_boundary_validation_summary.json,BOUNDARY_RECOMPUTATION
06_boundaries,observed_raw_trailing_boundary.first_missing_expected_hourly_timestamp,null,null,true,MATERIAL,research/results/checkpoint_fr_phase_c2/timeline_boundary_validation_summary.json,BOUNDARY_RECOMPUTATION
06_boundaries,observed_raw_trailing_boundary.last_missing_expected_hourly_timestamp,null,null,true,MATERIAL,research/results/checkpoint_fr_phase_c2/timeline_boundary_validation_summary.json,BOUNDARY_RECOMPUTATION
06_boundaries,observed_raw_trailing_boundary.nominal_missing_hour_count,0,0,true,MATERIAL,research/results/checkpoint_fr_phase_c2/timeline_boundary_validation_summary.json,BOUNDARY_RECOMPUTATION
06_boundaries,observed_raw_trailing_boundary.observed_timestamp,2026-07-30T03:00:00,2026-07-30T03:00:00,true,MATERIAL,research/results/checkpoint_fr_phase_c2/timeline_boundary_validation_summary.json,BOUNDARY_RECOMPUTATION
06_boundaries,observed_raw_trailing_boundary.status,OBSERVED_OVERSHOOT,OBSERVED_OVERSHOOT,true,MATERIAL,research/results/checkpoint_fr_phase_c2/timeline_boundary_validation_summary.json,BOUNDARY_RECOMPUTATION
06_boundaries,requested_export_trailing_boundary.boundary,REQUESTED_EXPORT_TRAILING_BOUNDARY,REQUESTED_EXPORT_TRAILING_BOUNDARY,true,MATERIAL,research/results/checkpoint_fr_phase_c2/timeline_boundary_validation_summary.json,BOUNDARY_RECOMPUTATION
06_boundaries,requested_export_trailing_boundary.expected_hourly_timestamp,2026-07-07T23:00:00,2026-07-07T23:00:00,true,MATERIAL,research/results/checkpoint_fr_phase_c2/timeline_boundary_validation_summary.json,BOUNDARY_RECOMPUTATION
06_boundaries,requested_export_trailing_boundary.final_status,OBSERVED_OVERSHOOT,OBSERVED_OVERSHOOT,true,MATERIAL,research/results/checkpoint_fr_phase_c2/timeline_boundary_validation_summary.json,BOUNDARY_RECOMPUTATION
06_boundaries,requested_export_trailing_boundary.first_missing_expected_hourly_timestamp,null,null,true,MATERIAL,research/results/checkpoint_fr_phase_c2/timeline_boundary_validation_summary.json,BOUNDARY_RECOMPUTATION
06_boundaries,requested_export_trailing_boundary.last_missing_expected_hourly_timestamp,null,null,true,MATERIAL,research/results/checkpoint_fr_phase_c2/timeline_boundary_validation_summary.json,BOUNDARY_RECOMPUTATION
06_boundaries,requested_export_trailing_boundary.nominal_missing_hour_count,0,0,true,MATERIAL,research/results/checkpoint_fr_phase_c2/timeline_boundary_validation_summary.json,BOUNDARY_RECOMPUTATION
06_boundaries,requested_export_trailing_boundary.observed_timestamp,2026-07-07T23:00:00,2026-07-07T23:00:00,true,MATERIAL,research/results/checkpoint_fr_phase_c2/timeline_boundary_validation_summary.json,BOUNDARY_RECOMPUTATION
06_boundaries,requested_export_trailing_boundary.status,OBSERVED_OVERSHOOT,OBSERVED_OVERSHOOT,true,MATERIAL,research/results/checkpoint_fr_phase_c2/timeline_boundary_validation_summary.json,BOUNDARY_RECOMPUTATION
06_boundaries,requested_leading_boundary.boundary,REQUESTED_LEADING_BOUNDARY,REQUESTED_LEADING_BOUNDARY,true,MATERIAL,research/results/checkpoint_fr_phase_c2/timeline_boundary_validation_summary.json,BOUNDARY_RECOMPUTATION
06_boundaries,requested_leading_boundary.expected_hourly_timestamp,2026-01-01T00:00:00,2026-01-01T00:00:00,true,MATERIAL,research/results/checkpoint_fr_phase_c2/timeline_boundary_validation_summary.json,BOUNDARY_RECOMPUTATION
06_boundaries,requested_leading_boundary.final_status,UNVERIFIED_BOUNDARY_COVERAGE,UNVERIFIED_BOUNDARY_COVERAGE,true,MATERIAL,research/results/checkpoint_fr_phase_c2/timeline_boundary_validation_summary.json,BOUNDARY_RECOMPUTATION
06_boundaries,requested_leading_boundary.first_missing_expected_hourly_timestamp,2026-01-01T00:00:00,2026-01-01T00:00:00,true,MATERIAL,research/results/checkpoint_fr_phase_c2/timeline_boundary_validation_summary.json,BOUNDARY_RECOMPUTATION
06_boundaries,requested_leading_boundary.last_missing_expected_hourly_timestamp,2026-01-02T07:00:00,2026-01-02T07:00:00,true,MATERIAL,research/results/checkpoint_fr_phase_c2/timeline_boundary_validation_summary.json,BOUNDARY_RECOMPUTATION
06_boundaries,requested_leading_boundary.nominal_missing_hour_count,32,32,true,MATERIAL,research/results/checkpoint_fr_phase_c2/timeline_boundary_validation_summary.json,BOUNDARY_RECOMPUTATION
06_boundaries,requested_leading_boundary.observed_timestamp,2026-01-02T08:00:00,2026-01-02T08:00:00,true,MATERIAL,research/results/checkpoint_fr_phase_c2/timeline_boundary_validation_summary.json,BOUNDARY_RECOMPUTATION
06_boundaries,requested_leading_boundary.status,INCOMPLETE_LEADING_COVERAGE,INCOMPLETE_LEADING_COVERAGE,true,MATERIAL,research/results/checkpoint_fr_phase_c2/timeline_boundary_validation_summary.json,BOUNDARY_RECOMPUTATION
07_right_buffer,broker_history_completeness_proven,false,false,true,MATERIAL,research/results/checkpoint_fr_phase_c2/timeline_boundary_validation_summary.json,RIGHT_BUFFER_RECOMPUTATION
07_right_buffer,buffer_event_generation_authorized,false,false,true,MATERIAL,research/results/checkpoint_fr_phase_c2/timeline_boundary_validation_summary.json,RIGHT_BUFFER_RECOMPUTATION
07_right_buffer,calendar_contiguity_required,false,false,true,MATERIAL,research/results/checkpoint_fr_phase_c2/timeline_boundary_validation_summary.json,RIGHT_BUFFER_RECOMPUTATION
07_right_buffer,contracted_buffer_valid_row_count,111,111,true,MATERIAL,research/results/checkpoint_fr_phase_c2/timeline_boundary_validation_summary.json,RIGHT_BUFFER_RECOMPUTATION
07_right_buffer,first_subsequent_valid_h1_timestamp,2026-07-01T01:00:00,2026-07-01T01:00:00,true,MATERIAL,research/results/checkpoint_fr_phase_c2/timeline_boundary_validation_summary.json,RIGHT_BUFFER_RECOMPUTATION
07_right_buffer,last_valid_analysis_timestamp,2026-06-30T23:00:00,2026-06-30T23:00:00,true,MATERIAL,research/results/checkpoint_fr_phase_c2/timeline_boundary_validation_summary.json,RIGHT_BUFFER_RECOMPUTATION
07_right_buffer,outcome_execution_authorized,false,false,true,MATERIAL,research/results/checkpoint_fr_phase_c2/timeline_boundary_validation_summary.json,RIGHT_BUFFER_RECOMPUTATION
07_right_buffer,requirement_threshold_valid_h1_bars,12,12,true,MATERIAL,research/results/checkpoint_fr_phase_c2/timeline_boundary_validation_summary.json,RIGHT_BUFFER_RECOMPUTATION
07_right_buffer,status,PASS,PASS,true,MATERIAL,research/results/checkpoint_fr_phase_c2/timeline_boundary_validation_summary.json,RIGHT_BUFFER_RECOMPUTATION
07_right_buffer,total_observed_post_analysis_valid_row_count,482,482,true,MATERIAL,research/results/checkpoint_fr_phase_c2/timeline_boundary_validation_summary.json,RIGHT_BUFFER_RECOMPUTATION
07_right_buffer,twelfth_subsequent_valid_h1_timestamp,2026-07-01T12:00:00,2026-07-01T12:00:00,true,MATERIAL,research/results/checkpoint_fr_phase_c2/timeline_boundary_validation_summary.json,RIGHT_BUFFER_RECOMPUTATION
08_gap_summary,accepted_official_broker_gap_count,0,0,true,MATERIAL,research/results/checkpoint_fr_phase_c2/timeline_boundary_validation_summary.json,GAP_TOTAL_RECOMPUTATION
08_gap_summary,accepted_same_server_session_gap_count,0,0,true,MATERIAL,research/results/checkpoint_fr_phase_c2/timeline_boundary_validation_summary.json,GAP_TOTAL_RECOMPUTATION
08_gap_summary,analysis_internal_gap_interval_count,126,126,true,MATERIAL,research/results/checkpoint_fr_phase_c2/timeline_boundary_validation_summary.json,GAP_TOTAL_RECOMPUTATION
08_gap_summary,analysis_internal_unverified_gap_interval_count,126,126,true,MATERIAL,research/results/checkpoint_fr_phase_c2/timeline_boundary_validation_summary.json,GAP_TOTAL_RECOMPUTATION
08_gap_summary,gap_interval_count,148,148,true,MATERIAL,research/results/checkpoint_fr_phase_c2/timeline_boundary_validation_summary.json,GAP_TOTAL_RECOMPUTATION
08_gap_summary,nominal_missing_hour_count,1626,1626,true,MATERIAL,research/results/checkpoint_fr_phase_c2/timeline_boundary_validation_summary.json,GAP_TOTAL_RECOMPUTATION
08_gap_summary,pattern_labels_are_descriptive_only,true,true,true,MATERIAL,research/results/checkpoint_fr_phase_c2/timeline_boundary_validation_summary.json,GAP_TOTAL_RECOMPUTATION
08_gap_summary,scope_interval_counts,"{""ANALYSIS_TO_BUFFER_BOUNDARY"":1,""ANALYSIS_WINDOW_INTERNAL"":126,""CONTRACTED_RIGHT_BUFFER"":4,""SURPLUS_POST_CONTRACT_BUFFER"":17}","{""ANALYSIS_TO_BUFFER_BOUNDARY"":1,""ANALYSIS_WINDOW_INTERNAL"":126,""CONTRACTED_RIGHT_BUFFER"":4,""SURPLUS_POST_CONTRACT_BUFFER"":17}",true,MATERIAL,research/results/checkpoint_fr_phase_c2/timeline_boundary_validation_summary.json,GAP_TOTAL_RECOMPUTATION
08_gap_summary,scope_nominal_missing_hour_counts,"{""ANALYSIS_TO_BUFFER_BOUNDARY"":1,""ANALYSIS_WINDOW_INTERNAL"":1408,""CONTRACTED_RIGHT_BUFFER"":56,""SURPLUS_POST_CONTRACT_BUFFER"":161}","{""ANALYSIS_TO_BUFFER_BOUNDARY"":1,""ANALYSIS_WINDOW_INTERNAL"":1408,""CONTRACTED_RIGHT_BUFFER"":56,""SURPLUS_POST_CONTRACT_BUFFER"":161}",true,MATERIAL,research/results/checkpoint_fr_phase_c2/timeline_boundary_validation_summary.json,GAP_TOTAL_RECOMPUTATION
08_gap_summary,structural_pattern_counts,"{""DAILY_BREAK_PATTERN"":115,""EARLY_CLOSE_OR_EXTENDED_BREAK_PATTERN"":3,""EXTENDED_WEEKEND_OR_HOLIDAY_PATTERN"":1,""WEEKEND_PATTERN"":29}","{""DAILY_BREAK_PATTERN"":115,""EARLY_CLOSE_OR_EXTENDED_BREAK_PATTERN"":3,""EXTENDED_WEEKEND_OR_HOLIDAY_PATTERN"":1,""WEEKEND_PATTERN"":29}",true,MATERIAL,research/results/checkpoint_fr_phase_c2/timeline_boundary_validation_summary.json,GAP_TOTAL_RECOMPUTATION
09_evidence,duplicate_content_is_independent_corroboration,false,false,true,MATERIAL,research/results/checkpoint_fr_phase_c2/timeline_boundary_validation_summary.json,EVIDENCE_RECOMPUTATION
09_evidence,evidence_filename_count,4,4,true,MATERIAL,research/results/checkpoint_fr_phase_c2/timeline_boundary_validation_summary.json,EVIDENCE_RECOMPUTATION
09_evidence,evidence_unique_content_count,3,3,true,MATERIAL,research/results/checkpoint_fr_phase_c2/timeline_boundary_validation_summary.json,EVIDENCE_RECOMPUTATION
09_evidence,historical_effective_range,ABSENT_OR_UNKNOWN,ABSENT_OR_UNKNOWN,true,MATERIAL,research/results/checkpoint_fr_phase_c2/timeline_boundary_validation_summary.json,EVIDENCE_RECOMPUTATION
09_evidence,session_metadata_status,CAPTURED_AND_HASH_BOUND_NOT_HISTORICALLY_ADJUDICATED,CAPTURED_AND_HASH_BOUND_NOT_HISTORICALLY_ADJUDICATED,true,MATERIAL,research/results/checkpoint_fr_phase_c2/timeline_boundary_validation_summary.json,EVIDENCE_RECOMPUTATION
10_gap_inventory,canonical_sha256,5ee7f77c18ee6fac5a8793e2f667a7f0c44ddea20f3fa750d31122d528cc1688,5ee7f77c18ee6fac5a8793e2f667a7f0c44ddea20f3fa750d31122d528cc1688,true,MATERIAL,research/results/checkpoint_fr_phase_c2/gap_inventory.csv,GAP_CANONICAL_HASH
10_gap_inventory,file_sha256,b16d35e730c4c760982198d250e403f46255a06bb5a89383da1b4aa55113184d,b16d35e730c4c760982198d250e403f46255a06bb5a89383da1b4aa55113184d,true,MATERIAL,research/results/checkpoint_fr_phase_c2/gap_inventory.csv,GAP_FILE_HASH
10_gap_rows,FCG0001.delta_hours,50,50,true,MATERIAL,research/results/checkpoint_fr_phase_c2/gap_inventory.csv,GAP_FIELD_RECOMPUTATION
10_gap_rows,FCG0001.evidence_status,NO_EXACT_EFFECTIVE_HISTORICAL_COVERAGE,NO_EXACT_EFFECTIVE_HISTORICAL_COVERAGE,true,MATERIAL,research/results/checkpoint_fr_phase_c2/gap_inventory.csv,GAP_FIELD_RECOMPUTATION
10_gap_rows,FCG0001.final_adjudication,UNVERIFIED_GAP,UNVERIFIED_GAP,true,MATERIAL,research/results/checkpoint_fr_phase_c2/gap_inventory.csv,GAP_FIELD_RECOMPUTATION
10_gap_rows,FCG0001.first_missing_timestamp,2026-01-03T00:00:00,2026-01-03T00:00:00,true,MATERIAL,research/results/checkpoint_fr_phase_c2/gap_inventory.csv,GAP_FIELD_RECOMPUTATION
10_gap_rows,FCG0001.gap_id,FCG0001,FCG0001,true,MATERIAL,research/results/checkpoint_fr_phase_c2/gap_inventory.csv,GAP_FIELD_RECOMPUTATION
10_gap_rows,FCG0001.last_missing_timestamp,2026-01-05T00:00:00,2026-01-05T00:00:00,true,MATERIAL,research/results/checkpoint_fr_phase_c2/gap_inventory.csv,GAP_FIELD_RECOMPUTATION
10_gap_rows,FCG0001.missing_hourly_slot_count,49,49,true,MATERIAL,research/results/checkpoint_fr_phase_c2/gap_inventory.csv,GAP_FIELD_RECOMPUTATION
10_gap_rows,FCG0001.next_timestamp,2026-01-05T01:00:00,2026-01-05T01:00:00,true,MATERIAL,research/results/checkpoint_fr_phase_c2/gap_inventory.csv,GAP_FIELD_RECOMPUTATION
10_gap_rows,FCG0001.next_weekday,MONDAY,MONDAY,true,MATERIAL,research/results/checkpoint_fr_phase_c2/gap_inventory.csv,GAP_FIELD_RECOMPUTATION
10_gap_rows,FCG0001.notes_code,CURRENT_HASH_BOUND_SESSION_EVIDENCE_NOT_DATED_HISTORICAL_PROOF,CURRENT_HASH_BOUND_SESSION_EVIDENCE_NOT_DATED_HISTORICAL_PROOF,true,MATERIAL,research/results/checkpoint_fr_phase_c2/gap_inventory.csv,GAP_FIELD_RECOMPUTATION
10_gap_rows,FCG0001.previous_timestamp,2026-01-02T23:00:00,2026-01-02T23:00:00,true,MATERIAL,research/results/checkpoint_fr_phase_c2/gap_inventory.csv,GAP_FIELD_RECOMPUTATION
10_gap_rows,FCG0001.previous_weekday,FRIDAY,FRIDAY,true,MATERIAL,research/results/checkpoint_fr_phase_c2/gap_inventory.csv,GAP_FIELD_RECOMPUTATION
10_gap_rows,FCG0001.scope,ANALYSIS_WINDOW_INTERNAL,ANALYSIS_WINDOW_INTERNAL,true,MATERIAL,research/results/checkpoint_fr_phase_c2/gap_inventory.csv,GAP_FIELD_RECOMPUTATION
10_gap_rows,FCG0001.structural_pattern,WEEKEND_PATTERN,WEEKEND_PATTERN,true,MATERIAL,research/results/checkpoint_fr_phase_c2/gap_inventory.csv,GAP_FIELD_RECOMPUTATION
10_gap_rows,FCG0002.delta_hours,2,2,true,MATERIAL,research/results/checkpoint_fr_phase_c2/gap_inventory.csv,GAP_FIELD_RECOMPUTATION
10_gap_rows,FCG0002.evidence_status,NO_EXACT_EFFECTIVE_HISTORICAL_COVERAGE,NO_EXACT_EFFECTIVE_HISTORICAL_COVERAGE,true,MATERIAL,research/results/checkpoint_fr_phase_c2/gap_inventory.csv,GAP_FIELD_RECOMPUTATION
10_gap_rows,FCG0002.final_adjudication,UNVERIFIED_GAP,UNVERIFIED_GAP,true,MATERIAL,research/results/checkpoint_fr_phase_c2/gap_inventory.csv,GAP_FIELD_RECOMPUTATION
10_gap_rows,FCG0002.first_missing_timestamp,2026-01-06T00:00:00,2026-01-06T00:00:00,true,MATERIAL,research/results/checkpoint_fr_phase_c2/gap_inventory.csv,GAP_FIELD_RECOMPUTATION
10_gap_rows,FCG0002.gap_id,FCG0002,FCG0002,true,MATERIAL,research/results/checkpoint_fr_phase_c2/gap_inventory.csv,GAP_FIELD_RECOMPUTATION
10_gap_rows,FCG0002.last_missing_timestamp,2026-01-06T00:00:00,2026-01-06T00:00:00,true,MATERIAL,research/results/checkpoint_fr_phase_c2/gap_inventory.csv,GAP_FIELD_RECOMPUTATION
10_gap_rows,FCG0002.missing_hourly_slot_count,1,1,true,MATERIAL,research/results/checkpoint_fr_phase_c2/gap_inventory.csv,GAP_FIELD_RECOMPUTATION
10_gap_rows,FCG0002.next_timestamp,2026-01-06T01:00:00,2026-01-06T01:00:00,true,MATERIAL,research/results/checkpoint_fr_phase_c2/gap_inventory.csv,GAP_FIELD_RECOMPUTATION
10_gap_rows,FCG0002.next_weekday,TUESDAY,TUESDAY,true,MATERIAL,research/results/checkpoint_fr_phase_c2/gap_inventory.csv,GAP_FIELD_RECOMPUTATION
10_gap_rows,FCG0002.notes_code,CURRENT_HASH_BOUND_SESSION_EVIDENCE_NOT_DATED_HISTORICAL_PROOF,CURRENT_HASH_BOUND_SESSION_EVIDENCE_NOT_DATED_HISTORICAL_PROOF,true,MATERIAL,research/results/checkpoint_fr_phase_c2/gap_inventory.csv,GAP_FIELD_RECOMPUTATION
10_gap_rows,FCG0002.previous_timestamp,2026-01-05T23:00:00,2026-01-05T23:00:00,true,MATERIAL,research/results/checkpoint_fr_phase_c2/gap_inventory.csv,GAP_FIELD_RECOMPUTATION
10_gap_rows,FCG0002.previous_weekday,MONDAY,MONDAY,true,MATERIAL,research/results/checkpoint_fr_phase_c2/gap_inventory.csv,GAP_FIELD_RECOMPUTATION
10_gap_rows,FCG0002.scope,ANALYSIS_WINDOW_INTERNAL,ANALYSIS_WINDOW_INTERNAL,true,MATERIAL,research/results/checkpoint_fr_phase_c2/gap_inventory.csv,GAP_FIELD_RECOMPUTATION
10_gap_rows,FCG0002.structural_pattern,DAILY_BREAK_PATTERN,DAILY_BREAK_PATTERN,true,MATERIAL,research/results/checkpoint_fr_phase_c2/gap_inventory.csv,GAP_FIELD_RECOMPUTATION
10_gap_rows,FCG0003.delta_hours,2,2,true,MATERIAL,research/results/checkpoint_fr_phase_c2/gap_inventory.csv,GAP_FIELD_RECOMPUTATION
10_gap_rows,FCG0003.evidence_status,NO_EXACT_EFFECTIVE_HISTORICAL_COVERAGE,NO_EXACT_EFFECTIVE_HISTORICAL_COVERAGE,true,MATERIAL,research/results/checkpoint_fr_phase_c2/gap_inventory.csv,GAP_FIELD_RECOMPUTATION
10_gap_rows,FCG0003.final_adjudication,UNVERIFIED_GAP,UNVERIFIED_GAP,true,MATERIAL,research/results/checkpoint_fr_phase_c2/gap_inventory.csv,GAP_FIELD_RECOMPUTATION
10_gap_rows,FCG0003.first_missing_timestamp,2026-01-07T00:00:00,2026-01-07T00:00:00,true,MATERIAL,research/results/checkpoint_fr_phase_c2/gap_inventory.csv,GAP_FIELD_RECOMPUTATION
10_gap_rows,FCG0003.gap_id,FCG0003,FCG0003,true,MATERIAL,research/results/checkpoint_fr_phase_c2/gap_inventory.csv,GAP_FIELD_RECOMPUTATION
10_gap_rows,FCG0003.last_missing_timestamp,2026-01-07T00:00:00,2026-01-07T00:00:00,true,MATERIAL,research/results/checkpoint_fr_phase_c2/gap_inventory.csv,GAP_FIELD_RECOMPUTATION
10_gap_rows,FCG0003.missing_hourly_slot_count,1,1,true,MATERIAL,research/results/checkpoint_fr_phase_c2/gap_inventory.csv,GAP_FIELD_RECOMPUTATION
10_gap_rows,FCG0003.next_timestamp,2026-01-07T01:00:00,2026-01-07T01:00:00,true,MATERIAL,research/results/checkpoint_fr_phase_c2/gap_inventory.csv,GAP_FIELD_RECOMPUTATION
10_gap_rows,FCG0003.next_weekday,WEDNESDAY,WEDNESDAY,true,MATERIAL,research/results/checkpoint_fr_phase_c2/gap_inventory.csv,GAP_FIELD_RECOMPUTATION
10_gap_rows,FCG0003.notes_code,CURRENT_HASH_BOUND_SESSION_EVIDENCE_NOT_DATED_HISTORICAL_PROOF,CURRENT_HASH_BOUND_SESSION_EVIDENCE_NOT_DATED_HISTORICAL_PROOF,true,MATERIAL,research/results/checkpoint_fr_phase_c2/gap_inventory.csv,GAP_FIELD_RECOMPUTATION
10_gap_rows,FCG0003.previous_timestamp,2026-01-06T23:00:00,2026-01-06T23:00:00,true,MATERIAL,research/results/checkpoint_fr_phase_c2/gap_inventory.csv,GAP_FIELD_RECOMPUTATION
10_gap_rows,FCG0003.previous_weekday,TUESDAY,TUESDAY,true,MATERIAL,research/results/checkpoint_fr_phase_c2/gap_inventory.csv,GAP_FIELD_RECOMPUTATION
10_gap_rows,FCG0003.scope,ANALYSIS_WINDOW_INTERNAL,ANALYSIS_WINDOW_INTERNAL,true,MATERIAL,research/results/checkpoint_fr_phase_c2/gap_inventory.csv,GAP_FIELD_RECOMPUTATION
10_gap_rows,FCG0003.structural_pattern,DAILY_BREAK_PATTERN,DAILY_BREAK_PATTERN,true,MATERIAL,research/results/checkpoint_fr_phase_c2/gap_inventory.csv,GAP_FIELD_RECOMPUTATION
10_gap_rows,FCG0004.delta_hours,2,2,true,MATERIAL,research/results/checkpoint_fr_phase_c2/gap_inventory.csv,GAP_FIELD_RECOMPUTATION
10_gap_rows,FCG0004.evidence_status,NO_EXACT_EFFECTIVE_HISTORICAL_COVERAGE,NO_EXACT_EFFECTIVE_HISTORICAL_COVERAGE,true,MATERIAL,research/results/checkpoint_fr_phase_c2/gap_inventory.csv,GAP_FIELD_RECOMPUTATION
10_gap_rows,FCG0004.final_adjudication,UNVERIFIED_GAP,UNVERIFIED_GAP,true,MATERIAL,research/results/checkpoint_fr_phase_c2/gap_inventory.csv,GAP_FIELD_RECOMPUTATION
10_gap_rows,FCG0004.first_missing_timestamp,2026-01-08T00:00:00,2026-01-08T00:00:00,true,MATERIAL,research/results/checkpoint_fr_phase_c2/gap_inventory.csv,GAP_FIELD_RECOMPUTATION
10_gap_rows,FCG0004.gap_id,FCG0004,FCG0004,true,MATERIAL,research/results/checkpoint_fr_phase_c2/gap_inventory.csv,GAP_FIELD_RECOMPUTATION
10_gap_rows,FCG0004.last_missing_timestamp,2026-01-08T00:00:00,2026-01-08T00:00:00,true,MATERIAL,research/results/checkpoint_fr_phase_c2/gap_inventory.csv,GAP_FIELD_RECOMPUTATION
10_gap_rows,FCG0004.missing_hourly_slot_count,1,1,true,MATERIAL,research/results/checkpoint_fr_phase_c2/gap_inventory.csv,GAP_FIELD_RECOMPUTATION
10_gap_rows,FCG0004.next_timestamp,2026-01-08T01:00:00,2026-01-08T01:00:00,true,MATERIAL,research/results/checkpoint_fr_phase_c2/gap_inventory.csv,GAP_FIELD_RECOMPUTATION
10_gap_rows,FCG0004.next_weekday,THURSDAY,THURSDAY,true,MATERIAL,research/results/checkpoint_fr_phase_c2/gap_inventory.csv,GAP_FIELD_RECOMPUTATION
10_gap_rows,FCG0004.notes_code,CURRENT_HASH_BOUND_SESSION_EVIDENCE_NOT_DATED_HISTORICAL_PROOF,CURRENT_HASH_BOUND_SESSION_EVIDENCE_NOT_DATED_HISTORICAL_PROOF,true,MATERIAL,research/results/checkpoint_fr_phase_c2/gap_inventory.csv,GAP_FIELD_RECOMPUTATION
10_gap_rows,FCG0004.previous_timestamp,2026-01-07T23:00:00,2026-01-07T23:00:00,true,MATERIAL,research/results/checkpoint_fr_phase_c2/gap_inventory.csv,GAP_FIELD_RECOMPUTATION
10_gap_rows,FCG0004.previous_weekday,WEDNESDAY,WEDNESDAY,true,MATERIAL,research/results/checkpoint_fr_phase_c2/gap_inventory.csv,GAP_FIELD_RECOMPUTATION
10_gap_rows,FCG0004.scope,ANALYSIS_WINDOW_INTERNAL,ANALYSIS_WINDOW_INTERNAL,true,MATERIAL,research/results/checkpoint_fr_phase_c2/gap_inventory.csv,GAP_FIELD_RECOMPUTATION
10_gap_rows,FCG0004.structural_pattern,DAILY_BREAK_PATTERN,DAILY_BREAK_PATTERN,true,MATERIAL,research/results/checkpoint_fr_phase_c2/gap_inventory.csv,GAP_FIELD_RECOMPUTATION
10_gap_rows,FCG0005.delta_hours,2,2,true,MATERIAL,research/results/checkpoint_fr_phase_c2/gap_inventory.csv,GAP_FIELD_RECOMPUTATION
10_gap_rows,FCG0005.evidence_status,NO_EXACT_EFFECTIVE_HISTORICAL_COVERAGE,NO_EXACT_EFFECTIVE_HISTORICAL_COVERAGE,true,MATERIAL,research/results/checkpoint_fr_phase_c2/gap_inventory.csv,GAP_FIELD_RECOMPUTATION
10_gap_rows,FCG0005.final_adjudication,UNVERIFIED_GAP,UNVERIFIED_GAP,true,MATERIAL,research/results/checkpoint_fr_phase_c2/gap_inventory.csv,GAP_FIELD_RECOMPUTATION
10_gap_rows,FCG0005.first_missing_timestamp,2026-01-09T00:00:00,2026-01-09T00:00:00,true,MATERIAL,research/results/checkpoint_fr_phase_c2/gap_inventory.csv,GAP_FIELD_RECOMPUTATION
10_gap_rows,FCG0005.gap_id,FCG0005,FCG0005,true,MATERIAL,research/results/checkpoint_fr_phase_c2/gap_inventory.csv,GAP_FIELD_RECOMPUTATION
10_gap_rows,FCG0005.last_missing_timestamp,2026-01-09T00:00:00,2026-01-09T00:00:00,true,MATERIAL,research/results/checkpoint_fr_phase_c2/gap_inventory.csv,GAP_FIELD_RECOMPUTATION
10_gap_rows,FCG0005.missing_hourly_slot_count,1,1,true,MATERIAL,research/results/checkpoint_fr_phase_c2/gap_inventory.csv,GAP_FIELD_RECOMPUTATION
10_gap_rows,FCG0005.next_timestamp,2026-01-09T01:00:00,2026-01-09T01:00:00,true,MATERIAL,research/results/checkpoint_fr_phase_c2/gap_inventory.csv,GAP_FIELD_RECOMPUTATION
10_gap_rows,FCG0005.next_weekday,FRIDAY,FRIDAY,true,MATERIAL,research/results/checkpoint_fr_phase_c2/gap_inventory.csv,GAP_FIELD_RECOMPUTATION
10_gap_rows,FCG0005.notes_code,CURRENT_HASH_BOUND_SESSION_EVIDENCE_NOT_DATED_HISTORICAL_PROOF,CURRENT_HASH_BOUND_SESSION_EVIDENCE_NOT_DATED_HISTORICAL_PROOF,true,MATERIAL,research/results/checkpoint_fr_phase_c2/gap_inventory.csv,GAP_FIELD_RECOMPUTATION
10_gap_rows,FCG0005.previous_timestamp,2026-01-08T23:00:00,2026-01-08T23:00:00,true,MATERIAL,research/results/checkpoint_fr_phase_c2/gap_inventory.csv,GAP_FIELD_RECOMPUTATION
10_gap_rows,FCG0005.previous_weekday,THURSDAY,THURSDAY,true,MATERIAL,research/results/checkpoint_fr_phase_c2/gap_inventory.csv,GAP_FIELD_RECOMPUTATION
10_gap_rows,FCG0005.scope,ANALYSIS_WINDOW_INTERNAL,ANALYSIS_WINDOW_INTERNAL,true,MATERIAL,research/results/checkpoint_fr_phase_c2/gap_inventory.csv,GAP_FIELD_RECOMPUTATION
10_gap_rows,FCG0005.structural_pattern,DAILY_BREAK_PATTERN,DAILY_BREAK_PATTERN,true,MATERIAL,research/results/checkpoint_fr_phase_c2/gap_inventory.csv,GAP_FIELD_RECOMPUTATION
10_gap_rows,FCG0006.delta_hours,50,50,true,MATERIAL,research/results/checkpoint_fr_phase_c2/gap_inventory.csv,GAP_FIELD_RECOMPUTATION
10_gap_rows,FCG0006.evidence_status,NO_EXACT_EFFECTIVE_HISTORICAL_COVERAGE,NO_EXACT_EFFECTIVE_HISTORICAL_COVERAGE,true,MATERIAL,research/results/checkpoint_fr_phase_c2/gap_inventory.csv,GAP_FIELD_RECOMPUTATION
10_gap_rows,FCG0006.final_adjudication,UNVERIFIED_GAP,UNVERIFIED_GAP,true,MATERIAL,research/results/checkpoint_fr_phase_c2/gap_inventory.csv,GAP_FIELD_RECOMPUTATION
10_gap_rows,FCG0006.first_missing_timestamp,2026-01-10T00:00:00,2026-01-10T00:00:00,true,MATERIAL,research/results/checkpoint_fr_phase_c2/gap_inventory.csv,GAP_FIELD_RECOMPUTATION
10_gap_rows,FCG0006.gap_id,FCG0006,FCG0006,true,MATERIAL,research/results/checkpoint_fr_phase_c2/gap_inventory.csv,GAP_FIELD_RECOMPUTATION
10_gap_rows,FCG0006.last_missing_timestamp,2026-01-12T00:00:00,2026-01-12T00:00:00,true,MATERIAL,research/results/checkpoint_fr_phase_c2/gap_inventory.csv,GAP_FIELD_RECOMPUTATION
10_gap_rows,FCG0006.missing_hourly_slot_count,49,49,true,MATERIAL,research/results/checkpoint_fr_phase_c2/gap_inventory.csv,GAP_FIELD_RECOMPUTATION
10_gap_rows,FCG0006.next_timestamp,2026-01-12T01:00:00,2026-01-12T01:00:00,true,MATERIAL,research/results/checkpoint_fr_phase_c2/gap_inventory.csv,GAP_FIELD_RECOMPUTATION
10_gap_rows,FCG0006.next_weekday,MONDAY,MONDAY,true,MATERIAL,research/results/checkpoint_fr_phase_c2/gap_inventory.csv,GAP_FIELD_RECOMPUTATION
10_gap_rows,FCG0006.notes_code,CURRENT_HASH_BOUND_SESSION_EVIDENCE_NOT_DATED_HISTORICAL_PROOF,CURRENT_HASH_BOUND_SESSION_EVIDENCE_NOT_DATED_HISTORICAL_PROOF,true,MATERIAL,research/results/checkpoint_fr_phase_c2/gap_inventory.csv,GAP_FIELD_RECOMPUTATION
10_gap_rows,FCG0006.previous_timestamp,2026-01-09T23:00:00,2026-01-09T23:00:00,true,MATERIAL,research/results/checkpoint_fr_phase_c2/gap_inventory.csv,GAP_FIELD_RECOMPUTATION
10_gap_rows,FCG0006.previous_weekday,FRIDAY,FRIDAY,true,MATERIAL,research/results/checkpoint_fr_phase_c2/gap_inventory.csv,GAP_FIELD_RECOMPUTATION
10_gap_rows,FCG0006.scope,ANALYSIS_WINDOW_INTERNAL,ANALYSIS_WINDOW_INTERNAL,true,MATERIAL,research/results/checkpoint_fr_phase_c2/gap_inventory.csv,GAP_FIELD_RECOMPUTATION
10_gap_rows,FCG0006.structural_pattern,WEEKEND_PATTERN,WEEKEND_PATTERN,true,MATERIAL,research/results/checkpoint_fr_phase_c2/gap_inventory.csv,GAP_FIELD_RECOMPUTATION
10_gap_rows,FCG0007.delta_hours,2,2,true,MATERIAL,research/results/checkpoint_fr_phase_c2/gap_inventory.csv,GAP_FIELD_RECOMPUTATION
10_gap_rows,FCG0007.evidence_status,NO_EXACT_EFFECTIVE_HISTORICAL_COVERAGE,NO_EXACT_EFFECTIVE_HISTORICAL_COVERAGE,true,MATERIAL,research/results/checkpoint_fr_phase_c2/gap_inventory.csv,GAP_FIELD_RECOMPUTATION
10_gap_rows,FCG0007.final_adjudication,UNVERIFIED_GAP,UNVERIFIED_GAP,true,MATERIAL,research/results/checkpoint_fr_phase_c2/gap_inventory.csv,GAP_FIELD_RECOMPUTATION
10_gap_rows,FCG0007.first_missing_timestamp,2026-01-13T00:00:00,2026-01-13T00:00:00,true,MATERIAL,research/results/checkpoint_fr_phase_c2/gap_inventory.csv,GAP_FIELD_RECOMPUTATION
10_gap_rows,FCG0007.gap_id,FCG0007,FCG0007,true,MATERIAL,research/results/checkpoint_fr_phase_c2/gap_inventory.csv,GAP_FIELD_RECOMPUTATION
10_gap_rows,FCG0007.last_missing_timestamp,2026-01-13T00:00:00,2026-01-13T00:00:00,true,MATERIAL,research/results/checkpoint_fr_phase_c2/gap_inventory.csv,GAP_FIELD_RECOMPUTATION
10_gap_rows,FCG0007.missing_hourly_slot_count,1,1,true,MATERIAL,research/results/checkpoint_fr_phase_c2/gap_inventory.csv,GAP_FIELD_RECOMPUTATION
10_gap_rows,FCG0007.next_timestamp,2026-01-13T01:00:00,2026-01-13T01:00:00,true,MATERIAL,research/results/checkpoint_fr_phase_c2/gap_inventory.csv,GAP_FIELD_RECOMPUTATION
10_gap_rows,FCG0007.next_weekday,TUESDAY,TUESDAY,true,MATERIAL,research/results/checkpoint_fr_phase_c2/gap_inventory.csv,GAP_FIELD_RECOMPUTATION
10_gap_rows,FCG0007.notes_code,CURRENT_HASH_BOUND_SESSION_EVIDENCE_NOT_DATED_HISTORICAL_PROOF,CURRENT_HASH_BOUND_SESSION_EVIDENCE_NOT_DATED_HISTORICAL_PROOF,true,MATERIAL,research/results/checkpoint_fr_phase_c2/gap_inventory.csv,GAP_FIELD_RECOMPUTATION
10_gap_rows,FCG0007.previous_timestamp,2026-01-12T23:00:00,2026-01-12T23:00:00,true,MATERIAL,research/results/checkpoint_fr_phase_c2/gap_inventory.csv,GAP_FIELD_RECOMPUTATION
10_gap_rows,FCG0007.previous_weekday,MONDAY,MONDAY,true,MATERIAL,research/results/checkpoint_fr_phase_c2/gap_inventory.csv,GAP_FIELD_RECOMPUTATION
10_gap_rows,FCG0007.scope,ANALYSIS_WINDOW_INTERNAL,ANALYSIS_WINDOW_INTERNAL,true,MATERIAL,research/results/checkpoint_fr_phase_c2/gap_inventory.csv,GAP_FIELD_RECOMPUTATION
10_gap_rows,FCG0007.structural_pattern,DAILY_BREAK_PATTERN,DAILY_BREAK_PATTERN,true,MATERIAL,research/results/checkpoint_fr_phase_c2/gap_inventory.csv,GAP_FIELD_RECOMPUTATION
10_gap_rows,FCG0008.delta_hours,2,2,true,MATERIAL,research/results/checkpoint_fr_phase_c2/gap_inventory.csv,GAP_FIELD_RECOMPUTATION
10_gap_rows,FCG0008.evidence_status,NO_EXACT_EFFECTIVE_HISTORICAL_COVERAGE,NO_EXACT_EFFECTIVE_HISTORICAL_COVERAGE,true,MATERIAL,research/results/checkpoint_fr_phase_c2/gap_inventory.csv,GAP_FIELD_RECOMPUTATION
10_gap_rows,FCG0008.final_adjudication,UNVERIFIED_GAP,UNVERIFIED_GAP,true,MATERIAL,research/results/checkpoint_fr_phase_c2/gap_inventory.csv,GAP_FIELD_RECOMPUTATION
10_gap_rows,FCG0008.first_missing_timestamp,2026-01-14T00:00:00,2026-01-14T00:00:00,true,MATERIAL,research/results/checkpoint_fr_phase_c2/gap_inventory.csv,GAP_FIELD_RECOMPUTATION
10_gap_rows,FCG0008.gap_id,FCG0008,FCG0008,true,MATERIAL,research/results/checkpoint_fr_phase_c2/gap_inventory.csv,GAP_FIELD_RECOMPUTATION
10_gap_rows,FCG0008.last_missing_timestamp,2026-01-14T00:00:00,2026-01-14T00:00:00,true,MATERIAL,research/results/checkpoint_fr_phase_c2/gap_inventory.csv,GAP_FIELD_RECOMPUTATION
10_gap_rows,FCG0008.missing_hourly_slot_count,1,1,true,MATERIAL,research/results/checkpoint_fr_phase_c2/gap_inventory.csv,GAP_FIELD_RECOMPUTATION
10_gap_rows,FCG0008.next_timestamp,2026-01-14T01:00:00,2026-01-14T01:00:00,true,MATERIAL,research/results/checkpoint_fr_phase_c2/gap_inventory.csv,GAP_FIELD_RECOMPUTATION
10_gap_rows,FCG0008.next_weekday,WEDNESDAY,WEDNESDAY,true,MATERIAL,research/results/checkpoint_fr_phase_c2/gap_inventory.csv,GAP_FIELD_RECOMPUTATION
10_gap_rows,FCG0008.notes_code,CURRENT_HASH_BOUND_SESSION_EVIDENCE_NOT_DATED_HISTORICAL_PROOF,CURRENT_HASH_BOUND_SESSION_EVIDENCE_NOT_DATED_HISTORICAL_PROOF,true,MATERIAL,research/results/checkpoint_fr_phase_c2/gap_inventory.csv,GAP_FIELD_RECOMPUTATION
10_gap_rows,FCG0008.previous_timestamp,2026-01-13T23:00:00,2026-01-13T23:00:00,true,MATERIAL,research/results/checkpoint_fr_phase_c2/gap_inventory.csv,GAP_FIELD_RECOMPUTATION
10_gap_rows,FCG0008.previous_weekday,TUESDAY,TUESDAY,true,MATERIAL,research/results/checkpoint_fr_phase_c2/gap_inventory.csv,GAP_FIELD_RECOMPUTATION
10_gap_rows,FCG0008.scope,ANALYSIS_WINDOW_INTERNAL,ANALYSIS_WINDOW_INTERNAL,true,MATERIAL,research/results/checkpoint_fr_phase_c2/gap_inventory.csv,GAP_FIELD_RECOMPUTATION
10_gap_rows,FCG0008.structural_pattern,DAILY_BREAK_PATTERN,DAILY_BREAK_PATTERN,true,MATERIAL,research/results/checkpoint_fr_phase_c2/gap_inventory.csv,GAP_FIELD_RECOMPUTATION
10_gap_rows,FCG0009.delta_hours,2,2,true,MATERIAL,research/results/checkpoint_fr_phase_c2/gap_inventory.csv,GAP_FIELD_RECOMPUTATION
10_gap_rows,FCG0009.evidence_status,NO_EXACT_EFFECTIVE_HISTORICAL_COVERAGE,NO_EXACT_EFFECTIVE_HISTORICAL_COVERAGE,true,MATERIAL,research/results/checkpoint_fr_phase_c2/gap_inventory.csv,GAP_FIELD_RECOMPUTATION
10_gap_rows,FCG0009.final_adjudication,UNVERIFIED_GAP,UNVERIFIED_GAP,true,MATERIAL,research/results/checkpoint_fr_phase_c2/gap_inventory.csv,GAP_FIELD_RECOMPUTATION
10_gap_rows,FCG0009.first_missing_timestamp,2026-01-15T00:00:00,2026-01-15T00:00:00,true,MATERIAL,research/results/checkpoint_fr_phase_c2/gap_inventory.csv,GAP_FIELD_RECOMPUTATION
10_gap_rows,FCG0009.gap_id,FCG0009,FCG0009,true,MATERIAL,research/results/checkpoint_fr_phase_c2/gap_inventory.csv,GAP_FIELD_RECOMPUTATION
10_gap_rows,FCG0009.last_missing_timestamp,2026-01-15T00:00:00,2026-01-15T00:00:00,true,MATERIAL,research/results/checkpoint_fr_phase_c2/gap_inventory.csv,GAP_FIELD_RECOMPUTATION
10_gap_rows,FCG0009.missing_hourly_slot_count,1,1,true,MATERIAL,research/results/checkpoint_fr_phase_c2/gap_inventory.csv,GAP_FIELD_RECOMPUTATION
10_gap_rows,FCG0009.next_timestamp,2026-01-15T01:00:00,2026-01-15T01:00:00,true,MATERIAL,research/results/checkpoint_fr_phase_c2/gap_inventory.csv,GAP_FIELD_RECOMPUTATION
10_gap_rows,FCG0009.next_weekday,THURSDAY,THURSDAY,true,MATERIAL,research/results/checkpoint_fr_phase_c2/gap_inventory.csv,GAP_FIELD_RECOMPUTATION
10_gap_rows,FCG0009.notes_code,CURRENT_HASH_BOUND_SESSION_EVIDENCE_NOT_DATED_HISTORICAL_PROOF,CURRENT_HASH_BOUND_SESSION_EVIDENCE_NOT_DATED_HISTORICAL_PROOF,true,MATERIAL,research/results/checkpoint_fr_phase_c2/gap_inventory.csv,GAP_FIELD_RECOMPUTATION
10_gap_rows,FCG0009.previous_timestamp,2026-01-14T23:00:00,2026-01-14T23:00:00,true,MATERIAL,research/results/checkpoint_fr_phase_c2/gap_inventory.csv,GAP_FIELD_RECOMPUTATION
10_gap_rows,FCG0009.previous_weekday,WEDNESDAY,WEDNESDAY,true,MATERIAL,research/results/checkpoint_fr_phase_c2/gap_inventory.csv,GAP_FIELD_RECOMPUTATION
10_gap_rows,FCG0009.scope,ANALYSIS_WINDOW_INTERNAL,ANALYSIS_WINDOW_INTERNAL,true,MATERIAL,research/results/checkpoint_fr_phase_c2/gap_inventory.csv,GAP_FIELD_RECOMPUTATION
10_gap_rows,FCG0009.structural_pattern,DAILY_BREAK_PATTERN,DAILY_BREAK_PATTERN,true,MATERIAL,research/results/checkpoint_fr_phase_c2/gap_inventory.csv,GAP_FIELD_RECOMPUTATION
10_gap_rows,FCG0010.delta_hours,2,2,true,MATERIAL,research/results/checkpoint_fr_phase_c2/gap_inventory.csv,GAP_FIELD_RECOMPUTATION
10_gap_rows,FCG0010.evidence_status,NO_EXACT_EFFECTIVE_HISTORICAL_COVERAGE,NO_EXACT_EFFECTIVE_HISTORICAL_COVERAGE,true,MATERIAL,research/results/checkpoint_fr_phase_c2/gap_inventory.csv,GAP_FIELD_RECOMPUTATION
10_gap_rows,FCG0010.final_adjudication,UNVERIFIED_GAP,UNVERIFIED_GAP,true,MATERIAL,research/results/checkpoint_fr_phase_c2/gap_inventory.csv,GAP_FIELD_RECOMPUTATION
10_gap_rows,FCG0010.first_missing_timestamp,2026-01-16T00:00:00,2026-01-16T00:00:00,true,MATERIAL,research/results/checkpoint_fr_phase_c2/gap_inventory.csv,GAP_FIELD_RECOMPUTATION
10_gap_rows,FCG0010.gap_id,FCG0010,FCG0010,true,MATERIAL,research/results/checkpoint_fr_phase_c2/gap_inventory.csv,GAP_FIELD_RECOMPUTATION
10_gap_rows,FCG0010.last_missing_timestamp,2026-01-16T00:00:00,2026-01-16T00:00:00,true,MATERIAL,research/results/checkpoint_fr_phase_c2/gap_inventory.csv,GAP_FIELD_RECOMPUTATION
10_gap_rows,FCG0010.missing_hourly_slot_count,1,1,true,MATERIAL,research/results/checkpoint_fr_phase_c2/gap_inventory.csv,GAP_FIELD_RECOMPUTATION
10_gap_rows,FCG0010.next_timestamp,2026-01-16T01:00:00,2026-01-16T01:00:00,true,MATERIAL,research/results/checkpoint_fr_phase_c2/gap_inventory.csv,GAP_FIELD_RECOMPUTATION
10_gap_rows,FCG0010.next_weekday,FRIDAY,FRIDAY,true,MATERIAL,research/results/checkpoint_fr_phase_c2/gap_inventory.csv,GAP_FIELD_RECOMPUTATION
10_gap_rows,FCG0010.notes_code,CURRENT_HASH_BOUND_SESSION_EVIDENCE_NOT_DATED_HISTORICAL_PROOF,CURRENT_HASH_BOUND_SESSION_EVIDENCE_NOT_DATED_HISTORICAL_PROOF,true,MATERIAL,research/results/checkpoint_fr_phase_c2/gap_inventory.csv,GAP_FIELD_RECOMPUTATION
10_gap_rows,FCG0010.previous_timestamp,2026-01-15T23:00:00,2026-01-15T23:00:00,true,MATERIAL,research/results/checkpoint_fr_phase_c2/gap_inventory.csv,GAP_FIELD_RECOMPUTATION
10_gap_rows,FCG0010.previous_weekday,THURSDAY,THURSDAY,true,MATERIAL,research/results/checkpoint_fr_phase_c2/gap_inventory.csv,GAP_FIELD_RECOMPUTATION
10_gap_rows,FCG0010.scope,ANALYSIS_WINDOW_INTERNAL,ANALYSIS_WINDOW_INTERNAL,true,MATERIAL,research/results/checkpoint_fr_phase_c2/gap_inventory.csv,GAP_FIELD_RECOMPUTATION
10_gap_rows,FCG0010.structural_pattern,DAILY_BREAK_PATTERN,DAILY_BREAK_PATTERN,true,MATERIAL,research/results/checkpoint_fr_phase_c2/gap_inventory.csv,GAP_FIELD_RECOMPUTATION
10_gap_rows,FCG0011.delta_hours,50,50,true,MATERIAL,research/results/checkpoint_fr_phase_c2/gap_inventory.csv,GAP_FIELD_RECOMPUTATION
10_gap_rows,FCG0011.evidence_status,NO_EXACT_EFFECTIVE_HISTORICAL_COVERAGE,NO_EXACT_EFFECTIVE_HISTORICAL_COVERAGE,true,MATERIAL,research/results/checkpoint_fr_phase_c2/gap_inventory.csv,GAP_FIELD_RECOMPUTATION
10_gap_rows,FCG0011.final_adjudication,UNVERIFIED_GAP,UNVERIFIED_GAP,true,MATERIAL,research/results/checkpoint_fr_phase_c2/gap_inventory.csv,GAP_FIELD_RECOMPUTATION
10_gap_rows,FCG0011.first_missing_timestamp,2026-01-17T00:00:00,2026-01-17T00:00:00,true,MATERIAL,research/results/checkpoint_fr_phase_c2/gap_inventory.csv,GAP_FIELD_RECOMPUTATION
10_gap_rows,FCG0011.gap_id,FCG0011,FCG0011,true,MATERIAL,research/results/checkpoint_fr_phase_c2/gap_inventory.csv,GAP_FIELD_RECOMPUTATION
10_gap_rows,FCG0011.last_missing_timestamp,2026-01-19T00:00:00,2026-01-19T00:00:00,true,MATERIAL,research/results/checkpoint_fr_phase_c2/gap_inventory.csv,GAP_FIELD_RECOMPUTATION
10_gap_rows,FCG0011.missing_hourly_slot_count,49,49,true,MATERIAL,research/results/checkpoint_fr_phase_c2/gap_inventory.csv,GAP_FIELD_RECOMPUTATION
10_gap_rows,FCG0011.next_timestamp,2026-01-19T01:00:00,2026-01-19T01:00:00,true,MATERIAL,research/results/checkpoint_fr_phase_c2/gap_inventory.csv,GAP_FIELD_RECOMPUTATION
10_gap_rows,FCG0011.next_weekday,MONDAY,MONDAY,true,MATERIAL,research/results/checkpoint_fr_phase_c2/gap_inventory.csv,GAP_FIELD_RECOMPUTATION
10_gap_rows,FCG0011.notes_code,CURRENT_HASH_BOUND_SESSION_EVIDENCE_NOT_DATED_HISTORICAL_PROOF,CURRENT_HASH_BOUND_SESSION_EVIDENCE_NOT_DATED_HISTORICAL_PROOF,true,MATERIAL,research/results/checkpoint_fr_phase_c2/gap_inventory.csv,GAP_FIELD_RECOMPUTATION
10_gap_rows,FCG0011.previous_timestamp,2026-01-16T23:00:00,2026-01-16T23:00:00,true,MATERIAL,research/results/checkpoint_fr_phase_c2/gap_inventory.csv,GAP_FIELD_RECOMPUTATION
10_gap_rows,FCG0011.previous_weekday,FRIDAY,FRIDAY,true,MATERIAL,research/results/checkpoint_fr_phase_c2/gap_inventory.csv,GAP_FIELD_RECOMPUTATION
10_gap_rows,FCG0011.scope,ANALYSIS_WINDOW_INTERNAL,ANALYSIS_WINDOW_INTERNAL,true,MATERIAL,research/results/checkpoint_fr_phase_c2/gap_inventory.csv,GAP_FIELD_RECOMPUTATION
10_gap_rows,FCG0011.structural_pattern,WEEKEND_PATTERN,WEEKEND_PATTERN,true,MATERIAL,research/results/checkpoint_fr_phase_c2/gap_inventory.csv,GAP_FIELD_RECOMPUTATION
10_gap_rows,FCG0012.delta_hours,4,4,true,MATERIAL,research/results/checkpoint_fr_phase_c2/gap_inventory.csv,GAP_FIELD_RECOMPUTATION
10_gap_rows,FCG0012.evidence_status,NO_EXACT_EFFECTIVE_HISTORICAL_COVERAGE,NO_EXACT_EFFECTIVE_HISTORICAL_COVERAGE,true,MATERIAL,research/results/checkpoint_fr_phase_c2/gap_inventory.csv,GAP_FIELD_RECOMPUTATION
10_gap_rows,FCG0012.final_adjudication,UNVERIFIED_GAP,UNVERIFIED_GAP,true,MATERIAL,research/results/checkpoint_fr_phase_c2/gap_inventory.csv,GAP_FIELD_RECOMPUTATION
10_gap_rows,FCG0012.first_missing_timestamp,2026-01-19T22:00:00,2026-01-19T22:00:00,true,MATERIAL,research/results/checkpoint_fr_phase_c2/gap_inventory.csv,GAP_FIELD_RECOMPUTATION
10_gap_rows,FCG0012.gap_id,FCG0012,FCG0012,true,MATERIAL,research/results/checkpoint_fr_phase_c2/gap_inventory.csv,GAP_FIELD_RECOMPUTATION
10_gap_rows,FCG0012.last_missing_timestamp,2026-01-20T00:00:00,2026-01-20T00:00:00,true,MATERIAL,research/results/checkpoint_fr_phase_c2/gap_inventory.csv,GAP_FIELD_RECOMPUTATION
10_gap_rows,FCG0012.missing_hourly_slot_count,3,3,true,MATERIAL,research/results/checkpoint_fr_phase_c2/gap_inventory.csv,GAP_FIELD_RECOMPUTATION
10_gap_rows,FCG0012.next_timestamp,2026-01-20T01:00:00,2026-01-20T01:00:00,true,MATERIAL,research/results/checkpoint_fr_phase_c2/gap_inventory.csv,GAP_FIELD_RECOMPUTATION
10_gap_rows,FCG0012.next_weekday,TUESDAY,TUESDAY,true,MATERIAL,research/results/checkpoint_fr_phase_c2/gap_inventory.csv,GAP_FIELD_RECOMPUTATION
10_gap_rows,FCG0012.notes_code,CURRENT_HASH_BOUND_SESSION_EVIDENCE_NOT_DATED_HISTORICAL_PROOF,CURRENT_HASH_BOUND_SESSION_EVIDENCE_NOT_DATED_HISTORICAL_PROOF,true,MATERIAL,research/results/checkpoint_fr_phase_c2/gap_inventory.csv,GAP_FIELD_RECOMPUTATION
10_gap_rows,FCG0012.previous_timestamp,2026-01-19T21:00:00,2026-01-19T21:00:00,true,MATERIAL,research/results/checkpoint_fr_phase_c2/gap_inventory.csv,GAP_FIELD_RECOMPUTATION
10_gap_rows,FCG0012.previous_weekday,MONDAY,MONDAY,true,MATERIAL,research/results/checkpoint_fr_phase_c2/gap_inventory.csv,GAP_FIELD_RECOMPUTATION
10_gap_rows,FCG0012.scope,ANALYSIS_WINDOW_INTERNAL,ANALYSIS_WINDOW_INTERNAL,true,MATERIAL,research/results/checkpoint_fr_phase_c2/gap_inventory.csv,GAP_FIELD_RECOMPUTATION
10_gap_rows,FCG0012.structural_pattern,EARLY_CLOSE_OR_EXTENDED_BREAK_PATTERN,EARLY_CLOSE_OR_EXTENDED_BREAK_PATTERN,true,MATERIAL,research/results/checkpoint_fr_phase_c2/gap_inventory.csv,GAP_FIELD_RECOMPUTATION
10_gap_rows,FCG0013.delta_hours,2,2,true,MATERIAL,research/results/checkpoint_fr_phase_c2/gap_inventory.csv,GAP_FIELD_RECOMPUTATION
10_gap_rows,FCG0013.evidence_status,NO_EXACT_EFFECTIVE_HISTORICAL_COVERAGE,NO_EXACT_EFFECTIVE_HISTORICAL_COVERAGE,true,MATERIAL,research/results/checkpoint_fr_phase_c2/gap_inventory.csv,GAP_FIELD_RECOMPUTATION
10_gap_rows,FCG0013.final_adjudication,UNVERIFIED_GAP,UNVERIFIED_GAP,true,MATERIAL,research/results/checkpoint_fr_phase_c2/gap_inventory.csv,GAP_FIELD_RECOMPUTATION
10_gap_rows,FCG0013.first_missing_timestamp,2026-01-21T00:00:00,2026-01-21T00:00:00,true,MATERIAL,research/results/checkpoint_fr_phase_c2/gap_inventory.csv,GAP_FIELD_RECOMPUTATION
10_gap_rows,FCG0013.gap_id,FCG0013,FCG0013,true,MATERIAL,research/results/checkpoint_fr_phase_c2/gap_inventory.csv,GAP_FIELD_RECOMPUTATION
10_gap_rows,FCG0013.last_missing_timestamp,2026-01-21T00:00:00,2026-01-21T00:00:00,true,MATERIAL,research/results/checkpoint_fr_phase_c2/gap_inventory.csv,GAP_FIELD_RECOMPUTATION
10_gap_rows,FCG0013.missing_hourly_slot_count,1,1,true,MATERIAL,research/results/checkpoint_fr_phase_c2/gap_inventory.csv,GAP_FIELD_RECOMPUTATION
10_gap_rows,FCG0013.next_timestamp,2026-01-21T01:00:00,2026-01-21T01:00:00,true,MATERIAL,research/results/checkpoint_fr_phase_c2/gap_inventory.csv,GAP_FIELD_RECOMPUTATION
10_gap_rows,FCG0013.next_weekday,WEDNESDAY,WEDNESDAY,true,MATERIAL,research/results/checkpoint_fr_phase_c2/gap_inventory.csv,GAP_FIELD_RECOMPUTATION
10_gap_rows,FCG0013.notes_code,CURRENT_HASH_BOUND_SESSION_EVIDENCE_NOT_DATED_HISTORICAL_PROOF,CURRENT_HASH_BOUND_SESSION_EVIDENCE_NOT_DATED_HISTORICAL_PROOF,true,MATERIAL,research/results/checkpoint_fr_phase_c2/gap_inventory.csv,GAP_FIELD_RECOMPUTATION
10_gap_rows,FCG0013.previous_timestamp,2026-01-20T23:00:00,2026-01-20T23:00:00,true,MATERIAL,research/results/checkpoint_fr_phase_c2/gap_inventory.csv,GAP_FIELD_RECOMPUTATION
10_gap_rows,FCG0013.previous_weekday,TUESDAY,TUESDAY,true,MATERIAL,research/results/checkpoint_fr_phase_c2/gap_inventory.csv,GAP_FIELD_RECOMPUTATION
10_gap_rows,FCG0013.scope,ANALYSIS_WINDOW_INTERNAL,ANALYSIS_WINDOW_INTERNAL,true,MATERIAL,research/results/checkpoint_fr_phase_c2/gap_inventory.csv,GAP_FIELD_RECOMPUTATION
10_gap_rows,FCG0013.structural_pattern,DAILY_BREAK_PATTERN,DAILY_BREAK_PATTERN,true,MATERIAL,research/results/checkpoint_fr_phase_c2/gap_inventory.csv,GAP_FIELD_RECOMPUTATION
10_gap_rows,FCG0014.delta_hours,2,2,true,MATERIAL,research/results/checkpoint_fr_phase_c2/gap_inventory.csv,GAP_FIELD_RECOMPUTATION
10_gap_rows,FCG0014.evidence_status,NO_EXACT_EFFECTIVE_HISTORICAL_COVERAGE,NO_EXACT_EFFECTIVE_HISTORICAL_COVERAGE,true,MATERIAL,research/results/checkpoint_fr_phase_c2/gap_inventory.csv,GAP_FIELD_RECOMPUTATION
10_gap_rows,FCG0014.final_adjudication,UNVERIFIED_GAP,UNVERIFIED_GAP,true,MATERIAL,research/results/checkpoint_fr_phase_c2/gap_inventory.csv,GAP_FIELD_RECOMPUTATION
10_gap_rows,FCG0014.first_missing_timestamp,2026-01-22T00:00:00,2026-01-22T00:00:00,true,MATERIAL,research/results/checkpoint_fr_phase_c2/gap_inventory.csv,GAP_FIELD_RECOMPUTATION
10_gap_rows,FCG0014.gap_id,FCG0014,FCG0014,true,MATERIAL,research/results/checkpoint_fr_phase_c2/gap_inventory.csv,GAP_FIELD_RECOMPUTATION
10_gap_rows,FCG0014.last_missing_timestamp,2026-01-22T00:00:00,2026-01-22T00:00:00,true,MATERIAL,research/results/checkpoint_fr_phase_c2/gap_inventory.csv,GAP_FIELD_RECOMPUTATION
10_gap_rows,FCG0014.missing_hourly_slot_count,1,1,true,MATERIAL,research/results/checkpoint_fr_phase_c2/gap_inventory.csv,GAP_FIELD_RECOMPUTATION
10_gap_rows,FCG0014.next_timestamp,2026-01-22T01:00:00,2026-01-22T01:00:00,true,MATERIAL,research/results/checkpoint_fr_phase_c2/gap_inventory.csv,GAP_FIELD_RECOMPUTATION
10_gap_rows,FCG0014.next_weekday,THURSDAY,THURSDAY,true,MATERIAL,research/results/checkpoint_fr_phase_c2/gap_inventory.csv,GAP_FIELD_RECOMPUTATION
10_gap_rows,FCG0014.notes_code,CURRENT_HASH_BOUND_SESSION_EVIDENCE_NOT_DATED_HISTORICAL_PROOF,CURRENT_HASH_BOUND_SESSION_EVIDENCE_NOT_DATED_HISTORICAL_PROOF,true,MATERIAL,research/results/checkpoint_fr_phase_c2/gap_inventory.csv,GAP_FIELD_RECOMPUTATION
10_gap_rows,FCG0014.previous_timestamp,2026-01-21T23:00:00,2026-01-21T23:00:00,true,MATERIAL,research/results/checkpoint_fr_phase_c2/gap_inventory.csv,GAP_FIELD_RECOMPUTATION
10_gap_rows,FCG0014.previous_weekday,WEDNESDAY,WEDNESDAY,true,MATERIAL,research/results/checkpoint_fr_phase_c2/gap_inventory.csv,GAP_FIELD_RECOMPUTATION
10_gap_rows,FCG0014.scope,ANALYSIS_WINDOW_INTERNAL,ANALYSIS_WINDOW_INTERNAL,true,MATERIAL,research/results/checkpoint_fr_phase_c2/gap_inventory.csv,GAP_FIELD_RECOMPUTATION
10_gap_rows,FCG0014.structural_pattern,DAILY_BREAK_PATTERN,DAILY_BREAK_PATTERN,true,MATERIAL,research/results/checkpoint_fr_phase_c2/gap_inventory.csv,GAP_FIELD_RECOMPUTATION
10_gap_rows,FCG0015.delta_hours,2,2,true,MATERIAL,research/results/checkpoint_fr_phase_c2/gap_inventory.csv,GAP_FIELD_RECOMPUTATION
10_gap_rows,FCG0015.evidence_status,NO_EXACT_EFFECTIVE_HISTORICAL_COVERAGE,NO_EXACT_EFFECTIVE_HISTORICAL_COVERAGE,true,MATERIAL,research/results/checkpoint_fr_phase_c2/gap_inventory.csv,GAP_FIELD_RECOMPUTATION
10_gap_rows,FCG0015.final_adjudication,UNVERIFIED_GAP,UNVERIFIED_GAP,true,MATERIAL,research/results/checkpoint_fr_phase_c2/gap_inventory.csv,GAP_FIELD_RECOMPUTATION
10_gap_rows,FCG0015.first_missing_timestamp,2026-01-23T00:00:00,2026-01-23T00:00:00,true,MATERIAL,research/results/checkpoint_fr_phase_c2/gap_inventory.csv,GAP_FIELD_RECOMPUTATION
10_gap_rows,FCG0015.gap_id,FCG0015,FCG0015,true,MATERIAL,research/results/checkpoint_fr_phase_c2/gap_inventory.csv,GAP_FIELD_RECOMPUTATION
10_gap_rows,FCG0015.last_missing_timestamp,2026-01-23T00:00:00,2026-01-23T00:00:00,true,MATERIAL,research/results/checkpoint_fr_phase_c2/gap_inventory.csv,GAP_FIELD_RECOMPUTATION
10_gap_rows,FCG0015.missing_hourly_slot_count,1,1,true,MATERIAL,research/results/checkpoint_fr_phase_c2/gap_inventory.csv,GAP_FIELD_RECOMPUTATION
10_gap_rows,FCG0015.next_timestamp,2026-01-23T01:00:00,2026-01-23T01:00:00,true,MATERIAL,research/results/checkpoint_fr_phase_c2/gap_inventory.csv,GAP_FIELD_RECOMPUTATION
10_gap_rows,FCG0015.next_weekday,FRIDAY,FRIDAY,true,MATERIAL,research/results/checkpoint_fr_phase_c2/gap_inventory.csv,GAP_FIELD_RECOMPUTATION
10_gap_rows,FCG0015.notes_code,CURRENT_HASH_BOUND_SESSION_EVIDENCE_NOT_DATED_HISTORICAL_PROOF,CURRENT_HASH_BOUND_SESSION_EVIDENCE_NOT_DATED_HISTORICAL_PROOF,true,MATERIAL,research/results/checkpoint_fr_phase_c2/gap_inventory.csv,GAP_FIELD_RECOMPUTATION
10_gap_rows,FCG0015.previous_timestamp,2026-01-22T23:00:00,2026-01-22T23:00:00,true,MATERIAL,research/results/checkpoint_fr_phase_c2/gap_inventory.csv,GAP_FIELD_RECOMPUTATION
10_gap_rows,FCG0015.previous_weekday,THURSDAY,THURSDAY,true,MATERIAL,research/results/checkpoint_fr_phase_c2/gap_inventory.csv,GAP_FIELD_RECOMPUTATION
10_gap_rows,FCG0015.scope,ANALYSIS_WINDOW_INTERNAL,ANALYSIS_WINDOW_INTERNAL,true,MATERIAL,research/results/checkpoint_fr_phase_c2/gap_inventory.csv,GAP_FIELD_RECOMPUTATION
10_gap_rows,FCG0015.structural_pattern,DAILY_BREAK_PATTERN,DAILY_BREAK_PATTERN,true,MATERIAL,research/results/checkpoint_fr_phase_c2/gap_inventory.csv,GAP_FIELD_RECOMPUTATION
10_gap_rows,FCG0016.delta_hours,50,50,true,MATERIAL,research/results/checkpoint_fr_phase_c2/gap_inventory.csv,GAP_FIELD_RECOMPUTATION
10_gap_rows,FCG0016.evidence_status,NO_EXACT_EFFECTIVE_HISTORICAL_COVERAGE,NO_EXACT_EFFECTIVE_HISTORICAL_COVERAGE,true,MATERIAL,research/results/checkpoint_fr_phase_c2/gap_inventory.csv,GAP_FIELD_RECOMPUTATION
10_gap_rows,FCG0016.final_adjudication,UNVERIFIED_GAP,UNVERIFIED_GAP,true,MATERIAL,research/results/checkpoint_fr_phase_c2/gap_inventory.csv,GAP_FIELD_RECOMPUTATION
10_gap_rows,FCG0016.first_missing_timestamp,2026-01-24T00:00:00,2026-01-24T00:00:00,true,MATERIAL,research/results/checkpoint_fr_phase_c2/gap_inventory.csv,GAP_FIELD_RECOMPUTATION
10_gap_rows,FCG0016.gap_id,FCG0016,FCG0016,true,MATERIAL,research/results/checkpoint_fr_phase_c2/gap_inventory.csv,GAP_FIELD_RECOMPUTATION
10_gap_rows,FCG0016.last_missing_timestamp,2026-01-26T00:00:00,2026-01-26T00:00:00,true,MATERIAL,research/results/checkpoint_fr_phase_c2/gap_inventory.csv,GAP_FIELD_RECOMPUTATION
10_gap_rows,FCG0016.missing_hourly_slot_count,49,49,true,MATERIAL,research/results/checkpoint_fr_phase_c2/gap_inventory.csv,GAP_FIELD_RECOMPUTATION
10_gap_rows,FCG0016.next_timestamp,2026-01-26T01:00:00,2026-01-26T01:00:00,true,MATERIAL,research/results/checkpoint_fr_phase_c2/gap_inventory.csv,GAP_FIELD_RECOMPUTATION
10_gap_rows,FCG0016.next_weekday,MONDAY,MONDAY,true,MATERIAL,research/results/checkpoint_fr_phase_c2/gap_inventory.csv,GAP_FIELD_RECOMPUTATION
10_gap_rows,FCG0016.notes_code,CURRENT_HASH_BOUND_SESSION_EVIDENCE_NOT_DATED_HISTORICAL_PROOF,CURRENT_HASH_BOUND_SESSION_EVIDENCE_NOT_DATED_HISTORICAL_PROOF,true,MATERIAL,research/results/checkpoint_fr_phase_c2/gap_inventory.csv,GAP_FIELD_RECOMPUTATION
10_gap_rows,FCG0016.previous_timestamp,2026-01-23T23:00:00,2026-01-23T23:00:00,true,MATERIAL,research/results/checkpoint_fr_phase_c2/gap_inventory.csv,GAP_FIELD_RECOMPUTATION
10_gap_rows,FCG0016.previous_weekday,FRIDAY,FRIDAY,true,MATERIAL,research/results/checkpoint_fr_phase_c2/gap_inventory.csv,GAP_FIELD_RECOMPUTATION
10_gap_rows,FCG0016.scope,ANALYSIS_WINDOW_INTERNAL,ANALYSIS_WINDOW_INTERNAL,true,MATERIAL,research/results/checkpoint_fr_phase_c2/gap_inventory.csv,GAP_FIELD_RECOMPUTATION
10_gap_rows,FCG0016.structural_pattern,WEEKEND_PATTERN,WEEKEND_PATTERN,true,MATERIAL,research/results/checkpoint_fr_phase_c2/gap_inventory.csv,GAP_FIELD_RECOMPUTATION
10_gap_rows,FCG0017.delta_hours,2,2,true,MATERIAL,research/results/checkpoint_fr_phase_c2/gap_inventory.csv,GAP_FIELD_RECOMPUTATION
10_gap_rows,FCG0017.evidence_status,NO_EXACT_EFFECTIVE_HISTORICAL_COVERAGE,NO_EXACT_EFFECTIVE_HISTORICAL_COVERAGE,true,MATERIAL,research/results/checkpoint_fr_phase_c2/gap_inventory.csv,GAP_FIELD_RECOMPUTATION
10_gap_rows,FCG0017.final_adjudication,UNVERIFIED_GAP,UNVERIFIED_GAP,true,MATERIAL,research/results/checkpoint_fr_phase_c2/gap_inventory.csv,GAP_FIELD_RECOMPUTATION
10_gap_rows,FCG0017.first_missing_timestamp,2026-01-27T00:00:00,2026-01-27T00:00:00,true,MATERIAL,research/results/checkpoint_fr_phase_c2/gap_inventory.csv,GAP_FIELD_RECOMPUTATION
10_gap_rows,FCG0017.gap_id,FCG0017,FCG0017,true,MATERIAL,research/results/checkpoint_fr_phase_c2/gap_inventory.csv,GAP_FIELD_RECOMPUTATION
10_gap_rows,FCG0017.last_missing_timestamp,2026-01-27T00:00:00,2026-01-27T00:00:00,true,MATERIAL,research/results/checkpoint_fr_phase_c2/gap_inventory.csv,GAP_FIELD_RECOMPUTATION
10_gap_rows,FCG0017.missing_hourly_slot_count,1,1,true,MATERIAL,research/results/checkpoint_fr_phase_c2/gap_inventory.csv,GAP_FIELD_RECOMPUTATION
10_gap_rows,FCG0017.next_timestamp,2026-01-27T01:00:00,2026-01-27T01:00:00,true,MATERIAL,research/results/checkpoint_fr_phase_c2/gap_inventory.csv,GAP_FIELD_RECOMPUTATION
10_gap_rows,FCG0017.next_weekday,TUESDAY,TUESDAY,true,MATERIAL,research/results/checkpoint_fr_phase_c2/gap_inventory.csv,GAP_FIELD_RECOMPUTATION
10_gap_rows,FCG0017.notes_code,CURRENT_HASH_BOUND_SESSION_EVIDENCE_NOT_DATED_HISTORICAL_PROOF,CURRENT_HASH_BOUND_SESSION_EVIDENCE_NOT_DATED_HISTORICAL_PROOF,true,MATERIAL,research/results/checkpoint_fr_phase_c2/gap_inventory.csv,GAP_FIELD_RECOMPUTATION
10_gap_rows,FCG0017.previous_timestamp,2026-01-26T23:00:00,2026-01-26T23:00:00,true,MATERIAL,research/results/checkpoint_fr_phase_c2/gap_inventory.csv,GAP_FIELD_RECOMPUTATION
10_gap_rows,FCG0017.previous_weekday,MONDAY,MONDAY,true,MATERIAL,research/results/checkpoint_fr_phase_c2/gap_inventory.csv,GAP_FIELD_RECOMPUTATION
10_gap_rows,FCG0017.scope,ANALYSIS_WINDOW_INTERNAL,ANALYSIS_WINDOW_INTERNAL,true,MATERIAL,research/results/checkpoint_fr_phase_c2/gap_inventory.csv,GAP_FIELD_RECOMPUTATION
10_gap_rows,FCG0017.structural_pattern,DAILY_BREAK_PATTERN,DAILY_BREAK_PATTERN,true,MATERIAL,research/results/checkpoint_fr_phase_c2/gap_inventory.csv,GAP_FIELD_RECOMPUTATION
10_gap_rows,FCG0018.delta_hours,2,2,true,MATERIAL,research/results/checkpoint_fr_phase_c2/gap_inventory.csv,GAP_FIELD_RECOMPUTATION
10_gap_rows,FCG0018.evidence_status,NO_EXACT_EFFECTIVE_HISTORICAL_COVERAGE,NO_EXACT_EFFECTIVE_HISTORICAL_COVERAGE,true,MATERIAL,research/results/checkpoint_fr_phase_c2/gap_inventory.csv,GAP_FIELD_RECOMPUTATION
10_gap_rows,FCG0018.final_adjudication,UNVERIFIED_GAP,UNVERIFIED_GAP,true,MATERIAL,research/results/checkpoint_fr_phase_c2/gap_inventory.csv,GAP_FIELD_RECOMPUTATION
10_gap_rows,FCG0018.first_missing_timestamp,2026-01-28T00:00:00,2026-01-28T00:00:00,true,MATERIAL,research/results/checkpoint_fr_phase_c2/gap_inventory.csv,GAP_FIELD_RECOMPUTATION
10_gap_rows,FCG0018.gap_id,FCG0018,FCG0018,true,MATERIAL,research/results/checkpoint_fr_phase_c2/gap_inventory.csv,GAP_FIELD_RECOMPUTATION
10_gap_rows,FCG0018.last_missing_timestamp,2026-01-28T00:00:00,2026-01-28T00:00:00,true,MATERIAL,research/results/checkpoint_fr_phase_c2/gap_inventory.csv,GAP_FIELD_RECOMPUTATION
10_gap_rows,FCG0018.missing_hourly_slot_count,1,1,true,MATERIAL,research/results/checkpoint_fr_phase_c2/gap_inventory.csv,GAP_FIELD_RECOMPUTATION
10_gap_rows,FCG0018.next_timestamp,2026-01-28T01:00:00,2026-01-28T01:00:00,true,MATERIAL,research/results/checkpoint_fr_phase_c2/gap_inventory.csv,GAP_FIELD_RECOMPUTATION
10_gap_rows,FCG0018.next_weekday,WEDNESDAY,WEDNESDAY,true,MATERIAL,research/results/checkpoint_fr_phase_c2/gap_inventory.csv,GAP_FIELD_RECOMPUTATION
10_gap_rows,FCG0018.notes_code,CURRENT_HASH_BOUND_SESSION_EVIDENCE_NOT_DATED_HISTORICAL_PROOF,CURRENT_HASH_BOUND_SESSION_EVIDENCE_NOT_DATED_HISTORICAL_PROOF,true,MATERIAL,research/results/checkpoint_fr_phase_c2/gap_inventory.csv,GAP_FIELD_RECOMPUTATION
10_gap_rows,FCG0018.previous_timestamp,2026-01-27T23:00:00,2026-01-27T23:00:00,true,MATERIAL,research/results/checkpoint_fr_phase_c2/gap_inventory.csv,GAP_FIELD_RECOMPUTATION
10_gap_rows,FCG0018.previous_weekday,TUESDAY,TUESDAY,true,MATERIAL,research/results/checkpoint_fr_phase_c2/gap_inventory.csv,GAP_FIELD_RECOMPUTATION
10_gap_rows,FCG0018.scope,ANALYSIS_WINDOW_INTERNAL,ANALYSIS_WINDOW_INTERNAL,true,MATERIAL,research/results/checkpoint_fr_phase_c2/gap_inventory.csv,GAP_FIELD_RECOMPUTATION
10_gap_rows,FCG0018.structural_pattern,DAILY_BREAK_PATTERN,DAILY_BREAK_PATTERN,true,MATERIAL,research/results/checkpoint_fr_phase_c2/gap_inventory.csv,GAP_FIELD_RECOMPUTATION
10_gap_rows,FCG0019.delta_hours,2,2,true,MATERIAL,research/results/checkpoint_fr_phase_c2/gap_inventory.csv,GAP_FIELD_RECOMPUTATION
10_gap_rows,FCG0019.evidence_status,NO_EXACT_EFFECTIVE_HISTORICAL_COVERAGE,NO_EXACT_EFFECTIVE_HISTORICAL_COVERAGE,true,MATERIAL,research/results/checkpoint_fr_phase_c2/gap_inventory.csv,GAP_FIELD_RECOMPUTATION
10_gap_rows,FCG0019.final_adjudication,UNVERIFIED_GAP,UNVERIFIED_GAP,true,MATERIAL,research/results/checkpoint_fr_phase_c2/gap_inventory.csv,GAP_FIELD_RECOMPUTATION
10_gap_rows,FCG0019.first_missing_timestamp,2026-01-29T00:00:00,2026-01-29T00:00:00,true,MATERIAL,research/results/checkpoint_fr_phase_c2/gap_inventory.csv,GAP_FIELD_RECOMPUTATION
10_gap_rows,FCG0019.gap_id,FCG0019,FCG0019,true,MATERIAL,research/results/checkpoint_fr_phase_c2/gap_inventory.csv,GAP_FIELD_RECOMPUTATION
10_gap_rows,FCG0019.last_missing_timestamp,2026-01-29T00:00:00,2026-01-29T00:00:00,true,MATERIAL,research/results/checkpoint_fr_phase_c2/gap_inventory.csv,GAP_FIELD_RECOMPUTATION
10_gap_rows,FCG0019.missing_hourly_slot_count,1,1,true,MATERIAL,research/results/checkpoint_fr_phase_c2/gap_inventory.csv,GAP_FIELD_RECOMPUTATION
10_gap_rows,FCG0019.next_timestamp,2026-01-29T01:00:00,2026-01-29T01:00:00,true,MATERIAL,research/results/checkpoint_fr_phase_c2/gap_inventory.csv,GAP_FIELD_RECOMPUTATION
10_gap_rows,FCG0019.next_weekday,THURSDAY,THURSDAY,true,MATERIAL,research/results/checkpoint_fr_phase_c2/gap_inventory.csv,GAP_FIELD_RECOMPUTATION
10_gap_rows,FCG0019.notes_code,CURRENT_HASH_BOUND_SESSION_EVIDENCE_NOT_DATED_HISTORICAL_PROOF,CURRENT_HASH_BOUND_SESSION_EVIDENCE_NOT_DATED_HISTORICAL_PROOF,true,MATERIAL,research/results/checkpoint_fr_phase_c2/gap_inventory.csv,GAP_FIELD_RECOMPUTATION
10_gap_rows,FCG0019.previous_timestamp,2026-01-28T23:00:00,2026-01-28T23:00:00,true,MATERIAL,research/results/checkpoint_fr_phase_c2/gap_inventory.csv,GAP_FIELD_RECOMPUTATION
10_gap_rows,FCG0019.previous_weekday,WEDNESDAY,WEDNESDAY,true,MATERIAL,research/results/checkpoint_fr_phase_c2/gap_inventory.csv,GAP_FIELD_RECOMPUTATION
10_gap_rows,FCG0019.scope,ANALYSIS_WINDOW_INTERNAL,ANALYSIS_WINDOW_INTERNAL,true,MATERIAL,research/results/checkpoint_fr_phase_c2/gap_inventory.csv,GAP_FIELD_RECOMPUTATION
10_gap_rows,FCG0019.structural_pattern,DAILY_BREAK_PATTERN,DAILY_BREAK_PATTERN,true,MATERIAL,research/results/checkpoint_fr_phase_c2/gap_inventory.csv,GAP_FIELD_RECOMPUTATION
10_gap_rows,FCG0020.delta_hours,2,2,true,MATERIAL,research/results/checkpoint_fr_phase_c2/gap_inventory.csv,GAP_FIELD_RECOMPUTATION
10_gap_rows,FCG0020.evidence_status,NO_EXACT_EFFECTIVE_HISTORICAL_COVERAGE,NO_EXACT_EFFECTIVE_HISTORICAL_COVERAGE,true,MATERIAL,research/results/checkpoint_fr_phase_c2/gap_inventory.csv,GAP_FIELD_RECOMPUTATION
10_gap_rows,FCG0020.final_adjudication,UNVERIFIED_GAP,UNVERIFIED_GAP,true,MATERIAL,research/results/checkpoint_fr_phase_c2/gap_inventory.csv,GAP_FIELD_RECOMPUTATION
10_gap_rows,FCG0020.first_missing_timestamp,2026-01-30T00:00:00,2026-01-30T00:00:00,true,MATERIAL,research/results/checkpoint_fr_phase_c2/gap_inventory.csv,GAP_FIELD_RECOMPUTATION
10_gap_rows,FCG0020.gap_id,FCG0020,FCG0020,true,MATERIAL,research/results/checkpoint_fr_phase_c2/gap_inventory.csv,GAP_FIELD_RECOMPUTATION
10_gap_rows,FCG0020.last_missing_timestamp,2026-01-30T00:00:00,2026-01-30T00:00:00,true,MATERIAL,research/results/checkpoint_fr_phase_c2/gap_inventory.csv,GAP_FIELD_RECOMPUTATION
10_gap_rows,FCG0020.missing_hourly_slot_count,1,1,true,MATERIAL,research/results/checkpoint_fr_phase_c2/gap_inventory.csv,GAP_FIELD_RECOMPUTATION
10_gap_rows,FCG0020.next_timestamp,2026-01-30T01:00:00,2026-01-30T01:00:00,true,MATERIAL,research/results/checkpoint_fr_phase_c2/gap_inventory.csv,GAP_FIELD_RECOMPUTATION
10_gap_rows,FCG0020.next_weekday,FRIDAY,FRIDAY,true,MATERIAL,research/results/checkpoint_fr_phase_c2/gap_inventory.csv,GAP_FIELD_RECOMPUTATION
10_gap_rows,FCG0020.notes_code,CURRENT_HASH_BOUND_SESSION_EVIDENCE_NOT_DATED_HISTORICAL_PROOF,CURRENT_HASH_BOUND_SESSION_EVIDENCE_NOT_DATED_HISTORICAL_PROOF,true,MATERIAL,research/results/checkpoint_fr_phase_c2/gap_inventory.csv,GAP_FIELD_RECOMPUTATION
10_gap_rows,FCG0020.previous_timestamp,2026-01-29T23:00:00,2026-01-29T23:00:00,true,MATERIAL,research/results/checkpoint_fr_phase_c2/gap_inventory.csv,GAP_FIELD_RECOMPUTATION
10_gap_rows,FCG0020.previous_weekday,THURSDAY,THURSDAY,true,MATERIAL,research/results/checkpoint_fr_phase_c2/gap_inventory.csv,GAP_FIELD_RECOMPUTATION
10_gap_rows,FCG0020.scope,ANALYSIS_WINDOW_INTERNAL,ANALYSIS_WINDOW_INTERNAL,true,MATERIAL,research/results/checkpoint_fr_phase_c2/gap_inventory.csv,GAP_FIELD_RECOMPUTATION
10_gap_rows,FCG0020.structural_pattern,DAILY_BREAK_PATTERN,DAILY_BREAK_PATTERN,true,MATERIAL,research/results/checkpoint_fr_phase_c2/gap_inventory.csv,GAP_FIELD_RECOMPUTATION
10_gap_rows,FCG0021.delta_hours,50,50,true,MATERIAL,research/results/checkpoint_fr_phase_c2/gap_inventory.csv,GAP_FIELD_RECOMPUTATION
10_gap_rows,FCG0021.evidence_status,NO_EXACT_EFFECTIVE_HISTORICAL_COVERAGE,NO_EXACT_EFFECTIVE_HISTORICAL_COVERAGE,true,MATERIAL,research/results/checkpoint_fr_phase_c2/gap_inventory.csv,GAP_FIELD_RECOMPUTATION
10_gap_rows,FCG0021.final_adjudication,UNVERIFIED_GAP,UNVERIFIED_GAP,true,MATERIAL,research/results/checkpoint_fr_phase_c2/gap_inventory.csv,GAP_FIELD_RECOMPUTATION
10_gap_rows,FCG0021.first_missing_timestamp,2026-01-31T00:00:00,2026-01-31T00:00:00,true,MATERIAL,research/results/checkpoint_fr_phase_c2/gap_inventory.csv,GAP_FIELD_RECOMPUTATION
10_gap_rows,FCG0021.gap_id,FCG0021,FCG0021,true,MATERIAL,research/results/checkpoint_fr_phase_c2/gap_inventory.csv,GAP_FIELD_RECOMPUTATION
10_gap_rows,FCG0021.last_missing_timestamp,2026-02-02T00:00:00,2026-02-02T00:00:00,true,MATERIAL,research/results/checkpoint_fr_phase_c2/gap_inventory.csv,GAP_FIELD_RECOMPUTATION
10_gap_rows,FCG0021.missing_hourly_slot_count,49,49,true,MATERIAL,research/results/checkpoint_fr_phase_c2/gap_inventory.csv,GAP_FIELD_RECOMPUTATION
10_gap_rows,FCG0021.next_timestamp,2026-02-02T01:00:00,2026-02-02T01:00:00,true,MATERIAL,research/results/checkpoint_fr_phase_c2/gap_inventory.csv,GAP_FIELD_RECOMPUTATION
10_gap_rows,FCG0021.next_weekday,MONDAY,MONDAY,true,MATERIAL,research/results/checkpoint_fr_phase_c2/gap_inventory.csv,GAP_FIELD_RECOMPUTATION
10_gap_rows,FCG0021.notes_code,CURRENT_HASH_BOUND_SESSION_EVIDENCE_NOT_DATED_HISTORICAL_PROOF,CURRENT_HASH_BOUND_SESSION_EVIDENCE_NOT_DATED_HISTORICAL_PROOF,true,MATERIAL,research/results/checkpoint_fr_phase_c2/gap_inventory.csv,GAP_FIELD_RECOMPUTATION
10_gap_rows,FCG0021.previous_timestamp,2026-01-30T23:00:00,2026-01-30T23:00:00,true,MATERIAL,research/results/checkpoint_fr_phase_c2/gap_inventory.csv,GAP_FIELD_RECOMPUTATION
10_gap_rows,FCG0021.previous_weekday,FRIDAY,FRIDAY,true,MATERIAL,research/results/checkpoint_fr_phase_c2/gap_inventory.csv,GAP_FIELD_RECOMPUTATION
10_gap_rows,FCG0021.scope,ANALYSIS_WINDOW_INTERNAL,ANALYSIS_WINDOW_INTERNAL,true,MATERIAL,research/results/checkpoint_fr_phase_c2/gap_inventory.csv,GAP_FIELD_RECOMPUTATION
10_gap_rows,FCG0021.structural_pattern,WEEKEND_PATTERN,WEEKEND_PATTERN,true,MATERIAL,research/results/checkpoint_fr_phase_c2/gap_inventory.csv,GAP_FIELD_RECOMPUTATION
10_gap_rows,FCG0022.delta_hours,2,2,true,MATERIAL,research/results/checkpoint_fr_phase_c2/gap_inventory.csv,GAP_FIELD_RECOMPUTATION
10_gap_rows,FCG0022.evidence_status,NO_EXACT_EFFECTIVE_HISTORICAL_COVERAGE,NO_EXACT_EFFECTIVE_HISTORICAL_COVERAGE,true,MATERIAL,research/results/checkpoint_fr_phase_c2/gap_inventory.csv,GAP_FIELD_RECOMPUTATION
10_gap_rows,FCG0022.final_adjudication,UNVERIFIED_GAP,UNVERIFIED_GAP,true,MATERIAL,research/results/checkpoint_fr_phase_c2/gap_inventory.csv,GAP_FIELD_RECOMPUTATION
10_gap_rows,FCG0022.first_missing_timestamp,2026-02-03T00:00:00,2026-02-03T00:00:00,true,MATERIAL,research/results/checkpoint_fr_phase_c2/gap_inventory.csv,GAP_FIELD_RECOMPUTATION
10_gap_rows,FCG0022.gap_id,FCG0022,FCG0022,true,MATERIAL,research/results/checkpoint_fr_phase_c2/gap_inventory.csv,GAP_FIELD_RECOMPUTATION
10_gap_rows,FCG0022.last_missing_timestamp,2026-02-03T00:00:00,2026-02-03T00:00:00,true,MATERIAL,research/results/checkpoint_fr_phase_c2/gap_inventory.csv,GAP_FIELD_RECOMPUTATION
10_gap_rows,FCG0022.missing_hourly_slot_count,1,1,true,MATERIAL,research/results/checkpoint_fr_phase_c2/gap_inventory.csv,GAP_FIELD_RECOMPUTATION
10_gap_rows,FCG0022.next_timestamp,2026-02-03T01:00:00,2026-02-03T01:00:00,true,MATERIAL,research/results/checkpoint_fr_phase_c2/gap_inventory.csv,GAP_FIELD_RECOMPUTATION
10_gap_rows,FCG0022.next_weekday,TUESDAY,TUESDAY,true,MATERIAL,research/results/checkpoint_fr_phase_c2/gap_inventory.csv,GAP_FIELD_RECOMPUTATION
10_gap_rows,FCG0022.notes_code,CURRENT_HASH_BOUND_SESSION_EVIDENCE_NOT_DATED_HISTORICAL_PROOF,CURRENT_HASH_BOUND_SESSION_EVIDENCE_NOT_DATED_HISTORICAL_PROOF,true,MATERIAL,research/results/checkpoint_fr_phase_c2/gap_inventory.csv,GAP_FIELD_RECOMPUTATION
10_gap_rows,FCG0022.previous_timestamp,2026-02-02T23:00:00,2026-02-02T23:00:00,true,MATERIAL,research/results/checkpoint_fr_phase_c2/gap_inventory.csv,GAP_FIELD_RECOMPUTATION
10_gap_rows,FCG0022.previous_weekday,MONDAY,MONDAY,true,MATERIAL,research/results/checkpoint_fr_phase_c2/gap_inventory.csv,GAP_FIELD_RECOMPUTATION
10_gap_rows,FCG0022.scope,ANALYSIS_WINDOW_INTERNAL,ANALYSIS_WINDOW_INTERNAL,true,MATERIAL,research/results/checkpoint_fr_phase_c2/gap_inventory.csv,GAP_FIELD_RECOMPUTATION
10_gap_rows,FCG0022.structural_pattern,DAILY_BREAK_PATTERN,DAILY_BREAK_PATTERN,true,MATERIAL,research/results/checkpoint_fr_phase_c2/gap_inventory.csv,GAP_FIELD_RECOMPUTATION
10_gap_rows,FCG0023.delta_hours,2,2,true,MATERIAL,research/results/checkpoint_fr_phase_c2/gap_inventory.csv,GAP_FIELD_RECOMPUTATION
10_gap_rows,FCG0023.evidence_status,NO_EXACT_EFFECTIVE_HISTORICAL_COVERAGE,NO_EXACT_EFFECTIVE_HISTORICAL_COVERAGE,true,MATERIAL,research/results/checkpoint_fr_phase_c2/gap_inventory.csv,GAP_FIELD_RECOMPUTATION
10_gap_rows,FCG0023.final_adjudication,UNVERIFIED_GAP,UNVERIFIED_GAP,true,MATERIAL,research/results/checkpoint_fr_phase_c2/gap_inventory.csv,GAP_FIELD_RECOMPUTATION
10_gap_rows,FCG0023.first_missing_timestamp,2026-02-04T00:00:00,2026-02-04T00:00:00,true,MATERIAL,research/results/checkpoint_fr_phase_c2/gap_inventory.csv,GAP_FIELD_RECOMPUTATION
10_gap_rows,FCG0023.gap_id,FCG0023,FCG0023,true,MATERIAL,research/results/checkpoint_fr_phase_c2/gap_inventory.csv,GAP_FIELD_RECOMPUTATION
10_gap_rows,FCG0023.last_missing_timestamp,2026-02-04T00:00:00,2026-02-04T00:00:00,true,MATERIAL,research/results/checkpoint_fr_phase_c2/gap_inventory.csv,GAP_FIELD_RECOMPUTATION
10_gap_rows,FCG0023.missing_hourly_slot_count,1,1,true,MATERIAL,research/results/checkpoint_fr_phase_c2/gap_inventory.csv,GAP_FIELD_RECOMPUTATION
10_gap_rows,FCG0023.next_timestamp,2026-02-04T01:00:00,2026-02-04T01:00:00,true,MATERIAL,research/results/checkpoint_fr_phase_c2/gap_inventory.csv,GAP_FIELD_RECOMPUTATION
10_gap_rows,FCG0023.next_weekday,WEDNESDAY,WEDNESDAY,true,MATERIAL,research/results/checkpoint_fr_phase_c2/gap_inventory.csv,GAP_FIELD_RECOMPUTATION
10_gap_rows,FCG0023.notes_code,CURRENT_HASH_BOUND_SESSION_EVIDENCE_NOT_DATED_HISTORICAL_PROOF,CURRENT_HASH_BOUND_SESSION_EVIDENCE_NOT_DATED_HISTORICAL_PROOF,true,MATERIAL,research/results/checkpoint_fr_phase_c2/gap_inventory.csv,GAP_FIELD_RECOMPUTATION
10_gap_rows,FCG0023.previous_timestamp,2026-02-03T23:00:00,2026-02-03T23:00:00,true,MATERIAL,research/results/checkpoint_fr_phase_c2/gap_inventory.csv,GAP_FIELD_RECOMPUTATION
10_gap_rows,FCG0023.previous_weekday,TUESDAY,TUESDAY,true,MATERIAL,research/results/checkpoint_fr_phase_c2/gap_inventory.csv,GAP_FIELD_RECOMPUTATION
10_gap_rows,FCG0023.scope,ANALYSIS_WINDOW_INTERNAL,ANALYSIS_WINDOW_INTERNAL,true,MATERIAL,research/results/checkpoint_fr_phase_c2/gap_inventory.csv,GAP_FIELD_RECOMPUTATION
10_gap_rows,FCG0023.structural_pattern,DAILY_BREAK_PATTERN,DAILY_BREAK_PATTERN,true,MATERIAL,research/results/checkpoint_fr_phase_c2/gap_inventory.csv,GAP_FIELD_RECOMPUTATION
10_gap_rows,FCG0024.delta_hours,2,2,true,MATERIAL,research/results/checkpoint_fr_phase_c2/gap_inventory.csv,GAP_FIELD_RECOMPUTATION
10_gap_rows,FCG0024.evidence_status,NO_EXACT_EFFECTIVE_HISTORICAL_COVERAGE,NO_EXACT_EFFECTIVE_HISTORICAL_COVERAGE,true,MATERIAL,research/results/checkpoint_fr_phase_c2/gap_inventory.csv,GAP_FIELD_RECOMPUTATION
10_gap_rows,FCG0024.final_adjudication,UNVERIFIED_GAP,UNVERIFIED_GAP,true,MATERIAL,research/results/checkpoint_fr_phase_c2/gap_inventory.csv,GAP_FIELD_RECOMPUTATION
10_gap_rows,FCG0024.first_missing_timestamp,2026-02-05T00:00:00,2026-02-05T00:00:00,true,MATERIAL,research/results/checkpoint_fr_phase_c2/gap_inventory.csv,GAP_FIELD_RECOMPUTATION
10_gap_rows,FCG0024.gap_id,FCG0024,FCG0024,true,MATERIAL,research/results/checkpoint_fr_phase_c2/gap_inventory.csv,GAP_FIELD_RECOMPUTATION
10_gap_rows,FCG0024.last_missing_timestamp,2026-02-05T00:00:00,2026-02-05T00:00:00,true,MATERIAL,research/results/checkpoint_fr_phase_c2/gap_inventory.csv,GAP_FIELD_RECOMPUTATION
10_gap_rows,FCG0024.missing_hourly_slot_count,1,1,true,MATERIAL,research/results/checkpoint_fr_phase_c2/gap_inventory.csv,GAP_FIELD_RECOMPUTATION
10_gap_rows,FCG0024.next_timestamp,2026-02-05T01:00:00,2026-02-05T01:00:00,true,MATERIAL,research/results/checkpoint_fr_phase_c2/gap_inventory.csv,GAP_FIELD_RECOMPUTATION
10_gap_rows,FCG0024.next_weekday,THURSDAY,THURSDAY,true,MATERIAL,research/results/checkpoint_fr_phase_c2/gap_inventory.csv,GAP_FIELD_RECOMPUTATION
10_gap_rows,FCG0024.notes_code,CURRENT_HASH_BOUND_SESSION_EVIDENCE_NOT_DATED_HISTORICAL_PROOF,CURRENT_HASH_BOUND_SESSION_EVIDENCE_NOT_DATED_HISTORICAL_PROOF,true,MATERIAL,research/results/checkpoint_fr_phase_c2/gap_inventory.csv,GAP_FIELD_RECOMPUTATION
10_gap_rows,FCG0024.previous_timestamp,2026-02-04T23:00:00,2026-02-04T23:00:00,true,MATERIAL,research/results/checkpoint_fr_phase_c2/gap_inventory.csv,GAP_FIELD_RECOMPUTATION
10_gap_rows,FCG0024.previous_weekday,WEDNESDAY,WEDNESDAY,true,MATERIAL,research/results/checkpoint_fr_phase_c2/gap_inventory.csv,GAP_FIELD_RECOMPUTATION
10_gap_rows,FCG0024.scope,ANALYSIS_WINDOW_INTERNAL,ANALYSIS_WINDOW_INTERNAL,true,MATERIAL,research/results/checkpoint_fr_phase_c2/gap_inventory.csv,GAP_FIELD_RECOMPUTATION
10_gap_rows,FCG0024.structural_pattern,DAILY_BREAK_PATTERN,DAILY_BREAK_PATTERN,true,MATERIAL,research/results/checkpoint_fr_phase_c2/gap_inventory.csv,GAP_FIELD_RECOMPUTATION
10_gap_rows,FCG0025.delta_hours,2,2,true,MATERIAL,research/results/checkpoint_fr_phase_c2/gap_inventory.csv,GAP_FIELD_RECOMPUTATION
10_gap_rows,FCG0025.evidence_status,NO_EXACT_EFFECTIVE_HISTORICAL_COVERAGE,NO_EXACT_EFFECTIVE_HISTORICAL_COVERAGE,true,MATERIAL,research/results/checkpoint_fr_phase_c2/gap_inventory.csv,GAP_FIELD_RECOMPUTATION
10_gap_rows,FCG0025.final_adjudication,UNVERIFIED_GAP,UNVERIFIED_GAP,true,MATERIAL,research/results/checkpoint_fr_phase_c2/gap_inventory.csv,GAP_FIELD_RECOMPUTATION
10_gap_rows,FCG0025.first_missing_timestamp,2026-02-06T00:00:00,2026-02-06T00:00:00,true,MATERIAL,research/results/checkpoint_fr_phase_c2/gap_inventory.csv,GAP_FIELD_RECOMPUTATION
10_gap_rows,FCG0025.gap_id,FCG0025,FCG0025,true,MATERIAL,research/results/checkpoint_fr_phase_c2/gap_inventory.csv,GAP_FIELD_RECOMPUTATION
10_gap_rows,FCG0025.last_missing_timestamp,2026-02-06T00:00:00,2026-02-06T00:00:00,true,MATERIAL,research/results/checkpoint_fr_phase_c2/gap_inventory.csv,GAP_FIELD_RECOMPUTATION
10_gap_rows,FCG0025.missing_hourly_slot_count,1,1,true,MATERIAL,research/results/checkpoint_fr_phase_c2/gap_inventory.csv,GAP_FIELD_RECOMPUTATION
10_gap_rows,FCG0025.next_timestamp,2026-02-06T01:00:00,2026-02-06T01:00:00,true,MATERIAL,research/results/checkpoint_fr_phase_c2/gap_inventory.csv,GAP_FIELD_RECOMPUTATION
10_gap_rows,FCG0025.next_weekday,FRIDAY,FRIDAY,true,MATERIAL,research/results/checkpoint_fr_phase_c2/gap_inventory.csv,GAP_FIELD_RECOMPUTATION
10_gap_rows,FCG0025.notes_code,CURRENT_HASH_BOUND_SESSION_EVIDENCE_NOT_DATED_HISTORICAL_PROOF,CURRENT_HASH_BOUND_SESSION_EVIDENCE_NOT_DATED_HISTORICAL_PROOF,true,MATERIAL,research/results/checkpoint_fr_phase_c2/gap_inventory.csv,GAP_FIELD_RECOMPUTATION
10_gap_rows,FCG0025.previous_timestamp,2026-02-05T23:00:00,2026-02-05T23:00:00,true,MATERIAL,research/results/checkpoint_fr_phase_c2/gap_inventory.csv,GAP_FIELD_RECOMPUTATION
10_gap_rows,FCG0025.previous_weekday,THURSDAY,THURSDAY,true,MATERIAL,research/results/checkpoint_fr_phase_c2/gap_inventory.csv,GAP_FIELD_RECOMPUTATION
10_gap_rows,FCG0025.scope,ANALYSIS_WINDOW_INTERNAL,ANALYSIS_WINDOW_INTERNAL,true,MATERIAL,research/results/checkpoint_fr_phase_c2/gap_inventory.csv,GAP_FIELD_RECOMPUTATION
10_gap_rows,FCG0025.structural_pattern,DAILY_BREAK_PATTERN,DAILY_BREAK_PATTERN,true,MATERIAL,research/results/checkpoint_fr_phase_c2/gap_inventory.csv,GAP_FIELD_RECOMPUTATION
10_gap_rows,FCG0026.delta_hours,50,50,true,MATERIAL,research/results/checkpoint_fr_phase_c2/gap_inventory.csv,GAP_FIELD_RECOMPUTATION
10_gap_rows,FCG0026.evidence_status,NO_EXACT_EFFECTIVE_HISTORICAL_COVERAGE,NO_EXACT_EFFECTIVE_HISTORICAL_COVERAGE,true,MATERIAL,research/results/checkpoint_fr_phase_c2/gap_inventory.csv,GAP_FIELD_RECOMPUTATION
10_gap_rows,FCG0026.final_adjudication,UNVERIFIED_GAP,UNVERIFIED_GAP,true,MATERIAL,research/results/checkpoint_fr_phase_c2/gap_inventory.csv,GAP_FIELD_RECOMPUTATION
10_gap_rows,FCG0026.first_missing_timestamp,2026-02-07T00:00:00,2026-02-07T00:00:00,true,MATERIAL,research/results/checkpoint_fr_phase_c2/gap_inventory.csv,GAP_FIELD_RECOMPUTATION
10_gap_rows,FCG0026.gap_id,FCG0026,FCG0026,true,MATERIAL,research/results/checkpoint_fr_phase_c2/gap_inventory.csv,GAP_FIELD_RECOMPUTATION
10_gap_rows,FCG0026.last_missing_timestamp,2026-02-09T00:00:00,2026-02-09T00:00:00,true,MATERIAL,research/results/checkpoint_fr_phase_c2/gap_inventory.csv,GAP_FIELD_RECOMPUTATION
10_gap_rows,FCG0026.missing_hourly_slot_count,49,49,true,MATERIAL,research/results/checkpoint_fr_phase_c2/gap_inventory.csv,GAP_FIELD_RECOMPUTATION
10_gap_rows,FCG0026.next_timestamp,2026-02-09T01:00:00,2026-02-09T01:00:00,true,MATERIAL,research/results/checkpoint_fr_phase_c2/gap_inventory.csv,GAP_FIELD_RECOMPUTATION
10_gap_rows,FCG0026.next_weekday,MONDAY,MONDAY,true,MATERIAL,research/results/checkpoint_fr_phase_c2/gap_inventory.csv,GAP_FIELD_RECOMPUTATION
10_gap_rows,FCG0026.notes_code,CURRENT_HASH_BOUND_SESSION_EVIDENCE_NOT_DATED_HISTORICAL_PROOF,CURRENT_HASH_BOUND_SESSION_EVIDENCE_NOT_DATED_HISTORICAL_PROOF,true,MATERIAL,research/results/checkpoint_fr_phase_c2/gap_inventory.csv,GAP_FIELD_RECOMPUTATION
10_gap_rows,FCG0026.previous_timestamp,2026-02-06T23:00:00,2026-02-06T23:00:00,true,MATERIAL,research/results/checkpoint_fr_phase_c2/gap_inventory.csv,GAP_FIELD_RECOMPUTATION
10_gap_rows,FCG0026.previous_weekday,FRIDAY,FRIDAY,true,MATERIAL,research/results/checkpoint_fr_phase_c2/gap_inventory.csv,GAP_FIELD_RECOMPUTATION
10_gap_rows,FCG0026.scope,ANALYSIS_WINDOW_INTERNAL,ANALYSIS_WINDOW_INTERNAL,true,MATERIAL,research/results/checkpoint_fr_phase_c2/gap_inventory.csv,GAP_FIELD_RECOMPUTATION
10_gap_rows,FCG0026.structural_pattern,WEEKEND_PATTERN,WEEKEND_PATTERN,true,MATERIAL,research/results/checkpoint_fr_phase_c2/gap_inventory.csv,GAP_FIELD_RECOMPUTATION
10_gap_rows,FCG0027.delta_hours,2,2,true,MATERIAL,research/results/checkpoint_fr_phase_c2/gap_inventory.csv,GAP_FIELD_RECOMPUTATION
10_gap_rows,FCG0027.evidence_status,NO_EXACT_EFFECTIVE_HISTORICAL_COVERAGE,NO_EXACT_EFFECTIVE_HISTORICAL_COVERAGE,true,MATERIAL,research/results/checkpoint_fr_phase_c2/gap_inventory.csv,GAP_FIELD_RECOMPUTATION
10_gap_rows,FCG0027.final_adjudication,UNVERIFIED_GAP,UNVERIFIED_GAP,true,MATERIAL,research/results/checkpoint_fr_phase_c2/gap_inventory.csv,GAP_FIELD_RECOMPUTATION
10_gap_rows,FCG0027.first_missing_timestamp,2026-02-10T00:00:00,2026-02-10T00:00:00,true,MATERIAL,research/results/checkpoint_fr_phase_c2/gap_inventory.csv,GAP_FIELD_RECOMPUTATION
10_gap_rows,FCG0027.gap_id,FCG0027,FCG0027,true,MATERIAL,research/results/checkpoint_fr_phase_c2/gap_inventory.csv,GAP_FIELD_RECOMPUTATION
10_gap_rows,FCG0027.last_missing_timestamp,2026-02-10T00:00:00,2026-02-10T00:00:00,true,MATERIAL,research/results/checkpoint_fr_phase_c2/gap_inventory.csv,GAP_FIELD_RECOMPUTATION
10_gap_rows,FCG0027.missing_hourly_slot_count,1,1,true,MATERIAL,research/results/checkpoint_fr_phase_c2/gap_inventory.csv,GAP_FIELD_RECOMPUTATION
10_gap_rows,FCG0027.next_timestamp,2026-02-10T01:00:00,2026-02-10T01:00:00,true,MATERIAL,research/results/checkpoint_fr_phase_c2/gap_inventory.csv,GAP_FIELD_RECOMPUTATION
10_gap_rows,FCG0027.next_weekday,TUESDAY,TUESDAY,true,MATERIAL,research/results/checkpoint_fr_phase_c2/gap_inventory.csv,GAP_FIELD_RECOMPUTATION
10_gap_rows,FCG0027.notes_code,CURRENT_HASH_BOUND_SESSION_EVIDENCE_NOT_DATED_HISTORICAL_PROOF,CURRENT_HASH_BOUND_SESSION_EVIDENCE_NOT_DATED_HISTORICAL_PROOF,true,MATERIAL,research/results/checkpoint_fr_phase_c2/gap_inventory.csv,GAP_FIELD_RECOMPUTATION
10_gap_rows,FCG0027.previous_timestamp,2026-02-09T23:00:00,2026-02-09T23:00:00,true,MATERIAL,research/results/checkpoint_fr_phase_c2/gap_inventory.csv,GAP_FIELD_RECOMPUTATION
10_gap_rows,FCG0027.previous_weekday,MONDAY,MONDAY,true,MATERIAL,research/results/checkpoint_fr_phase_c2/gap_inventory.csv,GAP_FIELD_RECOMPUTATION
10_gap_rows,FCG0027.scope,ANALYSIS_WINDOW_INTERNAL,ANALYSIS_WINDOW_INTERNAL,true,MATERIAL,research/results/checkpoint_fr_phase_c2/gap_inventory.csv,GAP_FIELD_RECOMPUTATION
10_gap_rows,FCG0027.structural_pattern,DAILY_BREAK_PATTERN,DAILY_BREAK_PATTERN,true,MATERIAL,research/results/checkpoint_fr_phase_c2/gap_inventory.csv,GAP_FIELD_RECOMPUTATION
10_gap_rows,FCG0028.delta_hours,2,2,true,MATERIAL,research/results/checkpoint_fr_phase_c2/gap_inventory.csv,GAP_FIELD_RECOMPUTATION
10_gap_rows,FCG0028.evidence_status,NO_EXACT_EFFECTIVE_HISTORICAL_COVERAGE,NO_EXACT_EFFECTIVE_HISTORICAL_COVERAGE,true,MATERIAL,research/results/checkpoint_fr_phase_c2/gap_inventory.csv,GAP_FIELD_RECOMPUTATION
10_gap_rows,FCG0028.final_adjudication,UNVERIFIED_GAP,UNVERIFIED_GAP,true,MATERIAL,research/results/checkpoint_fr_phase_c2/gap_inventory.csv,GAP_FIELD_RECOMPUTATION
10_gap_rows,FCG0028.first_missing_timestamp,2026-02-11T00:00:00,2026-02-11T00:00:00,true,MATERIAL,research/results/checkpoint_fr_phase_c2/gap_inventory.csv,GAP_FIELD_RECOMPUTATION
10_gap_rows,FCG0028.gap_id,FCG0028,FCG0028,true,MATERIAL,research/results/checkpoint_fr_phase_c2/gap_inventory.csv,GAP_FIELD_RECOMPUTATION
10_gap_rows,FCG0028.last_missing_timestamp,2026-02-11T00:00:00,2026-02-11T00:00:00,true,MATERIAL,research/results/checkpoint_fr_phase_c2/gap_inventory.csv,GAP_FIELD_RECOMPUTATION
10_gap_rows,FCG0028.missing_hourly_slot_count,1,1,true,MATERIAL,research/results/checkpoint_fr_phase_c2/gap_inventory.csv,GAP_FIELD_RECOMPUTATION
10_gap_rows,FCG0028.next_timestamp,2026-02-11T01:00:00,2026-02-11T01:00:00,true,MATERIAL,research/results/checkpoint_fr_phase_c2/gap_inventory.csv,GAP_FIELD_RECOMPUTATION
10_gap_rows,FCG0028.next_weekday,WEDNESDAY,WEDNESDAY,true,MATERIAL,research/results/checkpoint_fr_phase_c2/gap_inventory.csv,GAP_FIELD_RECOMPUTATION
10_gap_rows,FCG0028.notes_code,CURRENT_HASH_BOUND_SESSION_EVIDENCE_NOT_DATED_HISTORICAL_PROOF,CURRENT_HASH_BOUND_SESSION_EVIDENCE_NOT_DATED_HISTORICAL_PROOF,true,MATERIAL,research/results/checkpoint_fr_phase_c2/gap_inventory.csv,GAP_FIELD_RECOMPUTATION
10_gap_rows,FCG0028.previous_timestamp,2026-02-10T23:00:00,2026-02-10T23:00:00,true,MATERIAL,research/results/checkpoint_fr_phase_c2/gap_inventory.csv,GAP_FIELD_RECOMPUTATION
10_gap_rows,FCG0028.previous_weekday,TUESDAY,TUESDAY,true,MATERIAL,research/results/checkpoint_fr_phase_c2/gap_inventory.csv,GAP_FIELD_RECOMPUTATION
10_gap_rows,FCG0028.scope,ANALYSIS_WINDOW_INTERNAL,ANALYSIS_WINDOW_INTERNAL,true,MATERIAL,research/results/checkpoint_fr_phase_c2/gap_inventory.csv,GAP_FIELD_RECOMPUTATION
10_gap_rows,FCG0028.structural_pattern,DAILY_BREAK_PATTERN,DAILY_BREAK_PATTERN,true,MATERIAL,research/results/checkpoint_fr_phase_c2/gap_inventory.csv,GAP_FIELD_RECOMPUTATION
10_gap_rows,FCG0029.delta_hours,2,2,true,MATERIAL,research/results/checkpoint_fr_phase_c2/gap_inventory.csv,GAP_FIELD_RECOMPUTATION
10_gap_rows,FCG0029.evidence_status,NO_EXACT_EFFECTIVE_HISTORICAL_COVERAGE,NO_EXACT_EFFECTIVE_HISTORICAL_COVERAGE,true,MATERIAL,research/results/checkpoint_fr_phase_c2/gap_inventory.csv,GAP_FIELD_RECOMPUTATION
10_gap_rows,FCG0029.final_adjudication,UNVERIFIED_GAP,UNVERIFIED_GAP,true,MATERIAL,research/results/checkpoint_fr_phase_c2/gap_inventory.csv,GAP_FIELD_RECOMPUTATION
10_gap_rows,FCG0029.first_missing_timestamp,2026-02-12T00:00:00,2026-02-12T00:00:00,true,MATERIAL,research/results/checkpoint_fr_phase_c2/gap_inventory.csv,GAP_FIELD_RECOMPUTATION
10_gap_rows,FCG0029.gap_id,FCG0029,FCG0029,true,MATERIAL,research/results/checkpoint_fr_phase_c2/gap_inventory.csv,GAP_FIELD_RECOMPUTATION
10_gap_rows,FCG0029.last_missing_timestamp,2026-02-12T00:00:00,2026-02-12T00:00:00,true,MATERIAL,research/results/checkpoint_fr_phase_c2/gap_inventory.csv,GAP_FIELD_RECOMPUTATION
10_gap_rows,FCG0029.missing_hourly_slot_count,1,1,true,MATERIAL,research/results/checkpoint_fr_phase_c2/gap_inventory.csv,GAP_FIELD_RECOMPUTATION
10_gap_rows,FCG0029.next_timestamp,2026-02-12T01:00:00,2026-02-12T01:00:00,true,MATERIAL,research/results/checkpoint_fr_phase_c2/gap_inventory.csv,GAP_FIELD_RECOMPUTATION
10_gap_rows,FCG0029.next_weekday,THURSDAY,THURSDAY,true,MATERIAL,research/results/checkpoint_fr_phase_c2/gap_inventory.csv,GAP_FIELD_RECOMPUTATION
10_gap_rows,FCG0029.notes_code,CURRENT_HASH_BOUND_SESSION_EVIDENCE_NOT_DATED_HISTORICAL_PROOF,CURRENT_HASH_BOUND_SESSION_EVIDENCE_NOT_DATED_HISTORICAL_PROOF,true,MATERIAL,research/results/checkpoint_fr_phase_c2/gap_inventory.csv,GAP_FIELD_RECOMPUTATION
10_gap_rows,FCG0029.previous_timestamp,2026-02-11T23:00:00,2026-02-11T23:00:00,true,MATERIAL,research/results/checkpoint_fr_phase_c2/gap_inventory.csv,GAP_FIELD_RECOMPUTATION
10_gap_rows,FCG0029.previous_weekday,WEDNESDAY,WEDNESDAY,true,MATERIAL,research/results/checkpoint_fr_phase_c2/gap_inventory.csv,GAP_FIELD_RECOMPUTATION
10_gap_rows,FCG0029.scope,ANALYSIS_WINDOW_INTERNAL,ANALYSIS_WINDOW_INTERNAL,true,MATERIAL,research/results/checkpoint_fr_phase_c2/gap_inventory.csv,GAP_FIELD_RECOMPUTATION
10_gap_rows,FCG0029.structural_pattern,DAILY_BREAK_PATTERN,DAILY_BREAK_PATTERN,true,MATERIAL,research/results/checkpoint_fr_phase_c2/gap_inventory.csv,GAP_FIELD_RECOMPUTATION
10_gap_rows,FCG0030.delta_hours,2,2,true,MATERIAL,research/results/checkpoint_fr_phase_c2/gap_inventory.csv,GAP_FIELD_RECOMPUTATION
10_gap_rows,FCG0030.evidence_status,NO_EXACT_EFFECTIVE_HISTORICAL_COVERAGE,NO_EXACT_EFFECTIVE_HISTORICAL_COVERAGE,true,MATERIAL,research/results/checkpoint_fr_phase_c2/gap_inventory.csv,GAP_FIELD_RECOMPUTATION
10_gap_rows,FCG0030.final_adjudication,UNVERIFIED_GAP,UNVERIFIED_GAP,true,MATERIAL,research/results/checkpoint_fr_phase_c2/gap_inventory.csv,GAP_FIELD_RECOMPUTATION
10_gap_rows,FCG0030.first_missing_timestamp,2026-02-13T00:00:00,2026-02-13T00:00:00,true,MATERIAL,research/results/checkpoint_fr_phase_c2/gap_inventory.csv,GAP_FIELD_RECOMPUTATION
10_gap_rows,FCG0030.gap_id,FCG0030,FCG0030,true,MATERIAL,research/results/checkpoint_fr_phase_c2/gap_inventory.csv,GAP_FIELD_RECOMPUTATION
10_gap_rows,FCG0030.last_missing_timestamp,2026-02-13T00:00:00,2026-02-13T00:00:00,true,MATERIAL,research/results/checkpoint_fr_phase_c2/gap_inventory.csv,GAP_FIELD_RECOMPUTATION
10_gap_rows,FCG0030.missing_hourly_slot_count,1,1,true,MATERIAL,research/results/checkpoint_fr_phase_c2/gap_inventory.csv,GAP_FIELD_RECOMPUTATION
10_gap_rows,FCG0030.next_timestamp,2026-02-13T01:00:00,2026-02-13T01:00:00,true,MATERIAL,research/results/checkpoint_fr_phase_c2/gap_inventory.csv,GAP_FIELD_RECOMPUTATION
10_gap_rows,FCG0030.next_weekday,FRIDAY,FRIDAY,true,MATERIAL,research/results/checkpoint_fr_phase_c2/gap_inventory.csv,GAP_FIELD_RECOMPUTATION
10_gap_rows,FCG0030.notes_code,CURRENT_HASH_BOUND_SESSION_EVIDENCE_NOT_DATED_HISTORICAL_PROOF,CURRENT_HASH_BOUND_SESSION_EVIDENCE_NOT_DATED_HISTORICAL_PROOF,true,MATERIAL,research/results/checkpoint_fr_phase_c2/gap_inventory.csv,GAP_FIELD_RECOMPUTATION
10_gap_rows,FCG0030.previous_timestamp,2026-02-12T23:00:00,2026-02-12T23:00:00,true,MATERIAL,research/results/checkpoint_fr_phase_c2/gap_inventory.csv,GAP_FIELD_RECOMPUTATION
10_gap_rows,FCG0030.previous_weekday,THURSDAY,THURSDAY,true,MATERIAL,research/results/checkpoint_fr_phase_c2/gap_inventory.csv,GAP_FIELD_RECOMPUTATION
10_gap_rows,FCG0030.scope,ANALYSIS_WINDOW_INTERNAL,ANALYSIS_WINDOW_INTERNAL,true,MATERIAL,research/results/checkpoint_fr_phase_c2/gap_inventory.csv,GAP_FIELD_RECOMPUTATION
10_gap_rows,FCG0030.structural_pattern,DAILY_BREAK_PATTERN,DAILY_BREAK_PATTERN,true,MATERIAL,research/results/checkpoint_fr_phase_c2/gap_inventory.csv,GAP_FIELD_RECOMPUTATION
10_gap_rows,FCG0031.delta_hours,50,50,true,MATERIAL,research/results/checkpoint_fr_phase_c2/gap_inventory.csv,GAP_FIELD_RECOMPUTATION
10_gap_rows,FCG0031.evidence_status,NO_EXACT_EFFECTIVE_HISTORICAL_COVERAGE,NO_EXACT_EFFECTIVE_HISTORICAL_COVERAGE,true,MATERIAL,research/results/checkpoint_fr_phase_c2/gap_inventory.csv,GAP_FIELD_RECOMPUTATION
10_gap_rows,FCG0031.final_adjudication,UNVERIFIED_GAP,UNVERIFIED_GAP,true,MATERIAL,research/results/checkpoint_fr_phase_c2/gap_inventory.csv,GAP_FIELD_RECOMPUTATION
10_gap_rows,FCG0031.first_missing_timestamp,2026-02-14T00:00:00,2026-02-14T00:00:00,true,MATERIAL,research/results/checkpoint_fr_phase_c2/gap_inventory.csv,GAP_FIELD_RECOMPUTATION
10_gap_rows,FCG0031.gap_id,FCG0031,FCG0031,true,MATERIAL,research/results/checkpoint_fr_phase_c2/gap_inventory.csv,GAP_FIELD_RECOMPUTATION
10_gap_rows,FCG0031.last_missing_timestamp,2026-02-16T00:00:00,2026-02-16T00:00:00,true,MATERIAL,research/results/checkpoint_fr_phase_c2/gap_inventory.csv,GAP_FIELD_RECOMPUTATION
10_gap_rows,FCG0031.missing_hourly_slot_count,49,49,true,MATERIAL,research/results/checkpoint_fr_phase_c2/gap_inventory.csv,GAP_FIELD_RECOMPUTATION
10_gap_rows,FCG0031.next_timestamp,2026-02-16T01:00:00,2026-02-16T01:00:00,true,MATERIAL,research/results/checkpoint_fr_phase_c2/gap_inventory.csv,GAP_FIELD_RECOMPUTATION
10_gap_rows,FCG0031.next_weekday,MONDAY,MONDAY,true,MATERIAL,research/results/checkpoint_fr_phase_c2/gap_inventory.csv,GAP_FIELD_RECOMPUTATION
10_gap_rows,FCG0031.notes_code,CURRENT_HASH_BOUND_SESSION_EVIDENCE_NOT_DATED_HISTORICAL_PROOF,CURRENT_HASH_BOUND_SESSION_EVIDENCE_NOT_DATED_HISTORICAL_PROOF,true,MATERIAL,research/results/checkpoint_fr_phase_c2/gap_inventory.csv,GAP_FIELD_RECOMPUTATION
10_gap_rows,FCG0031.previous_timestamp,2026-02-13T23:00:00,2026-02-13T23:00:00,true,MATERIAL,research/results/checkpoint_fr_phase_c2/gap_inventory.csv,GAP_FIELD_RECOMPUTATION
10_gap_rows,FCG0031.previous_weekday,FRIDAY,FRIDAY,true,MATERIAL,research/results/checkpoint_fr_phase_c2/gap_inventory.csv,GAP_FIELD_RECOMPUTATION
10_gap_rows,FCG0031.scope,ANALYSIS_WINDOW_INTERNAL,ANALYSIS_WINDOW_INTERNAL,true,MATERIAL,research/results/checkpoint_fr_phase_c2/gap_inventory.csv,GAP_FIELD_RECOMPUTATION
10_gap_rows,FCG0031.structural_pattern,WEEKEND_PATTERN,WEEKEND_PATTERN,true,MATERIAL,research/results/checkpoint_fr_phase_c2/gap_inventory.csv,GAP_FIELD_RECOMPUTATION
10_gap_rows,FCG0032.delta_hours,4,4,true,MATERIAL,research/results/checkpoint_fr_phase_c2/gap_inventory.csv,GAP_FIELD_RECOMPUTATION
10_gap_rows,FCG0032.evidence_status,NO_EXACT_EFFECTIVE_HISTORICAL_COVERAGE,NO_EXACT_EFFECTIVE_HISTORICAL_COVERAGE,true,MATERIAL,research/results/checkpoint_fr_phase_c2/gap_inventory.csv,GAP_FIELD_RECOMPUTATION
10_gap_rows,FCG0032.final_adjudication,UNVERIFIED_GAP,UNVERIFIED_GAP,true,MATERIAL,research/results/checkpoint_fr_phase_c2/gap_inventory.csv,GAP_FIELD_RECOMPUTATION
10_gap_rows,FCG0032.first_missing_timestamp,2026-02-16T22:00:00,2026-02-16T22:00:00,true,MATERIAL,research/results/checkpoint_fr_phase_c2/gap_inventory.csv,GAP_FIELD_RECOMPUTATION
10_gap_rows,FCG0032.gap_id,FCG0032,FCG0032,true,MATERIAL,research/results/checkpoint_fr_phase_c2/gap_inventory.csv,GAP_FIELD_RECOMPUTATION
10_gap_rows,FCG0032.last_missing_timestamp,2026-02-17T00:00:00,2026-02-17T00:00:00,true,MATERIAL,research/results/checkpoint_fr_phase_c2/gap_inventory.csv,GAP_FIELD_RECOMPUTATION
10_gap_rows,FCG0032.missing_hourly_slot_count,3,3,true,MATERIAL,research/results/checkpoint_fr_phase_c2/gap_inventory.csv,GAP_FIELD_RECOMPUTATION
10_gap_rows,FCG0032.next_timestamp,2026-02-17T01:00:00,2026-02-17T01:00:00,true,MATERIAL,research/results/checkpoint_fr_phase_c2/gap_inventory.csv,GAP_FIELD_RECOMPUTATION
10_gap_rows,FCG0032.next_weekday,TUESDAY,TUESDAY,true,MATERIAL,research/results/checkpoint_fr_phase_c2/gap_inventory.csv,GAP_FIELD_RECOMPUTATION
10_gap_rows,FCG0032.notes_code,CURRENT_HASH_BOUND_SESSION_EVIDENCE_NOT_DATED_HISTORICAL_PROOF,CURRENT_HASH_BOUND_SESSION_EVIDENCE_NOT_DATED_HISTORICAL_PROOF,true,MATERIAL,research/results/checkpoint_fr_phase_c2/gap_inventory.csv,GAP_FIELD_RECOMPUTATION
10_gap_rows,FCG0032.previous_timestamp,2026-02-16T21:00:00,2026-02-16T21:00:00,true,MATERIAL,research/results/checkpoint_fr_phase_c2/gap_inventory.csv,GAP_FIELD_RECOMPUTATION
10_gap_rows,FCG0032.previous_weekday,MONDAY,MONDAY,true,MATERIAL,research/results/checkpoint_fr_phase_c2/gap_inventory.csv,GAP_FIELD_RECOMPUTATION
10_gap_rows,FCG0032.scope,ANALYSIS_WINDOW_INTERNAL,ANALYSIS_WINDOW_INTERNAL,true,MATERIAL,research/results/checkpoint_fr_phase_c2/gap_inventory.csv,GAP_FIELD_RECOMPUTATION
10_gap_rows,FCG0032.structural_pattern,EARLY_CLOSE_OR_EXTENDED_BREAK_PATTERN,EARLY_CLOSE_OR_EXTENDED_BREAK_PATTERN,true,MATERIAL,research/results/checkpoint_fr_phase_c2/gap_inventory.csv,GAP_FIELD_RECOMPUTATION
10_gap_rows,FCG0033.delta_hours,2,2,true,MATERIAL,research/results/checkpoint_fr_phase_c2/gap_inventory.csv,GAP_FIELD_RECOMPUTATION
10_gap_rows,FCG0033.evidence_status,NO_EXACT_EFFECTIVE_HISTORICAL_COVERAGE,NO_EXACT_EFFECTIVE_HISTORICAL_COVERAGE,true,MATERIAL,research/results/checkpoint_fr_phase_c2/gap_inventory.csv,GAP_FIELD_RECOMPUTATION
10_gap_rows,FCG0033.final_adjudication,UNVERIFIED_GAP,UNVERIFIED_GAP,true,MATERIAL,research/results/checkpoint_fr_phase_c2/gap_inventory.csv,GAP_FIELD_RECOMPUTATION
10_gap_rows,FCG0033.first_missing_timestamp,2026-02-18T00:00:00,2026-02-18T00:00:00,true,MATERIAL,research/results/checkpoint_fr_phase_c2/gap_inventory.csv,GAP_FIELD_RECOMPUTATION
10_gap_rows,FCG0033.gap_id,FCG0033,FCG0033,true,MATERIAL,research/results/checkpoint_fr_phase_c2/gap_inventory.csv,GAP_FIELD_RECOMPUTATION
10_gap_rows,FCG0033.last_missing_timestamp,2026-02-18T00:00:00,2026-02-18T00:00:00,true,MATERIAL,research/results/checkpoint_fr_phase_c2/gap_inventory.csv,GAP_FIELD_RECOMPUTATION
10_gap_rows,FCG0033.missing_hourly_slot_count,1,1,true,MATERIAL,research/results/checkpoint_fr_phase_c2/gap_inventory.csv,GAP_FIELD_RECOMPUTATION
10_gap_rows,FCG0033.next_timestamp,2026-02-18T01:00:00,2026-02-18T01:00:00,true,MATERIAL,research/results/checkpoint_fr_phase_c2/gap_inventory.csv,GAP_FIELD_RECOMPUTATION
10_gap_rows,FCG0033.next_weekday,WEDNESDAY,WEDNESDAY,true,MATERIAL,research/results/checkpoint_fr_phase_c2/gap_inventory.csv,GAP_FIELD_RECOMPUTATION
10_gap_rows,FCG0033.notes_code,CURRENT_HASH_BOUND_SESSION_EVIDENCE_NOT_DATED_HISTORICAL_PROOF,CURRENT_HASH_BOUND_SESSION_EVIDENCE_NOT_DATED_HISTORICAL_PROOF,true,MATERIAL,research/results/checkpoint_fr_phase_c2/gap_inventory.csv,GAP_FIELD_RECOMPUTATION
10_gap_rows,FCG0033.previous_timestamp,2026-02-17T23:00:00,2026-02-17T23:00:00,true,MATERIAL,research/results/checkpoint_fr_phase_c2/gap_inventory.csv,GAP_FIELD_RECOMPUTATION
10_gap_rows,FCG0033.previous_weekday,TUESDAY,TUESDAY,true,MATERIAL,research/results/checkpoint_fr_phase_c2/gap_inventory.csv,GAP_FIELD_RECOMPUTATION
10_gap_rows,FCG0033.scope,ANALYSIS_WINDOW_INTERNAL,ANALYSIS_WINDOW_INTERNAL,true,MATERIAL,research/results/checkpoint_fr_phase_c2/gap_inventory.csv,GAP_FIELD_RECOMPUTATION
10_gap_rows,FCG0033.structural_pattern,DAILY_BREAK_PATTERN,DAILY_BREAK_PATTERN,true,MATERIAL,research/results/checkpoint_fr_phase_c2/gap_inventory.csv,GAP_FIELD_RECOMPUTATION
10_gap_rows,FCG0034.delta_hours,2,2,true,MATERIAL,research/results/checkpoint_fr_phase_c2/gap_inventory.csv,GAP_FIELD_RECOMPUTATION
10_gap_rows,FCG0034.evidence_status,NO_EXACT_EFFECTIVE_HISTORICAL_COVERAGE,NO_EXACT_EFFECTIVE_HISTORICAL_COVERAGE,true,MATERIAL,research/results/checkpoint_fr_phase_c2/gap_inventory.csv,GAP_FIELD_RECOMPUTATION
10_gap_rows,FCG0034.final_adjudication,UNVERIFIED_GAP,UNVERIFIED_GAP,true,MATERIAL,research/results/checkpoint_fr_phase_c2/gap_inventory.csv,GAP_FIELD_RECOMPUTATION
10_gap_rows,FCG0034.first_missing_timestamp,2026-02-19T00:00:00,2026-02-19T00:00:00,true,MATERIAL,research/results/checkpoint_fr_phase_c2/gap_inventory.csv,GAP_FIELD_RECOMPUTATION
10_gap_rows,FCG0034.gap_id,FCG0034,FCG0034,true,MATERIAL,research/results/checkpoint_fr_phase_c2/gap_inventory.csv,GAP_FIELD_RECOMPUTATION
10_gap_rows,FCG0034.last_missing_timestamp,2026-02-19T00:00:00,2026-02-19T00:00:00,true,MATERIAL,research/results/checkpoint_fr_phase_c2/gap_inventory.csv,GAP_FIELD_RECOMPUTATION
10_gap_rows,FCG0034.missing_hourly_slot_count,1,1,true,MATERIAL,research/results/checkpoint_fr_phase_c2/gap_inventory.csv,GAP_FIELD_RECOMPUTATION
10_gap_rows,FCG0034.next_timestamp,2026-02-19T01:00:00,2026-02-19T01:00:00,true,MATERIAL,research/results/checkpoint_fr_phase_c2/gap_inventory.csv,GAP_FIELD_RECOMPUTATION
10_gap_rows,FCG0034.next_weekday,THURSDAY,THURSDAY,true,MATERIAL,research/results/checkpoint_fr_phase_c2/gap_inventory.csv,GAP_FIELD_RECOMPUTATION
10_gap_rows,FCG0034.notes_code,CURRENT_HASH_BOUND_SESSION_EVIDENCE_NOT_DATED_HISTORICAL_PROOF,CURRENT_HASH_BOUND_SESSION_EVIDENCE_NOT_DATED_HISTORICAL_PROOF,true,MATERIAL,research/results/checkpoint_fr_phase_c2/gap_inventory.csv,GAP_FIELD_RECOMPUTATION
10_gap_rows,FCG0034.previous_timestamp,2026-02-18T23:00:00,2026-02-18T23:00:00,true,MATERIAL,research/results/checkpoint_fr_phase_c2/gap_inventory.csv,GAP_FIELD_RECOMPUTATION
10_gap_rows,FCG0034.previous_weekday,WEDNESDAY,WEDNESDAY,true,MATERIAL,research/results/checkpoint_fr_phase_c2/gap_inventory.csv,GAP_FIELD_RECOMPUTATION
10_gap_rows,FCG0034.scope,ANALYSIS_WINDOW_INTERNAL,ANALYSIS_WINDOW_INTERNAL,true,MATERIAL,research/results/checkpoint_fr_phase_c2/gap_inventory.csv,GAP_FIELD_RECOMPUTATION
10_gap_rows,FCG0034.structural_pattern,DAILY_BREAK_PATTERN,DAILY_BREAK_PATTERN,true,MATERIAL,research/results/checkpoint_fr_phase_c2/gap_inventory.csv,GAP_FIELD_RECOMPUTATION
10_gap_rows,FCG0035.delta_hours,2,2,true,MATERIAL,research/results/checkpoint_fr_phase_c2/gap_inventory.csv,GAP_FIELD_RECOMPUTATION
10_gap_rows,FCG0035.evidence_status,NO_EXACT_EFFECTIVE_HISTORICAL_COVERAGE,NO_EXACT_EFFECTIVE_HISTORICAL_COVERAGE,true,MATERIAL,research/results/checkpoint_fr_phase_c2/gap_inventory.csv,GAP_FIELD_RECOMPUTATION
10_gap_rows,FCG0035.final_adjudication,UNVERIFIED_GAP,UNVERIFIED_GAP,true,MATERIAL,research/results/checkpoint_fr_phase_c2/gap_inventory.csv,GAP_FIELD_RECOMPUTATION
10_gap_rows,FCG0035.first_missing_timestamp,2026-02-20T00:00:00,2026-02-20T00:00:00,true,MATERIAL,research/results/checkpoint_fr_phase_c2/gap_inventory.csv,GAP_FIELD_RECOMPUTATION
10_gap_rows,FCG0035.gap_id,FCG0035,FCG0035,true,MATERIAL,research/results/checkpoint_fr_phase_c2/gap_inventory.csv,GAP_FIELD_RECOMPUTATION
10_gap_rows,FCG0035.last_missing_timestamp,2026-02-20T00:00:00,2026-02-20T00:00:00,true,MATERIAL,research/results/checkpoint_fr_phase_c2/gap_inventory.csv,GAP_FIELD_RECOMPUTATION
10_gap_rows,FCG0035.missing_hourly_slot_count,1,1,true,MATERIAL,research/results/checkpoint_fr_phase_c2/gap_inventory.csv,GAP_FIELD_RECOMPUTATION
10_gap_rows,FCG0035.next_timestamp,2026-02-20T01:00:00,2026-02-20T01:00:00,true,MATERIAL,research/results/checkpoint_fr_phase_c2/gap_inventory.csv,GAP_FIELD_RECOMPUTATION
10_gap_rows,FCG0035.next_weekday,FRIDAY,FRIDAY,true,MATERIAL,research/results/checkpoint_fr_phase_c2/gap_inventory.csv,GAP_FIELD_RECOMPUTATION
10_gap_rows,FCG0035.notes_code,CURRENT_HASH_BOUND_SESSION_EVIDENCE_NOT_DATED_HISTORICAL_PROOF,CURRENT_HASH_BOUND_SESSION_EVIDENCE_NOT_DATED_HISTORICAL_PROOF,true,MATERIAL,research/results/checkpoint_fr_phase_c2/gap_inventory.csv,GAP_FIELD_RECOMPUTATION
10_gap_rows,FCG0035.previous_timestamp,2026-02-19T23:00:00,2026-02-19T23:00:00,true,MATERIAL,research/results/checkpoint_fr_phase_c2/gap_inventory.csv,GAP_FIELD_RECOMPUTATION
10_gap_rows,FCG0035.previous_weekday,THURSDAY,THURSDAY,true,MATERIAL,research/results/checkpoint_fr_phase_c2/gap_inventory.csv,GAP_FIELD_RECOMPUTATION
10_gap_rows,FCG0035.scope,ANALYSIS_WINDOW_INTERNAL,ANALYSIS_WINDOW_INTERNAL,true,MATERIAL,research/results/checkpoint_fr_phase_c2/gap_inventory.csv,GAP_FIELD_RECOMPUTATION
10_gap_rows,FCG0035.structural_pattern,DAILY_BREAK_PATTERN,DAILY_BREAK_PATTERN,true,MATERIAL,research/results/checkpoint_fr_phase_c2/gap_inventory.csv,GAP_FIELD_RECOMPUTATION
10_gap_rows,FCG0036.delta_hours,50,50,true,MATERIAL,research/results/checkpoint_fr_phase_c2/gap_inventory.csv,GAP_FIELD_RECOMPUTATION
10_gap_rows,FCG0036.evidence_status,NO_EXACT_EFFECTIVE_HISTORICAL_COVERAGE,NO_EXACT_EFFECTIVE_HISTORICAL_COVERAGE,true,MATERIAL,research/results/checkpoint_fr_phase_c2/gap_inventory.csv,GAP_FIELD_RECOMPUTATION
10_gap_rows,FCG0036.final_adjudication,UNVERIFIED_GAP,UNVERIFIED_GAP,true,MATERIAL,research/results/checkpoint_fr_phase_c2/gap_inventory.csv,GAP_FIELD_RECOMPUTATION
10_gap_rows,FCG0036.first_missing_timestamp,2026-02-21T00:00:00,2026-02-21T00:00:00,true,MATERIAL,research/results/checkpoint_fr_phase_c2/gap_inventory.csv,GAP_FIELD_RECOMPUTATION
10_gap_rows,FCG0036.gap_id,FCG0036,FCG0036,true,MATERIAL,research/results/checkpoint_fr_phase_c2/gap_inventory.csv,GAP_FIELD_RECOMPUTATION
10_gap_rows,FCG0036.last_missing_timestamp,2026-02-23T00:00:00,2026-02-23T00:00:00,true,MATERIAL,research/results/checkpoint_fr_phase_c2/gap_inventory.csv,GAP_FIELD_RECOMPUTATION
10_gap_rows,FCG0036.missing_hourly_slot_count,49,49,true,MATERIAL,research/results/checkpoint_fr_phase_c2/gap_inventory.csv,GAP_FIELD_RECOMPUTATION
10_gap_rows,FCG0036.next_timestamp,2026-02-23T01:00:00,2026-02-23T01:00:00,true,MATERIAL,research/results/checkpoint_fr_phase_c2/gap_inventory.csv,GAP_FIELD_RECOMPUTATION
10_gap_rows,FCG0036.next_weekday,MONDAY,MONDAY,true,MATERIAL,research/results/checkpoint_fr_phase_c2/gap_inventory.csv,GAP_FIELD_RECOMPUTATION
10_gap_rows,FCG0036.notes_code,CURRENT_HASH_BOUND_SESSION_EVIDENCE_NOT_DATED_HISTORICAL_PROOF,CURRENT_HASH_BOUND_SESSION_EVIDENCE_NOT_DATED_HISTORICAL_PROOF,true,MATERIAL,research/results/checkpoint_fr_phase_c2/gap_inventory.csv,GAP_FIELD_RECOMPUTATION
10_gap_rows,FCG0036.previous_timestamp,2026-02-20T23:00:00,2026-02-20T23:00:00,true,MATERIAL,research/results/checkpoint_fr_phase_c2/gap_inventory.csv,GAP_FIELD_RECOMPUTATION
10_gap_rows,FCG0036.previous_weekday,FRIDAY,FRIDAY,true,MATERIAL,research/results/checkpoint_fr_phase_c2/gap_inventory.csv,GAP_FIELD_RECOMPUTATION
10_gap_rows,FCG0036.scope,ANALYSIS_WINDOW_INTERNAL,ANALYSIS_WINDOW_INTERNAL,true,MATERIAL,research/results/checkpoint_fr_phase_c2/gap_inventory.csv,GAP_FIELD_RECOMPUTATION
10_gap_rows,FCG0036.structural_pattern,WEEKEND_PATTERN,WEEKEND_PATTERN,true,MATERIAL,research/results/checkpoint_fr_phase_c2/gap_inventory.csv,GAP_FIELD_RECOMPUTATION
10_gap_rows,FCG0037.delta_hours,2,2,true,MATERIAL,research/results/checkpoint_fr_phase_c2/gap_inventory.csv,GAP_FIELD_RECOMPUTATION
10_gap_rows,FCG0037.evidence_status,NO_EXACT_EFFECTIVE_HISTORICAL_COVERAGE,NO_EXACT_EFFECTIVE_HISTORICAL_COVERAGE,true,MATERIAL,research/results/checkpoint_fr_phase_c2/gap_inventory.csv,GAP_FIELD_RECOMPUTATION
10_gap_rows,FCG0037.final_adjudication,UNVERIFIED_GAP,UNVERIFIED_GAP,true,MATERIAL,research/results/checkpoint_fr_phase_c2/gap_inventory.csv,GAP_FIELD_RECOMPUTATION
10_gap_rows,FCG0037.first_missing_timestamp,2026-02-24T00:00:00,2026-02-24T00:00:00,true,MATERIAL,research/results/checkpoint_fr_phase_c2/gap_inventory.csv,GAP_FIELD_RECOMPUTATION
10_gap_rows,FCG0037.gap_id,FCG0037,FCG0037,true,MATERIAL,research/results/checkpoint_fr_phase_c2/gap_inventory.csv,GAP_FIELD_RECOMPUTATION
10_gap_rows,FCG0037.last_missing_timestamp,2026-02-24T00:00:00,2026-02-24T00:00:00,true,MATERIAL,research/results/checkpoint_fr_phase_c2/gap_inventory.csv,GAP_FIELD_RECOMPUTATION
10_gap_rows,FCG0037.missing_hourly_slot_count,1,1,true,MATERIAL,research/results/checkpoint_fr_phase_c2/gap_inventory.csv,GAP_FIELD_RECOMPUTATION
10_gap_rows,FCG0037.next_timestamp,2026-02-24T01:00:00,2026-02-24T01:00:00,true,MATERIAL,research/results/checkpoint_fr_phase_c2/gap_inventory.csv,GAP_FIELD_RECOMPUTATION
10_gap_rows,FCG0037.next_weekday,TUESDAY,TUESDAY,true,MATERIAL,research/results/checkpoint_fr_phase_c2/gap_inventory.csv,GAP_FIELD_RECOMPUTATION
10_gap_rows,FCG0037.notes_code,CURRENT_HASH_BOUND_SESSION_EVIDENCE_NOT_DATED_HISTORICAL_PROOF,CURRENT_HASH_BOUND_SESSION_EVIDENCE_NOT_DATED_HISTORICAL_PROOF,true,MATERIAL,research/results/checkpoint_fr_phase_c2/gap_inventory.csv,GAP_FIELD_RECOMPUTATION
10_gap_rows,FCG0037.previous_timestamp,2026-02-23T23:00:00,2026-02-23T23:00:00,true,MATERIAL,research/results/checkpoint_fr_phase_c2/gap_inventory.csv,GAP_FIELD_RECOMPUTATION
10_gap_rows,FCG0037.previous_weekday,MONDAY,MONDAY,true,MATERIAL,research/results/checkpoint_fr_phase_c2/gap_inventory.csv,GAP_FIELD_RECOMPUTATION
10_gap_rows,FCG0037.scope,ANALYSIS_WINDOW_INTERNAL,ANALYSIS_WINDOW_INTERNAL,true,MATERIAL,research/results/checkpoint_fr_phase_c2/gap_inventory.csv,GAP_FIELD_RECOMPUTATION
10_gap_rows,FCG0037.structural_pattern,DAILY_BREAK_PATTERN,DAILY_BREAK_PATTERN,true,MATERIAL,research/results/checkpoint_fr_phase_c2/gap_inventory.csv,GAP_FIELD_RECOMPUTATION
10_gap_rows,FCG0038.delta_hours,2,2,true,MATERIAL,research/results/checkpoint_fr_phase_c2/gap_inventory.csv,GAP_FIELD_RECOMPUTATION
10_gap_rows,FCG0038.evidence_status,NO_EXACT_EFFECTIVE_HISTORICAL_COVERAGE,NO_EXACT_EFFECTIVE_HISTORICAL_COVERAGE,true,MATERIAL,research/results/checkpoint_fr_phase_c2/gap_inventory.csv,GAP_FIELD_RECOMPUTATION
10_gap_rows,FCG0038.final_adjudication,UNVERIFIED_GAP,UNVERIFIED_GAP,true,MATERIAL,research/results/checkpoint_fr_phase_c2/gap_inventory.csv,GAP_FIELD_RECOMPUTATION
10_gap_rows,FCG0038.first_missing_timestamp,2026-02-25T00:00:00,2026-02-25T00:00:00,true,MATERIAL,research/results/checkpoint_fr_phase_c2/gap_inventory.csv,GAP_FIELD_RECOMPUTATION
10_gap_rows,FCG0038.gap_id,FCG0038,FCG0038,true,MATERIAL,research/results/checkpoint_fr_phase_c2/gap_inventory.csv,GAP_FIELD_RECOMPUTATION
10_gap_rows,FCG0038.last_missing_timestamp,2026-02-25T00:00:00,2026-02-25T00:00:00,true,MATERIAL,research/results/checkpoint_fr_phase_c2/gap_inventory.csv,GAP_FIELD_RECOMPUTATION
10_gap_rows,FCG0038.missing_hourly_slot_count,1,1,true,MATERIAL,research/results/checkpoint_fr_phase_c2/gap_inventory.csv,GAP_FIELD_RECOMPUTATION
10_gap_rows,FCG0038.next_timestamp,2026-02-25T01:00:00,2026-02-25T01:00:00,true,MATERIAL,research/results/checkpoint_fr_phase_c2/gap_inventory.csv,GAP_FIELD_RECOMPUTATION
10_gap_rows,FCG0038.next_weekday,WEDNESDAY,WEDNESDAY,true,MATERIAL,research/results/checkpoint_fr_phase_c2/gap_inventory.csv,GAP_FIELD_RECOMPUTATION
10_gap_rows,FCG0038.notes_code,CURRENT_HASH_BOUND_SESSION_EVIDENCE_NOT_DATED_HISTORICAL_PROOF,CURRENT_HASH_BOUND_SESSION_EVIDENCE_NOT_DATED_HISTORICAL_PROOF,true,MATERIAL,research/results/checkpoint_fr_phase_c2/gap_inventory.csv,GAP_FIELD_RECOMPUTATION
10_gap_rows,FCG0038.previous_timestamp,2026-02-24T23:00:00,2026-02-24T23:00:00,true,MATERIAL,research/results/checkpoint_fr_phase_c2/gap_inventory.csv,GAP_FIELD_RECOMPUTATION
10_gap_rows,FCG0038.previous_weekday,TUESDAY,TUESDAY,true,MATERIAL,research/results/checkpoint_fr_phase_c2/gap_inventory.csv,GAP_FIELD_RECOMPUTATION
10_gap_rows,FCG0038.scope,ANALYSIS_WINDOW_INTERNAL,ANALYSIS_WINDOW_INTERNAL,true,MATERIAL,research/results/checkpoint_fr_phase_c2/gap_inventory.csv,GAP_FIELD_RECOMPUTATION
10_gap_rows,FCG0038.structural_pattern,DAILY_BREAK_PATTERN,DAILY_BREAK_PATTERN,true,MATERIAL,research/results/checkpoint_fr_phase_c2/gap_inventory.csv,GAP_FIELD_RECOMPUTATION
10_gap_rows,FCG0039.delta_hours,2,2,true,MATERIAL,research/results/checkpoint_fr_phase_c2/gap_inventory.csv,GAP_FIELD_RECOMPUTATION
10_gap_rows,FCG0039.evidence_status,NO_EXACT_EFFECTIVE_HISTORICAL_COVERAGE,NO_EXACT_EFFECTIVE_HISTORICAL_COVERAGE,true,MATERIAL,research/results/checkpoint_fr_phase_c2/gap_inventory.csv,GAP_FIELD_RECOMPUTATION
10_gap_rows,FCG0039.final_adjudication,UNVERIFIED_GAP,UNVERIFIED_GAP,true,MATERIAL,research/results/checkpoint_fr_phase_c2/gap_inventory.csv,GAP_FIELD_RECOMPUTATION
10_gap_rows,FCG0039.first_missing_timestamp,2026-02-26T00:00:00,2026-02-26T00:00:00,true,MATERIAL,research/results/checkpoint_fr_phase_c2/gap_inventory.csv,GAP_FIELD_RECOMPUTATION
10_gap_rows,FCG0039.gap_id,FCG0039,FCG0039,true,MATERIAL,research/results/checkpoint_fr_phase_c2/gap_inventory.csv,GAP_FIELD_RECOMPUTATION
10_gap_rows,FCG0039.last_missing_timestamp,2026-02-26T00:00:00,2026-02-26T00:00:00,true,MATERIAL,research/results/checkpoint_fr_phase_c2/gap_inventory.csv,GAP_FIELD_RECOMPUTATION
10_gap_rows,FCG0039.missing_hourly_slot_count,1,1,true,MATERIAL,research/results/checkpoint_fr_phase_c2/gap_inventory.csv,GAP_FIELD_RECOMPUTATION
10_gap_rows,FCG0039.next_timestamp,2026-02-26T01:00:00,2026-02-26T01:00:00,true,MATERIAL,research/results/checkpoint_fr_phase_c2/gap_inventory.csv,GAP_FIELD_RECOMPUTATION
10_gap_rows,FCG0039.next_weekday,THURSDAY,THURSDAY,true,MATERIAL,research/results/checkpoint_fr_phase_c2/gap_inventory.csv,GAP_FIELD_RECOMPUTATION
10_gap_rows,FCG0039.notes_code,CURRENT_HASH_BOUND_SESSION_EVIDENCE_NOT_DATED_HISTORICAL_PROOF,CURRENT_HASH_BOUND_SESSION_EVIDENCE_NOT_DATED_HISTORICAL_PROOF,true,MATERIAL,research/results/checkpoint_fr_phase_c2/gap_inventory.csv,GAP_FIELD_RECOMPUTATION
10_gap_rows,FCG0039.previous_timestamp,2026-02-25T23:00:00,2026-02-25T23:00:00,true,MATERIAL,research/results/checkpoint_fr_phase_c2/gap_inventory.csv,GAP_FIELD_RECOMPUTATION
10_gap_rows,FCG0039.previous_weekday,WEDNESDAY,WEDNESDAY,true,MATERIAL,research/results/checkpoint_fr_phase_c2/gap_inventory.csv,GAP_FIELD_RECOMPUTATION
10_gap_rows,FCG0039.scope,ANALYSIS_WINDOW_INTERNAL,ANALYSIS_WINDOW_INTERNAL,true,MATERIAL,research/results/checkpoint_fr_phase_c2/gap_inventory.csv,GAP_FIELD_RECOMPUTATION
10_gap_rows,FCG0039.structural_pattern,DAILY_BREAK_PATTERN,DAILY_BREAK_PATTERN,true,MATERIAL,research/results/checkpoint_fr_phase_c2/gap_inventory.csv,GAP_FIELD_RECOMPUTATION
10_gap_rows,FCG0040.delta_hours,2,2,true,MATERIAL,research/results/checkpoint_fr_phase_c2/gap_inventory.csv,GAP_FIELD_RECOMPUTATION
10_gap_rows,FCG0040.evidence_status,NO_EXACT_EFFECTIVE_HISTORICAL_COVERAGE,NO_EXACT_EFFECTIVE_HISTORICAL_COVERAGE,true,MATERIAL,research/results/checkpoint_fr_phase_c2/gap_inventory.csv,GAP_FIELD_RECOMPUTATION
10_gap_rows,FCG0040.final_adjudication,UNVERIFIED_GAP,UNVERIFIED_GAP,true,MATERIAL,research/results/checkpoint_fr_phase_c2/gap_inventory.csv,GAP_FIELD_RECOMPUTATION
10_gap_rows,FCG0040.first_missing_timestamp,2026-02-27T00:00:00,2026-02-27T00:00:00,true,MATERIAL,research/results/checkpoint_fr_phase_c2/gap_inventory.csv,GAP_FIELD_RECOMPUTATION
10_gap_rows,FCG0040.gap_id,FCG0040,FCG0040,true,MATERIAL,research/results/checkpoint_fr_phase_c2/gap_inventory.csv,GAP_FIELD_RECOMPUTATION
10_gap_rows,FCG0040.last_missing_timestamp,2026-02-27T00:00:00,2026-02-27T00:00:00,true,MATERIAL,research/results/checkpoint_fr_phase_c2/gap_inventory.csv,GAP_FIELD_RECOMPUTATION
10_gap_rows,FCG0040.missing_hourly_slot_count,1,1,true,MATERIAL,research/results/checkpoint_fr_phase_c2/gap_inventory.csv,GAP_FIELD_RECOMPUTATION
10_gap_rows,FCG0040.next_timestamp,2026-02-27T01:00:00,2026-02-27T01:00:00,true,MATERIAL,research/results/checkpoint_fr_phase_c2/gap_inventory.csv,GAP_FIELD_RECOMPUTATION
10_gap_rows,FCG0040.next_weekday,FRIDAY,FRIDAY,true,MATERIAL,research/results/checkpoint_fr_phase_c2/gap_inventory.csv,GAP_FIELD_RECOMPUTATION
10_gap_rows,FCG0040.notes_code,CURRENT_HASH_BOUND_SESSION_EVIDENCE_NOT_DATED_HISTORICAL_PROOF,CURRENT_HASH_BOUND_SESSION_EVIDENCE_NOT_DATED_HISTORICAL_PROOF,true,MATERIAL,research/results/checkpoint_fr_phase_c2/gap_inventory.csv,GAP_FIELD_RECOMPUTATION
10_gap_rows,FCG0040.previous_timestamp,2026-02-26T23:00:00,2026-02-26T23:00:00,true,MATERIAL,research/results/checkpoint_fr_phase_c2/gap_inventory.csv,GAP_FIELD_RECOMPUTATION
10_gap_rows,FCG0040.previous_weekday,THURSDAY,THURSDAY,true,MATERIAL,research/results/checkpoint_fr_phase_c2/gap_inventory.csv,GAP_FIELD_RECOMPUTATION
10_gap_rows,FCG0040.scope,ANALYSIS_WINDOW_INTERNAL,ANALYSIS_WINDOW_INTERNAL,true,MATERIAL,research/results/checkpoint_fr_phase_c2/gap_inventory.csv,GAP_FIELD_RECOMPUTATION
10_gap_rows,FCG0040.structural_pattern,DAILY_BREAK_PATTERN,DAILY_BREAK_PATTERN,true,MATERIAL,research/results/checkpoint_fr_phase_c2/gap_inventory.csv,GAP_FIELD_RECOMPUTATION
10_gap_rows,FCG0041.delta_hours,50,50,true,MATERIAL,research/results/checkpoint_fr_phase_c2/gap_inventory.csv,GAP_FIELD_RECOMPUTATION
10_gap_rows,FCG0041.evidence_status,NO_EXACT_EFFECTIVE_HISTORICAL_COVERAGE,NO_EXACT_EFFECTIVE_HISTORICAL_COVERAGE,true,MATERIAL,research/results/checkpoint_fr_phase_c2/gap_inventory.csv,GAP_FIELD_RECOMPUTATION
10_gap_rows,FCG0041.final_adjudication,UNVERIFIED_GAP,UNVERIFIED_GAP,true,MATERIAL,research/results/checkpoint_fr_phase_c2/gap_inventory.csv,GAP_FIELD_RECOMPUTATION
10_gap_rows,FCG0041.first_missing_timestamp,2026-02-28T00:00:00,2026-02-28T00:00:00,true,MATERIAL,research/results/checkpoint_fr_phase_c2/gap_inventory.csv,GAP_FIELD_RECOMPUTATION
10_gap_rows,FCG0041.gap_id,FCG0041,FCG0041,true,MATERIAL,research/results/checkpoint_fr_phase_c2/gap_inventory.csv,GAP_FIELD_RECOMPUTATION
10_gap_rows,FCG0041.last_missing_timestamp,2026-03-02T00:00:00,2026-03-02T00:00:00,true,MATERIAL,research/results/checkpoint_fr_phase_c2/gap_inventory.csv,GAP_FIELD_RECOMPUTATION
10_gap_rows,FCG0041.missing_hourly_slot_count,49,49,true,MATERIAL,research/results/checkpoint_fr_phase_c2/gap_inventory.csv,GAP_FIELD_RECOMPUTATION
10_gap_rows,FCG0041.next_timestamp,2026-03-02T01:00:00,2026-03-02T01:00:00,true,MATERIAL,research/results/checkpoint_fr_phase_c2/gap_inventory.csv,GAP_FIELD_RECOMPUTATION
10_gap_rows,FCG0041.next_weekday,MONDAY,MONDAY,true,MATERIAL,research/results/checkpoint_fr_phase_c2/gap_inventory.csv,GAP_FIELD_RECOMPUTATION
10_gap_rows,FCG0041.notes_code,CURRENT_HASH_BOUND_SESSION_EVIDENCE_NOT_DATED_HISTORICAL_PROOF,CURRENT_HASH_BOUND_SESSION_EVIDENCE_NOT_DATED_HISTORICAL_PROOF,true,MATERIAL,research/results/checkpoint_fr_phase_c2/gap_inventory.csv,GAP_FIELD_RECOMPUTATION
10_gap_rows,FCG0041.previous_timestamp,2026-02-27T23:00:00,2026-02-27T23:00:00,true,MATERIAL,research/results/checkpoint_fr_phase_c2/gap_inventory.csv,GAP_FIELD_RECOMPUTATION
10_gap_rows,FCG0041.previous_weekday,FRIDAY,FRIDAY,true,MATERIAL,research/results/checkpoint_fr_phase_c2/gap_inventory.csv,GAP_FIELD_RECOMPUTATION
10_gap_rows,FCG0041.scope,ANALYSIS_WINDOW_INTERNAL,ANALYSIS_WINDOW_INTERNAL,true,MATERIAL,research/results/checkpoint_fr_phase_c2/gap_inventory.csv,GAP_FIELD_RECOMPUTATION
10_gap_rows,FCG0041.structural_pattern,WEEKEND_PATTERN,WEEKEND_PATTERN,true,MATERIAL,research/results/checkpoint_fr_phase_c2/gap_inventory.csv,GAP_FIELD_RECOMPUTATION
10_gap_rows,FCG0042.delta_hours,2,2,true,MATERIAL,research/results/checkpoint_fr_phase_c2/gap_inventory.csv,GAP_FIELD_RECOMPUTATION
10_gap_rows,FCG0042.evidence_status,NO_EXACT_EFFECTIVE_HISTORICAL_COVERAGE,NO_EXACT_EFFECTIVE_HISTORICAL_COVERAGE,true,MATERIAL,research/results/checkpoint_fr_phase_c2/gap_inventory.csv,GAP_FIELD_RECOMPUTATION
10_gap_rows,FCG0042.final_adjudication,UNVERIFIED_GAP,UNVERIFIED_GAP,true,MATERIAL,research/results/checkpoint_fr_phase_c2/gap_inventory.csv,GAP_FIELD_RECOMPUTATION
10_gap_rows,FCG0042.first_missing_timestamp,2026-03-03T00:00:00,2026-03-03T00:00:00,true,MATERIAL,research/results/checkpoint_fr_phase_c2/gap_inventory.csv,GAP_FIELD_RECOMPUTATION
10_gap_rows,FCG0042.gap_id,FCG0042,FCG0042,true,MATERIAL,research/results/checkpoint_fr_phase_c2/gap_inventory.csv,GAP_FIELD_RECOMPUTATION
10_gap_rows,FCG0042.last_missing_timestamp,2026-03-03T00:00:00,2026-03-03T00:00:00,true,MATERIAL,research/results/checkpoint_fr_phase_c2/gap_inventory.csv,GAP_FIELD_RECOMPUTATION
10_gap_rows,FCG0042.missing_hourly_slot_count,1,1,true,MATERIAL,research/results/checkpoint_fr_phase_c2/gap_inventory.csv,GAP_FIELD_RECOMPUTATION
10_gap_rows,FCG0042.next_timestamp,2026-03-03T01:00:00,2026-03-03T01:00:00,true,MATERIAL,research/results/checkpoint_fr_phase_c2/gap_inventory.csv,GAP_FIELD_RECOMPUTATION
10_gap_rows,FCG0042.next_weekday,TUESDAY,TUESDAY,true,MATERIAL,research/results/checkpoint_fr_phase_c2/gap_inventory.csv,GAP_FIELD_RECOMPUTATION
10_gap_rows,FCG0042.notes_code,CURRENT_HASH_BOUND_SESSION_EVIDENCE_NOT_DATED_HISTORICAL_PROOF,CURRENT_HASH_BOUND_SESSION_EVIDENCE_NOT_DATED_HISTORICAL_PROOF,true,MATERIAL,research/results/checkpoint_fr_phase_c2/gap_inventory.csv,GAP_FIELD_RECOMPUTATION
10_gap_rows,FCG0042.previous_timestamp,2026-03-02T23:00:00,2026-03-02T23:00:00,true,MATERIAL,research/results/checkpoint_fr_phase_c2/gap_inventory.csv,GAP_FIELD_RECOMPUTATION
10_gap_rows,FCG0042.previous_weekday,MONDAY,MONDAY,true,MATERIAL,research/results/checkpoint_fr_phase_c2/gap_inventory.csv,GAP_FIELD_RECOMPUTATION
10_gap_rows,FCG0042.scope,ANALYSIS_WINDOW_INTERNAL,ANALYSIS_WINDOW_INTERNAL,true,MATERIAL,research/results/checkpoint_fr_phase_c2/gap_inventory.csv,GAP_FIELD_RECOMPUTATION
10_gap_rows,FCG0042.structural_pattern,DAILY_BREAK_PATTERN,DAILY_BREAK_PATTERN,true,MATERIAL,research/results/checkpoint_fr_phase_c2/gap_inventory.csv,GAP_FIELD_RECOMPUTATION
10_gap_rows,FCG0043.delta_hours,2,2,true,MATERIAL,research/results/checkpoint_fr_phase_c2/gap_inventory.csv,GAP_FIELD_RECOMPUTATION
10_gap_rows,FCG0043.evidence_status,NO_EXACT_EFFECTIVE_HISTORICAL_COVERAGE,NO_EXACT_EFFECTIVE_HISTORICAL_COVERAGE,true,MATERIAL,research/results/checkpoint_fr_phase_c2/gap_inventory.csv,GAP_FIELD_RECOMPUTATION
10_gap_rows,FCG0043.final_adjudication,UNVERIFIED_GAP,UNVERIFIED_GAP,true,MATERIAL,research/results/checkpoint_fr_phase_c2/gap_inventory.csv,GAP_FIELD_RECOMPUTATION
10_gap_rows,FCG0043.first_missing_timestamp,2026-03-04T00:00:00,2026-03-04T00:00:00,true,MATERIAL,research/results/checkpoint_fr_phase_c2/gap_inventory.csv,GAP_FIELD_RECOMPUTATION
10_gap_rows,FCG0043.gap_id,FCG0043,FCG0043,true,MATERIAL,research/results/checkpoint_fr_phase_c2/gap_inventory.csv,GAP_FIELD_RECOMPUTATION
10_gap_rows,FCG0043.last_missing_timestamp,2026-03-04T00:00:00,2026-03-04T00:00:00,true,MATERIAL,research/results/checkpoint_fr_phase_c2/gap_inventory.csv,GAP_FIELD_RECOMPUTATION
10_gap_rows,FCG0043.missing_hourly_slot_count,1,1,true,MATERIAL,research/results/checkpoint_fr_phase_c2/gap_inventory.csv,GAP_FIELD_RECOMPUTATION
10_gap_rows,FCG0043.next_timestamp,2026-03-04T01:00:00,2026-03-04T01:00:00,true,MATERIAL,research/results/checkpoint_fr_phase_c2/gap_inventory.csv,GAP_FIELD_RECOMPUTATION
10_gap_rows,FCG0043.next_weekday,WEDNESDAY,WEDNESDAY,true,MATERIAL,research/results/checkpoint_fr_phase_c2/gap_inventory.csv,GAP_FIELD_RECOMPUTATION
10_gap_rows,FCG0043.notes_code,CURRENT_HASH_BOUND_SESSION_EVIDENCE_NOT_DATED_HISTORICAL_PROOF,CURRENT_HASH_BOUND_SESSION_EVIDENCE_NOT_DATED_HISTORICAL_PROOF,true,MATERIAL,research/results/checkpoint_fr_phase_c2/gap_inventory.csv,GAP_FIELD_RECOMPUTATION
10_gap_rows,FCG0043.previous_timestamp,2026-03-03T23:00:00,2026-03-03T23:00:00,true,MATERIAL,research/results/checkpoint_fr_phase_c2/gap_inventory.csv,GAP_FIELD_RECOMPUTATION
10_gap_rows,FCG0043.previous_weekday,TUESDAY,TUESDAY,true,MATERIAL,research/results/checkpoint_fr_phase_c2/gap_inventory.csv,GAP_FIELD_RECOMPUTATION
10_gap_rows,FCG0043.scope,ANALYSIS_WINDOW_INTERNAL,ANALYSIS_WINDOW_INTERNAL,true,MATERIAL,research/results/checkpoint_fr_phase_c2/gap_inventory.csv,GAP_FIELD_RECOMPUTATION
10_gap_rows,FCG0043.structural_pattern,DAILY_BREAK_PATTERN,DAILY_BREAK_PATTERN,true,MATERIAL,research/results/checkpoint_fr_phase_c2/gap_inventory.csv,GAP_FIELD_RECOMPUTATION
10_gap_rows,FCG0044.delta_hours,2,2,true,MATERIAL,research/results/checkpoint_fr_phase_c2/gap_inventory.csv,GAP_FIELD_RECOMPUTATION
10_gap_rows,FCG0044.evidence_status,NO_EXACT_EFFECTIVE_HISTORICAL_COVERAGE,NO_EXACT_EFFECTIVE_HISTORICAL_COVERAGE,true,MATERIAL,research/results/checkpoint_fr_phase_c2/gap_inventory.csv,GAP_FIELD_RECOMPUTATION
10_gap_rows,FCG0044.final_adjudication,UNVERIFIED_GAP,UNVERIFIED_GAP,true,MATERIAL,research/results/checkpoint_fr_phase_c2/gap_inventory.csv,GAP_FIELD_RECOMPUTATION
10_gap_rows,FCG0044.first_missing_timestamp,2026-03-05T00:00:00,2026-03-05T00:00:00,true,MATERIAL,research/results/checkpoint_fr_phase_c2/gap_inventory.csv,GAP_FIELD_RECOMPUTATION
10_gap_rows,FCG0044.gap_id,FCG0044,FCG0044,true,MATERIAL,research/results/checkpoint_fr_phase_c2/gap_inventory.csv,GAP_FIELD_RECOMPUTATION
10_gap_rows,FCG0044.last_missing_timestamp,2026-03-05T00:00:00,2026-03-05T00:00:00,true,MATERIAL,research/results/checkpoint_fr_phase_c2/gap_inventory.csv,GAP_FIELD_RECOMPUTATION
10_gap_rows,FCG0044.missing_hourly_slot_count,1,1,true,MATERIAL,research/results/checkpoint_fr_phase_c2/gap_inventory.csv,GAP_FIELD_RECOMPUTATION
10_gap_rows,FCG0044.next_timestamp,2026-03-05T01:00:00,2026-03-05T01:00:00,true,MATERIAL,research/results/checkpoint_fr_phase_c2/gap_inventory.csv,GAP_FIELD_RECOMPUTATION
10_gap_rows,FCG0044.next_weekday,THURSDAY,THURSDAY,true,MATERIAL,research/results/checkpoint_fr_phase_c2/gap_inventory.csv,GAP_FIELD_RECOMPUTATION
10_gap_rows,FCG0044.notes_code,CURRENT_HASH_BOUND_SESSION_EVIDENCE_NOT_DATED_HISTORICAL_PROOF,CURRENT_HASH_BOUND_SESSION_EVIDENCE_NOT_DATED_HISTORICAL_PROOF,true,MATERIAL,research/results/checkpoint_fr_phase_c2/gap_inventory.csv,GAP_FIELD_RECOMPUTATION
10_gap_rows,FCG0044.previous_timestamp,2026-03-04T23:00:00,2026-03-04T23:00:00,true,MATERIAL,research/results/checkpoint_fr_phase_c2/gap_inventory.csv,GAP_FIELD_RECOMPUTATION
10_gap_rows,FCG0044.previous_weekday,WEDNESDAY,WEDNESDAY,true,MATERIAL,research/results/checkpoint_fr_phase_c2/gap_inventory.csv,GAP_FIELD_RECOMPUTATION
10_gap_rows,FCG0044.scope,ANALYSIS_WINDOW_INTERNAL,ANALYSIS_WINDOW_INTERNAL,true,MATERIAL,research/results/checkpoint_fr_phase_c2/gap_inventory.csv,GAP_FIELD_RECOMPUTATION
10_gap_rows,FCG0044.structural_pattern,DAILY_BREAK_PATTERN,DAILY_BREAK_PATTERN,true,MATERIAL,research/results/checkpoint_fr_phase_c2/gap_inventory.csv,GAP_FIELD_RECOMPUTATION
10_gap_rows,FCG0045.delta_hours,2,2,true,MATERIAL,research/results/checkpoint_fr_phase_c2/gap_inventory.csv,GAP_FIELD_RECOMPUTATION
10_gap_rows,FCG0045.evidence_status,NO_EXACT_EFFECTIVE_HISTORICAL_COVERAGE,NO_EXACT_EFFECTIVE_HISTORICAL_COVERAGE,true,MATERIAL,research/results/checkpoint_fr_phase_c2/gap_inventory.csv,GAP_FIELD_RECOMPUTATION
10_gap_rows,FCG0045.final_adjudication,UNVERIFIED_GAP,UNVERIFIED_GAP,true,MATERIAL,research/results/checkpoint_fr_phase_c2/gap_inventory.csv,GAP_FIELD_RECOMPUTATION
10_gap_rows,FCG0045.first_missing_timestamp,2026-03-06T00:00:00,2026-03-06T00:00:00,true,MATERIAL,research/results/checkpoint_fr_phase_c2/gap_inventory.csv,GAP_FIELD_RECOMPUTATION
10_gap_rows,FCG0045.gap_id,FCG0045,FCG0045,true,MATERIAL,research/results/checkpoint_fr_phase_c2/gap_inventory.csv,GAP_FIELD_RECOMPUTATION
10_gap_rows,FCG0045.last_missing_timestamp,2026-03-06T00:00:00,2026-03-06T00:00:00,true,MATERIAL,research/results/checkpoint_fr_phase_c2/gap_inventory.csv,GAP_FIELD_RECOMPUTATION
10_gap_rows,FCG0045.missing_hourly_slot_count,1,1,true,MATERIAL,research/results/checkpoint_fr_phase_c2/gap_inventory.csv,GAP_FIELD_RECOMPUTATION
10_gap_rows,FCG0045.next_timestamp,2026-03-06T01:00:00,2026-03-06T01:00:00,true,MATERIAL,research/results/checkpoint_fr_phase_c2/gap_inventory.csv,GAP_FIELD_RECOMPUTATION
10_gap_rows,FCG0045.next_weekday,FRIDAY,FRIDAY,true,MATERIAL,research/results/checkpoint_fr_phase_c2/gap_inventory.csv,GAP_FIELD_RECOMPUTATION
10_gap_rows,FCG0045.notes_code,CURRENT_HASH_BOUND_SESSION_EVIDENCE_NOT_DATED_HISTORICAL_PROOF,CURRENT_HASH_BOUND_SESSION_EVIDENCE_NOT_DATED_HISTORICAL_PROOF,true,MATERIAL,research/results/checkpoint_fr_phase_c2/gap_inventory.csv,GAP_FIELD_RECOMPUTATION
10_gap_rows,FCG0045.previous_timestamp,2026-03-05T23:00:00,2026-03-05T23:00:00,true,MATERIAL,research/results/checkpoint_fr_phase_c2/gap_inventory.csv,GAP_FIELD_RECOMPUTATION
10_gap_rows,FCG0045.previous_weekday,THURSDAY,THURSDAY,true,MATERIAL,research/results/checkpoint_fr_phase_c2/gap_inventory.csv,GAP_FIELD_RECOMPUTATION
10_gap_rows,FCG0045.scope,ANALYSIS_WINDOW_INTERNAL,ANALYSIS_WINDOW_INTERNAL,true,MATERIAL,research/results/checkpoint_fr_phase_c2/gap_inventory.csv,GAP_FIELD_RECOMPUTATION
10_gap_rows,FCG0045.structural_pattern,DAILY_BREAK_PATTERN,DAILY_BREAK_PATTERN,true,MATERIAL,research/results/checkpoint_fr_phase_c2/gap_inventory.csv,GAP_FIELD_RECOMPUTATION
10_gap_rows,FCG0046.delta_hours,49,49,true,MATERIAL,research/results/checkpoint_fr_phase_c2/gap_inventory.csv,GAP_FIELD_RECOMPUTATION
10_gap_rows,FCG0046.evidence_status,NO_EXACT_EFFECTIVE_HISTORICAL_COVERAGE,NO_EXACT_EFFECTIVE_HISTORICAL_COVERAGE,true,MATERIAL,research/results/checkpoint_fr_phase_c2/gap_inventory.csv,GAP_FIELD_RECOMPUTATION
10_gap_rows,FCG0046.final_adjudication,UNVERIFIED_GAP,UNVERIFIED_GAP,true,MATERIAL,research/results/checkpoint_fr_phase_c2/gap_inventory.csv,GAP_FIELD_RECOMPUTATION
10_gap_rows,FCG0046.first_missing_timestamp,2026-03-07T00:00:00,2026-03-07T00:00:00,true,MATERIAL,research/results/checkpoint_fr_phase_c2/gap_inventory.csv,GAP_FIELD_RECOMPUTATION
10_gap_rows,FCG0046.gap_id,FCG0046,FCG0046,true,MATERIAL,research/results/checkpoint_fr_phase_c2/gap_inventory.csv,GAP_FIELD_RECOMPUTATION
10_gap_rows,FCG0046.last_missing_timestamp,2026-03-08T23:00:00,2026-03-08T23:00:00,true,MATERIAL,research/results/checkpoint_fr_phase_c2/gap_inventory.csv,GAP_FIELD_RECOMPUTATION
10_gap_rows,FCG0046.missing_hourly_slot_count,48,48,true,MATERIAL,research/results/checkpoint_fr_phase_c2/gap_inventory.csv,GAP_FIELD_RECOMPUTATION
10_gap_rows,FCG0046.next_timestamp,2026-03-09T00:00:00,2026-03-09T00:00:00,true,MATERIAL,research/results/checkpoint_fr_phase_c2/gap_inventory.csv,GAP_FIELD_RECOMPUTATION
10_gap_rows,FCG0046.next_weekday,MONDAY,MONDAY,true,MATERIAL,research/results/checkpoint_fr_phase_c2/gap_inventory.csv,GAP_FIELD_RECOMPUTATION
10_gap_rows,FCG0046.notes_code,CURRENT_HASH_BOUND_SESSION_EVIDENCE_NOT_DATED_HISTORICAL_PROOF,CURRENT_HASH_BOUND_SESSION_EVIDENCE_NOT_DATED_HISTORICAL_PROOF,true,MATERIAL,research/results/checkpoint_fr_phase_c2/gap_inventory.csv,GAP_FIELD_RECOMPUTATION
10_gap_rows,FCG0046.previous_timestamp,2026-03-06T23:00:00,2026-03-06T23:00:00,true,MATERIAL,research/results/checkpoint_fr_phase_c2/gap_inventory.csv,GAP_FIELD_RECOMPUTATION
10_gap_rows,FCG0046.previous_weekday,FRIDAY,FRIDAY,true,MATERIAL,research/results/checkpoint_fr_phase_c2/gap_inventory.csv,GAP_FIELD_RECOMPUTATION
10_gap_rows,FCG0046.scope,ANALYSIS_WINDOW_INTERNAL,ANALYSIS_WINDOW_INTERNAL,true,MATERIAL,research/results/checkpoint_fr_phase_c2/gap_inventory.csv,GAP_FIELD_RECOMPUTATION
10_gap_rows,FCG0046.structural_pattern,WEEKEND_PATTERN,WEEKEND_PATTERN,true,MATERIAL,research/results/checkpoint_fr_phase_c2/gap_inventory.csv,GAP_FIELD_RECOMPUTATION
10_gap_rows,FCG0047.delta_hours,2,2,true,MATERIAL,research/results/checkpoint_fr_phase_c2/gap_inventory.csv,GAP_FIELD_RECOMPUTATION
10_gap_rows,FCG0047.evidence_status,NO_EXACT_EFFECTIVE_HISTORICAL_COVERAGE,NO_EXACT_EFFECTIVE_HISTORICAL_COVERAGE,true,MATERIAL,research/results/checkpoint_fr_phase_c2/gap_inventory.csv,GAP_FIELD_RECOMPUTATION
10_gap_rows,FCG0047.final_adjudication,UNVERIFIED_GAP,UNVERIFIED_GAP,true,MATERIAL,research/results/checkpoint_fr_phase_c2/gap_inventory.csv,GAP_FIELD_RECOMPUTATION
10_gap_rows,FCG0047.first_missing_timestamp,2026-03-09T23:00:00,2026-03-09T23:00:00,true,MATERIAL,research/results/checkpoint_fr_phase_c2/gap_inventory.csv,GAP_FIELD_RECOMPUTATION
10_gap_rows,FCG0047.gap_id,FCG0047,FCG0047,true,MATERIAL,research/results/checkpoint_fr_phase_c2/gap_inventory.csv,GAP_FIELD_RECOMPUTATION
10_gap_rows,FCG0047.last_missing_timestamp,2026-03-09T23:00:00,2026-03-09T23:00:00,true,MATERIAL,research/results/checkpoint_fr_phase_c2/gap_inventory.csv,GAP_FIELD_RECOMPUTATION
10_gap_rows,FCG0047.missing_hourly_slot_count,1,1,true,MATERIAL,research/results/checkpoint_fr_phase_c2/gap_inventory.csv,GAP_FIELD_RECOMPUTATION
10_gap_rows,FCG0047.next_timestamp,2026-03-10T00:00:00,2026-03-10T00:00:00,true,MATERIAL,research/results/checkpoint_fr_phase_c2/gap_inventory.csv,GAP_FIELD_RECOMPUTATION
10_gap_rows,FCG0047.next_weekday,TUESDAY,TUESDAY,true,MATERIAL,research/results/checkpoint_fr_phase_c2/gap_inventory.csv,GAP_FIELD_RECOMPUTATION
10_gap_rows,FCG0047.notes_code,CURRENT_HASH_BOUND_SESSION_EVIDENCE_NOT_DATED_HISTORICAL_PROOF,CURRENT_HASH_BOUND_SESSION_EVIDENCE_NOT_DATED_HISTORICAL_PROOF,true,MATERIAL,research/results/checkpoint_fr_phase_c2/gap_inventory.csv,GAP_FIELD_RECOMPUTATION
10_gap_rows,FCG0047.previous_timestamp,2026-03-09T22:00:00,2026-03-09T22:00:00,true,MATERIAL,research/results/checkpoint_fr_phase_c2/gap_inventory.csv,GAP_FIELD_RECOMPUTATION
10_gap_rows,FCG0047.previous_weekday,MONDAY,MONDAY,true,MATERIAL,research/results/checkpoint_fr_phase_c2/gap_inventory.csv,GAP_FIELD_RECOMPUTATION
10_gap_rows,FCG0047.scope,ANALYSIS_WINDOW_INTERNAL,ANALYSIS_WINDOW_INTERNAL,true,MATERIAL,research/results/checkpoint_fr_phase_c2/gap_inventory.csv,GAP_FIELD_RECOMPUTATION
10_gap_rows,FCG0047.structural_pattern,DAILY_BREAK_PATTERN,DAILY_BREAK_PATTERN,true,MATERIAL,research/results/checkpoint_fr_phase_c2/gap_inventory.csv,GAP_FIELD_RECOMPUTATION
10_gap_rows,FCG0048.delta_hours,2,2,true,MATERIAL,research/results/checkpoint_fr_phase_c2/gap_inventory.csv,GAP_FIELD_RECOMPUTATION
10_gap_rows,FCG0048.evidence_status,NO_EXACT_EFFECTIVE_HISTORICAL_COVERAGE,NO_EXACT_EFFECTIVE_HISTORICAL_COVERAGE,true,MATERIAL,research/results/checkpoint_fr_phase_c2/gap_inventory.csv,GAP_FIELD_RECOMPUTATION
10_gap_rows,FCG0048.final_adjudication,UNVERIFIED_GAP,UNVERIFIED_GAP,true,MATERIAL,research/results/checkpoint_fr_phase_c2/gap_inventory.csv,GAP_FIELD_RECOMPUTATION
10_gap_rows,FCG0048.first_missing_timestamp,2026-03-10T23:00:00,2026-03-10T23:00:00,true,MATERIAL,research/results/checkpoint_fr_phase_c2/gap_inventory.csv,GAP_FIELD_RECOMPUTATION
10_gap_rows,FCG0048.gap_id,FCG0048,FCG0048,true,MATERIAL,research/results/checkpoint_fr_phase_c2/gap_inventory.csv,GAP_FIELD_RECOMPUTATION
10_gap_rows,FCG0048.last_missing_timestamp,2026-03-10T23:00:00,2026-03-10T23:00:00,true,MATERIAL,research/results/checkpoint_fr_phase_c2/gap_inventory.csv,GAP_FIELD_RECOMPUTATION
10_gap_rows,FCG0048.missing_hourly_slot_count,1,1,true,MATERIAL,research/results/checkpoint_fr_phase_c2/gap_inventory.csv,GAP_FIELD_RECOMPUTATION
10_gap_rows,FCG0048.next_timestamp,2026-03-11T00:00:00,2026-03-11T00:00:00,true,MATERIAL,research/results/checkpoint_fr_phase_c2/gap_inventory.csv,GAP_FIELD_RECOMPUTATION
10_gap_rows,FCG0048.next_weekday,WEDNESDAY,WEDNESDAY,true,MATERIAL,research/results/checkpoint_fr_phase_c2/gap_inventory.csv,GAP_FIELD_RECOMPUTATION
10_gap_rows,FCG0048.notes_code,CURRENT_HASH_BOUND_SESSION_EVIDENCE_NOT_DATED_HISTORICAL_PROOF,CURRENT_HASH_BOUND_SESSION_EVIDENCE_NOT_DATED_HISTORICAL_PROOF,true,MATERIAL,research/results/checkpoint_fr_phase_c2/gap_inventory.csv,GAP_FIELD_RECOMPUTATION
10_gap_rows,FCG0048.previous_timestamp,2026-03-10T22:00:00,2026-03-10T22:00:00,true,MATERIAL,research/results/checkpoint_fr_phase_c2/gap_inventory.csv,GAP_FIELD_RECOMPUTATION
10_gap_rows,FCG0048.previous_weekday,TUESDAY,TUESDAY,true,MATERIAL,research/results/checkpoint_fr_phase_c2/gap_inventory.csv,GAP_FIELD_RECOMPUTATION
10_gap_rows,FCG0048.scope,ANALYSIS_WINDOW_INTERNAL,ANALYSIS_WINDOW_INTERNAL,true,MATERIAL,research/results/checkpoint_fr_phase_c2/gap_inventory.csv,GAP_FIELD_RECOMPUTATION
10_gap_rows,FCG0048.structural_pattern,DAILY_BREAK_PATTERN,DAILY_BREAK_PATTERN,true,MATERIAL,research/results/checkpoint_fr_phase_c2/gap_inventory.csv,GAP_FIELD_RECOMPUTATION
10_gap_rows,FCG0049.delta_hours,2,2,true,MATERIAL,research/results/checkpoint_fr_phase_c2/gap_inventory.csv,GAP_FIELD_RECOMPUTATION
10_gap_rows,FCG0049.evidence_status,NO_EXACT_EFFECTIVE_HISTORICAL_COVERAGE,NO_EXACT_EFFECTIVE_HISTORICAL_COVERAGE,true,MATERIAL,research/results/checkpoint_fr_phase_c2/gap_inventory.csv,GAP_FIELD_RECOMPUTATION
10_gap_rows,FCG0049.final_adjudication,UNVERIFIED_GAP,UNVERIFIED_GAP,true,MATERIAL,research/results/checkpoint_fr_phase_c2/gap_inventory.csv,GAP_FIELD_RECOMPUTATION
10_gap_rows,FCG0049.first_missing_timestamp,2026-03-11T23:00:00,2026-03-11T23:00:00,true,MATERIAL,research/results/checkpoint_fr_phase_c2/gap_inventory.csv,GAP_FIELD_RECOMPUTATION
10_gap_rows,FCG0049.gap_id,FCG0049,FCG0049,true,MATERIAL,research/results/checkpoint_fr_phase_c2/gap_inventory.csv,GAP_FIELD_RECOMPUTATION
10_gap_rows,FCG0049.last_missing_timestamp,2026-03-11T23:00:00,2026-03-11T23:00:00,true,MATERIAL,research/results/checkpoint_fr_phase_c2/gap_inventory.csv,GAP_FIELD_RECOMPUTATION
10_gap_rows,FCG0049.missing_hourly_slot_count,1,1,true,MATERIAL,research/results/checkpoint_fr_phase_c2/gap_inventory.csv,GAP_FIELD_RECOMPUTATION
10_gap_rows,FCG0049.next_timestamp,2026-03-12T00:00:00,2026-03-12T00:00:00,true,MATERIAL,research/results/checkpoint_fr_phase_c2/gap_inventory.csv,GAP_FIELD_RECOMPUTATION
10_gap_rows,FCG0049.next_weekday,THURSDAY,THURSDAY,true,MATERIAL,research/results/checkpoint_fr_phase_c2/gap_inventory.csv,GAP_FIELD_RECOMPUTATION
10_gap_rows,FCG0049.notes_code,CURRENT_HASH_BOUND_SESSION_EVIDENCE_NOT_DATED_HISTORICAL_PROOF,CURRENT_HASH_BOUND_SESSION_EVIDENCE_NOT_DATED_HISTORICAL_PROOF,true,MATERIAL,research/results/checkpoint_fr_phase_c2/gap_inventory.csv,GAP_FIELD_RECOMPUTATION
10_gap_rows,FCG0049.previous_timestamp,2026-03-11T22:00:00,2026-03-11T22:00:00,true,MATERIAL,research/results/checkpoint_fr_phase_c2/gap_inventory.csv,GAP_FIELD_RECOMPUTATION
10_gap_rows,FCG0049.previous_weekday,WEDNESDAY,WEDNESDAY,true,MATERIAL,research/results/checkpoint_fr_phase_c2/gap_inventory.csv,GAP_FIELD_RECOMPUTATION
10_gap_rows,FCG0049.scope,ANALYSIS_WINDOW_INTERNAL,ANALYSIS_WINDOW_INTERNAL,true,MATERIAL,research/results/checkpoint_fr_phase_c2/gap_inventory.csv,GAP_FIELD_RECOMPUTATION
10_gap_rows,FCG0049.structural_pattern,DAILY_BREAK_PATTERN,DAILY_BREAK_PATTERN,true,MATERIAL,research/results/checkpoint_fr_phase_c2/gap_inventory.csv,GAP_FIELD_RECOMPUTATION
10_gap_rows,FCG0050.delta_hours,2,2,true,MATERIAL,research/results/checkpoint_fr_phase_c2/gap_inventory.csv,GAP_FIELD_RECOMPUTATION
10_gap_rows,FCG0050.evidence_status,NO_EXACT_EFFECTIVE_HISTORICAL_COVERAGE,NO_EXACT_EFFECTIVE_HISTORICAL_COVERAGE,true,MATERIAL,research/results/checkpoint_fr_phase_c2/gap_inventory.csv,GAP_FIELD_RECOMPUTATION
10_gap_rows,FCG0050.final_adjudication,UNVERIFIED_GAP,UNVERIFIED_GAP,true,MATERIAL,research/results/checkpoint_fr_phase_c2/gap_inventory.csv,GAP_FIELD_RECOMPUTATION
10_gap_rows,FCG0050.first_missing_timestamp,2026-03-12T23:00:00,2026-03-12T23:00:00,true,MATERIAL,research/results/checkpoint_fr_phase_c2/gap_inventory.csv,GAP_FIELD_RECOMPUTATION
10_gap_rows,FCG0050.gap_id,FCG0050,FCG0050,true,MATERIAL,research/results/checkpoint_fr_phase_c2/gap_inventory.csv,GAP_FIELD_RECOMPUTATION
10_gap_rows,FCG0050.last_missing_timestamp,2026-03-12T23:00:00,2026-03-12T23:00:00,true,MATERIAL,research/results/checkpoint_fr_phase_c2/gap_inventory.csv,GAP_FIELD_RECOMPUTATION
10_gap_rows,FCG0050.missing_hourly_slot_count,1,1,true,MATERIAL,research/results/checkpoint_fr_phase_c2/gap_inventory.csv,GAP_FIELD_RECOMPUTATION
10_gap_rows,FCG0050.next_timestamp,2026-03-13T00:00:00,2026-03-13T00:00:00,true,MATERIAL,research/results/checkpoint_fr_phase_c2/gap_inventory.csv,GAP_FIELD_RECOMPUTATION
10_gap_rows,FCG0050.next_weekday,FRIDAY,FRIDAY,true,MATERIAL,research/results/checkpoint_fr_phase_c2/gap_inventory.csv,GAP_FIELD_RECOMPUTATION
10_gap_rows,FCG0050.notes_code,CURRENT_HASH_BOUND_SESSION_EVIDENCE_NOT_DATED_HISTORICAL_PROOF,CURRENT_HASH_BOUND_SESSION_EVIDENCE_NOT_DATED_HISTORICAL_PROOF,true,MATERIAL,research/results/checkpoint_fr_phase_c2/gap_inventory.csv,GAP_FIELD_RECOMPUTATION
10_gap_rows,FCG0050.previous_timestamp,2026-03-12T22:00:00,2026-03-12T22:00:00,true,MATERIAL,research/results/checkpoint_fr_phase_c2/gap_inventory.csv,GAP_FIELD_RECOMPUTATION
10_gap_rows,FCG0050.previous_weekday,THURSDAY,THURSDAY,true,MATERIAL,research/results/checkpoint_fr_phase_c2/gap_inventory.csv,GAP_FIELD_RECOMPUTATION
10_gap_rows,FCG0050.scope,ANALYSIS_WINDOW_INTERNAL,ANALYSIS_WINDOW_INTERNAL,true,MATERIAL,research/results/checkpoint_fr_phase_c2/gap_inventory.csv,GAP_FIELD_RECOMPUTATION
10_gap_rows,FCG0050.structural_pattern,DAILY_BREAK_PATTERN,DAILY_BREAK_PATTERN,true,MATERIAL,research/results/checkpoint_fr_phase_c2/gap_inventory.csv,GAP_FIELD_RECOMPUTATION
10_gap_rows,FCG0051.delta_hours,50,50,true,MATERIAL,research/results/checkpoint_fr_phase_c2/gap_inventory.csv,GAP_FIELD_RECOMPUTATION
10_gap_rows,FCG0051.evidence_status,NO_EXACT_EFFECTIVE_HISTORICAL_COVERAGE,NO_EXACT_EFFECTIVE_HISTORICAL_COVERAGE,true,MATERIAL,research/results/checkpoint_fr_phase_c2/gap_inventory.csv,GAP_FIELD_RECOMPUTATION
10_gap_rows,FCG0051.final_adjudication,UNVERIFIED_GAP,UNVERIFIED_GAP,true,MATERIAL,research/results/checkpoint_fr_phase_c2/gap_inventory.csv,GAP_FIELD_RECOMPUTATION
10_gap_rows,FCG0051.first_missing_timestamp,2026-03-13T23:00:00,2026-03-13T23:00:00,true,MATERIAL,research/results/checkpoint_fr_phase_c2/gap_inventory.csv,GAP_FIELD_RECOMPUTATION
10_gap_rows,FCG0051.gap_id,FCG0051,FCG0051,true,MATERIAL,research/results/checkpoint_fr_phase_c2/gap_inventory.csv,GAP_FIELD_RECOMPUTATION
10_gap_rows,FCG0051.last_missing_timestamp,2026-03-15T23:00:00,2026-03-15T23:00:00,true,MATERIAL,research/results/checkpoint_fr_phase_c2/gap_inventory.csv,GAP_FIELD_RECOMPUTATION
10_gap_rows,FCG0051.missing_hourly_slot_count,49,49,true,MATERIAL,research/results/checkpoint_fr_phase_c2/gap_inventory.csv,GAP_FIELD_RECOMPUTATION
10_gap_rows,FCG0051.next_timestamp,2026-03-16T00:00:00,2026-03-16T00:00:00,true,MATERIAL,research/results/checkpoint_fr_phase_c2/gap_inventory.csv,GAP_FIELD_RECOMPUTATION
10_gap_rows,FCG0051.next_weekday,MONDAY,MONDAY,true,MATERIAL,research/results/checkpoint_fr_phase_c2/gap_inventory.csv,GAP_FIELD_RECOMPUTATION
10_gap_rows,FCG0051.notes_code,CURRENT_HASH_BOUND_SESSION_EVIDENCE_NOT_DATED_HISTORICAL_PROOF,CURRENT_HASH_BOUND_SESSION_EVIDENCE_NOT_DATED_HISTORICAL_PROOF,true,MATERIAL,research/results/checkpoint_fr_phase_c2/gap_inventory.csv,GAP_FIELD_RECOMPUTATION
10_gap_rows,FCG0051.previous_timestamp,2026-03-13T22:00:00,2026-03-13T22:00:00,true,MATERIAL,research/results/checkpoint_fr_phase_c2/gap_inventory.csv,GAP_FIELD_RECOMPUTATION
10_gap_rows,FCG0051.previous_weekday,FRIDAY,FRIDAY,true,MATERIAL,research/results/checkpoint_fr_phase_c2/gap_inventory.csv,GAP_FIELD_RECOMPUTATION
10_gap_rows,FCG0051.scope,ANALYSIS_WINDOW_INTERNAL,ANALYSIS_WINDOW_INTERNAL,true,MATERIAL,research/results/checkpoint_fr_phase_c2/gap_inventory.csv,GAP_FIELD_RECOMPUTATION
10_gap_rows,FCG0051.structural_pattern,WEEKEND_PATTERN,WEEKEND_PATTERN,true,MATERIAL,research/results/checkpoint_fr_phase_c2/gap_inventory.csv,GAP_FIELD_RECOMPUTATION
10_gap_rows,FCG0052.delta_hours,2,2,true,MATERIAL,research/results/checkpoint_fr_phase_c2/gap_inventory.csv,GAP_FIELD_RECOMPUTATION
10_gap_rows,FCG0052.evidence_status,NO_EXACT_EFFECTIVE_HISTORICAL_COVERAGE,NO_EXACT_EFFECTIVE_HISTORICAL_COVERAGE,true,MATERIAL,research/results/checkpoint_fr_phase_c2/gap_inventory.csv,GAP_FIELD_RECOMPUTATION
10_gap_rows,FCG0052.final_adjudication,UNVERIFIED_GAP,UNVERIFIED_GAP,true,MATERIAL,research/results/checkpoint_fr_phase_c2/gap_inventory.csv,GAP_FIELD_RECOMPUTATION
10_gap_rows,FCG0052.first_missing_timestamp,2026-03-16T23:00:00,2026-03-16T23:00:00,true,MATERIAL,research/results/checkpoint_fr_phase_c2/gap_inventory.csv,GAP_FIELD_RECOMPUTATION
10_gap_rows,FCG0052.gap_id,FCG0052,FCG0052,true,MATERIAL,research/results/checkpoint_fr_phase_c2/gap_inventory.csv,GAP_FIELD_RECOMPUTATION
10_gap_rows,FCG0052.last_missing_timestamp,2026-03-16T23:00:00,2026-03-16T23:00:00,true,MATERIAL,research/results/checkpoint_fr_phase_c2/gap_inventory.csv,GAP_FIELD_RECOMPUTATION
10_gap_rows,FCG0052.missing_hourly_slot_count,1,1,true,MATERIAL,research/results/checkpoint_fr_phase_c2/gap_inventory.csv,GAP_FIELD_RECOMPUTATION
10_gap_rows,FCG0052.next_timestamp,2026-03-17T00:00:00,2026-03-17T00:00:00,true,MATERIAL,research/results/checkpoint_fr_phase_c2/gap_inventory.csv,GAP_FIELD_RECOMPUTATION
10_gap_rows,FCG0052.next_weekday,TUESDAY,TUESDAY,true,MATERIAL,research/results/checkpoint_fr_phase_c2/gap_inventory.csv,GAP_FIELD_RECOMPUTATION
10_gap_rows,FCG0052.notes_code,CURRENT_HASH_BOUND_SESSION_EVIDENCE_NOT_DATED_HISTORICAL_PROOF,CURRENT_HASH_BOUND_SESSION_EVIDENCE_NOT_DATED_HISTORICAL_PROOF,true,MATERIAL,research/results/checkpoint_fr_phase_c2/gap_inventory.csv,GAP_FIELD_RECOMPUTATION
10_gap_rows,FCG0052.previous_timestamp,2026-03-16T22:00:00,2026-03-16T22:00:00,true,MATERIAL,research/results/checkpoint_fr_phase_c2/gap_inventory.csv,GAP_FIELD_RECOMPUTATION
10_gap_rows,FCG0052.previous_weekday,MONDAY,MONDAY,true,MATERIAL,research/results/checkpoint_fr_phase_c2/gap_inventory.csv,GAP_FIELD_RECOMPUTATION
10_gap_rows,FCG0052.scope,ANALYSIS_WINDOW_INTERNAL,ANALYSIS_WINDOW_INTERNAL,true,MATERIAL,research/results/checkpoint_fr_phase_c2/gap_inventory.csv,GAP_FIELD_RECOMPUTATION
10_gap_rows,FCG0052.structural_pattern,DAILY_BREAK_PATTERN,DAILY_BREAK_PATTERN,true,MATERIAL,research/results/checkpoint_fr_phase_c2/gap_inventory.csv,GAP_FIELD_RECOMPUTATION
10_gap_rows,FCG0053.delta_hours,2,2,true,MATERIAL,research/results/checkpoint_fr_phase_c2/gap_inventory.csv,GAP_FIELD_RECOMPUTATION
10_gap_rows,FCG0053.evidence_status,NO_EXACT_EFFECTIVE_HISTORICAL_COVERAGE,NO_EXACT_EFFECTIVE_HISTORICAL_COVERAGE,true,MATERIAL,research/results/checkpoint_fr_phase_c2/gap_inventory.csv,GAP_FIELD_RECOMPUTATION
10_gap_rows,FCG0053.final_adjudication,UNVERIFIED_GAP,UNVERIFIED_GAP,true,MATERIAL,research/results/checkpoint_fr_phase_c2/gap_inventory.csv,GAP_FIELD_RECOMPUTATION
10_gap_rows,FCG0053.first_missing_timestamp,2026-03-17T23:00:00,2026-03-17T23:00:00,true,MATERIAL,research/results/checkpoint_fr_phase_c2/gap_inventory.csv,GAP_FIELD_RECOMPUTATION
10_gap_rows,FCG0053.gap_id,FCG0053,FCG0053,true,MATERIAL,research/results/checkpoint_fr_phase_c2/gap_inventory.csv,GAP_FIELD_RECOMPUTATION
10_gap_rows,FCG0053.last_missing_timestamp,2026-03-17T23:00:00,2026-03-17T23:00:00,true,MATERIAL,research/results/checkpoint_fr_phase_c2/gap_inventory.csv,GAP_FIELD_RECOMPUTATION
10_gap_rows,FCG0053.missing_hourly_slot_count,1,1,true,MATERIAL,research/results/checkpoint_fr_phase_c2/gap_inventory.csv,GAP_FIELD_RECOMPUTATION
10_gap_rows,FCG0053.next_timestamp,2026-03-18T00:00:00,2026-03-18T00:00:00,true,MATERIAL,research/results/checkpoint_fr_phase_c2/gap_inventory.csv,GAP_FIELD_RECOMPUTATION
10_gap_rows,FCG0053.next_weekday,WEDNESDAY,WEDNESDAY,true,MATERIAL,research/results/checkpoint_fr_phase_c2/gap_inventory.csv,GAP_FIELD_RECOMPUTATION
10_gap_rows,FCG0053.notes_code,CURRENT_HASH_BOUND_SESSION_EVIDENCE_NOT_DATED_HISTORICAL_PROOF,CURRENT_HASH_BOUND_SESSION_EVIDENCE_NOT_DATED_HISTORICAL_PROOF,true,MATERIAL,research/results/checkpoint_fr_phase_c2/gap_inventory.csv,GAP_FIELD_RECOMPUTATION
10_gap_rows,FCG0053.previous_timestamp,2026-03-17T22:00:00,2026-03-17T22:00:00,true,MATERIAL,research/results/checkpoint_fr_phase_c2/gap_inventory.csv,GAP_FIELD_RECOMPUTATION
10_gap_rows,FCG0053.previous_weekday,TUESDAY,TUESDAY,true,MATERIAL,research/results/checkpoint_fr_phase_c2/gap_inventory.csv,GAP_FIELD_RECOMPUTATION
10_gap_rows,FCG0053.scope,ANALYSIS_WINDOW_INTERNAL,ANALYSIS_WINDOW_INTERNAL,true,MATERIAL,research/results/checkpoint_fr_phase_c2/gap_inventory.csv,GAP_FIELD_RECOMPUTATION
10_gap_rows,FCG0053.structural_pattern,DAILY_BREAK_PATTERN,DAILY_BREAK_PATTERN,true,MATERIAL,research/results/checkpoint_fr_phase_c2/gap_inventory.csv,GAP_FIELD_RECOMPUTATION
10_gap_rows,FCG0054.delta_hours,2,2,true,MATERIAL,research/results/checkpoint_fr_phase_c2/gap_inventory.csv,GAP_FIELD_RECOMPUTATION
10_gap_rows,FCG0054.evidence_status,NO_EXACT_EFFECTIVE_HISTORICAL_COVERAGE,NO_EXACT_EFFECTIVE_HISTORICAL_COVERAGE,true,MATERIAL,research/results/checkpoint_fr_phase_c2/gap_inventory.csv,GAP_FIELD_RECOMPUTATION
10_gap_rows,FCG0054.final_adjudication,UNVERIFIED_GAP,UNVERIFIED_GAP,true,MATERIAL,research/results/checkpoint_fr_phase_c2/gap_inventory.csv,GAP_FIELD_RECOMPUTATION
10_gap_rows,FCG0054.first_missing_timestamp,2026-03-18T23:00:00,2026-03-18T23:00:00,true,MATERIAL,research/results/checkpoint_fr_phase_c2/gap_inventory.csv,GAP_FIELD_RECOMPUTATION
10_gap_rows,FCG0054.gap_id,FCG0054,FCG0054,true,MATERIAL,research/results/checkpoint_fr_phase_c2/gap_inventory.csv,GAP_FIELD_RECOMPUTATION
10_gap_rows,FCG0054.last_missing_timestamp,2026-03-18T23:00:00,2026-03-18T23:00:00,true,MATERIAL,research/results/checkpoint_fr_phase_c2/gap_inventory.csv,GAP_FIELD_RECOMPUTATION
10_gap_rows,FCG0054.missing_hourly_slot_count,1,1,true,MATERIAL,research/results/checkpoint_fr_phase_c2/gap_inventory.csv,GAP_FIELD_RECOMPUTATION
10_gap_rows,FCG0054.next_timestamp,2026-03-19T00:00:00,2026-03-19T00:00:00,true,MATERIAL,research/results/checkpoint_fr_phase_c2/gap_inventory.csv,GAP_FIELD_RECOMPUTATION
10_gap_rows,FCG0054.next_weekday,THURSDAY,THURSDAY,true,MATERIAL,research/results/checkpoint_fr_phase_c2/gap_inventory.csv,GAP_FIELD_RECOMPUTATION
10_gap_rows,FCG0054.notes_code,CURRENT_HASH_BOUND_SESSION_EVIDENCE_NOT_DATED_HISTORICAL_PROOF,CURRENT_HASH_BOUND_SESSION_EVIDENCE_NOT_DATED_HISTORICAL_PROOF,true,MATERIAL,research/results/checkpoint_fr_phase_c2/gap_inventory.csv,GAP_FIELD_RECOMPUTATION
10_gap_rows,FCG0054.previous_timestamp,2026-03-18T22:00:00,2026-03-18T22:00:00,true,MATERIAL,research/results/checkpoint_fr_phase_c2/gap_inventory.csv,GAP_FIELD_RECOMPUTATION
10_gap_rows,FCG0054.previous_weekday,WEDNESDAY,WEDNESDAY,true,MATERIAL,research/results/checkpoint_fr_phase_c2/gap_inventory.csv,GAP_FIELD_RECOMPUTATION
10_gap_rows,FCG0054.scope,ANALYSIS_WINDOW_INTERNAL,ANALYSIS_WINDOW_INTERNAL,true,MATERIAL,research/results/checkpoint_fr_phase_c2/gap_inventory.csv,GAP_FIELD_RECOMPUTATION
10_gap_rows,FCG0054.structural_pattern,DAILY_BREAK_PATTERN,DAILY_BREAK_PATTERN,true,MATERIAL,research/results/checkpoint_fr_phase_c2/gap_inventory.csv,GAP_FIELD_RECOMPUTATION
10_gap_rows,FCG0055.delta_hours,2,2,true,MATERIAL,research/results/checkpoint_fr_phase_c2/gap_inventory.csv,GAP_FIELD_RECOMPUTATION
10_gap_rows,FCG0055.evidence_status,NO_EXACT_EFFECTIVE_HISTORICAL_COVERAGE,NO_EXACT_EFFECTIVE_HISTORICAL_COVERAGE,true,MATERIAL,research/results/checkpoint_fr_phase_c2/gap_inventory.csv,GAP_FIELD_RECOMPUTATION
10_gap_rows,FCG0055.final_adjudication,UNVERIFIED_GAP,UNVERIFIED_GAP,true,MATERIAL,research/results/checkpoint_fr_phase_c2/gap_inventory.csv,GAP_FIELD_RECOMPUTATION
10_gap_rows,FCG0055.first_missing_timestamp,2026-03-19T23:00:00,2026-03-19T23:00:00,true,MATERIAL,research/results/checkpoint_fr_phase_c2/gap_inventory.csv,GAP_FIELD_RECOMPUTATION
10_gap_rows,FCG0055.gap_id,FCG0055,FCG0055,true,MATERIAL,research/results/checkpoint_fr_phase_c2/gap_inventory.csv,GAP_FIELD_RECOMPUTATION
10_gap_rows,FCG0055.last_missing_timestamp,2026-03-19T23:00:00,2026-03-19T23:00:00,true,MATERIAL,research/results/checkpoint_fr_phase_c2/gap_inventory.csv,GAP_FIELD_RECOMPUTATION
10_gap_rows,FCG0055.missing_hourly_slot_count,1,1,true,MATERIAL,research/results/checkpoint_fr_phase_c2/gap_inventory.csv,GAP_FIELD_RECOMPUTATION
10_gap_rows,FCG0055.next_timestamp,2026-03-20T00:00:00,2026-03-20T00:00:00,true,MATERIAL,research/results/checkpoint_fr_phase_c2/gap_inventory.csv,GAP_FIELD_RECOMPUTATION
10_gap_rows,FCG0055.next_weekday,FRIDAY,FRIDAY,true,MATERIAL,research/results/checkpoint_fr_phase_c2/gap_inventory.csv,GAP_FIELD_RECOMPUTATION
10_gap_rows,FCG0055.notes_code,CURRENT_HASH_BOUND_SESSION_EVIDENCE_NOT_DATED_HISTORICAL_PROOF,CURRENT_HASH_BOUND_SESSION_EVIDENCE_NOT_DATED_HISTORICAL_PROOF,true,MATERIAL,research/results/checkpoint_fr_phase_c2/gap_inventory.csv,GAP_FIELD_RECOMPUTATION
10_gap_rows,FCG0055.previous_timestamp,2026-03-19T22:00:00,2026-03-19T22:00:00,true,MATERIAL,research/results/checkpoint_fr_phase_c2/gap_inventory.csv,GAP_FIELD_RECOMPUTATION
10_gap_rows,FCG0055.previous_weekday,THURSDAY,THURSDAY,true,MATERIAL,research/results/checkpoint_fr_phase_c2/gap_inventory.csv,GAP_FIELD_RECOMPUTATION
10_gap_rows,FCG0055.scope,ANALYSIS_WINDOW_INTERNAL,ANALYSIS_WINDOW_INTERNAL,true,MATERIAL,research/results/checkpoint_fr_phase_c2/gap_inventory.csv,GAP_FIELD_RECOMPUTATION
10_gap_rows,FCG0055.structural_pattern,DAILY_BREAK_PATTERN,DAILY_BREAK_PATTERN,true,MATERIAL,research/results/checkpoint_fr_phase_c2/gap_inventory.csv,GAP_FIELD_RECOMPUTATION
10_gap_rows,FCG0056.delta_hours,50,50,true,MATERIAL,research/results/checkpoint_fr_phase_c2/gap_inventory.csv,GAP_FIELD_RECOMPUTATION
10_gap_rows,FCG0056.evidence_status,NO_EXACT_EFFECTIVE_HISTORICAL_COVERAGE,NO_EXACT_EFFECTIVE_HISTORICAL_COVERAGE,true,MATERIAL,research/results/checkpoint_fr_phase_c2/gap_inventory.csv,GAP_FIELD_RECOMPUTATION
10_gap_rows,FCG0056.final_adjudication,UNVERIFIED_GAP,UNVERIFIED_GAP,true,MATERIAL,research/results/checkpoint_fr_phase_c2/gap_inventory.csv,GAP_FIELD_RECOMPUTATION
10_gap_rows,FCG0056.first_missing_timestamp,2026-03-20T23:00:00,2026-03-20T23:00:00,true,MATERIAL,research/results/checkpoint_fr_phase_c2/gap_inventory.csv,GAP_FIELD_RECOMPUTATION
10_gap_rows,FCG0056.gap_id,FCG0056,FCG0056,true,MATERIAL,research/results/checkpoint_fr_phase_c2/gap_inventory.csv,GAP_FIELD_RECOMPUTATION
10_gap_rows,FCG0056.last_missing_timestamp,2026-03-22T23:00:00,2026-03-22T23:00:00,true,MATERIAL,research/results/checkpoint_fr_phase_c2/gap_inventory.csv,GAP_FIELD_RECOMPUTATION
10_gap_rows,FCG0056.missing_hourly_slot_count,49,49,true,MATERIAL,research/results/checkpoint_fr_phase_c2/gap_inventory.csv,GAP_FIELD_RECOMPUTATION
10_gap_rows,FCG0056.next_timestamp,2026-03-23T00:00:00,2026-03-23T00:00:00,true,MATERIAL,research/results/checkpoint_fr_phase_c2/gap_inventory.csv,GAP_FIELD_RECOMPUTATION
10_gap_rows,FCG0056.next_weekday,MONDAY,MONDAY,true,MATERIAL,research/results/checkpoint_fr_phase_c2/gap_inventory.csv,GAP_FIELD_RECOMPUTATION
10_gap_rows,FCG0056.notes_code,CURRENT_HASH_BOUND_SESSION_EVIDENCE_NOT_DATED_HISTORICAL_PROOF,CURRENT_HASH_BOUND_SESSION_EVIDENCE_NOT_DATED_HISTORICAL_PROOF,true,MATERIAL,research/results/checkpoint_fr_phase_c2/gap_inventory.csv,GAP_FIELD_RECOMPUTATION
10_gap_rows,FCG0056.previous_timestamp,2026-03-20T22:00:00,2026-03-20T22:00:00,true,MATERIAL,research/results/checkpoint_fr_phase_c2/gap_inventory.csv,GAP_FIELD_RECOMPUTATION
10_gap_rows,FCG0056.previous_weekday,FRIDAY,FRIDAY,true,MATERIAL,research/results/checkpoint_fr_phase_c2/gap_inventory.csv,GAP_FIELD_RECOMPUTATION
10_gap_rows,FCG0056.scope,ANALYSIS_WINDOW_INTERNAL,ANALYSIS_WINDOW_INTERNAL,true,MATERIAL,research/results/checkpoint_fr_phase_c2/gap_inventory.csv,GAP_FIELD_RECOMPUTATION
10_gap_rows,FCG0056.structural_pattern,WEEKEND_PATTERN,WEEKEND_PATTERN,true,MATERIAL,research/results/checkpoint_fr_phase_c2/gap_inventory.csv,GAP_FIELD_RECOMPUTATION
10_gap_rows,FCG0057.delta_hours,2,2,true,MATERIAL,research/results/checkpoint_fr_phase_c2/gap_inventory.csv,GAP_FIELD_RECOMPUTATION
10_gap_rows,FCG0057.evidence_status,NO_EXACT_EFFECTIVE_HISTORICAL_COVERAGE,NO_EXACT_EFFECTIVE_HISTORICAL_COVERAGE,true,MATERIAL,research/results/checkpoint_fr_phase_c2/gap_inventory.csv,GAP_FIELD_RECOMPUTATION
10_gap_rows,FCG0057.final_adjudication,UNVERIFIED_GAP,UNVERIFIED_GAP,true,MATERIAL,research/results/checkpoint_fr_phase_c2/gap_inventory.csv,GAP_FIELD_RECOMPUTATION
10_gap_rows,FCG0057.first_missing_timestamp,2026-03-23T23:00:00,2026-03-23T23:00:00,true,MATERIAL,research/results/checkpoint_fr_phase_c2/gap_inventory.csv,GAP_FIELD_RECOMPUTATION
10_gap_rows,FCG0057.gap_id,FCG0057,FCG0057,true,MATERIAL,research/results/checkpoint_fr_phase_c2/gap_inventory.csv,GAP_FIELD_RECOMPUTATION
10_gap_rows,FCG0057.last_missing_timestamp,2026-03-23T23:00:00,2026-03-23T23:00:00,true,MATERIAL,research/results/checkpoint_fr_phase_c2/gap_inventory.csv,GAP_FIELD_RECOMPUTATION
10_gap_rows,FCG0057.missing_hourly_slot_count,1,1,true,MATERIAL,research/results/checkpoint_fr_phase_c2/gap_inventory.csv,GAP_FIELD_RECOMPUTATION
10_gap_rows,FCG0057.next_timestamp,2026-03-24T00:00:00,2026-03-24T00:00:00,true,MATERIAL,research/results/checkpoint_fr_phase_c2/gap_inventory.csv,GAP_FIELD_RECOMPUTATION
10_gap_rows,FCG0057.next_weekday,TUESDAY,TUESDAY,true,MATERIAL,research/results/checkpoint_fr_phase_c2/gap_inventory.csv,GAP_FIELD_RECOMPUTATION
10_gap_rows,FCG0057.notes_code,CURRENT_HASH_BOUND_SESSION_EVIDENCE_NOT_DATED_HISTORICAL_PROOF,CURRENT_HASH_BOUND_SESSION_EVIDENCE_NOT_DATED_HISTORICAL_PROOF,true,MATERIAL,research/results/checkpoint_fr_phase_c2/gap_inventory.csv,GAP_FIELD_RECOMPUTATION
10_gap_rows,FCG0057.previous_timestamp,2026-03-23T22:00:00,2026-03-23T22:00:00,true,MATERIAL,research/results/checkpoint_fr_phase_c2/gap_inventory.csv,GAP_FIELD_RECOMPUTATION
10_gap_rows,FCG0057.previous_weekday,MONDAY,MONDAY,true,MATERIAL,research/results/checkpoint_fr_phase_c2/gap_inventory.csv,GAP_FIELD_RECOMPUTATION
10_gap_rows,FCG0057.scope,ANALYSIS_WINDOW_INTERNAL,ANALYSIS_WINDOW_INTERNAL,true,MATERIAL,research/results/checkpoint_fr_phase_c2/gap_inventory.csv,GAP_FIELD_RECOMPUTATION
10_gap_rows,FCG0057.structural_pattern,DAILY_BREAK_PATTERN,DAILY_BREAK_PATTERN,true,MATERIAL,research/results/checkpoint_fr_phase_c2/gap_inventory.csv,GAP_FIELD_RECOMPUTATION
10_gap_rows,FCG0058.delta_hours,2,2,true,MATERIAL,research/results/checkpoint_fr_phase_c2/gap_inventory.csv,GAP_FIELD_RECOMPUTATION
10_gap_rows,FCG0058.evidence_status,NO_EXACT_EFFECTIVE_HISTORICAL_COVERAGE,NO_EXACT_EFFECTIVE_HISTORICAL_COVERAGE,true,MATERIAL,research/results/checkpoint_fr_phase_c2/gap_inventory.csv,GAP_FIELD_RECOMPUTATION
10_gap_rows,FCG0058.final_adjudication,UNVERIFIED_GAP,UNVERIFIED_GAP,true,MATERIAL,research/results/checkpoint_fr_phase_c2/gap_inventory.csv,GAP_FIELD_RECOMPUTATION
10_gap_rows,FCG0058.first_missing_timestamp,2026-03-24T23:00:00,2026-03-24T23:00:00,true,MATERIAL,research/results/checkpoint_fr_phase_c2/gap_inventory.csv,GAP_FIELD_RECOMPUTATION
10_gap_rows,FCG0058.gap_id,FCG0058,FCG0058,true,MATERIAL,research/results/checkpoint_fr_phase_c2/gap_inventory.csv,GAP_FIELD_RECOMPUTATION
10_gap_rows,FCG0058.last_missing_timestamp,2026-03-24T23:00:00,2026-03-24T23:00:00,true,MATERIAL,research/results/checkpoint_fr_phase_c2/gap_inventory.csv,GAP_FIELD_RECOMPUTATION
10_gap_rows,FCG0058.missing_hourly_slot_count,1,1,true,MATERIAL,research/results/checkpoint_fr_phase_c2/gap_inventory.csv,GAP_FIELD_RECOMPUTATION
10_gap_rows,FCG0058.next_timestamp,2026-03-25T00:00:00,2026-03-25T00:00:00,true,MATERIAL,research/results/checkpoint_fr_phase_c2/gap_inventory.csv,GAP_FIELD_RECOMPUTATION
10_gap_rows,FCG0058.next_weekday,WEDNESDAY,WEDNESDAY,true,MATERIAL,research/results/checkpoint_fr_phase_c2/gap_inventory.csv,GAP_FIELD_RECOMPUTATION
10_gap_rows,FCG0058.notes_code,CURRENT_HASH_BOUND_SESSION_EVIDENCE_NOT_DATED_HISTORICAL_PROOF,CURRENT_HASH_BOUND_SESSION_EVIDENCE_NOT_DATED_HISTORICAL_PROOF,true,MATERIAL,research/results/checkpoint_fr_phase_c2/gap_inventory.csv,GAP_FIELD_RECOMPUTATION
10_gap_rows,FCG0058.previous_timestamp,2026-03-24T22:00:00,2026-03-24T22:00:00,true,MATERIAL,research/results/checkpoint_fr_phase_c2/gap_inventory.csv,GAP_FIELD_RECOMPUTATION
10_gap_rows,FCG0058.previous_weekday,TUESDAY,TUESDAY,true,MATERIAL,research/results/checkpoint_fr_phase_c2/gap_inventory.csv,GAP_FIELD_RECOMPUTATION
10_gap_rows,FCG0058.scope,ANALYSIS_WINDOW_INTERNAL,ANALYSIS_WINDOW_INTERNAL,true,MATERIAL,research/results/checkpoint_fr_phase_c2/gap_inventory.csv,GAP_FIELD_RECOMPUTATION
10_gap_rows,FCG0058.structural_pattern,DAILY_BREAK_PATTERN,DAILY_BREAK_PATTERN,true,MATERIAL,research/results/checkpoint_fr_phase_c2/gap_inventory.csv,GAP_FIELD_RECOMPUTATION
10_gap_rows,FCG0059.delta_hours,2,2,true,MATERIAL,research/results/checkpoint_fr_phase_c2/gap_inventory.csv,GAP_FIELD_RECOMPUTATION
10_gap_rows,FCG0059.evidence_status,NO_EXACT_EFFECTIVE_HISTORICAL_COVERAGE,NO_EXACT_EFFECTIVE_HISTORICAL_COVERAGE,true,MATERIAL,research/results/checkpoint_fr_phase_c2/gap_inventory.csv,GAP_FIELD_RECOMPUTATION
10_gap_rows,FCG0059.final_adjudication,UNVERIFIED_GAP,UNVERIFIED_GAP,true,MATERIAL,research/results/checkpoint_fr_phase_c2/gap_inventory.csv,GAP_FIELD_RECOMPUTATION
10_gap_rows,FCG0059.first_missing_timestamp,2026-03-25T23:00:00,2026-03-25T23:00:00,true,MATERIAL,research/results/checkpoint_fr_phase_c2/gap_inventory.csv,GAP_FIELD_RECOMPUTATION
10_gap_rows,FCG0059.gap_id,FCG0059,FCG0059,true,MATERIAL,research/results/checkpoint_fr_phase_c2/gap_inventory.csv,GAP_FIELD_RECOMPUTATION
10_gap_rows,FCG0059.last_missing_timestamp,2026-03-25T23:00:00,2026-03-25T23:00:00,true,MATERIAL,research/results/checkpoint_fr_phase_c2/gap_inventory.csv,GAP_FIELD_RECOMPUTATION
10_gap_rows,FCG0059.missing_hourly_slot_count,1,1,true,MATERIAL,research/results/checkpoint_fr_phase_c2/gap_inventory.csv,GAP_FIELD_RECOMPUTATION
10_gap_rows,FCG0059.next_timestamp,2026-03-26T00:00:00,2026-03-26T00:00:00,true,MATERIAL,research/results/checkpoint_fr_phase_c2/gap_inventory.csv,GAP_FIELD_RECOMPUTATION
10_gap_rows,FCG0059.next_weekday,THURSDAY,THURSDAY,true,MATERIAL,research/results/checkpoint_fr_phase_c2/gap_inventory.csv,GAP_FIELD_RECOMPUTATION
10_gap_rows,FCG0059.notes_code,CURRENT_HASH_BOUND_SESSION_EVIDENCE_NOT_DATED_HISTORICAL_PROOF,CURRENT_HASH_BOUND_SESSION_EVIDENCE_NOT_DATED_HISTORICAL_PROOF,true,MATERIAL,research/results/checkpoint_fr_phase_c2/gap_inventory.csv,GAP_FIELD_RECOMPUTATION
10_gap_rows,FCG0059.previous_timestamp,2026-03-25T22:00:00,2026-03-25T22:00:00,true,MATERIAL,research/results/checkpoint_fr_phase_c2/gap_inventory.csv,GAP_FIELD_RECOMPUTATION
10_gap_rows,FCG0059.previous_weekday,WEDNESDAY,WEDNESDAY,true,MATERIAL,research/results/checkpoint_fr_phase_c2/gap_inventory.csv,GAP_FIELD_RECOMPUTATION
10_gap_rows,FCG0059.scope,ANALYSIS_WINDOW_INTERNAL,ANALYSIS_WINDOW_INTERNAL,true,MATERIAL,research/results/checkpoint_fr_phase_c2/gap_inventory.csv,GAP_FIELD_RECOMPUTATION
10_gap_rows,FCG0059.structural_pattern,DAILY_BREAK_PATTERN,DAILY_BREAK_PATTERN,true,MATERIAL,research/results/checkpoint_fr_phase_c2/gap_inventory.csv,GAP_FIELD_RECOMPUTATION
10_gap_rows,FCG0060.delta_hours,2,2,true,MATERIAL,research/results/checkpoint_fr_phase_c2/gap_inventory.csv,GAP_FIELD_RECOMPUTATION
10_gap_rows,FCG0060.evidence_status,NO_EXACT_EFFECTIVE_HISTORICAL_COVERAGE,NO_EXACT_EFFECTIVE_HISTORICAL_COVERAGE,true,MATERIAL,research/results/checkpoint_fr_phase_c2/gap_inventory.csv,GAP_FIELD_RECOMPUTATION
10_gap_rows,FCG0060.final_adjudication,UNVERIFIED_GAP,UNVERIFIED_GAP,true,MATERIAL,research/results/checkpoint_fr_phase_c2/gap_inventory.csv,GAP_FIELD_RECOMPUTATION
10_gap_rows,FCG0060.first_missing_timestamp,2026-03-26T23:00:00,2026-03-26T23:00:00,true,MATERIAL,research/results/checkpoint_fr_phase_c2/gap_inventory.csv,GAP_FIELD_RECOMPUTATION
10_gap_rows,FCG0060.gap_id,FCG0060,FCG0060,true,MATERIAL,research/results/checkpoint_fr_phase_c2/gap_inventory.csv,GAP_FIELD_RECOMPUTATION
10_gap_rows,FCG0060.last_missing_timestamp,2026-03-26T23:00:00,2026-03-26T23:00:00,true,MATERIAL,research/results/checkpoint_fr_phase_c2/gap_inventory.csv,GAP_FIELD_RECOMPUTATION
10_gap_rows,FCG0060.missing_hourly_slot_count,1,1,true,MATERIAL,research/results/checkpoint_fr_phase_c2/gap_inventory.csv,GAP_FIELD_RECOMPUTATION
10_gap_rows,FCG0060.next_timestamp,2026-03-27T00:00:00,2026-03-27T00:00:00,true,MATERIAL,research/results/checkpoint_fr_phase_c2/gap_inventory.csv,GAP_FIELD_RECOMPUTATION
10_gap_rows,FCG0060.next_weekday,FRIDAY,FRIDAY,true,MATERIAL,research/results/checkpoint_fr_phase_c2/gap_inventory.csv,GAP_FIELD_RECOMPUTATION
10_gap_rows,FCG0060.notes_code,CURRENT_HASH_BOUND_SESSION_EVIDENCE_NOT_DATED_HISTORICAL_PROOF,CURRENT_HASH_BOUND_SESSION_EVIDENCE_NOT_DATED_HISTORICAL_PROOF,true,MATERIAL,research/results/checkpoint_fr_phase_c2/gap_inventory.csv,GAP_FIELD_RECOMPUTATION
10_gap_rows,FCG0060.previous_timestamp,2026-03-26T22:00:00,2026-03-26T22:00:00,true,MATERIAL,research/results/checkpoint_fr_phase_c2/gap_inventory.csv,GAP_FIELD_RECOMPUTATION
10_gap_rows,FCG0060.previous_weekday,THURSDAY,THURSDAY,true,MATERIAL,research/results/checkpoint_fr_phase_c2/gap_inventory.csv,GAP_FIELD_RECOMPUTATION
10_gap_rows,FCG0060.scope,ANALYSIS_WINDOW_INTERNAL,ANALYSIS_WINDOW_INTERNAL,true,MATERIAL,research/results/checkpoint_fr_phase_c2/gap_inventory.csv,GAP_FIELD_RECOMPUTATION
10_gap_rows,FCG0060.structural_pattern,DAILY_BREAK_PATTERN,DAILY_BREAK_PATTERN,true,MATERIAL,research/results/checkpoint_fr_phase_c2/gap_inventory.csv,GAP_FIELD_RECOMPUTATION
10_gap_rows,FCG0061.delta_hours,51,51,true,MATERIAL,research/results/checkpoint_fr_phase_c2/gap_inventory.csv,GAP_FIELD_RECOMPUTATION
10_gap_rows,FCG0061.evidence_status,NO_EXACT_EFFECTIVE_HISTORICAL_COVERAGE,NO_EXACT_EFFECTIVE_HISTORICAL_COVERAGE,true,MATERIAL,research/results/checkpoint_fr_phase_c2/gap_inventory.csv,GAP_FIELD_RECOMPUTATION
10_gap_rows,FCG0061.final_adjudication,UNVERIFIED_GAP,UNVERIFIED_GAP,true,MATERIAL,research/results/checkpoint_fr_phase_c2/gap_inventory.csv,GAP_FIELD_RECOMPUTATION
10_gap_rows,FCG0061.first_missing_timestamp,2026-03-27T23:00:00,2026-03-27T23:00:00,true,MATERIAL,research/results/checkpoint_fr_phase_c2/gap_inventory.csv,GAP_FIELD_RECOMPUTATION
10_gap_rows,FCG0061.gap_id,FCG0061,FCG0061,true,MATERIAL,research/results/checkpoint_fr_phase_c2/gap_inventory.csv,GAP_FIELD_RECOMPUTATION
10_gap_rows,FCG0061.last_missing_timestamp,2026-03-30T00:00:00,2026-03-30T00:00:00,true,MATERIAL,research/results/checkpoint_fr_phase_c2/gap_inventory.csv,GAP_FIELD_RECOMPUTATION
10_gap_rows,FCG0061.missing_hourly_slot_count,50,50,true,MATERIAL,research/results/checkpoint_fr_phase_c2/gap_inventory.csv,GAP_FIELD_RECOMPUTATION
10_gap_rows,FCG0061.next_timestamp,2026-03-30T01:00:00,2026-03-30T01:00:00,true,MATERIAL,research/results/checkpoint_fr_phase_c2/gap_inventory.csv,GAP_FIELD_RECOMPUTATION
10_gap_rows,FCG0061.next_weekday,MONDAY,MONDAY,true,MATERIAL,research/results/checkpoint_fr_phase_c2/gap_inventory.csv,GAP_FIELD_RECOMPUTATION
10_gap_rows,FCG0061.notes_code,CURRENT_HASH_BOUND_SESSION_EVIDENCE_NOT_DATED_HISTORICAL_PROOF,CURRENT_HASH_BOUND_SESSION_EVIDENCE_NOT_DATED_HISTORICAL_PROOF,true,MATERIAL,research/results/checkpoint_fr_phase_c2/gap_inventory.csv,GAP_FIELD_RECOMPUTATION
10_gap_rows,FCG0061.previous_timestamp,2026-03-27T22:00:00,2026-03-27T22:00:00,true,MATERIAL,research/results/checkpoint_fr_phase_c2/gap_inventory.csv,GAP_FIELD_RECOMPUTATION
10_gap_rows,FCG0061.previous_weekday,FRIDAY,FRIDAY,true,MATERIAL,research/results/checkpoint_fr_phase_c2/gap_inventory.csv,GAP_FIELD_RECOMPUTATION
10_gap_rows,FCG0061.scope,ANALYSIS_WINDOW_INTERNAL,ANALYSIS_WINDOW_INTERNAL,true,MATERIAL,research/results/checkpoint_fr_phase_c2/gap_inventory.csv,GAP_FIELD_RECOMPUTATION
10_gap_rows,FCG0061.structural_pattern,WEEKEND_PATTERN,WEEKEND_PATTERN,true,MATERIAL,research/results/checkpoint_fr_phase_c2/gap_inventory.csv,GAP_FIELD_RECOMPUTATION
10_gap_rows,FCG0062.delta_hours,2,2,true,MATERIAL,research/results/checkpoint_fr_phase_c2/gap_inventory.csv,GAP_FIELD_RECOMPUTATION
10_gap_rows,FCG0062.evidence_status,NO_EXACT_EFFECTIVE_HISTORICAL_COVERAGE,NO_EXACT_EFFECTIVE_HISTORICAL_COVERAGE,true,MATERIAL,research/results/checkpoint_fr_phase_c2/gap_inventory.csv,GAP_FIELD_RECOMPUTATION
10_gap_rows,FCG0062.final_adjudication,UNVERIFIED_GAP,UNVERIFIED_GAP,true,MATERIAL,research/results/checkpoint_fr_phase_c2/gap_inventory.csv,GAP_FIELD_RECOMPUTATION
10_gap_rows,FCG0062.first_missing_timestamp,2026-03-31T00:00:00,2026-03-31T00:00:00,true,MATERIAL,research/results/checkpoint_fr_phase_c2/gap_inventory.csv,GAP_FIELD_RECOMPUTATION
10_gap_rows,FCG0062.gap_id,FCG0062,FCG0062,true,MATERIAL,research/results/checkpoint_fr_phase_c2/gap_inventory.csv,GAP_FIELD_RECOMPUTATION
10_gap_rows,FCG0062.last_missing_timestamp,2026-03-31T00:00:00,2026-03-31T00:00:00,true,MATERIAL,research/results/checkpoint_fr_phase_c2/gap_inventory.csv,GAP_FIELD_RECOMPUTATION
10_gap_rows,FCG0062.missing_hourly_slot_count,1,1,true,MATERIAL,research/results/checkpoint_fr_phase_c2/gap_inventory.csv,GAP_FIELD_RECOMPUTATION
10_gap_rows,FCG0062.next_timestamp,2026-03-31T01:00:00,2026-03-31T01:00:00,true,MATERIAL,research/results/checkpoint_fr_phase_c2/gap_inventory.csv,GAP_FIELD_RECOMPUTATION
10_gap_rows,FCG0062.next_weekday,TUESDAY,TUESDAY,true,MATERIAL,research/results/checkpoint_fr_phase_c2/gap_inventory.csv,GAP_FIELD_RECOMPUTATION
10_gap_rows,FCG0062.notes_code,CURRENT_HASH_BOUND_SESSION_EVIDENCE_NOT_DATED_HISTORICAL_PROOF,CURRENT_HASH_BOUND_SESSION_EVIDENCE_NOT_DATED_HISTORICAL_PROOF,true,MATERIAL,research/results/checkpoint_fr_phase_c2/gap_inventory.csv,GAP_FIELD_RECOMPUTATION
10_gap_rows,FCG0062.previous_timestamp,2026-03-30T23:00:00,2026-03-30T23:00:00,true,MATERIAL,research/results/checkpoint_fr_phase_c2/gap_inventory.csv,GAP_FIELD_RECOMPUTATION
10_gap_rows,FCG0062.previous_weekday,MONDAY,MONDAY,true,MATERIAL,research/results/checkpoint_fr_phase_c2/gap_inventory.csv,GAP_FIELD_RECOMPUTATION
10_gap_rows,FCG0062.scope,ANALYSIS_WINDOW_INTERNAL,ANALYSIS_WINDOW_INTERNAL,true,MATERIAL,research/results/checkpoint_fr_phase_c2/gap_inventory.csv,GAP_FIELD_RECOMPUTATION
10_gap_rows,FCG0062.structural_pattern,DAILY_BREAK_PATTERN,DAILY_BREAK_PATTERN,true,MATERIAL,research/results/checkpoint_fr_phase_c2/gap_inventory.csv,GAP_FIELD_RECOMPUTATION
10_gap_rows,FCG0063.delta_hours,2,2,true,MATERIAL,research/results/checkpoint_fr_phase_c2/gap_inventory.csv,GAP_FIELD_RECOMPUTATION
10_gap_rows,FCG0063.evidence_status,NO_EXACT_EFFECTIVE_HISTORICAL_COVERAGE,NO_EXACT_EFFECTIVE_HISTORICAL_COVERAGE,true,MATERIAL,research/results/checkpoint_fr_phase_c2/gap_inventory.csv,GAP_FIELD_RECOMPUTATION
10_gap_rows,FCG0063.final_adjudication,UNVERIFIED_GAP,UNVERIFIED_GAP,true,MATERIAL,research/results/checkpoint_fr_phase_c2/gap_inventory.csv,GAP_FIELD_RECOMPUTATION
10_gap_rows,FCG0063.first_missing_timestamp,2026-04-01T00:00:00,2026-04-01T00:00:00,true,MATERIAL,research/results/checkpoint_fr_phase_c2/gap_inventory.csv,GAP_FIELD_RECOMPUTATION
10_gap_rows,FCG0063.gap_id,FCG0063,FCG0063,true,MATERIAL,research/results/checkpoint_fr_phase_c2/gap_inventory.csv,GAP_FIELD_RECOMPUTATION
10_gap_rows,FCG0063.last_missing_timestamp,2026-04-01T00:00:00,2026-04-01T00:00:00,true,MATERIAL,research/results/checkpoint_fr_phase_c2/gap_inventory.csv,GAP_FIELD_RECOMPUTATION
10_gap_rows,FCG0063.missing_hourly_slot_count,1,1,true,MATERIAL,research/results/checkpoint_fr_phase_c2/gap_inventory.csv,GAP_FIELD_RECOMPUTATION
10_gap_rows,FCG0063.next_timestamp,2026-04-01T01:00:00,2026-04-01T01:00:00,true,MATERIAL,research/results/checkpoint_fr_phase_c2/gap_inventory.csv,GAP_FIELD_RECOMPUTATION
10_gap_rows,FCG0063.next_weekday,WEDNESDAY,WEDNESDAY,true,MATERIAL,research/results/checkpoint_fr_phase_c2/gap_inventory.csv,GAP_FIELD_RECOMPUTATION
10_gap_rows,FCG0063.notes_code,CURRENT_HASH_BOUND_SESSION_EVIDENCE_NOT_DATED_HISTORICAL_PROOF,CURRENT_HASH_BOUND_SESSION_EVIDENCE_NOT_DATED_HISTORICAL_PROOF,true,MATERIAL,research/results/checkpoint_fr_phase_c2/gap_inventory.csv,GAP_FIELD_RECOMPUTATION
10_gap_rows,FCG0063.previous_timestamp,2026-03-31T23:00:00,2026-03-31T23:00:00,true,MATERIAL,research/results/checkpoint_fr_phase_c2/gap_inventory.csv,GAP_FIELD_RECOMPUTATION
10_gap_rows,FCG0063.previous_weekday,TUESDAY,TUESDAY,true,MATERIAL,research/results/checkpoint_fr_phase_c2/gap_inventory.csv,GAP_FIELD_RECOMPUTATION
10_gap_rows,FCG0063.scope,ANALYSIS_WINDOW_INTERNAL,ANALYSIS_WINDOW_INTERNAL,true,MATERIAL,research/results/checkpoint_fr_phase_c2/gap_inventory.csv,GAP_FIELD_RECOMPUTATION
10_gap_rows,FCG0063.structural_pattern,DAILY_BREAK_PATTERN,DAILY_BREAK_PATTERN,true,MATERIAL,research/results/checkpoint_fr_phase_c2/gap_inventory.csv,GAP_FIELD_RECOMPUTATION
10_gap_rows,FCG0064.delta_hours,2,2,true,MATERIAL,research/results/checkpoint_fr_phase_c2/gap_inventory.csv,GAP_FIELD_RECOMPUTATION
10_gap_rows,FCG0064.evidence_status,NO_EXACT_EFFECTIVE_HISTORICAL_COVERAGE,NO_EXACT_EFFECTIVE_HISTORICAL_COVERAGE,true,MATERIAL,research/results/checkpoint_fr_phase_c2/gap_inventory.csv,GAP_FIELD_RECOMPUTATION
10_gap_rows,FCG0064.final_adjudication,UNVERIFIED_GAP,UNVERIFIED_GAP,true,MATERIAL,research/results/checkpoint_fr_phase_c2/gap_inventory.csv,GAP_FIELD_RECOMPUTATION
10_gap_rows,FCG0064.first_missing_timestamp,2026-04-02T00:00:00,2026-04-02T00:00:00,true,MATERIAL,research/results/checkpoint_fr_phase_c2/gap_inventory.csv,GAP_FIELD_RECOMPUTATION
10_gap_rows,FCG0064.gap_id,FCG0064,FCG0064,true,MATERIAL,research/results/checkpoint_fr_phase_c2/gap_inventory.csv,GAP_FIELD_RECOMPUTATION
10_gap_rows,FCG0064.last_missing_timestamp,2026-04-02T00:00:00,2026-04-02T00:00:00,true,MATERIAL,research/results/checkpoint_fr_phase_c2/gap_inventory.csv,GAP_FIELD_RECOMPUTATION
10_gap_rows,FCG0064.missing_hourly_slot_count,1,1,true,MATERIAL,research/results/checkpoint_fr_phase_c2/gap_inventory.csv,GAP_FIELD_RECOMPUTATION
10_gap_rows,FCG0064.next_timestamp,2026-04-02T01:00:00,2026-04-02T01:00:00,true,MATERIAL,research/results/checkpoint_fr_phase_c2/gap_inventory.csv,GAP_FIELD_RECOMPUTATION
10_gap_rows,FCG0064.next_weekday,THURSDAY,THURSDAY,true,MATERIAL,research/results/checkpoint_fr_phase_c2/gap_inventory.csv,GAP_FIELD_RECOMPUTATION
10_gap_rows,FCG0064.notes_code,CURRENT_HASH_BOUND_SESSION_EVIDENCE_NOT_DATED_HISTORICAL_PROOF,CURRENT_HASH_BOUND_SESSION_EVIDENCE_NOT_DATED_HISTORICAL_PROOF,true,MATERIAL,research/results/checkpoint_fr_phase_c2/gap_inventory.csv,GAP_FIELD_RECOMPUTATION
10_gap_rows,FCG0064.previous_timestamp,2026-04-01T23:00:00,2026-04-01T23:00:00,true,MATERIAL,research/results/checkpoint_fr_phase_c2/gap_inventory.csv,GAP_FIELD_RECOMPUTATION
10_gap_rows,FCG0064.previous_weekday,WEDNESDAY,WEDNESDAY,true,MATERIAL,research/results/checkpoint_fr_phase_c2/gap_inventory.csv,GAP_FIELD_RECOMPUTATION
10_gap_rows,FCG0064.scope,ANALYSIS_WINDOW_INTERNAL,ANALYSIS_WINDOW_INTERNAL,true,MATERIAL,research/results/checkpoint_fr_phase_c2/gap_inventory.csv,GAP_FIELD_RECOMPUTATION
10_gap_rows,FCG0064.structural_pattern,DAILY_BREAK_PATTERN,DAILY_BREAK_PATTERN,true,MATERIAL,research/results/checkpoint_fr_phase_c2/gap_inventory.csv,GAP_FIELD_RECOMPUTATION
10_gap_rows,FCG0065.delta_hours,74,74,true,MATERIAL,research/results/checkpoint_fr_phase_c2/gap_inventory.csv,GAP_FIELD_RECOMPUTATION
10_gap_rows,FCG0065.evidence_status,NO_EXACT_EFFECTIVE_HISTORICAL_COVERAGE,NO_EXACT_EFFECTIVE_HISTORICAL_COVERAGE,true,MATERIAL,research/results/checkpoint_fr_phase_c2/gap_inventory.csv,GAP_FIELD_RECOMPUTATION
10_gap_rows,FCG0065.final_adjudication,UNVERIFIED_GAP,UNVERIFIED_GAP,true,MATERIAL,research/results/checkpoint_fr_phase_c2/gap_inventory.csv,GAP_FIELD_RECOMPUTATION
10_gap_rows,FCG0065.first_missing_timestamp,2026-04-03T00:00:00,2026-04-03T00:00:00,true,MATERIAL,research/results/checkpoint_fr_phase_c2/gap_inventory.csv,GAP_FIELD_RECOMPUTATION
10_gap_rows,FCG0065.gap_id,FCG0065,FCG0065,true,MATERIAL,research/results/checkpoint_fr_phase_c2/gap_inventory.csv,GAP_FIELD_RECOMPUTATION
10_gap_rows,FCG0065.last_missing_timestamp,2026-04-06T00:00:00,2026-04-06T00:00:00,true,MATERIAL,research/results/checkpoint_fr_phase_c2/gap_inventory.csv,GAP_FIELD_RECOMPUTATION
10_gap_rows,FCG0065.missing_hourly_slot_count,73,73,true,MATERIAL,research/results/checkpoint_fr_phase_c2/gap_inventory.csv,GAP_FIELD_RECOMPUTATION
10_gap_rows,FCG0065.next_timestamp,2026-04-06T01:00:00,2026-04-06T01:00:00,true,MATERIAL,research/results/checkpoint_fr_phase_c2/gap_inventory.csv,GAP_FIELD_RECOMPUTATION
10_gap_rows,FCG0065.next_weekday,MONDAY,MONDAY,true,MATERIAL,research/results/checkpoint_fr_phase_c2/gap_inventory.csv,GAP_FIELD_RECOMPUTATION
10_gap_rows,FCG0065.notes_code,CURRENT_HASH_BOUND_SESSION_EVIDENCE_NOT_DATED_HISTORICAL_PROOF,CURRENT_HASH_BOUND_SESSION_EVIDENCE_NOT_DATED_HISTORICAL_PROOF,true,MATERIAL,research/results/checkpoint_fr_phase_c2/gap_inventory.csv,GAP_FIELD_RECOMPUTATION
10_gap_rows,FCG0065.previous_timestamp,2026-04-02T23:00:00,2026-04-02T23:00:00,true,MATERIAL,research/results/checkpoint_fr_phase_c2/gap_inventory.csv,GAP_FIELD_RECOMPUTATION
10_gap_rows,FCG0065.previous_weekday,THURSDAY,THURSDAY,true,MATERIAL,research/results/checkpoint_fr_phase_c2/gap_inventory.csv,GAP_FIELD_RECOMPUTATION
10_gap_rows,FCG0065.scope,ANALYSIS_WINDOW_INTERNAL,ANALYSIS_WINDOW_INTERNAL,true,MATERIAL,research/results/checkpoint_fr_phase_c2/gap_inventory.csv,GAP_FIELD_RECOMPUTATION
10_gap_rows,FCG0065.structural_pattern,EXTENDED_WEEKEND_OR_HOLIDAY_PATTERN,EXTENDED_WEEKEND_OR_HOLIDAY_PATTERN,true,MATERIAL,research/results/checkpoint_fr_phase_c2/gap_inventory.csv,GAP_FIELD_RECOMPUTATION
10_gap_rows,FCG0066.delta_hours,2,2,true,MATERIAL,research/results/checkpoint_fr_phase_c2/gap_inventory.csv,GAP_FIELD_RECOMPUTATION
10_gap_rows,FCG0066.evidence_status,NO_EXACT_EFFECTIVE_HISTORICAL_COVERAGE,NO_EXACT_EFFECTIVE_HISTORICAL_COVERAGE,true,MATERIAL,research/results/checkpoint_fr_phase_c2/gap_inventory.csv,GAP_FIELD_RECOMPUTATION
10_gap_rows,FCG0066.final_adjudication,UNVERIFIED_GAP,UNVERIFIED_GAP,true,MATERIAL,research/results/checkpoint_fr_phase_c2/gap_inventory.csv,GAP_FIELD_RECOMPUTATION
10_gap_rows,FCG0066.first_missing_timestamp,2026-04-07T00:00:00,2026-04-07T00:00:00,true,MATERIAL,research/results/checkpoint_fr_phase_c2/gap_inventory.csv,GAP_FIELD_RECOMPUTATION
10_gap_rows,FCG0066.gap_id,FCG0066,FCG0066,true,MATERIAL,research/results/checkpoint_fr_phase_c2/gap_inventory.csv,GAP_FIELD_RECOMPUTATION
10_gap_rows,FCG0066.last_missing_timestamp,2026-04-07T00:00:00,2026-04-07T00:00:00,true,MATERIAL,research/results/checkpoint_fr_phase_c2/gap_inventory.csv,GAP_FIELD_RECOMPUTATION
10_gap_rows,FCG0066.missing_hourly_slot_count,1,1,true,MATERIAL,research/results/checkpoint_fr_phase_c2/gap_inventory.csv,GAP_FIELD_RECOMPUTATION
10_gap_rows,FCG0066.next_timestamp,2026-04-07T01:00:00,2026-04-07T01:00:00,true,MATERIAL,research/results/checkpoint_fr_phase_c2/gap_inventory.csv,GAP_FIELD_RECOMPUTATION
10_gap_rows,FCG0066.next_weekday,TUESDAY,TUESDAY,true,MATERIAL,research/results/checkpoint_fr_phase_c2/gap_inventory.csv,GAP_FIELD_RECOMPUTATION
10_gap_rows,FCG0066.notes_code,CURRENT_HASH_BOUND_SESSION_EVIDENCE_NOT_DATED_HISTORICAL_PROOF,CURRENT_HASH_BOUND_SESSION_EVIDENCE_NOT_DATED_HISTORICAL_PROOF,true,MATERIAL,research/results/checkpoint_fr_phase_c2/gap_inventory.csv,GAP_FIELD_RECOMPUTATION
10_gap_rows,FCG0066.previous_timestamp,2026-04-06T23:00:00,2026-04-06T23:00:00,true,MATERIAL,research/results/checkpoint_fr_phase_c2/gap_inventory.csv,GAP_FIELD_RECOMPUTATION
10_gap_rows,FCG0066.previous_weekday,MONDAY,MONDAY,true,MATERIAL,research/results/checkpoint_fr_phase_c2/gap_inventory.csv,GAP_FIELD_RECOMPUTATION
10_gap_rows,FCG0066.scope,ANALYSIS_WINDOW_INTERNAL,ANALYSIS_WINDOW_INTERNAL,true,MATERIAL,research/results/checkpoint_fr_phase_c2/gap_inventory.csv,GAP_FIELD_RECOMPUTATION
10_gap_rows,FCG0066.structural_pattern,DAILY_BREAK_PATTERN,DAILY_BREAK_PATTERN,true,MATERIAL,research/results/checkpoint_fr_phase_c2/gap_inventory.csv,GAP_FIELD_RECOMPUTATION
10_gap_rows,FCG0067.delta_hours,2,2,true,MATERIAL,research/results/checkpoint_fr_phase_c2/gap_inventory.csv,GAP_FIELD_RECOMPUTATION
10_gap_rows,FCG0067.evidence_status,NO_EXACT_EFFECTIVE_HISTORICAL_COVERAGE,NO_EXACT_EFFECTIVE_HISTORICAL_COVERAGE,true,MATERIAL,research/results/checkpoint_fr_phase_c2/gap_inventory.csv,GAP_FIELD_RECOMPUTATION
10_gap_rows,FCG0067.final_adjudication,UNVERIFIED_GAP,UNVERIFIED_GAP,true,MATERIAL,research/results/checkpoint_fr_phase_c2/gap_inventory.csv,GAP_FIELD_RECOMPUTATION
10_gap_rows,FCG0067.first_missing_timestamp,2026-04-08T00:00:00,2026-04-08T00:00:00,true,MATERIAL,research/results/checkpoint_fr_phase_c2/gap_inventory.csv,GAP_FIELD_RECOMPUTATION
10_gap_rows,FCG0067.gap_id,FCG0067,FCG0067,true,MATERIAL,research/results/checkpoint_fr_phase_c2/gap_inventory.csv,GAP_FIELD_RECOMPUTATION
10_gap_rows,FCG0067.last_missing_timestamp,2026-04-08T00:00:00,2026-04-08T00:00:00,true,MATERIAL,research/results/checkpoint_fr_phase_c2/gap_inventory.csv,GAP_FIELD_RECOMPUTATION
10_gap_rows,FCG0067.missing_hourly_slot_count,1,1,true,MATERIAL,research/results/checkpoint_fr_phase_c2/gap_inventory.csv,GAP_FIELD_RECOMPUTATION
10_gap_rows,FCG0067.next_timestamp,2026-04-08T01:00:00,2026-04-08T01:00:00,true,MATERIAL,research/results/checkpoint_fr_phase_c2/gap_inventory.csv,GAP_FIELD_RECOMPUTATION
10_gap_rows,FCG0067.next_weekday,WEDNESDAY,WEDNESDAY,true,MATERIAL,research/results/checkpoint_fr_phase_c2/gap_inventory.csv,GAP_FIELD_RECOMPUTATION
10_gap_rows,FCG0067.notes_code,CURRENT_HASH_BOUND_SESSION_EVIDENCE_NOT_DATED_HISTORICAL_PROOF,CURRENT_HASH_BOUND_SESSION_EVIDENCE_NOT_DATED_HISTORICAL_PROOF,true,MATERIAL,research/results/checkpoint_fr_phase_c2/gap_inventory.csv,GAP_FIELD_RECOMPUTATION
10_gap_rows,FCG0067.previous_timestamp,2026-04-07T23:00:00,2026-04-07T23:00:00,true,MATERIAL,research/results/checkpoint_fr_phase_c2/gap_inventory.csv,GAP_FIELD_RECOMPUTATION
10_gap_rows,FCG0067.previous_weekday,TUESDAY,TUESDAY,true,MATERIAL,research/results/checkpoint_fr_phase_c2/gap_inventory.csv,GAP_FIELD_RECOMPUTATION
10_gap_rows,FCG0067.scope,ANALYSIS_WINDOW_INTERNAL,ANALYSIS_WINDOW_INTERNAL,true,MATERIAL,research/results/checkpoint_fr_phase_c2/gap_inventory.csv,GAP_FIELD_RECOMPUTATION
10_gap_rows,FCG0067.structural_pattern,DAILY_BREAK_PATTERN,DAILY_BREAK_PATTERN,true,MATERIAL,research/results/checkpoint_fr_phase_c2/gap_inventory.csv,GAP_FIELD_RECOMPUTATION
10_gap_rows,FCG0068.delta_hours,2,2,true,MATERIAL,research/results/checkpoint_fr_phase_c2/gap_inventory.csv,GAP_FIELD_RECOMPUTATION
10_gap_rows,FCG0068.evidence_status,NO_EXACT_EFFECTIVE_HISTORICAL_COVERAGE,NO_EXACT_EFFECTIVE_HISTORICAL_COVERAGE,true,MATERIAL,research/results/checkpoint_fr_phase_c2/gap_inventory.csv,GAP_FIELD_RECOMPUTATION
10_gap_rows,FCG0068.final_adjudication,UNVERIFIED_GAP,UNVERIFIED_GAP,true,MATERIAL,research/results/checkpoint_fr_phase_c2/gap_inventory.csv,GAP_FIELD_RECOMPUTATION
10_gap_rows,FCG0068.first_missing_timestamp,2026-04-09T00:00:00,2026-04-09T00:00:00,true,MATERIAL,research/results/checkpoint_fr_phase_c2/gap_inventory.csv,GAP_FIELD_RECOMPUTATION
10_gap_rows,FCG0068.gap_id,FCG0068,FCG0068,true,MATERIAL,research/results/checkpoint_fr_phase_c2/gap_inventory.csv,GAP_FIELD_RECOMPUTATION
10_gap_rows,FCG0068.last_missing_timestamp,2026-04-09T00:00:00,2026-04-09T00:00:00,true,MATERIAL,research/results/checkpoint_fr_phase_c2/gap_inventory.csv,GAP_FIELD_RECOMPUTATION
10_gap_rows,FCG0068.missing_hourly_slot_count,1,1,true,MATERIAL,research/results/checkpoint_fr_phase_c2/gap_inventory.csv,GAP_FIELD_RECOMPUTATION
10_gap_rows,FCG0068.next_timestamp,2026-04-09T01:00:00,2026-04-09T01:00:00,true,MATERIAL,research/results/checkpoint_fr_phase_c2/gap_inventory.csv,GAP_FIELD_RECOMPUTATION
10_gap_rows,FCG0068.next_weekday,THURSDAY,THURSDAY,true,MATERIAL,research/results/checkpoint_fr_phase_c2/gap_inventory.csv,GAP_FIELD_RECOMPUTATION
10_gap_rows,FCG0068.notes_code,CURRENT_HASH_BOUND_SESSION_EVIDENCE_NOT_DATED_HISTORICAL_PROOF,CURRENT_HASH_BOUND_SESSION_EVIDENCE_NOT_DATED_HISTORICAL_PROOF,true,MATERIAL,research/results/checkpoint_fr_phase_c2/gap_inventory.csv,GAP_FIELD_RECOMPUTATION
10_gap_rows,FCG0068.previous_timestamp,2026-04-08T23:00:00,2026-04-08T23:00:00,true,MATERIAL,research/results/checkpoint_fr_phase_c2/gap_inventory.csv,GAP_FIELD_RECOMPUTATION
10_gap_rows,FCG0068.previous_weekday,WEDNESDAY,WEDNESDAY,true,MATERIAL,research/results/checkpoint_fr_phase_c2/gap_inventory.csv,GAP_FIELD_RECOMPUTATION
10_gap_rows,FCG0068.scope,ANALYSIS_WINDOW_INTERNAL,ANALYSIS_WINDOW_INTERNAL,true,MATERIAL,research/results/checkpoint_fr_phase_c2/gap_inventory.csv,GAP_FIELD_RECOMPUTATION
10_gap_rows,FCG0068.structural_pattern,DAILY_BREAK_PATTERN,DAILY_BREAK_PATTERN,true,MATERIAL,research/results/checkpoint_fr_phase_c2/gap_inventory.csv,GAP_FIELD_RECOMPUTATION
10_gap_rows,FCG0069.delta_hours,2,2,true,MATERIAL,research/results/checkpoint_fr_phase_c2/gap_inventory.csv,GAP_FIELD_RECOMPUTATION
10_gap_rows,FCG0069.evidence_status,NO_EXACT_EFFECTIVE_HISTORICAL_COVERAGE,NO_EXACT_EFFECTIVE_HISTORICAL_COVERAGE,true,MATERIAL,research/results/checkpoint_fr_phase_c2/gap_inventory.csv,GAP_FIELD_RECOMPUTATION
10_gap_rows,FCG0069.final_adjudication,UNVERIFIED_GAP,UNVERIFIED_GAP,true,MATERIAL,research/results/checkpoint_fr_phase_c2/gap_inventory.csv,GAP_FIELD_RECOMPUTATION
10_gap_rows,FCG0069.first_missing_timestamp,2026-04-10T00:00:00,2026-04-10T00:00:00,true,MATERIAL,research/results/checkpoint_fr_phase_c2/gap_inventory.csv,GAP_FIELD_RECOMPUTATION
10_gap_rows,FCG0069.gap_id,FCG0069,FCG0069,true,MATERIAL,research/results/checkpoint_fr_phase_c2/gap_inventory.csv,GAP_FIELD_RECOMPUTATION
10_gap_rows,FCG0069.last_missing_timestamp,2026-04-10T00:00:00,2026-04-10T00:00:00,true,MATERIAL,research/results/checkpoint_fr_phase_c2/gap_inventory.csv,GAP_FIELD_RECOMPUTATION
10_gap_rows,FCG0069.missing_hourly_slot_count,1,1,true,MATERIAL,research/results/checkpoint_fr_phase_c2/gap_inventory.csv,GAP_FIELD_RECOMPUTATION
10_gap_rows,FCG0069.next_timestamp,2026-04-10T01:00:00,2026-04-10T01:00:00,true,MATERIAL,research/results/checkpoint_fr_phase_c2/gap_inventory.csv,GAP_FIELD_RECOMPUTATION
10_gap_rows,FCG0069.next_weekday,FRIDAY,FRIDAY,true,MATERIAL,research/results/checkpoint_fr_phase_c2/gap_inventory.csv,GAP_FIELD_RECOMPUTATION
10_gap_rows,FCG0069.notes_code,CURRENT_HASH_BOUND_SESSION_EVIDENCE_NOT_DATED_HISTORICAL_PROOF,CURRENT_HASH_BOUND_SESSION_EVIDENCE_NOT_DATED_HISTORICAL_PROOF,true,MATERIAL,research/results/checkpoint_fr_phase_c2/gap_inventory.csv,GAP_FIELD_RECOMPUTATION
10_gap_rows,FCG0069.previous_timestamp,2026-04-09T23:00:00,2026-04-09T23:00:00,true,MATERIAL,research/results/checkpoint_fr_phase_c2/gap_inventory.csv,GAP_FIELD_RECOMPUTATION
10_gap_rows,FCG0069.previous_weekday,THURSDAY,THURSDAY,true,MATERIAL,research/results/checkpoint_fr_phase_c2/gap_inventory.csv,GAP_FIELD_RECOMPUTATION
10_gap_rows,FCG0069.scope,ANALYSIS_WINDOW_INTERNAL,ANALYSIS_WINDOW_INTERNAL,true,MATERIAL,research/results/checkpoint_fr_phase_c2/gap_inventory.csv,GAP_FIELD_RECOMPUTATION
10_gap_rows,FCG0069.structural_pattern,DAILY_BREAK_PATTERN,DAILY_BREAK_PATTERN,true,MATERIAL,research/results/checkpoint_fr_phase_c2/gap_inventory.csv,GAP_FIELD_RECOMPUTATION
10_gap_rows,FCG0070.delta_hours,50,50,true,MATERIAL,research/results/checkpoint_fr_phase_c2/gap_inventory.csv,GAP_FIELD_RECOMPUTATION
10_gap_rows,FCG0070.evidence_status,NO_EXACT_EFFECTIVE_HISTORICAL_COVERAGE,NO_EXACT_EFFECTIVE_HISTORICAL_COVERAGE,true,MATERIAL,research/results/checkpoint_fr_phase_c2/gap_inventory.csv,GAP_FIELD_RECOMPUTATION
10_gap_rows,FCG0070.final_adjudication,UNVERIFIED_GAP,UNVERIFIED_GAP,true,MATERIAL,research/results/checkpoint_fr_phase_c2/gap_inventory.csv,GAP_FIELD_RECOMPUTATION
10_gap_rows,FCG0070.first_missing_timestamp,2026-04-11T00:00:00,2026-04-11T00:00:00,true,MATERIAL,research/results/checkpoint_fr_phase_c2/gap_inventory.csv,GAP_FIELD_RECOMPUTATION
10_gap_rows,FCG0070.gap_id,FCG0070,FCG0070,true,MATERIAL,research/results/checkpoint_fr_phase_c2/gap_inventory.csv,GAP_FIELD_RECOMPUTATION
10_gap_rows,FCG0070.last_missing_timestamp,2026-04-13T00:00:00,2026-04-13T00:00:00,true,MATERIAL,research/results/checkpoint_fr_phase_c2/gap_inventory.csv,GAP_FIELD_RECOMPUTATION
10_gap_rows,FCG0070.missing_hourly_slot_count,49,49,true,MATERIAL,research/results/checkpoint_fr_phase_c2/gap_inventory.csv,GAP_FIELD_RECOMPUTATION
10_gap_rows,FCG0070.next_timestamp,2026-04-13T01:00:00,2026-04-13T01:00:00,true,MATERIAL,research/results/checkpoint_fr_phase_c2/gap_inventory.csv,GAP_FIELD_RECOMPUTATION
10_gap_rows,FCG0070.next_weekday,MONDAY,MONDAY,true,MATERIAL,research/results/checkpoint_fr_phase_c2/gap_inventory.csv,GAP_FIELD_RECOMPUTATION
10_gap_rows,FCG0070.notes_code,CURRENT_HASH_BOUND_SESSION_EVIDENCE_NOT_DATED_HISTORICAL_PROOF,CURRENT_HASH_BOUND_SESSION_EVIDENCE_NOT_DATED_HISTORICAL_PROOF,true,MATERIAL,research/results/checkpoint_fr_phase_c2/gap_inventory.csv,GAP_FIELD_RECOMPUTATION
10_gap_rows,FCG0070.previous_timestamp,2026-04-10T23:00:00,2026-04-10T23:00:00,true,MATERIAL,research/results/checkpoint_fr_phase_c2/gap_inventory.csv,GAP_FIELD_RECOMPUTATION
10_gap_rows,FCG0070.previous_weekday,FRIDAY,FRIDAY,true,MATERIAL,research/results/checkpoint_fr_phase_c2/gap_inventory.csv,GAP_FIELD_RECOMPUTATION
10_gap_rows,FCG0070.scope,ANALYSIS_WINDOW_INTERNAL,ANALYSIS_WINDOW_INTERNAL,true,MATERIAL,research/results/checkpoint_fr_phase_c2/gap_inventory.csv,GAP_FIELD_RECOMPUTATION
10_gap_rows,FCG0070.structural_pattern,WEEKEND_PATTERN,WEEKEND_PATTERN,true,MATERIAL,research/results/checkpoint_fr_phase_c2/gap_inventory.csv,GAP_FIELD_RECOMPUTATION
10_gap_rows,FCG0071.delta_hours,2,2,true,MATERIAL,research/results/checkpoint_fr_phase_c2/gap_inventory.csv,GAP_FIELD_RECOMPUTATION
10_gap_rows,FCG0071.evidence_status,NO_EXACT_EFFECTIVE_HISTORICAL_COVERAGE,NO_EXACT_EFFECTIVE_HISTORICAL_COVERAGE,true,MATERIAL,research/results/checkpoint_fr_phase_c2/gap_inventory.csv,GAP_FIELD_RECOMPUTATION
10_gap_rows,FCG0071.final_adjudication,UNVERIFIED_GAP,UNVERIFIED_GAP,true,MATERIAL,research/results/checkpoint_fr_phase_c2/gap_inventory.csv,GAP_FIELD_RECOMPUTATION
10_gap_rows,FCG0071.first_missing_timestamp,2026-04-14T00:00:00,2026-04-14T00:00:00,true,MATERIAL,research/results/checkpoint_fr_phase_c2/gap_inventory.csv,GAP_FIELD_RECOMPUTATION
10_gap_rows,FCG0071.gap_id,FCG0071,FCG0071,true,MATERIAL,research/results/checkpoint_fr_phase_c2/gap_inventory.csv,GAP_FIELD_RECOMPUTATION
10_gap_rows,FCG0071.last_missing_timestamp,2026-04-14T00:00:00,2026-04-14T00:00:00,true,MATERIAL,research/results/checkpoint_fr_phase_c2/gap_inventory.csv,GAP_FIELD_RECOMPUTATION
10_gap_rows,FCG0071.missing_hourly_slot_count,1,1,true,MATERIAL,research/results/checkpoint_fr_phase_c2/gap_inventory.csv,GAP_FIELD_RECOMPUTATION
10_gap_rows,FCG0071.next_timestamp,2026-04-14T01:00:00,2026-04-14T01:00:00,true,MATERIAL,research/results/checkpoint_fr_phase_c2/gap_inventory.csv,GAP_FIELD_RECOMPUTATION
10_gap_rows,FCG0071.next_weekday,TUESDAY,TUESDAY,true,MATERIAL,research/results/checkpoint_fr_phase_c2/gap_inventory.csv,GAP_FIELD_RECOMPUTATION
10_gap_rows,FCG0071.notes_code,CURRENT_HASH_BOUND_SESSION_EVIDENCE_NOT_DATED_HISTORICAL_PROOF,CURRENT_HASH_BOUND_SESSION_EVIDENCE_NOT_DATED_HISTORICAL_PROOF,true,MATERIAL,research/results/checkpoint_fr_phase_c2/gap_inventory.csv,GAP_FIELD_RECOMPUTATION
10_gap_rows,FCG0071.previous_timestamp,2026-04-13T23:00:00,2026-04-13T23:00:00,true,MATERIAL,research/results/checkpoint_fr_phase_c2/gap_inventory.csv,GAP_FIELD_RECOMPUTATION
10_gap_rows,FCG0071.previous_weekday,MONDAY,MONDAY,true,MATERIAL,research/results/checkpoint_fr_phase_c2/gap_inventory.csv,GAP_FIELD_RECOMPUTATION
10_gap_rows,FCG0071.scope,ANALYSIS_WINDOW_INTERNAL,ANALYSIS_WINDOW_INTERNAL,true,MATERIAL,research/results/checkpoint_fr_phase_c2/gap_inventory.csv,GAP_FIELD_RECOMPUTATION
10_gap_rows,FCG0071.structural_pattern,DAILY_BREAK_PATTERN,DAILY_BREAK_PATTERN,true,MATERIAL,research/results/checkpoint_fr_phase_c2/gap_inventory.csv,GAP_FIELD_RECOMPUTATION
10_gap_rows,FCG0072.delta_hours,2,2,true,MATERIAL,research/results/checkpoint_fr_phase_c2/gap_inventory.csv,GAP_FIELD_RECOMPUTATION
10_gap_rows,FCG0072.evidence_status,NO_EXACT_EFFECTIVE_HISTORICAL_COVERAGE,NO_EXACT_EFFECTIVE_HISTORICAL_COVERAGE,true,MATERIAL,research/results/checkpoint_fr_phase_c2/gap_inventory.csv,GAP_FIELD_RECOMPUTATION
10_gap_rows,FCG0072.final_adjudication,UNVERIFIED_GAP,UNVERIFIED_GAP,true,MATERIAL,research/results/checkpoint_fr_phase_c2/gap_inventory.csv,GAP_FIELD_RECOMPUTATION
10_gap_rows,FCG0072.first_missing_timestamp,2026-04-15T00:00:00,2026-04-15T00:00:00,true,MATERIAL,research/results/checkpoint_fr_phase_c2/gap_inventory.csv,GAP_FIELD_RECOMPUTATION
10_gap_rows,FCG0072.gap_id,FCG0072,FCG0072,true,MATERIAL,research/results/checkpoint_fr_phase_c2/gap_inventory.csv,GAP_FIELD_RECOMPUTATION
10_gap_rows,FCG0072.last_missing_timestamp,2026-04-15T00:00:00,2026-04-15T00:00:00,true,MATERIAL,research/results/checkpoint_fr_phase_c2/gap_inventory.csv,GAP_FIELD_RECOMPUTATION
10_gap_rows,FCG0072.missing_hourly_slot_count,1,1,true,MATERIAL,research/results/checkpoint_fr_phase_c2/gap_inventory.csv,GAP_FIELD_RECOMPUTATION
10_gap_rows,FCG0072.next_timestamp,2026-04-15T01:00:00,2026-04-15T01:00:00,true,MATERIAL,research/results/checkpoint_fr_phase_c2/gap_inventory.csv,GAP_FIELD_RECOMPUTATION
10_gap_rows,FCG0072.next_weekday,WEDNESDAY,WEDNESDAY,true,MATERIAL,research/results/checkpoint_fr_phase_c2/gap_inventory.csv,GAP_FIELD_RECOMPUTATION
10_gap_rows,FCG0072.notes_code,CURRENT_HASH_BOUND_SESSION_EVIDENCE_NOT_DATED_HISTORICAL_PROOF,CURRENT_HASH_BOUND_SESSION_EVIDENCE_NOT_DATED_HISTORICAL_PROOF,true,MATERIAL,research/results/checkpoint_fr_phase_c2/gap_inventory.csv,GAP_FIELD_RECOMPUTATION
10_gap_rows,FCG0072.previous_timestamp,2026-04-14T23:00:00,2026-04-14T23:00:00,true,MATERIAL,research/results/checkpoint_fr_phase_c2/gap_inventory.csv,GAP_FIELD_RECOMPUTATION
10_gap_rows,FCG0072.previous_weekday,TUESDAY,TUESDAY,true,MATERIAL,research/results/checkpoint_fr_phase_c2/gap_inventory.csv,GAP_FIELD_RECOMPUTATION
10_gap_rows,FCG0072.scope,ANALYSIS_WINDOW_INTERNAL,ANALYSIS_WINDOW_INTERNAL,true,MATERIAL,research/results/checkpoint_fr_phase_c2/gap_inventory.csv,GAP_FIELD_RECOMPUTATION
10_gap_rows,FCG0072.structural_pattern,DAILY_BREAK_PATTERN,DAILY_BREAK_PATTERN,true,MATERIAL,research/results/checkpoint_fr_phase_c2/gap_inventory.csv,GAP_FIELD_RECOMPUTATION
10_gap_rows,FCG0073.delta_hours,2,2,true,MATERIAL,research/results/checkpoint_fr_phase_c2/gap_inventory.csv,GAP_FIELD_RECOMPUTATION
10_gap_rows,FCG0073.evidence_status,NO_EXACT_EFFECTIVE_HISTORICAL_COVERAGE,NO_EXACT_EFFECTIVE_HISTORICAL_COVERAGE,true,MATERIAL,research/results/checkpoint_fr_phase_c2/gap_inventory.csv,GAP_FIELD_RECOMPUTATION
10_gap_rows,FCG0073.final_adjudication,UNVERIFIED_GAP,UNVERIFIED_GAP,true,MATERIAL,research/results/checkpoint_fr_phase_c2/gap_inventory.csv,GAP_FIELD_RECOMPUTATION
10_gap_rows,FCG0073.first_missing_timestamp,2026-04-16T00:00:00,2026-04-16T00:00:00,true,MATERIAL,research/results/checkpoint_fr_phase_c2/gap_inventory.csv,GAP_FIELD_RECOMPUTATION
10_gap_rows,FCG0073.gap_id,FCG0073,FCG0073,true,MATERIAL,research/results/checkpoint_fr_phase_c2/gap_inventory.csv,GAP_FIELD_RECOMPUTATION
10_gap_rows,FCG0073.last_missing_timestamp,2026-04-16T00:00:00,2026-04-16T00:00:00,true,MATERIAL,research/results/checkpoint_fr_phase_c2/gap_inventory.csv,GAP_FIELD_RECOMPUTATION
10_gap_rows,FCG0073.missing_hourly_slot_count,1,1,true,MATERIAL,research/results/checkpoint_fr_phase_c2/gap_inventory.csv,GAP_FIELD_RECOMPUTATION
10_gap_rows,FCG0073.next_timestamp,2026-04-16T01:00:00,2026-04-16T01:00:00,true,MATERIAL,research/results/checkpoint_fr_phase_c2/gap_inventory.csv,GAP_FIELD_RECOMPUTATION
10_gap_rows,FCG0073.next_weekday,THURSDAY,THURSDAY,true,MATERIAL,research/results/checkpoint_fr_phase_c2/gap_inventory.csv,GAP_FIELD_RECOMPUTATION
10_gap_rows,FCG0073.notes_code,CURRENT_HASH_BOUND_SESSION_EVIDENCE_NOT_DATED_HISTORICAL_PROOF,CURRENT_HASH_BOUND_SESSION_EVIDENCE_NOT_DATED_HISTORICAL_PROOF,true,MATERIAL,research/results/checkpoint_fr_phase_c2/gap_inventory.csv,GAP_FIELD_RECOMPUTATION
10_gap_rows,FCG0073.previous_timestamp,2026-04-15T23:00:00,2026-04-15T23:00:00,true,MATERIAL,research/results/checkpoint_fr_phase_c2/gap_inventory.csv,GAP_FIELD_RECOMPUTATION
10_gap_rows,FCG0073.previous_weekday,WEDNESDAY,WEDNESDAY,true,MATERIAL,research/results/checkpoint_fr_phase_c2/gap_inventory.csv,GAP_FIELD_RECOMPUTATION
10_gap_rows,FCG0073.scope,ANALYSIS_WINDOW_INTERNAL,ANALYSIS_WINDOW_INTERNAL,true,MATERIAL,research/results/checkpoint_fr_phase_c2/gap_inventory.csv,GAP_FIELD_RECOMPUTATION
10_gap_rows,FCG0073.structural_pattern,DAILY_BREAK_PATTERN,DAILY_BREAK_PATTERN,true,MATERIAL,research/results/checkpoint_fr_phase_c2/gap_inventory.csv,GAP_FIELD_RECOMPUTATION
10_gap_rows,FCG0074.delta_hours,2,2,true,MATERIAL,research/results/checkpoint_fr_phase_c2/gap_inventory.csv,GAP_FIELD_RECOMPUTATION
10_gap_rows,FCG0074.evidence_status,NO_EXACT_EFFECTIVE_HISTORICAL_COVERAGE,NO_EXACT_EFFECTIVE_HISTORICAL_COVERAGE,true,MATERIAL,research/results/checkpoint_fr_phase_c2/gap_inventory.csv,GAP_FIELD_RECOMPUTATION
10_gap_rows,FCG0074.final_adjudication,UNVERIFIED_GAP,UNVERIFIED_GAP,true,MATERIAL,research/results/checkpoint_fr_phase_c2/gap_inventory.csv,GAP_FIELD_RECOMPUTATION
10_gap_rows,FCG0074.first_missing_timestamp,2026-04-17T00:00:00,2026-04-17T00:00:00,true,MATERIAL,research/results/checkpoint_fr_phase_c2/gap_inventory.csv,GAP_FIELD_RECOMPUTATION
10_gap_rows,FCG0074.gap_id,FCG0074,FCG0074,true,MATERIAL,research/results/checkpoint_fr_phase_c2/gap_inventory.csv,GAP_FIELD_RECOMPUTATION
10_gap_rows,FCG0074.last_missing_timestamp,2026-04-17T00:00:00,2026-04-17T00:00:00,true,MATERIAL,research/results/checkpoint_fr_phase_c2/gap_inventory.csv,GAP_FIELD_RECOMPUTATION
10_gap_rows,FCG0074.missing_hourly_slot_count,1,1,true,MATERIAL,research/results/checkpoint_fr_phase_c2/gap_inventory.csv,GAP_FIELD_RECOMPUTATION
10_gap_rows,FCG0074.next_timestamp,2026-04-17T01:00:00,2026-04-17T01:00:00,true,MATERIAL,research/results/checkpoint_fr_phase_c2/gap_inventory.csv,GAP_FIELD_RECOMPUTATION
10_gap_rows,FCG0074.next_weekday,FRIDAY,FRIDAY,true,MATERIAL,research/results/checkpoint_fr_phase_c2/gap_inventory.csv,GAP_FIELD_RECOMPUTATION
10_gap_rows,FCG0074.notes_code,CURRENT_HASH_BOUND_SESSION_EVIDENCE_NOT_DATED_HISTORICAL_PROOF,CURRENT_HASH_BOUND_SESSION_EVIDENCE_NOT_DATED_HISTORICAL_PROOF,true,MATERIAL,research/results/checkpoint_fr_phase_c2/gap_inventory.csv,GAP_FIELD_RECOMPUTATION
10_gap_rows,FCG0074.previous_timestamp,2026-04-16T23:00:00,2026-04-16T23:00:00,true,MATERIAL,research/results/checkpoint_fr_phase_c2/gap_inventory.csv,GAP_FIELD_RECOMPUTATION
10_gap_rows,FCG0074.previous_weekday,THURSDAY,THURSDAY,true,MATERIAL,research/results/checkpoint_fr_phase_c2/gap_inventory.csv,GAP_FIELD_RECOMPUTATION
10_gap_rows,FCG0074.scope,ANALYSIS_WINDOW_INTERNAL,ANALYSIS_WINDOW_INTERNAL,true,MATERIAL,research/results/checkpoint_fr_phase_c2/gap_inventory.csv,GAP_FIELD_RECOMPUTATION
10_gap_rows,FCG0074.structural_pattern,DAILY_BREAK_PATTERN,DAILY_BREAK_PATTERN,true,MATERIAL,research/results/checkpoint_fr_phase_c2/gap_inventory.csv,GAP_FIELD_RECOMPUTATION
10_gap_rows,FCG0075.delta_hours,50,50,true,MATERIAL,research/results/checkpoint_fr_phase_c2/gap_inventory.csv,GAP_FIELD_RECOMPUTATION
10_gap_rows,FCG0075.evidence_status,NO_EXACT_EFFECTIVE_HISTORICAL_COVERAGE,NO_EXACT_EFFECTIVE_HISTORICAL_COVERAGE,true,MATERIAL,research/results/checkpoint_fr_phase_c2/gap_inventory.csv,GAP_FIELD_RECOMPUTATION
10_gap_rows,FCG0075.final_adjudication,UNVERIFIED_GAP,UNVERIFIED_GAP,true,MATERIAL,research/results/checkpoint_fr_phase_c2/gap_inventory.csv,GAP_FIELD_RECOMPUTATION
10_gap_rows,FCG0075.first_missing_timestamp,2026-04-18T00:00:00,2026-04-18T00:00:00,true,MATERIAL,research/results/checkpoint_fr_phase_c2/gap_inventory.csv,GAP_FIELD_RECOMPUTATION
10_gap_rows,FCG0075.gap_id,FCG0075,FCG0075,true,MATERIAL,research/results/checkpoint_fr_phase_c2/gap_inventory.csv,GAP_FIELD_RECOMPUTATION
10_gap_rows,FCG0075.last_missing_timestamp,2026-04-20T00:00:00,2026-04-20T00:00:00,true,MATERIAL,research/results/checkpoint_fr_phase_c2/gap_inventory.csv,GAP_FIELD_RECOMPUTATION
10_gap_rows,FCG0075.missing_hourly_slot_count,49,49,true,MATERIAL,research/results/checkpoint_fr_phase_c2/gap_inventory.csv,GAP_FIELD_RECOMPUTATION
10_gap_rows,FCG0075.next_timestamp,2026-04-20T01:00:00,2026-04-20T01:00:00,true,MATERIAL,research/results/checkpoint_fr_phase_c2/gap_inventory.csv,GAP_FIELD_RECOMPUTATION
10_gap_rows,FCG0075.next_weekday,MONDAY,MONDAY,true,MATERIAL,research/results/checkpoint_fr_phase_c2/gap_inventory.csv,GAP_FIELD_RECOMPUTATION
10_gap_rows,FCG0075.notes_code,CURRENT_HASH_BOUND_SESSION_EVIDENCE_NOT_DATED_HISTORICAL_PROOF,CURRENT_HASH_BOUND_SESSION_EVIDENCE_NOT_DATED_HISTORICAL_PROOF,true,MATERIAL,research/results/checkpoint_fr_phase_c2/gap_inventory.csv,GAP_FIELD_RECOMPUTATION
10_gap_rows,FCG0075.previous_timestamp,2026-04-17T23:00:00,2026-04-17T23:00:00,true,MATERIAL,research/results/checkpoint_fr_phase_c2/gap_inventory.csv,GAP_FIELD_RECOMPUTATION
10_gap_rows,FCG0075.previous_weekday,FRIDAY,FRIDAY,true,MATERIAL,research/results/checkpoint_fr_phase_c2/gap_inventory.csv,GAP_FIELD_RECOMPUTATION
10_gap_rows,FCG0075.scope,ANALYSIS_WINDOW_INTERNAL,ANALYSIS_WINDOW_INTERNAL,true,MATERIAL,research/results/checkpoint_fr_phase_c2/gap_inventory.csv,GAP_FIELD_RECOMPUTATION
10_gap_rows,FCG0075.structural_pattern,WEEKEND_PATTERN,WEEKEND_PATTERN,true,MATERIAL,research/results/checkpoint_fr_phase_c2/gap_inventory.csv,GAP_FIELD_RECOMPUTATION
10_gap_rows,FCG0076.delta_hours,2,2,true,MATERIAL,research/results/checkpoint_fr_phase_c2/gap_inventory.csv,GAP_FIELD_RECOMPUTATION
10_gap_rows,FCG0076.evidence_status,NO_EXACT_EFFECTIVE_HISTORICAL_COVERAGE,NO_EXACT_EFFECTIVE_HISTORICAL_COVERAGE,true,MATERIAL,research/results/checkpoint_fr_phase_c2/gap_inventory.csv,GAP_FIELD_RECOMPUTATION
10_gap_rows,FCG0076.final_adjudication,UNVERIFIED_GAP,UNVERIFIED_GAP,true,MATERIAL,research/results/checkpoint_fr_phase_c2/gap_inventory.csv,GAP_FIELD_RECOMPUTATION
10_gap_rows,FCG0076.first_missing_timestamp,2026-04-21T00:00:00,2026-04-21T00:00:00,true,MATERIAL,research/results/checkpoint_fr_phase_c2/gap_inventory.csv,GAP_FIELD_RECOMPUTATION
10_gap_rows,FCG0076.gap_id,FCG0076,FCG0076,true,MATERIAL,research/results/checkpoint_fr_phase_c2/gap_inventory.csv,GAP_FIELD_RECOMPUTATION
10_gap_rows,FCG0076.last_missing_timestamp,2026-04-21T00:00:00,2026-04-21T00:00:00,true,MATERIAL,research/results/checkpoint_fr_phase_c2/gap_inventory.csv,GAP_FIELD_RECOMPUTATION
10_gap_rows,FCG0076.missing_hourly_slot_count,1,1,true,MATERIAL,research/results/checkpoint_fr_phase_c2/gap_inventory.csv,GAP_FIELD_RECOMPUTATION
10_gap_rows,FCG0076.next_timestamp,2026-04-21T01:00:00,2026-04-21T01:00:00,true,MATERIAL,research/results/checkpoint_fr_phase_c2/gap_inventory.csv,GAP_FIELD_RECOMPUTATION
10_gap_rows,FCG0076.next_weekday,TUESDAY,TUESDAY,true,MATERIAL,research/results/checkpoint_fr_phase_c2/gap_inventory.csv,GAP_FIELD_RECOMPUTATION
10_gap_rows,FCG0076.notes_code,CURRENT_HASH_BOUND_SESSION_EVIDENCE_NOT_DATED_HISTORICAL_PROOF,CURRENT_HASH_BOUND_SESSION_EVIDENCE_NOT_DATED_HISTORICAL_PROOF,true,MATERIAL,research/results/checkpoint_fr_phase_c2/gap_inventory.csv,GAP_FIELD_RECOMPUTATION
10_gap_rows,FCG0076.previous_timestamp,2026-04-20T23:00:00,2026-04-20T23:00:00,true,MATERIAL,research/results/checkpoint_fr_phase_c2/gap_inventory.csv,GAP_FIELD_RECOMPUTATION
10_gap_rows,FCG0076.previous_weekday,MONDAY,MONDAY,true,MATERIAL,research/results/checkpoint_fr_phase_c2/gap_inventory.csv,GAP_FIELD_RECOMPUTATION
10_gap_rows,FCG0076.scope,ANALYSIS_WINDOW_INTERNAL,ANALYSIS_WINDOW_INTERNAL,true,MATERIAL,research/results/checkpoint_fr_phase_c2/gap_inventory.csv,GAP_FIELD_RECOMPUTATION
10_gap_rows,FCG0076.structural_pattern,DAILY_BREAK_PATTERN,DAILY_BREAK_PATTERN,true,MATERIAL,research/results/checkpoint_fr_phase_c2/gap_inventory.csv,GAP_FIELD_RECOMPUTATION
10_gap_rows,FCG0077.delta_hours,2,2,true,MATERIAL,research/results/checkpoint_fr_phase_c2/gap_inventory.csv,GAP_FIELD_RECOMPUTATION
10_gap_rows,FCG0077.evidence_status,NO_EXACT_EFFECTIVE_HISTORICAL_COVERAGE,NO_EXACT_EFFECTIVE_HISTORICAL_COVERAGE,true,MATERIAL,research/results/checkpoint_fr_phase_c2/gap_inventory.csv,GAP_FIELD_RECOMPUTATION
10_gap_rows,FCG0077.final_adjudication,UNVERIFIED_GAP,UNVERIFIED_GAP,true,MATERIAL,research/results/checkpoint_fr_phase_c2/gap_inventory.csv,GAP_FIELD_RECOMPUTATION
10_gap_rows,FCG0077.first_missing_timestamp,2026-04-22T00:00:00,2026-04-22T00:00:00,true,MATERIAL,research/results/checkpoint_fr_phase_c2/gap_inventory.csv,GAP_FIELD_RECOMPUTATION
10_gap_rows,FCG0077.gap_id,FCG0077,FCG0077,true,MATERIAL,research/results/checkpoint_fr_phase_c2/gap_inventory.csv,GAP_FIELD_RECOMPUTATION
10_gap_rows,FCG0077.last_missing_timestamp,2026-04-22T00:00:00,2026-04-22T00:00:00,true,MATERIAL,research/results/checkpoint_fr_phase_c2/gap_inventory.csv,GAP_FIELD_RECOMPUTATION
10_gap_rows,FCG0077.missing_hourly_slot_count,1,1,true,MATERIAL,research/results/checkpoint_fr_phase_c2/gap_inventory.csv,GAP_FIELD_RECOMPUTATION
10_gap_rows,FCG0077.next_timestamp,2026-04-22T01:00:00,2026-04-22T01:00:00,true,MATERIAL,research/results/checkpoint_fr_phase_c2/gap_inventory.csv,GAP_FIELD_RECOMPUTATION
10_gap_rows,FCG0077.next_weekday,WEDNESDAY,WEDNESDAY,true,MATERIAL,research/results/checkpoint_fr_phase_c2/gap_inventory.csv,GAP_FIELD_RECOMPUTATION
10_gap_rows,FCG0077.notes_code,CURRENT_HASH_BOUND_SESSION_EVIDENCE_NOT_DATED_HISTORICAL_PROOF,CURRENT_HASH_BOUND_SESSION_EVIDENCE_NOT_DATED_HISTORICAL_PROOF,true,MATERIAL,research/results/checkpoint_fr_phase_c2/gap_inventory.csv,GAP_FIELD_RECOMPUTATION
10_gap_rows,FCG0077.previous_timestamp,2026-04-21T23:00:00,2026-04-21T23:00:00,true,MATERIAL,research/results/checkpoint_fr_phase_c2/gap_inventory.csv,GAP_FIELD_RECOMPUTATION
10_gap_rows,FCG0077.previous_weekday,TUESDAY,TUESDAY,true,MATERIAL,research/results/checkpoint_fr_phase_c2/gap_inventory.csv,GAP_FIELD_RECOMPUTATION
10_gap_rows,FCG0077.scope,ANALYSIS_WINDOW_INTERNAL,ANALYSIS_WINDOW_INTERNAL,true,MATERIAL,research/results/checkpoint_fr_phase_c2/gap_inventory.csv,GAP_FIELD_RECOMPUTATION
10_gap_rows,FCG0077.structural_pattern,DAILY_BREAK_PATTERN,DAILY_BREAK_PATTERN,true,MATERIAL,research/results/checkpoint_fr_phase_c2/gap_inventory.csv,GAP_FIELD_RECOMPUTATION
10_gap_rows,FCG0078.delta_hours,2,2,true,MATERIAL,research/results/checkpoint_fr_phase_c2/gap_inventory.csv,GAP_FIELD_RECOMPUTATION
10_gap_rows,FCG0078.evidence_status,NO_EXACT_EFFECTIVE_HISTORICAL_COVERAGE,NO_EXACT_EFFECTIVE_HISTORICAL_COVERAGE,true,MATERIAL,research/results/checkpoint_fr_phase_c2/gap_inventory.csv,GAP_FIELD_RECOMPUTATION
10_gap_rows,FCG0078.final_adjudication,UNVERIFIED_GAP,UNVERIFIED_GAP,true,MATERIAL,research/results/checkpoint_fr_phase_c2/gap_inventory.csv,GAP_FIELD_RECOMPUTATION
10_gap_rows,FCG0078.first_missing_timestamp,2026-04-23T00:00:00,2026-04-23T00:00:00,true,MATERIAL,research/results/checkpoint_fr_phase_c2/gap_inventory.csv,GAP_FIELD_RECOMPUTATION
10_gap_rows,FCG0078.gap_id,FCG0078,FCG0078,true,MATERIAL,research/results/checkpoint_fr_phase_c2/gap_inventory.csv,GAP_FIELD_RECOMPUTATION
10_gap_rows,FCG0078.last_missing_timestamp,2026-04-23T00:00:00,2026-04-23T00:00:00,true,MATERIAL,research/results/checkpoint_fr_phase_c2/gap_inventory.csv,GAP_FIELD_RECOMPUTATION
10_gap_rows,FCG0078.missing_hourly_slot_count,1,1,true,MATERIAL,research/results/checkpoint_fr_phase_c2/gap_inventory.csv,GAP_FIELD_RECOMPUTATION
10_gap_rows,FCG0078.next_timestamp,2026-04-23T01:00:00,2026-04-23T01:00:00,true,MATERIAL,research/results/checkpoint_fr_phase_c2/gap_inventory.csv,GAP_FIELD_RECOMPUTATION
10_gap_rows,FCG0078.next_weekday,THURSDAY,THURSDAY,true,MATERIAL,research/results/checkpoint_fr_phase_c2/gap_inventory.csv,GAP_FIELD_RECOMPUTATION
10_gap_rows,FCG0078.notes_code,CURRENT_HASH_BOUND_SESSION_EVIDENCE_NOT_DATED_HISTORICAL_PROOF,CURRENT_HASH_BOUND_SESSION_EVIDENCE_NOT_DATED_HISTORICAL_PROOF,true,MATERIAL,research/results/checkpoint_fr_phase_c2/gap_inventory.csv,GAP_FIELD_RECOMPUTATION
10_gap_rows,FCG0078.previous_timestamp,2026-04-22T23:00:00,2026-04-22T23:00:00,true,MATERIAL,research/results/checkpoint_fr_phase_c2/gap_inventory.csv,GAP_FIELD_RECOMPUTATION
10_gap_rows,FCG0078.previous_weekday,WEDNESDAY,WEDNESDAY,true,MATERIAL,research/results/checkpoint_fr_phase_c2/gap_inventory.csv,GAP_FIELD_RECOMPUTATION
10_gap_rows,FCG0078.scope,ANALYSIS_WINDOW_INTERNAL,ANALYSIS_WINDOW_INTERNAL,true,MATERIAL,research/results/checkpoint_fr_phase_c2/gap_inventory.csv,GAP_FIELD_RECOMPUTATION
10_gap_rows,FCG0078.structural_pattern,DAILY_BREAK_PATTERN,DAILY_BREAK_PATTERN,true,MATERIAL,research/results/checkpoint_fr_phase_c2/gap_inventory.csv,GAP_FIELD_RECOMPUTATION
10_gap_rows,FCG0079.delta_hours,2,2,true,MATERIAL,research/results/checkpoint_fr_phase_c2/gap_inventory.csv,GAP_FIELD_RECOMPUTATION
10_gap_rows,FCG0079.evidence_status,NO_EXACT_EFFECTIVE_HISTORICAL_COVERAGE,NO_EXACT_EFFECTIVE_HISTORICAL_COVERAGE,true,MATERIAL,research/results/checkpoint_fr_phase_c2/gap_inventory.csv,GAP_FIELD_RECOMPUTATION
10_gap_rows,FCG0079.final_adjudication,UNVERIFIED_GAP,UNVERIFIED_GAP,true,MATERIAL,research/results/checkpoint_fr_phase_c2/gap_inventory.csv,GAP_FIELD_RECOMPUTATION
10_gap_rows,FCG0079.first_missing_timestamp,2026-04-24T00:00:00,2026-04-24T00:00:00,true,MATERIAL,research/results/checkpoint_fr_phase_c2/gap_inventory.csv,GAP_FIELD_RECOMPUTATION
10_gap_rows,FCG0079.gap_id,FCG0079,FCG0079,true,MATERIAL,research/results/checkpoint_fr_phase_c2/gap_inventory.csv,GAP_FIELD_RECOMPUTATION
10_gap_rows,FCG0079.last_missing_timestamp,2026-04-24T00:00:00,2026-04-24T00:00:00,true,MATERIAL,research/results/checkpoint_fr_phase_c2/gap_inventory.csv,GAP_FIELD_RECOMPUTATION
10_gap_rows,FCG0079.missing_hourly_slot_count,1,1,true,MATERIAL,research/results/checkpoint_fr_phase_c2/gap_inventory.csv,GAP_FIELD_RECOMPUTATION
10_gap_rows,FCG0079.next_timestamp,2026-04-24T01:00:00,2026-04-24T01:00:00,true,MATERIAL,research/results/checkpoint_fr_phase_c2/gap_inventory.csv,GAP_FIELD_RECOMPUTATION
10_gap_rows,FCG0079.next_weekday,FRIDAY,FRIDAY,true,MATERIAL,research/results/checkpoint_fr_phase_c2/gap_inventory.csv,GAP_FIELD_RECOMPUTATION
10_gap_rows,FCG0079.notes_code,CURRENT_HASH_BOUND_SESSION_EVIDENCE_NOT_DATED_HISTORICAL_PROOF,CURRENT_HASH_BOUND_SESSION_EVIDENCE_NOT_DATED_HISTORICAL_PROOF,true,MATERIAL,research/results/checkpoint_fr_phase_c2/gap_inventory.csv,GAP_FIELD_RECOMPUTATION
10_gap_rows,FCG0079.previous_timestamp,2026-04-23T23:00:00,2026-04-23T23:00:00,true,MATERIAL,research/results/checkpoint_fr_phase_c2/gap_inventory.csv,GAP_FIELD_RECOMPUTATION
10_gap_rows,FCG0079.previous_weekday,THURSDAY,THURSDAY,true,MATERIAL,research/results/checkpoint_fr_phase_c2/gap_inventory.csv,GAP_FIELD_RECOMPUTATION
10_gap_rows,FCG0079.scope,ANALYSIS_WINDOW_INTERNAL,ANALYSIS_WINDOW_INTERNAL,true,MATERIAL,research/results/checkpoint_fr_phase_c2/gap_inventory.csv,GAP_FIELD_RECOMPUTATION
10_gap_rows,FCG0079.structural_pattern,DAILY_BREAK_PATTERN,DAILY_BREAK_PATTERN,true,MATERIAL,research/results/checkpoint_fr_phase_c2/gap_inventory.csv,GAP_FIELD_RECOMPUTATION
10_gap_rows,FCG0080.delta_hours,50,50,true,MATERIAL,research/results/checkpoint_fr_phase_c2/gap_inventory.csv,GAP_FIELD_RECOMPUTATION
10_gap_rows,FCG0080.evidence_status,NO_EXACT_EFFECTIVE_HISTORICAL_COVERAGE,NO_EXACT_EFFECTIVE_HISTORICAL_COVERAGE,true,MATERIAL,research/results/checkpoint_fr_phase_c2/gap_inventory.csv,GAP_FIELD_RECOMPUTATION
10_gap_rows,FCG0080.final_adjudication,UNVERIFIED_GAP,UNVERIFIED_GAP,true,MATERIAL,research/results/checkpoint_fr_phase_c2/gap_inventory.csv,GAP_FIELD_RECOMPUTATION
10_gap_rows,FCG0080.first_missing_timestamp,2026-04-25T00:00:00,2026-04-25T00:00:00,true,MATERIAL,research/results/checkpoint_fr_phase_c2/gap_inventory.csv,GAP_FIELD_RECOMPUTATION
10_gap_rows,FCG0080.gap_id,FCG0080,FCG0080,true,MATERIAL,research/results/checkpoint_fr_phase_c2/gap_inventory.csv,GAP_FIELD_RECOMPUTATION
10_gap_rows,FCG0080.last_missing_timestamp,2026-04-27T00:00:00,2026-04-27T00:00:00,true,MATERIAL,research/results/checkpoint_fr_phase_c2/gap_inventory.csv,GAP_FIELD_RECOMPUTATION
10_gap_rows,FCG0080.missing_hourly_slot_count,49,49,true,MATERIAL,research/results/checkpoint_fr_phase_c2/gap_inventory.csv,GAP_FIELD_RECOMPUTATION
10_gap_rows,FCG0080.next_timestamp,2026-04-27T01:00:00,2026-04-27T01:00:00,true,MATERIAL,research/results/checkpoint_fr_phase_c2/gap_inventory.csv,GAP_FIELD_RECOMPUTATION
10_gap_rows,FCG0080.next_weekday,MONDAY,MONDAY,true,MATERIAL,research/results/checkpoint_fr_phase_c2/gap_inventory.csv,GAP_FIELD_RECOMPUTATION
10_gap_rows,FCG0080.notes_code,CURRENT_HASH_BOUND_SESSION_EVIDENCE_NOT_DATED_HISTORICAL_PROOF,CURRENT_HASH_BOUND_SESSION_EVIDENCE_NOT_DATED_HISTORICAL_PROOF,true,MATERIAL,research/results/checkpoint_fr_phase_c2/gap_inventory.csv,GAP_FIELD_RECOMPUTATION
10_gap_rows,FCG0080.previous_timestamp,2026-04-24T23:00:00,2026-04-24T23:00:00,true,MATERIAL,research/results/checkpoint_fr_phase_c2/gap_inventory.csv,GAP_FIELD_RECOMPUTATION
10_gap_rows,FCG0080.previous_weekday,FRIDAY,FRIDAY,true,MATERIAL,research/results/checkpoint_fr_phase_c2/gap_inventory.csv,GAP_FIELD_RECOMPUTATION
10_gap_rows,FCG0080.scope,ANALYSIS_WINDOW_INTERNAL,ANALYSIS_WINDOW_INTERNAL,true,MATERIAL,research/results/checkpoint_fr_phase_c2/gap_inventory.csv,GAP_FIELD_RECOMPUTATION
10_gap_rows,FCG0080.structural_pattern,WEEKEND_PATTERN,WEEKEND_PATTERN,true,MATERIAL,research/results/checkpoint_fr_phase_c2/gap_inventory.csv,GAP_FIELD_RECOMPUTATION
10_gap_rows,FCG0081.delta_hours,2,2,true,MATERIAL,research/results/checkpoint_fr_phase_c2/gap_inventory.csv,GAP_FIELD_RECOMPUTATION
10_gap_rows,FCG0081.evidence_status,NO_EXACT_EFFECTIVE_HISTORICAL_COVERAGE,NO_EXACT_EFFECTIVE_HISTORICAL_COVERAGE,true,MATERIAL,research/results/checkpoint_fr_phase_c2/gap_inventory.csv,GAP_FIELD_RECOMPUTATION
10_gap_rows,FCG0081.final_adjudication,UNVERIFIED_GAP,UNVERIFIED_GAP,true,MATERIAL,research/results/checkpoint_fr_phase_c2/gap_inventory.csv,GAP_FIELD_RECOMPUTATION
10_gap_rows,FCG0081.first_missing_timestamp,2026-04-28T00:00:00,2026-04-28T00:00:00,true,MATERIAL,research/results/checkpoint_fr_phase_c2/gap_inventory.csv,GAP_FIELD_RECOMPUTATION
10_gap_rows,FCG0081.gap_id,FCG0081,FCG0081,true,MATERIAL,research/results/checkpoint_fr_phase_c2/gap_inventory.csv,GAP_FIELD_RECOMPUTATION
10_gap_rows,FCG0081.last_missing_timestamp,2026-04-28T00:00:00,2026-04-28T00:00:00,true,MATERIAL,research/results/checkpoint_fr_phase_c2/gap_inventory.csv,GAP_FIELD_RECOMPUTATION
10_gap_rows,FCG0081.missing_hourly_slot_count,1,1,true,MATERIAL,research/results/checkpoint_fr_phase_c2/gap_inventory.csv,GAP_FIELD_RECOMPUTATION
10_gap_rows,FCG0081.next_timestamp,2026-04-28T01:00:00,2026-04-28T01:00:00,true,MATERIAL,research/results/checkpoint_fr_phase_c2/gap_inventory.csv,GAP_FIELD_RECOMPUTATION
10_gap_rows,FCG0081.next_weekday,TUESDAY,TUESDAY,true,MATERIAL,research/results/checkpoint_fr_phase_c2/gap_inventory.csv,GAP_FIELD_RECOMPUTATION
10_gap_rows,FCG0081.notes_code,CURRENT_HASH_BOUND_SESSION_EVIDENCE_NOT_DATED_HISTORICAL_PROOF,CURRENT_HASH_BOUND_SESSION_EVIDENCE_NOT_DATED_HISTORICAL_PROOF,true,MATERIAL,research/results/checkpoint_fr_phase_c2/gap_inventory.csv,GAP_FIELD_RECOMPUTATION
10_gap_rows,FCG0081.previous_timestamp,2026-04-27T23:00:00,2026-04-27T23:00:00,true,MATERIAL,research/results/checkpoint_fr_phase_c2/gap_inventory.csv,GAP_FIELD_RECOMPUTATION
10_gap_rows,FCG0081.previous_weekday,MONDAY,MONDAY,true,MATERIAL,research/results/checkpoint_fr_phase_c2/gap_inventory.csv,GAP_FIELD_RECOMPUTATION
10_gap_rows,FCG0081.scope,ANALYSIS_WINDOW_INTERNAL,ANALYSIS_WINDOW_INTERNAL,true,MATERIAL,research/results/checkpoint_fr_phase_c2/gap_inventory.csv,GAP_FIELD_RECOMPUTATION
10_gap_rows,FCG0081.structural_pattern,DAILY_BREAK_PATTERN,DAILY_BREAK_PATTERN,true,MATERIAL,research/results/checkpoint_fr_phase_c2/gap_inventory.csv,GAP_FIELD_RECOMPUTATION
10_gap_rows,FCG0082.delta_hours,2,2,true,MATERIAL,research/results/checkpoint_fr_phase_c2/gap_inventory.csv,GAP_FIELD_RECOMPUTATION
10_gap_rows,FCG0082.evidence_status,NO_EXACT_EFFECTIVE_HISTORICAL_COVERAGE,NO_EXACT_EFFECTIVE_HISTORICAL_COVERAGE,true,MATERIAL,research/results/checkpoint_fr_phase_c2/gap_inventory.csv,GAP_FIELD_RECOMPUTATION
10_gap_rows,FCG0082.final_adjudication,UNVERIFIED_GAP,UNVERIFIED_GAP,true,MATERIAL,research/results/checkpoint_fr_phase_c2/gap_inventory.csv,GAP_FIELD_RECOMPUTATION
10_gap_rows,FCG0082.first_missing_timestamp,2026-04-29T00:00:00,2026-04-29T00:00:00,true,MATERIAL,research/results/checkpoint_fr_phase_c2/gap_inventory.csv,GAP_FIELD_RECOMPUTATION
10_gap_rows,FCG0082.gap_id,FCG0082,FCG0082,true,MATERIAL,research/results/checkpoint_fr_phase_c2/gap_inventory.csv,GAP_FIELD_RECOMPUTATION
10_gap_rows,FCG0082.last_missing_timestamp,2026-04-29T00:00:00,2026-04-29T00:00:00,true,MATERIAL,research/results/checkpoint_fr_phase_c2/gap_inventory.csv,GAP_FIELD_RECOMPUTATION
10_gap_rows,FCG0082.missing_hourly_slot_count,1,1,true,MATERIAL,research/results/checkpoint_fr_phase_c2/gap_inventory.csv,GAP_FIELD_RECOMPUTATION
10_gap_rows,FCG0082.next_timestamp,2026-04-29T01:00:00,2026-04-29T01:00:00,true,MATERIAL,research/results/checkpoint_fr_phase_c2/gap_inventory.csv,GAP_FIELD_RECOMPUTATION
10_gap_rows,FCG0082.next_weekday,WEDNESDAY,WEDNESDAY,true,MATERIAL,research/results/checkpoint_fr_phase_c2/gap_inventory.csv,GAP_FIELD_RECOMPUTATION
10_gap_rows,FCG0082.notes_code,CURRENT_HASH_BOUND_SESSION_EVIDENCE_NOT_DATED_HISTORICAL_PROOF,CURRENT_HASH_BOUND_SESSION_EVIDENCE_NOT_DATED_HISTORICAL_PROOF,true,MATERIAL,research/results/checkpoint_fr_phase_c2/gap_inventory.csv,GAP_FIELD_RECOMPUTATION
10_gap_rows,FCG0082.previous_timestamp,2026-04-28T23:00:00,2026-04-28T23:00:00,true,MATERIAL,research/results/checkpoint_fr_phase_c2/gap_inventory.csv,GAP_FIELD_RECOMPUTATION
10_gap_rows,FCG0082.previous_weekday,TUESDAY,TUESDAY,true,MATERIAL,research/results/checkpoint_fr_phase_c2/gap_inventory.csv,GAP_FIELD_RECOMPUTATION
10_gap_rows,FCG0082.scope,ANALYSIS_WINDOW_INTERNAL,ANALYSIS_WINDOW_INTERNAL,true,MATERIAL,research/results/checkpoint_fr_phase_c2/gap_inventory.csv,GAP_FIELD_RECOMPUTATION
10_gap_rows,FCG0082.structural_pattern,DAILY_BREAK_PATTERN,DAILY_BREAK_PATTERN,true,MATERIAL,research/results/checkpoint_fr_phase_c2/gap_inventory.csv,GAP_FIELD_RECOMPUTATION
10_gap_rows,FCG0083.delta_hours,2,2,true,MATERIAL,research/results/checkpoint_fr_phase_c2/gap_inventory.csv,GAP_FIELD_RECOMPUTATION
10_gap_rows,FCG0083.evidence_status,NO_EXACT_EFFECTIVE_HISTORICAL_COVERAGE,NO_EXACT_EFFECTIVE_HISTORICAL_COVERAGE,true,MATERIAL,research/results/checkpoint_fr_phase_c2/gap_inventory.csv,GAP_FIELD_RECOMPUTATION
10_gap_rows,FCG0083.final_adjudication,UNVERIFIED_GAP,UNVERIFIED_GAP,true,MATERIAL,research/results/checkpoint_fr_phase_c2/gap_inventory.csv,GAP_FIELD_RECOMPUTATION
10_gap_rows,FCG0083.first_missing_timestamp,2026-04-30T00:00:00,2026-04-30T00:00:00,true,MATERIAL,research/results/checkpoint_fr_phase_c2/gap_inventory.csv,GAP_FIELD_RECOMPUTATION
10_gap_rows,FCG0083.gap_id,FCG0083,FCG0083,true,MATERIAL,research/results/checkpoint_fr_phase_c2/gap_inventory.csv,GAP_FIELD_RECOMPUTATION
10_gap_rows,FCG0083.last_missing_timestamp,2026-04-30T00:00:00,2026-04-30T00:00:00,true,MATERIAL,research/results/checkpoint_fr_phase_c2/gap_inventory.csv,GAP_FIELD_RECOMPUTATION
10_gap_rows,FCG0083.missing_hourly_slot_count,1,1,true,MATERIAL,research/results/checkpoint_fr_phase_c2/gap_inventory.csv,GAP_FIELD_RECOMPUTATION
10_gap_rows,FCG0083.next_timestamp,2026-04-30T01:00:00,2026-04-30T01:00:00,true,MATERIAL,research/results/checkpoint_fr_phase_c2/gap_inventory.csv,GAP_FIELD_RECOMPUTATION
10_gap_rows,FCG0083.next_weekday,THURSDAY,THURSDAY,true,MATERIAL,research/results/checkpoint_fr_phase_c2/gap_inventory.csv,GAP_FIELD_RECOMPUTATION
10_gap_rows,FCG0083.notes_code,CURRENT_HASH_BOUND_SESSION_EVIDENCE_NOT_DATED_HISTORICAL_PROOF,CURRENT_HASH_BOUND_SESSION_EVIDENCE_NOT_DATED_HISTORICAL_PROOF,true,MATERIAL,research/results/checkpoint_fr_phase_c2/gap_inventory.csv,GAP_FIELD_RECOMPUTATION
10_gap_rows,FCG0083.previous_timestamp,2026-04-29T23:00:00,2026-04-29T23:00:00,true,MATERIAL,research/results/checkpoint_fr_phase_c2/gap_inventory.csv,GAP_FIELD_RECOMPUTATION
10_gap_rows,FCG0083.previous_weekday,WEDNESDAY,WEDNESDAY,true,MATERIAL,research/results/checkpoint_fr_phase_c2/gap_inventory.csv,GAP_FIELD_RECOMPUTATION
10_gap_rows,FCG0083.scope,ANALYSIS_WINDOW_INTERNAL,ANALYSIS_WINDOW_INTERNAL,true,MATERIAL,research/results/checkpoint_fr_phase_c2/gap_inventory.csv,GAP_FIELD_RECOMPUTATION
10_gap_rows,FCG0083.structural_pattern,DAILY_BREAK_PATTERN,DAILY_BREAK_PATTERN,true,MATERIAL,research/results/checkpoint_fr_phase_c2/gap_inventory.csv,GAP_FIELD_RECOMPUTATION
10_gap_rows,FCG0084.delta_hours,2,2,true,MATERIAL,research/results/checkpoint_fr_phase_c2/gap_inventory.csv,GAP_FIELD_RECOMPUTATION
10_gap_rows,FCG0084.evidence_status,NO_EXACT_EFFECTIVE_HISTORICAL_COVERAGE,NO_EXACT_EFFECTIVE_HISTORICAL_COVERAGE,true,MATERIAL,research/results/checkpoint_fr_phase_c2/gap_inventory.csv,GAP_FIELD_RECOMPUTATION
10_gap_rows,FCG0084.final_adjudication,UNVERIFIED_GAP,UNVERIFIED_GAP,true,MATERIAL,research/results/checkpoint_fr_phase_c2/gap_inventory.csv,GAP_FIELD_RECOMPUTATION
10_gap_rows,FCG0084.first_missing_timestamp,2026-05-01T00:00:00,2026-05-01T00:00:00,true,MATERIAL,research/results/checkpoint_fr_phase_c2/gap_inventory.csv,GAP_FIELD_RECOMPUTATION
10_gap_rows,FCG0084.gap_id,FCG0084,FCG0084,true,MATERIAL,research/results/checkpoint_fr_phase_c2/gap_inventory.csv,GAP_FIELD_RECOMPUTATION
10_gap_rows,FCG0084.last_missing_timestamp,2026-05-01T00:00:00,2026-05-01T00:00:00,true,MATERIAL,research/results/checkpoint_fr_phase_c2/gap_inventory.csv,GAP_FIELD_RECOMPUTATION
10_gap_rows,FCG0084.missing_hourly_slot_count,1,1,true,MATERIAL,research/results/checkpoint_fr_phase_c2/gap_inventory.csv,GAP_FIELD_RECOMPUTATION
10_gap_rows,FCG0084.next_timestamp,2026-05-01T01:00:00,2026-05-01T01:00:00,true,MATERIAL,research/results/checkpoint_fr_phase_c2/gap_inventory.csv,GAP_FIELD_RECOMPUTATION
10_gap_rows,FCG0084.next_weekday,FRIDAY,FRIDAY,true,MATERIAL,research/results/checkpoint_fr_phase_c2/gap_inventory.csv,GAP_FIELD_RECOMPUTATION
10_gap_rows,FCG0084.notes_code,CURRENT_HASH_BOUND_SESSION_EVIDENCE_NOT_DATED_HISTORICAL_PROOF,CURRENT_HASH_BOUND_SESSION_EVIDENCE_NOT_DATED_HISTORICAL_PROOF,true,MATERIAL,research/results/checkpoint_fr_phase_c2/gap_inventory.csv,GAP_FIELD_RECOMPUTATION
10_gap_rows,FCG0084.previous_timestamp,2026-04-30T23:00:00,2026-04-30T23:00:00,true,MATERIAL,research/results/checkpoint_fr_phase_c2/gap_inventory.csv,GAP_FIELD_RECOMPUTATION
10_gap_rows,FCG0084.previous_weekday,THURSDAY,THURSDAY,true,MATERIAL,research/results/checkpoint_fr_phase_c2/gap_inventory.csv,GAP_FIELD_RECOMPUTATION
10_gap_rows,FCG0084.scope,ANALYSIS_WINDOW_INTERNAL,ANALYSIS_WINDOW_INTERNAL,true,MATERIAL,research/results/checkpoint_fr_phase_c2/gap_inventory.csv,GAP_FIELD_RECOMPUTATION
10_gap_rows,FCG0084.structural_pattern,DAILY_BREAK_PATTERN,DAILY_BREAK_PATTERN,true,MATERIAL,research/results/checkpoint_fr_phase_c2/gap_inventory.csv,GAP_FIELD_RECOMPUTATION
10_gap_rows,FCG0085.delta_hours,50,50,true,MATERIAL,research/results/checkpoint_fr_phase_c2/gap_inventory.csv,GAP_FIELD_RECOMPUTATION
10_gap_rows,FCG0085.evidence_status,NO_EXACT_EFFECTIVE_HISTORICAL_COVERAGE,NO_EXACT_EFFECTIVE_HISTORICAL_COVERAGE,true,MATERIAL,research/results/checkpoint_fr_phase_c2/gap_inventory.csv,GAP_FIELD_RECOMPUTATION
10_gap_rows,FCG0085.final_adjudication,UNVERIFIED_GAP,UNVERIFIED_GAP,true,MATERIAL,research/results/checkpoint_fr_phase_c2/gap_inventory.csv,GAP_FIELD_RECOMPUTATION
10_gap_rows,FCG0085.first_missing_timestamp,2026-05-02T00:00:00,2026-05-02T00:00:00,true,MATERIAL,research/results/checkpoint_fr_phase_c2/gap_inventory.csv,GAP_FIELD_RECOMPUTATION
10_gap_rows,FCG0085.gap_id,FCG0085,FCG0085,true,MATERIAL,research/results/checkpoint_fr_phase_c2/gap_inventory.csv,GAP_FIELD_RECOMPUTATION
10_gap_rows,FCG0085.last_missing_timestamp,2026-05-04T00:00:00,2026-05-04T00:00:00,true,MATERIAL,research/results/checkpoint_fr_phase_c2/gap_inventory.csv,GAP_FIELD_RECOMPUTATION
10_gap_rows,FCG0085.missing_hourly_slot_count,49,49,true,MATERIAL,research/results/checkpoint_fr_phase_c2/gap_inventory.csv,GAP_FIELD_RECOMPUTATION
10_gap_rows,FCG0085.next_timestamp,2026-05-04T01:00:00,2026-05-04T01:00:00,true,MATERIAL,research/results/checkpoint_fr_phase_c2/gap_inventory.csv,GAP_FIELD_RECOMPUTATION
10_gap_rows,FCG0085.next_weekday,MONDAY,MONDAY,true,MATERIAL,research/results/checkpoint_fr_phase_c2/gap_inventory.csv,GAP_FIELD_RECOMPUTATION
10_gap_rows,FCG0085.notes_code,CURRENT_HASH_BOUND_SESSION_EVIDENCE_NOT_DATED_HISTORICAL_PROOF,CURRENT_HASH_BOUND_SESSION_EVIDENCE_NOT_DATED_HISTORICAL_PROOF,true,MATERIAL,research/results/checkpoint_fr_phase_c2/gap_inventory.csv,GAP_FIELD_RECOMPUTATION
10_gap_rows,FCG0085.previous_timestamp,2026-05-01T23:00:00,2026-05-01T23:00:00,true,MATERIAL,research/results/checkpoint_fr_phase_c2/gap_inventory.csv,GAP_FIELD_RECOMPUTATION
10_gap_rows,FCG0085.previous_weekday,FRIDAY,FRIDAY,true,MATERIAL,research/results/checkpoint_fr_phase_c2/gap_inventory.csv,GAP_FIELD_RECOMPUTATION
10_gap_rows,FCG0085.scope,ANALYSIS_WINDOW_INTERNAL,ANALYSIS_WINDOW_INTERNAL,true,MATERIAL,research/results/checkpoint_fr_phase_c2/gap_inventory.csv,GAP_FIELD_RECOMPUTATION
10_gap_rows,FCG0085.structural_pattern,WEEKEND_PATTERN,WEEKEND_PATTERN,true,MATERIAL,research/results/checkpoint_fr_phase_c2/gap_inventory.csv,GAP_FIELD_RECOMPUTATION
10_gap_rows,FCG0086.delta_hours,2,2,true,MATERIAL,research/results/checkpoint_fr_phase_c2/gap_inventory.csv,GAP_FIELD_RECOMPUTATION
10_gap_rows,FCG0086.evidence_status,NO_EXACT_EFFECTIVE_HISTORICAL_COVERAGE,NO_EXACT_EFFECTIVE_HISTORICAL_COVERAGE,true,MATERIAL,research/results/checkpoint_fr_phase_c2/gap_inventory.csv,GAP_FIELD_RECOMPUTATION
10_gap_rows,FCG0086.final_adjudication,UNVERIFIED_GAP,UNVERIFIED_GAP,true,MATERIAL,research/results/checkpoint_fr_phase_c2/gap_inventory.csv,GAP_FIELD_RECOMPUTATION
10_gap_rows,FCG0086.first_missing_timestamp,2026-05-05T00:00:00,2026-05-05T00:00:00,true,MATERIAL,research/results/checkpoint_fr_phase_c2/gap_inventory.csv,GAP_FIELD_RECOMPUTATION
10_gap_rows,FCG0086.gap_id,FCG0086,FCG0086,true,MATERIAL,research/results/checkpoint_fr_phase_c2/gap_inventory.csv,GAP_FIELD_RECOMPUTATION
10_gap_rows,FCG0086.last_missing_timestamp,2026-05-05T00:00:00,2026-05-05T00:00:00,true,MATERIAL,research/results/checkpoint_fr_phase_c2/gap_inventory.csv,GAP_FIELD_RECOMPUTATION
10_gap_rows,FCG0086.missing_hourly_slot_count,1,1,true,MATERIAL,research/results/checkpoint_fr_phase_c2/gap_inventory.csv,GAP_FIELD_RECOMPUTATION
10_gap_rows,FCG0086.next_timestamp,2026-05-05T01:00:00,2026-05-05T01:00:00,true,MATERIAL,research/results/checkpoint_fr_phase_c2/gap_inventory.csv,GAP_FIELD_RECOMPUTATION
10_gap_rows,FCG0086.next_weekday,TUESDAY,TUESDAY,true,MATERIAL,research/results/checkpoint_fr_phase_c2/gap_inventory.csv,GAP_FIELD_RECOMPUTATION
10_gap_rows,FCG0086.notes_code,CURRENT_HASH_BOUND_SESSION_EVIDENCE_NOT_DATED_HISTORICAL_PROOF,CURRENT_HASH_BOUND_SESSION_EVIDENCE_NOT_DATED_HISTORICAL_PROOF,true,MATERIAL,research/results/checkpoint_fr_phase_c2/gap_inventory.csv,GAP_FIELD_RECOMPUTATION
10_gap_rows,FCG0086.previous_timestamp,2026-05-04T23:00:00,2026-05-04T23:00:00,true,MATERIAL,research/results/checkpoint_fr_phase_c2/gap_inventory.csv,GAP_FIELD_RECOMPUTATION
10_gap_rows,FCG0086.previous_weekday,MONDAY,MONDAY,true,MATERIAL,research/results/checkpoint_fr_phase_c2/gap_inventory.csv,GAP_FIELD_RECOMPUTATION
10_gap_rows,FCG0086.scope,ANALYSIS_WINDOW_INTERNAL,ANALYSIS_WINDOW_INTERNAL,true,MATERIAL,research/results/checkpoint_fr_phase_c2/gap_inventory.csv,GAP_FIELD_RECOMPUTATION
10_gap_rows,FCG0086.structural_pattern,DAILY_BREAK_PATTERN,DAILY_BREAK_PATTERN,true,MATERIAL,research/results/checkpoint_fr_phase_c2/gap_inventory.csv,GAP_FIELD_RECOMPUTATION
10_gap_rows,FCG0087.delta_hours,2,2,true,MATERIAL,research/results/checkpoint_fr_phase_c2/gap_inventory.csv,GAP_FIELD_RECOMPUTATION
10_gap_rows,FCG0087.evidence_status,NO_EXACT_EFFECTIVE_HISTORICAL_COVERAGE,NO_EXACT_EFFECTIVE_HISTORICAL_COVERAGE,true,MATERIAL,research/results/checkpoint_fr_phase_c2/gap_inventory.csv,GAP_FIELD_RECOMPUTATION
10_gap_rows,FCG0087.final_adjudication,UNVERIFIED_GAP,UNVERIFIED_GAP,true,MATERIAL,research/results/checkpoint_fr_phase_c2/gap_inventory.csv,GAP_FIELD_RECOMPUTATION
10_gap_rows,FCG0087.first_missing_timestamp,2026-05-06T00:00:00,2026-05-06T00:00:00,true,MATERIAL,research/results/checkpoint_fr_phase_c2/gap_inventory.csv,GAP_FIELD_RECOMPUTATION
10_gap_rows,FCG0087.gap_id,FCG0087,FCG0087,true,MATERIAL,research/results/checkpoint_fr_phase_c2/gap_inventory.csv,GAP_FIELD_RECOMPUTATION
10_gap_rows,FCG0087.last_missing_timestamp,2026-05-06T00:00:00,2026-05-06T00:00:00,true,MATERIAL,research/results/checkpoint_fr_phase_c2/gap_inventory.csv,GAP_FIELD_RECOMPUTATION
10_gap_rows,FCG0087.missing_hourly_slot_count,1,1,true,MATERIAL,research/results/checkpoint_fr_phase_c2/gap_inventory.csv,GAP_FIELD_RECOMPUTATION
10_gap_rows,FCG0087.next_timestamp,2026-05-06T01:00:00,2026-05-06T01:00:00,true,MATERIAL,research/results/checkpoint_fr_phase_c2/gap_inventory.csv,GAP_FIELD_RECOMPUTATION
10_gap_rows,FCG0087.next_weekday,WEDNESDAY,WEDNESDAY,true,MATERIAL,research/results/checkpoint_fr_phase_c2/gap_inventory.csv,GAP_FIELD_RECOMPUTATION
10_gap_rows,FCG0087.notes_code,CURRENT_HASH_BOUND_SESSION_EVIDENCE_NOT_DATED_HISTORICAL_PROOF,CURRENT_HASH_BOUND_SESSION_EVIDENCE_NOT_DATED_HISTORICAL_PROOF,true,MATERIAL,research/results/checkpoint_fr_phase_c2/gap_inventory.csv,GAP_FIELD_RECOMPUTATION
10_gap_rows,FCG0087.previous_timestamp,2026-05-05T23:00:00,2026-05-05T23:00:00,true,MATERIAL,research/results/checkpoint_fr_phase_c2/gap_inventory.csv,GAP_FIELD_RECOMPUTATION
10_gap_rows,FCG0087.previous_weekday,TUESDAY,TUESDAY,true,MATERIAL,research/results/checkpoint_fr_phase_c2/gap_inventory.csv,GAP_FIELD_RECOMPUTATION
10_gap_rows,FCG0087.scope,ANALYSIS_WINDOW_INTERNAL,ANALYSIS_WINDOW_INTERNAL,true,MATERIAL,research/results/checkpoint_fr_phase_c2/gap_inventory.csv,GAP_FIELD_RECOMPUTATION
10_gap_rows,FCG0087.structural_pattern,DAILY_BREAK_PATTERN,DAILY_BREAK_PATTERN,true,MATERIAL,research/results/checkpoint_fr_phase_c2/gap_inventory.csv,GAP_FIELD_RECOMPUTATION
10_gap_rows,FCG0088.delta_hours,2,2,true,MATERIAL,research/results/checkpoint_fr_phase_c2/gap_inventory.csv,GAP_FIELD_RECOMPUTATION
10_gap_rows,FCG0088.evidence_status,NO_EXACT_EFFECTIVE_HISTORICAL_COVERAGE,NO_EXACT_EFFECTIVE_HISTORICAL_COVERAGE,true,MATERIAL,research/results/checkpoint_fr_phase_c2/gap_inventory.csv,GAP_FIELD_RECOMPUTATION
10_gap_rows,FCG0088.final_adjudication,UNVERIFIED_GAP,UNVERIFIED_GAP,true,MATERIAL,research/results/checkpoint_fr_phase_c2/gap_inventory.csv,GAP_FIELD_RECOMPUTATION
10_gap_rows,FCG0088.first_missing_timestamp,2026-05-07T00:00:00,2026-05-07T00:00:00,true,MATERIAL,research/results/checkpoint_fr_phase_c2/gap_inventory.csv,GAP_FIELD_RECOMPUTATION
10_gap_rows,FCG0088.gap_id,FCG0088,FCG0088,true,MATERIAL,research/results/checkpoint_fr_phase_c2/gap_inventory.csv,GAP_FIELD_RECOMPUTATION
10_gap_rows,FCG0088.last_missing_timestamp,2026-05-07T00:00:00,2026-05-07T00:00:00,true,MATERIAL,research/results/checkpoint_fr_phase_c2/gap_inventory.csv,GAP_FIELD_RECOMPUTATION
10_gap_rows,FCG0088.missing_hourly_slot_count,1,1,true,MATERIAL,research/results/checkpoint_fr_phase_c2/gap_inventory.csv,GAP_FIELD_RECOMPUTATION
10_gap_rows,FCG0088.next_timestamp,2026-05-07T01:00:00,2026-05-07T01:00:00,true,MATERIAL,research/results/checkpoint_fr_phase_c2/gap_inventory.csv,GAP_FIELD_RECOMPUTATION
10_gap_rows,FCG0088.next_weekday,THURSDAY,THURSDAY,true,MATERIAL,research/results/checkpoint_fr_phase_c2/gap_inventory.csv,GAP_FIELD_RECOMPUTATION
10_gap_rows,FCG0088.notes_code,CURRENT_HASH_BOUND_SESSION_EVIDENCE_NOT_DATED_HISTORICAL_PROOF,CURRENT_HASH_BOUND_SESSION_EVIDENCE_NOT_DATED_HISTORICAL_PROOF,true,MATERIAL,research/results/checkpoint_fr_phase_c2/gap_inventory.csv,GAP_FIELD_RECOMPUTATION
10_gap_rows,FCG0088.previous_timestamp,2026-05-06T23:00:00,2026-05-06T23:00:00,true,MATERIAL,research/results/checkpoint_fr_phase_c2/gap_inventory.csv,GAP_FIELD_RECOMPUTATION
10_gap_rows,FCG0088.previous_weekday,WEDNESDAY,WEDNESDAY,true,MATERIAL,research/results/checkpoint_fr_phase_c2/gap_inventory.csv,GAP_FIELD_RECOMPUTATION
10_gap_rows,FCG0088.scope,ANALYSIS_WINDOW_INTERNAL,ANALYSIS_WINDOW_INTERNAL,true,MATERIAL,research/results/checkpoint_fr_phase_c2/gap_inventory.csv,GAP_FIELD_RECOMPUTATION
10_gap_rows,FCG0088.structural_pattern,DAILY_BREAK_PATTERN,DAILY_BREAK_PATTERN,true,MATERIAL,research/results/checkpoint_fr_phase_c2/gap_inventory.csv,GAP_FIELD_RECOMPUTATION
10_gap_rows,FCG0089.delta_hours,2,2,true,MATERIAL,research/results/checkpoint_fr_phase_c2/gap_inventory.csv,GAP_FIELD_RECOMPUTATION
10_gap_rows,FCG0089.evidence_status,NO_EXACT_EFFECTIVE_HISTORICAL_COVERAGE,NO_EXACT_EFFECTIVE_HISTORICAL_COVERAGE,true,MATERIAL,research/results/checkpoint_fr_phase_c2/gap_inventory.csv,GAP_FIELD_RECOMPUTATION
10_gap_rows,FCG0089.final_adjudication,UNVERIFIED_GAP,UNVERIFIED_GAP,true,MATERIAL,research/results/checkpoint_fr_phase_c2/gap_inventory.csv,GAP_FIELD_RECOMPUTATION
10_gap_rows,FCG0089.first_missing_timestamp,2026-05-08T00:00:00,2026-05-08T00:00:00,true,MATERIAL,research/results/checkpoint_fr_phase_c2/gap_inventory.csv,GAP_FIELD_RECOMPUTATION
10_gap_rows,FCG0089.gap_id,FCG0089,FCG0089,true,MATERIAL,research/results/checkpoint_fr_phase_c2/gap_inventory.csv,GAP_FIELD_RECOMPUTATION
10_gap_rows,FCG0089.last_missing_timestamp,2026-05-08T00:00:00,2026-05-08T00:00:00,true,MATERIAL,research/results/checkpoint_fr_phase_c2/gap_inventory.csv,GAP_FIELD_RECOMPUTATION
10_gap_rows,FCG0089.missing_hourly_slot_count,1,1,true,MATERIAL,research/results/checkpoint_fr_phase_c2/gap_inventory.csv,GAP_FIELD_RECOMPUTATION
10_gap_rows,FCG0089.next_timestamp,2026-05-08T01:00:00,2026-05-08T01:00:00,true,MATERIAL,research/results/checkpoint_fr_phase_c2/gap_inventory.csv,GAP_FIELD_RECOMPUTATION
10_gap_rows,FCG0089.next_weekday,FRIDAY,FRIDAY,true,MATERIAL,research/results/checkpoint_fr_phase_c2/gap_inventory.csv,GAP_FIELD_RECOMPUTATION
10_gap_rows,FCG0089.notes_code,CURRENT_HASH_BOUND_SESSION_EVIDENCE_NOT_DATED_HISTORICAL_PROOF,CURRENT_HASH_BOUND_SESSION_EVIDENCE_NOT_DATED_HISTORICAL_PROOF,true,MATERIAL,research/results/checkpoint_fr_phase_c2/gap_inventory.csv,GAP_FIELD_RECOMPUTATION
10_gap_rows,FCG0089.previous_timestamp,2026-05-07T23:00:00,2026-05-07T23:00:00,true,MATERIAL,research/results/checkpoint_fr_phase_c2/gap_inventory.csv,GAP_FIELD_RECOMPUTATION
10_gap_rows,FCG0089.previous_weekday,THURSDAY,THURSDAY,true,MATERIAL,research/results/checkpoint_fr_phase_c2/gap_inventory.csv,GAP_FIELD_RECOMPUTATION
10_gap_rows,FCG0089.scope,ANALYSIS_WINDOW_INTERNAL,ANALYSIS_WINDOW_INTERNAL,true,MATERIAL,research/results/checkpoint_fr_phase_c2/gap_inventory.csv,GAP_FIELD_RECOMPUTATION
10_gap_rows,FCG0089.structural_pattern,DAILY_BREAK_PATTERN,DAILY_BREAK_PATTERN,true,MATERIAL,research/results/checkpoint_fr_phase_c2/gap_inventory.csv,GAP_FIELD_RECOMPUTATION
10_gap_rows,FCG0090.delta_hours,50,50,true,MATERIAL,research/results/checkpoint_fr_phase_c2/gap_inventory.csv,GAP_FIELD_RECOMPUTATION
10_gap_rows,FCG0090.evidence_status,NO_EXACT_EFFECTIVE_HISTORICAL_COVERAGE,NO_EXACT_EFFECTIVE_HISTORICAL_COVERAGE,true,MATERIAL,research/results/checkpoint_fr_phase_c2/gap_inventory.csv,GAP_FIELD_RECOMPUTATION
10_gap_rows,FCG0090.final_adjudication,UNVERIFIED_GAP,UNVERIFIED_GAP,true,MATERIAL,research/results/checkpoint_fr_phase_c2/gap_inventory.csv,GAP_FIELD_RECOMPUTATION
10_gap_rows,FCG0090.first_missing_timestamp,2026-05-09T00:00:00,2026-05-09T00:00:00,true,MATERIAL,research/results/checkpoint_fr_phase_c2/gap_inventory.csv,GAP_FIELD_RECOMPUTATION
10_gap_rows,FCG0090.gap_id,FCG0090,FCG0090,true,MATERIAL,research/results/checkpoint_fr_phase_c2/gap_inventory.csv,GAP_FIELD_RECOMPUTATION
10_gap_rows,FCG0090.last_missing_timestamp,2026-05-11T00:00:00,2026-05-11T00:00:00,true,MATERIAL,research/results/checkpoint_fr_phase_c2/gap_inventory.csv,GAP_FIELD_RECOMPUTATION
10_gap_rows,FCG0090.missing_hourly_slot_count,49,49,true,MATERIAL,research/results/checkpoint_fr_phase_c2/gap_inventory.csv,GAP_FIELD_RECOMPUTATION
10_gap_rows,FCG0090.next_timestamp,2026-05-11T01:00:00,2026-05-11T01:00:00,true,MATERIAL,research/results/checkpoint_fr_phase_c2/gap_inventory.csv,GAP_FIELD_RECOMPUTATION
10_gap_rows,FCG0090.next_weekday,MONDAY,MONDAY,true,MATERIAL,research/results/checkpoint_fr_phase_c2/gap_inventory.csv,GAP_FIELD_RECOMPUTATION
10_gap_rows,FCG0090.notes_code,CURRENT_HASH_BOUND_SESSION_EVIDENCE_NOT_DATED_HISTORICAL_PROOF,CURRENT_HASH_BOUND_SESSION_EVIDENCE_NOT_DATED_HISTORICAL_PROOF,true,MATERIAL,research/results/checkpoint_fr_phase_c2/gap_inventory.csv,GAP_FIELD_RECOMPUTATION
10_gap_rows,FCG0090.previous_timestamp,2026-05-08T23:00:00,2026-05-08T23:00:00,true,MATERIAL,research/results/checkpoint_fr_phase_c2/gap_inventory.csv,GAP_FIELD_RECOMPUTATION
10_gap_rows,FCG0090.previous_weekday,FRIDAY,FRIDAY,true,MATERIAL,research/results/checkpoint_fr_phase_c2/gap_inventory.csv,GAP_FIELD_RECOMPUTATION
10_gap_rows,FCG0090.scope,ANALYSIS_WINDOW_INTERNAL,ANALYSIS_WINDOW_INTERNAL,true,MATERIAL,research/results/checkpoint_fr_phase_c2/gap_inventory.csv,GAP_FIELD_RECOMPUTATION
10_gap_rows,FCG0090.structural_pattern,WEEKEND_PATTERN,WEEKEND_PATTERN,true,MATERIAL,research/results/checkpoint_fr_phase_c2/gap_inventory.csv,GAP_FIELD_RECOMPUTATION
10_gap_rows,FCG0091.delta_hours,2,2,true,MATERIAL,research/results/checkpoint_fr_phase_c2/gap_inventory.csv,GAP_FIELD_RECOMPUTATION
10_gap_rows,FCG0091.evidence_status,NO_EXACT_EFFECTIVE_HISTORICAL_COVERAGE,NO_EXACT_EFFECTIVE_HISTORICAL_COVERAGE,true,MATERIAL,research/results/checkpoint_fr_phase_c2/gap_inventory.csv,GAP_FIELD_RECOMPUTATION
10_gap_rows,FCG0091.final_adjudication,UNVERIFIED_GAP,UNVERIFIED_GAP,true,MATERIAL,research/results/checkpoint_fr_phase_c2/gap_inventory.csv,GAP_FIELD_RECOMPUTATION
10_gap_rows,FCG0091.first_missing_timestamp,2026-05-12T00:00:00,2026-05-12T00:00:00,true,MATERIAL,research/results/checkpoint_fr_phase_c2/gap_inventory.csv,GAP_FIELD_RECOMPUTATION
10_gap_rows,FCG0091.gap_id,FCG0091,FCG0091,true,MATERIAL,research/results/checkpoint_fr_phase_c2/gap_inventory.csv,GAP_FIELD_RECOMPUTATION
10_gap_rows,FCG0091.last_missing_timestamp,2026-05-12T00:00:00,2026-05-12T00:00:00,true,MATERIAL,research/results/checkpoint_fr_phase_c2/gap_inventory.csv,GAP_FIELD_RECOMPUTATION
10_gap_rows,FCG0091.missing_hourly_slot_count,1,1,true,MATERIAL,research/results/checkpoint_fr_phase_c2/gap_inventory.csv,GAP_FIELD_RECOMPUTATION
10_gap_rows,FCG0091.next_timestamp,2026-05-12T01:00:00,2026-05-12T01:00:00,true,MATERIAL,research/results/checkpoint_fr_phase_c2/gap_inventory.csv,GAP_FIELD_RECOMPUTATION
10_gap_rows,FCG0091.next_weekday,TUESDAY,TUESDAY,true,MATERIAL,research/results/checkpoint_fr_phase_c2/gap_inventory.csv,GAP_FIELD_RECOMPUTATION
10_gap_rows,FCG0091.notes_code,CURRENT_HASH_BOUND_SESSION_EVIDENCE_NOT_DATED_HISTORICAL_PROOF,CURRENT_HASH_BOUND_SESSION_EVIDENCE_NOT_DATED_HISTORICAL_PROOF,true,MATERIAL,research/results/checkpoint_fr_phase_c2/gap_inventory.csv,GAP_FIELD_RECOMPUTATION
10_gap_rows,FCG0091.previous_timestamp,2026-05-11T23:00:00,2026-05-11T23:00:00,true,MATERIAL,research/results/checkpoint_fr_phase_c2/gap_inventory.csv,GAP_FIELD_RECOMPUTATION
10_gap_rows,FCG0091.previous_weekday,MONDAY,MONDAY,true,MATERIAL,research/results/checkpoint_fr_phase_c2/gap_inventory.csv,GAP_FIELD_RECOMPUTATION
10_gap_rows,FCG0091.scope,ANALYSIS_WINDOW_INTERNAL,ANALYSIS_WINDOW_INTERNAL,true,MATERIAL,research/results/checkpoint_fr_phase_c2/gap_inventory.csv,GAP_FIELD_RECOMPUTATION
10_gap_rows,FCG0091.structural_pattern,DAILY_BREAK_PATTERN,DAILY_BREAK_PATTERN,true,MATERIAL,research/results/checkpoint_fr_phase_c2/gap_inventory.csv,GAP_FIELD_RECOMPUTATION
10_gap_rows,FCG0092.delta_hours,2,2,true,MATERIAL,research/results/checkpoint_fr_phase_c2/gap_inventory.csv,GAP_FIELD_RECOMPUTATION
10_gap_rows,FCG0092.evidence_status,NO_EXACT_EFFECTIVE_HISTORICAL_COVERAGE,NO_EXACT_EFFECTIVE_HISTORICAL_COVERAGE,true,MATERIAL,research/results/checkpoint_fr_phase_c2/gap_inventory.csv,GAP_FIELD_RECOMPUTATION
10_gap_rows,FCG0092.final_adjudication,UNVERIFIED_GAP,UNVERIFIED_GAP,true,MATERIAL,research/results/checkpoint_fr_phase_c2/gap_inventory.csv,GAP_FIELD_RECOMPUTATION
10_gap_rows,FCG0092.first_missing_timestamp,2026-05-13T00:00:00,2026-05-13T00:00:00,true,MATERIAL,research/results/checkpoint_fr_phase_c2/gap_inventory.csv,GAP_FIELD_RECOMPUTATION
10_gap_rows,FCG0092.gap_id,FCG0092,FCG0092,true,MATERIAL,research/results/checkpoint_fr_phase_c2/gap_inventory.csv,GAP_FIELD_RECOMPUTATION
10_gap_rows,FCG0092.last_missing_timestamp,2026-05-13T00:00:00,2026-05-13T00:00:00,true,MATERIAL,research/results/checkpoint_fr_phase_c2/gap_inventory.csv,GAP_FIELD_RECOMPUTATION
10_gap_rows,FCG0092.missing_hourly_slot_count,1,1,true,MATERIAL,research/results/checkpoint_fr_phase_c2/gap_inventory.csv,GAP_FIELD_RECOMPUTATION
10_gap_rows,FCG0092.next_timestamp,2026-05-13T01:00:00,2026-05-13T01:00:00,true,MATERIAL,research/results/checkpoint_fr_phase_c2/gap_inventory.csv,GAP_FIELD_RECOMPUTATION
10_gap_rows,FCG0092.next_weekday,WEDNESDAY,WEDNESDAY,true,MATERIAL,research/results/checkpoint_fr_phase_c2/gap_inventory.csv,GAP_FIELD_RECOMPUTATION
10_gap_rows,FCG0092.notes_code,CURRENT_HASH_BOUND_SESSION_EVIDENCE_NOT_DATED_HISTORICAL_PROOF,CURRENT_HASH_BOUND_SESSION_EVIDENCE_NOT_DATED_HISTORICAL_PROOF,true,MATERIAL,research/results/checkpoint_fr_phase_c2/gap_inventory.csv,GAP_FIELD_RECOMPUTATION
10_gap_rows,FCG0092.previous_timestamp,2026-05-12T23:00:00,2026-05-12T23:00:00,true,MATERIAL,research/results/checkpoint_fr_phase_c2/gap_inventory.csv,GAP_FIELD_RECOMPUTATION
10_gap_rows,FCG0092.previous_weekday,TUESDAY,TUESDAY,true,MATERIAL,research/results/checkpoint_fr_phase_c2/gap_inventory.csv,GAP_FIELD_RECOMPUTATION
10_gap_rows,FCG0092.scope,ANALYSIS_WINDOW_INTERNAL,ANALYSIS_WINDOW_INTERNAL,true,MATERIAL,research/results/checkpoint_fr_phase_c2/gap_inventory.csv,GAP_FIELD_RECOMPUTATION
10_gap_rows,FCG0092.structural_pattern,DAILY_BREAK_PATTERN,DAILY_BREAK_PATTERN,true,MATERIAL,research/results/checkpoint_fr_phase_c2/gap_inventory.csv,GAP_FIELD_RECOMPUTATION
10_gap_rows,FCG0093.delta_hours,2,2,true,MATERIAL,research/results/checkpoint_fr_phase_c2/gap_inventory.csv,GAP_FIELD_RECOMPUTATION
10_gap_rows,FCG0093.evidence_status,NO_EXACT_EFFECTIVE_HISTORICAL_COVERAGE,NO_EXACT_EFFECTIVE_HISTORICAL_COVERAGE,true,MATERIAL,research/results/checkpoint_fr_phase_c2/gap_inventory.csv,GAP_FIELD_RECOMPUTATION
10_gap_rows,FCG0093.final_adjudication,UNVERIFIED_GAP,UNVERIFIED_GAP,true,MATERIAL,research/results/checkpoint_fr_phase_c2/gap_inventory.csv,GAP_FIELD_RECOMPUTATION
10_gap_rows,FCG0093.first_missing_timestamp,2026-05-14T00:00:00,2026-05-14T00:00:00,true,MATERIAL,research/results/checkpoint_fr_phase_c2/gap_inventory.csv,GAP_FIELD_RECOMPUTATION
10_gap_rows,FCG0093.gap_id,FCG0093,FCG0093,true,MATERIAL,research/results/checkpoint_fr_phase_c2/gap_inventory.csv,GAP_FIELD_RECOMPUTATION
10_gap_rows,FCG0093.last_missing_timestamp,2026-05-14T00:00:00,2026-05-14T00:00:00,true,MATERIAL,research/results/checkpoint_fr_phase_c2/gap_inventory.csv,GAP_FIELD_RECOMPUTATION
10_gap_rows,FCG0093.missing_hourly_slot_count,1,1,true,MATERIAL,research/results/checkpoint_fr_phase_c2/gap_inventory.csv,GAP_FIELD_RECOMPUTATION
10_gap_rows,FCG0093.next_timestamp,2026-05-14T01:00:00,2026-05-14T01:00:00,true,MATERIAL,research/results/checkpoint_fr_phase_c2/gap_inventory.csv,GAP_FIELD_RECOMPUTATION
10_gap_rows,FCG0093.next_weekday,THURSDAY,THURSDAY,true,MATERIAL,research/results/checkpoint_fr_phase_c2/gap_inventory.csv,GAP_FIELD_RECOMPUTATION
10_gap_rows,FCG0093.notes_code,CURRENT_HASH_BOUND_SESSION_EVIDENCE_NOT_DATED_HISTORICAL_PROOF,CURRENT_HASH_BOUND_SESSION_EVIDENCE_NOT_DATED_HISTORICAL_PROOF,true,MATERIAL,research/results/checkpoint_fr_phase_c2/gap_inventory.csv,GAP_FIELD_RECOMPUTATION
10_gap_rows,FCG0093.previous_timestamp,2026-05-13T23:00:00,2026-05-13T23:00:00,true,MATERIAL,research/results/checkpoint_fr_phase_c2/gap_inventory.csv,GAP_FIELD_RECOMPUTATION
10_gap_rows,FCG0093.previous_weekday,WEDNESDAY,WEDNESDAY,true,MATERIAL,research/results/checkpoint_fr_phase_c2/gap_inventory.csv,GAP_FIELD_RECOMPUTATION
10_gap_rows,FCG0093.scope,ANALYSIS_WINDOW_INTERNAL,ANALYSIS_WINDOW_INTERNAL,true,MATERIAL,research/results/checkpoint_fr_phase_c2/gap_inventory.csv,GAP_FIELD_RECOMPUTATION
10_gap_rows,FCG0093.structural_pattern,DAILY_BREAK_PATTERN,DAILY_BREAK_PATTERN,true,MATERIAL,research/results/checkpoint_fr_phase_c2/gap_inventory.csv,GAP_FIELD_RECOMPUTATION
10_gap_rows,FCG0094.delta_hours,2,2,true,MATERIAL,research/results/checkpoint_fr_phase_c2/gap_inventory.csv,GAP_FIELD_RECOMPUTATION
10_gap_rows,FCG0094.evidence_status,NO_EXACT_EFFECTIVE_HISTORICAL_COVERAGE,NO_EXACT_EFFECTIVE_HISTORICAL_COVERAGE,true,MATERIAL,research/results/checkpoint_fr_phase_c2/gap_inventory.csv,GAP_FIELD_RECOMPUTATION
10_gap_rows,FCG0094.final_adjudication,UNVERIFIED_GAP,UNVERIFIED_GAP,true,MATERIAL,research/results/checkpoint_fr_phase_c2/gap_inventory.csv,GAP_FIELD_RECOMPUTATION
10_gap_rows,FCG0094.first_missing_timestamp,2026-05-15T00:00:00,2026-05-15T00:00:00,true,MATERIAL,research/results/checkpoint_fr_phase_c2/gap_inventory.csv,GAP_FIELD_RECOMPUTATION
10_gap_rows,FCG0094.gap_id,FCG0094,FCG0094,true,MATERIAL,research/results/checkpoint_fr_phase_c2/gap_inventory.csv,GAP_FIELD_RECOMPUTATION
10_gap_rows,FCG0094.last_missing_timestamp,2026-05-15T00:00:00,2026-05-15T00:00:00,true,MATERIAL,research/results/checkpoint_fr_phase_c2/gap_inventory.csv,GAP_FIELD_RECOMPUTATION
10_gap_rows,FCG0094.missing_hourly_slot_count,1,1,true,MATERIAL,research/results/checkpoint_fr_phase_c2/gap_inventory.csv,GAP_FIELD_RECOMPUTATION
10_gap_rows,FCG0094.next_timestamp,2026-05-15T01:00:00,2026-05-15T01:00:00,true,MATERIAL,research/results/checkpoint_fr_phase_c2/gap_inventory.csv,GAP_FIELD_RECOMPUTATION
10_gap_rows,FCG0094.next_weekday,FRIDAY,FRIDAY,true,MATERIAL,research/results/checkpoint_fr_phase_c2/gap_inventory.csv,GAP_FIELD_RECOMPUTATION
10_gap_rows,FCG0094.notes_code,CURRENT_HASH_BOUND_SESSION_EVIDENCE_NOT_DATED_HISTORICAL_PROOF,CURRENT_HASH_BOUND_SESSION_EVIDENCE_NOT_DATED_HISTORICAL_PROOF,true,MATERIAL,research/results/checkpoint_fr_phase_c2/gap_inventory.csv,GAP_FIELD_RECOMPUTATION
10_gap_rows,FCG0094.previous_timestamp,2026-05-14T23:00:00,2026-05-14T23:00:00,true,MATERIAL,research/results/checkpoint_fr_phase_c2/gap_inventory.csv,GAP_FIELD_RECOMPUTATION
10_gap_rows,FCG0094.previous_weekday,THURSDAY,THURSDAY,true,MATERIAL,research/results/checkpoint_fr_phase_c2/gap_inventory.csv,GAP_FIELD_RECOMPUTATION
10_gap_rows,FCG0094.scope,ANALYSIS_WINDOW_INTERNAL,ANALYSIS_WINDOW_INTERNAL,true,MATERIAL,research/results/checkpoint_fr_phase_c2/gap_inventory.csv,GAP_FIELD_RECOMPUTATION
10_gap_rows,FCG0094.structural_pattern,DAILY_BREAK_PATTERN,DAILY_BREAK_PATTERN,true,MATERIAL,research/results/checkpoint_fr_phase_c2/gap_inventory.csv,GAP_FIELD_RECOMPUTATION
10_gap_rows,FCG0095.delta_hours,50,50,true,MATERIAL,research/results/checkpoint_fr_phase_c2/gap_inventory.csv,GAP_FIELD_RECOMPUTATION
10_gap_rows,FCG0095.evidence_status,NO_EXACT_EFFECTIVE_HISTORICAL_COVERAGE,NO_EXACT_EFFECTIVE_HISTORICAL_COVERAGE,true,MATERIAL,research/results/checkpoint_fr_phase_c2/gap_inventory.csv,GAP_FIELD_RECOMPUTATION
10_gap_rows,FCG0095.final_adjudication,UNVERIFIED_GAP,UNVERIFIED_GAP,true,MATERIAL,research/results/checkpoint_fr_phase_c2/gap_inventory.csv,GAP_FIELD_RECOMPUTATION
10_gap_rows,FCG0095.first_missing_timestamp,2026-05-16T00:00:00,2026-05-16T00:00:00,true,MATERIAL,research/results/checkpoint_fr_phase_c2/gap_inventory.csv,GAP_FIELD_RECOMPUTATION
10_gap_rows,FCG0095.gap_id,FCG0095,FCG0095,true,MATERIAL,research/results/checkpoint_fr_phase_c2/gap_inventory.csv,GAP_FIELD_RECOMPUTATION
10_gap_rows,FCG0095.last_missing_timestamp,2026-05-18T00:00:00,2026-05-18T00:00:00,true,MATERIAL,research/results/checkpoint_fr_phase_c2/gap_inventory.csv,GAP_FIELD_RECOMPUTATION
10_gap_rows,FCG0095.missing_hourly_slot_count,49,49,true,MATERIAL,research/results/checkpoint_fr_phase_c2/gap_inventory.csv,GAP_FIELD_RECOMPUTATION
10_gap_rows,FCG0095.next_timestamp,2026-05-18T01:00:00,2026-05-18T01:00:00,true,MATERIAL,research/results/checkpoint_fr_phase_c2/gap_inventory.csv,GAP_FIELD_RECOMPUTATION
10_gap_rows,FCG0095.next_weekday,MONDAY,MONDAY,true,MATERIAL,research/results/checkpoint_fr_phase_c2/gap_inventory.csv,GAP_FIELD_RECOMPUTATION
10_gap_rows,FCG0095.notes_code,CURRENT_HASH_BOUND_SESSION_EVIDENCE_NOT_DATED_HISTORICAL_PROOF,CURRENT_HASH_BOUND_SESSION_EVIDENCE_NOT_DATED_HISTORICAL_PROOF,true,MATERIAL,research/results/checkpoint_fr_phase_c2/gap_inventory.csv,GAP_FIELD_RECOMPUTATION
10_gap_rows,FCG0095.previous_timestamp,2026-05-15T23:00:00,2026-05-15T23:00:00,true,MATERIAL,research/results/checkpoint_fr_phase_c2/gap_inventory.csv,GAP_FIELD_RECOMPUTATION
10_gap_rows,FCG0095.previous_weekday,FRIDAY,FRIDAY,true,MATERIAL,research/results/checkpoint_fr_phase_c2/gap_inventory.csv,GAP_FIELD_RECOMPUTATION
10_gap_rows,FCG0095.scope,ANALYSIS_WINDOW_INTERNAL,ANALYSIS_WINDOW_INTERNAL,true,MATERIAL,research/results/checkpoint_fr_phase_c2/gap_inventory.csv,GAP_FIELD_RECOMPUTATION
10_gap_rows,FCG0095.structural_pattern,WEEKEND_PATTERN,WEEKEND_PATTERN,true,MATERIAL,research/results/checkpoint_fr_phase_c2/gap_inventory.csv,GAP_FIELD_RECOMPUTATION
10_gap_rows,FCG0096.delta_hours,2,2,true,MATERIAL,research/results/checkpoint_fr_phase_c2/gap_inventory.csv,GAP_FIELD_RECOMPUTATION
10_gap_rows,FCG0096.evidence_status,NO_EXACT_EFFECTIVE_HISTORICAL_COVERAGE,NO_EXACT_EFFECTIVE_HISTORICAL_COVERAGE,true,MATERIAL,research/results/checkpoint_fr_phase_c2/gap_inventory.csv,GAP_FIELD_RECOMPUTATION
10_gap_rows,FCG0096.final_adjudication,UNVERIFIED_GAP,UNVERIFIED_GAP,true,MATERIAL,research/results/checkpoint_fr_phase_c2/gap_inventory.csv,GAP_FIELD_RECOMPUTATION
10_gap_rows,FCG0096.first_missing_timestamp,2026-05-19T00:00:00,2026-05-19T00:00:00,true,MATERIAL,research/results/checkpoint_fr_phase_c2/gap_inventory.csv,GAP_FIELD_RECOMPUTATION
10_gap_rows,FCG0096.gap_id,FCG0096,FCG0096,true,MATERIAL,research/results/checkpoint_fr_phase_c2/gap_inventory.csv,GAP_FIELD_RECOMPUTATION
10_gap_rows,FCG0096.last_missing_timestamp,2026-05-19T00:00:00,2026-05-19T00:00:00,true,MATERIAL,research/results/checkpoint_fr_phase_c2/gap_inventory.csv,GAP_FIELD_RECOMPUTATION
10_gap_rows,FCG0096.missing_hourly_slot_count,1,1,true,MATERIAL,research/results/checkpoint_fr_phase_c2/gap_inventory.csv,GAP_FIELD_RECOMPUTATION
10_gap_rows,FCG0096.next_timestamp,2026-05-19T01:00:00,2026-05-19T01:00:00,true,MATERIAL,research/results/checkpoint_fr_phase_c2/gap_inventory.csv,GAP_FIELD_RECOMPUTATION
10_gap_rows,FCG0096.next_weekday,TUESDAY,TUESDAY,true,MATERIAL,research/results/checkpoint_fr_phase_c2/gap_inventory.csv,GAP_FIELD_RECOMPUTATION
10_gap_rows,FCG0096.notes_code,CURRENT_HASH_BOUND_SESSION_EVIDENCE_NOT_DATED_HISTORICAL_PROOF,CURRENT_HASH_BOUND_SESSION_EVIDENCE_NOT_DATED_HISTORICAL_PROOF,true,MATERIAL,research/results/checkpoint_fr_phase_c2/gap_inventory.csv,GAP_FIELD_RECOMPUTATION
10_gap_rows,FCG0096.previous_timestamp,2026-05-18T23:00:00,2026-05-18T23:00:00,true,MATERIAL,research/results/checkpoint_fr_phase_c2/gap_inventory.csv,GAP_FIELD_RECOMPUTATION
10_gap_rows,FCG0096.previous_weekday,MONDAY,MONDAY,true,MATERIAL,research/results/checkpoint_fr_phase_c2/gap_inventory.csv,GAP_FIELD_RECOMPUTATION
10_gap_rows,FCG0096.scope,ANALYSIS_WINDOW_INTERNAL,ANALYSIS_WINDOW_INTERNAL,true,MATERIAL,research/results/checkpoint_fr_phase_c2/gap_inventory.csv,GAP_FIELD_RECOMPUTATION
10_gap_rows,FCG0096.structural_pattern,DAILY_BREAK_PATTERN,DAILY_BREAK_PATTERN,true,MATERIAL,research/results/checkpoint_fr_phase_c2/gap_inventory.csv,GAP_FIELD_RECOMPUTATION
10_gap_rows,FCG0097.delta_hours,2,2,true,MATERIAL,research/results/checkpoint_fr_phase_c2/gap_inventory.csv,GAP_FIELD_RECOMPUTATION
10_gap_rows,FCG0097.evidence_status,NO_EXACT_EFFECTIVE_HISTORICAL_COVERAGE,NO_EXACT_EFFECTIVE_HISTORICAL_COVERAGE,true,MATERIAL,research/results/checkpoint_fr_phase_c2/gap_inventory.csv,GAP_FIELD_RECOMPUTATION
10_gap_rows,FCG0097.final_adjudication,UNVERIFIED_GAP,UNVERIFIED_GAP,true,MATERIAL,research/results/checkpoint_fr_phase_c2/gap_inventory.csv,GAP_FIELD_RECOMPUTATION
10_gap_rows,FCG0097.first_missing_timestamp,2026-05-20T00:00:00,2026-05-20T00:00:00,true,MATERIAL,research/results/checkpoint_fr_phase_c2/gap_inventory.csv,GAP_FIELD_RECOMPUTATION
10_gap_rows,FCG0097.gap_id,FCG0097,FCG0097,true,MATERIAL,research/results/checkpoint_fr_phase_c2/gap_inventory.csv,GAP_FIELD_RECOMPUTATION
10_gap_rows,FCG0097.last_missing_timestamp,2026-05-20T00:00:00,2026-05-20T00:00:00,true,MATERIAL,research/results/checkpoint_fr_phase_c2/gap_inventory.csv,GAP_FIELD_RECOMPUTATION
10_gap_rows,FCG0097.missing_hourly_slot_count,1,1,true,MATERIAL,research/results/checkpoint_fr_phase_c2/gap_inventory.csv,GAP_FIELD_RECOMPUTATION
10_gap_rows,FCG0097.next_timestamp,2026-05-20T01:00:00,2026-05-20T01:00:00,true,MATERIAL,research/results/checkpoint_fr_phase_c2/gap_inventory.csv,GAP_FIELD_RECOMPUTATION
10_gap_rows,FCG0097.next_weekday,WEDNESDAY,WEDNESDAY,true,MATERIAL,research/results/checkpoint_fr_phase_c2/gap_inventory.csv,GAP_FIELD_RECOMPUTATION
10_gap_rows,FCG0097.notes_code,CURRENT_HASH_BOUND_SESSION_EVIDENCE_NOT_DATED_HISTORICAL_PROOF,CURRENT_HASH_BOUND_SESSION_EVIDENCE_NOT_DATED_HISTORICAL_PROOF,true,MATERIAL,research/results/checkpoint_fr_phase_c2/gap_inventory.csv,GAP_FIELD_RECOMPUTATION
10_gap_rows,FCG0097.previous_timestamp,2026-05-19T23:00:00,2026-05-19T23:00:00,true,MATERIAL,research/results/checkpoint_fr_phase_c2/gap_inventory.csv,GAP_FIELD_RECOMPUTATION
10_gap_rows,FCG0097.previous_weekday,TUESDAY,TUESDAY,true,MATERIAL,research/results/checkpoint_fr_phase_c2/gap_inventory.csv,GAP_FIELD_RECOMPUTATION
10_gap_rows,FCG0097.scope,ANALYSIS_WINDOW_INTERNAL,ANALYSIS_WINDOW_INTERNAL,true,MATERIAL,research/results/checkpoint_fr_phase_c2/gap_inventory.csv,GAP_FIELD_RECOMPUTATION
10_gap_rows,FCG0097.structural_pattern,DAILY_BREAK_PATTERN,DAILY_BREAK_PATTERN,true,MATERIAL,research/results/checkpoint_fr_phase_c2/gap_inventory.csv,GAP_FIELD_RECOMPUTATION
10_gap_rows,FCG0098.delta_hours,2,2,true,MATERIAL,research/results/checkpoint_fr_phase_c2/gap_inventory.csv,GAP_FIELD_RECOMPUTATION
10_gap_rows,FCG0098.evidence_status,NO_EXACT_EFFECTIVE_HISTORICAL_COVERAGE,NO_EXACT_EFFECTIVE_HISTORICAL_COVERAGE,true,MATERIAL,research/results/checkpoint_fr_phase_c2/gap_inventory.csv,GAP_FIELD_RECOMPUTATION
10_gap_rows,FCG0098.final_adjudication,UNVERIFIED_GAP,UNVERIFIED_GAP,true,MATERIAL,research/results/checkpoint_fr_phase_c2/gap_inventory.csv,GAP_FIELD_RECOMPUTATION
10_gap_rows,FCG0098.first_missing_timestamp,2026-05-21T00:00:00,2026-05-21T00:00:00,true,MATERIAL,research/results/checkpoint_fr_phase_c2/gap_inventory.csv,GAP_FIELD_RECOMPUTATION
10_gap_rows,FCG0098.gap_id,FCG0098,FCG0098,true,MATERIAL,research/results/checkpoint_fr_phase_c2/gap_inventory.csv,GAP_FIELD_RECOMPUTATION
10_gap_rows,FCG0098.last_missing_timestamp,2026-05-21T00:00:00,2026-05-21T00:00:00,true,MATERIAL,research/results/checkpoint_fr_phase_c2/gap_inventory.csv,GAP_FIELD_RECOMPUTATION
10_gap_rows,FCG0098.missing_hourly_slot_count,1,1,true,MATERIAL,research/results/checkpoint_fr_phase_c2/gap_inventory.csv,GAP_FIELD_RECOMPUTATION
10_gap_rows,FCG0098.next_timestamp,2026-05-21T01:00:00,2026-05-21T01:00:00,true,MATERIAL,research/results/checkpoint_fr_phase_c2/gap_inventory.csv,GAP_FIELD_RECOMPUTATION
10_gap_rows,FCG0098.next_weekday,THURSDAY,THURSDAY,true,MATERIAL,research/results/checkpoint_fr_phase_c2/gap_inventory.csv,GAP_FIELD_RECOMPUTATION
10_gap_rows,FCG0098.notes_code,CURRENT_HASH_BOUND_SESSION_EVIDENCE_NOT_DATED_HISTORICAL_PROOF,CURRENT_HASH_BOUND_SESSION_EVIDENCE_NOT_DATED_HISTORICAL_PROOF,true,MATERIAL,research/results/checkpoint_fr_phase_c2/gap_inventory.csv,GAP_FIELD_RECOMPUTATION
10_gap_rows,FCG0098.previous_timestamp,2026-05-20T23:00:00,2026-05-20T23:00:00,true,MATERIAL,research/results/checkpoint_fr_phase_c2/gap_inventory.csv,GAP_FIELD_RECOMPUTATION
10_gap_rows,FCG0098.previous_weekday,WEDNESDAY,WEDNESDAY,true,MATERIAL,research/results/checkpoint_fr_phase_c2/gap_inventory.csv,GAP_FIELD_RECOMPUTATION
10_gap_rows,FCG0098.scope,ANALYSIS_WINDOW_INTERNAL,ANALYSIS_WINDOW_INTERNAL,true,MATERIAL,research/results/checkpoint_fr_phase_c2/gap_inventory.csv,GAP_FIELD_RECOMPUTATION
10_gap_rows,FCG0098.structural_pattern,DAILY_BREAK_PATTERN,DAILY_BREAK_PATTERN,true,MATERIAL,research/results/checkpoint_fr_phase_c2/gap_inventory.csv,GAP_FIELD_RECOMPUTATION
10_gap_rows,FCG0099.delta_hours,2,2,true,MATERIAL,research/results/checkpoint_fr_phase_c2/gap_inventory.csv,GAP_FIELD_RECOMPUTATION
10_gap_rows,FCG0099.evidence_status,NO_EXACT_EFFECTIVE_HISTORICAL_COVERAGE,NO_EXACT_EFFECTIVE_HISTORICAL_COVERAGE,true,MATERIAL,research/results/checkpoint_fr_phase_c2/gap_inventory.csv,GAP_FIELD_RECOMPUTATION
10_gap_rows,FCG0099.final_adjudication,UNVERIFIED_GAP,UNVERIFIED_GAP,true,MATERIAL,research/results/checkpoint_fr_phase_c2/gap_inventory.csv,GAP_FIELD_RECOMPUTATION
10_gap_rows,FCG0099.first_missing_timestamp,2026-05-22T00:00:00,2026-05-22T00:00:00,true,MATERIAL,research/results/checkpoint_fr_phase_c2/gap_inventory.csv,GAP_FIELD_RECOMPUTATION
10_gap_rows,FCG0099.gap_id,FCG0099,FCG0099,true,MATERIAL,research/results/checkpoint_fr_phase_c2/gap_inventory.csv,GAP_FIELD_RECOMPUTATION
10_gap_rows,FCG0099.last_missing_timestamp,2026-05-22T00:00:00,2026-05-22T00:00:00,true,MATERIAL,research/results/checkpoint_fr_phase_c2/gap_inventory.csv,GAP_FIELD_RECOMPUTATION
10_gap_rows,FCG0099.missing_hourly_slot_count,1,1,true,MATERIAL,research/results/checkpoint_fr_phase_c2/gap_inventory.csv,GAP_FIELD_RECOMPUTATION
10_gap_rows,FCG0099.next_timestamp,2026-05-22T01:00:00,2026-05-22T01:00:00,true,MATERIAL,research/results/checkpoint_fr_phase_c2/gap_inventory.csv,GAP_FIELD_RECOMPUTATION
10_gap_rows,FCG0099.next_weekday,FRIDAY,FRIDAY,true,MATERIAL,research/results/checkpoint_fr_phase_c2/gap_inventory.csv,GAP_FIELD_RECOMPUTATION
10_gap_rows,FCG0099.notes_code,CURRENT_HASH_BOUND_SESSION_EVIDENCE_NOT_DATED_HISTORICAL_PROOF,CURRENT_HASH_BOUND_SESSION_EVIDENCE_NOT_DATED_HISTORICAL_PROOF,true,MATERIAL,research/results/checkpoint_fr_phase_c2/gap_inventory.csv,GAP_FIELD_RECOMPUTATION
10_gap_rows,FCG0099.previous_timestamp,2026-05-21T23:00:00,2026-05-21T23:00:00,true,MATERIAL,research/results/checkpoint_fr_phase_c2/gap_inventory.csv,GAP_FIELD_RECOMPUTATION
10_gap_rows,FCG0099.previous_weekday,THURSDAY,THURSDAY,true,MATERIAL,research/results/checkpoint_fr_phase_c2/gap_inventory.csv,GAP_FIELD_RECOMPUTATION
10_gap_rows,FCG0099.scope,ANALYSIS_WINDOW_INTERNAL,ANALYSIS_WINDOW_INTERNAL,true,MATERIAL,research/results/checkpoint_fr_phase_c2/gap_inventory.csv,GAP_FIELD_RECOMPUTATION
10_gap_rows,FCG0099.structural_pattern,DAILY_BREAK_PATTERN,DAILY_BREAK_PATTERN,true,MATERIAL,research/results/checkpoint_fr_phase_c2/gap_inventory.csv,GAP_FIELD_RECOMPUTATION
10_gap_rows,FCG0100.delta_hours,50,50,true,MATERIAL,research/results/checkpoint_fr_phase_c2/gap_inventory.csv,GAP_FIELD_RECOMPUTATION
10_gap_rows,FCG0100.evidence_status,NO_EXACT_EFFECTIVE_HISTORICAL_COVERAGE,NO_EXACT_EFFECTIVE_HISTORICAL_COVERAGE,true,MATERIAL,research/results/checkpoint_fr_phase_c2/gap_inventory.csv,GAP_FIELD_RECOMPUTATION
10_gap_rows,FCG0100.final_adjudication,UNVERIFIED_GAP,UNVERIFIED_GAP,true,MATERIAL,research/results/checkpoint_fr_phase_c2/gap_inventory.csv,GAP_FIELD_RECOMPUTATION
10_gap_rows,FCG0100.first_missing_timestamp,2026-05-23T00:00:00,2026-05-23T00:00:00,true,MATERIAL,research/results/checkpoint_fr_phase_c2/gap_inventory.csv,GAP_FIELD_RECOMPUTATION
10_gap_rows,FCG0100.gap_id,FCG0100,FCG0100,true,MATERIAL,research/results/checkpoint_fr_phase_c2/gap_inventory.csv,GAP_FIELD_RECOMPUTATION
10_gap_rows,FCG0100.last_missing_timestamp,2026-05-25T00:00:00,2026-05-25T00:00:00,true,MATERIAL,research/results/checkpoint_fr_phase_c2/gap_inventory.csv,GAP_FIELD_RECOMPUTATION
10_gap_rows,FCG0100.missing_hourly_slot_count,49,49,true,MATERIAL,research/results/checkpoint_fr_phase_c2/gap_inventory.csv,GAP_FIELD_RECOMPUTATION
10_gap_rows,FCG0100.next_timestamp,2026-05-25T01:00:00,2026-05-25T01:00:00,true,MATERIAL,research/results/checkpoint_fr_phase_c2/gap_inventory.csv,GAP_FIELD_RECOMPUTATION
10_gap_rows,FCG0100.next_weekday,MONDAY,MONDAY,true,MATERIAL,research/results/checkpoint_fr_phase_c2/gap_inventory.csv,GAP_FIELD_RECOMPUTATION
10_gap_rows,FCG0100.notes_code,CURRENT_HASH_BOUND_SESSION_EVIDENCE_NOT_DATED_HISTORICAL_PROOF,CURRENT_HASH_BOUND_SESSION_EVIDENCE_NOT_DATED_HISTORICAL_PROOF,true,MATERIAL,research/results/checkpoint_fr_phase_c2/gap_inventory.csv,GAP_FIELD_RECOMPUTATION
10_gap_rows,FCG0100.previous_timestamp,2026-05-22T23:00:00,2026-05-22T23:00:00,true,MATERIAL,research/results/checkpoint_fr_phase_c2/gap_inventory.csv,GAP_FIELD_RECOMPUTATION
10_gap_rows,FCG0100.previous_weekday,FRIDAY,FRIDAY,true,MATERIAL,research/results/checkpoint_fr_phase_c2/gap_inventory.csv,GAP_FIELD_RECOMPUTATION
10_gap_rows,FCG0100.scope,ANALYSIS_WINDOW_INTERNAL,ANALYSIS_WINDOW_INTERNAL,true,MATERIAL,research/results/checkpoint_fr_phase_c2/gap_inventory.csv,GAP_FIELD_RECOMPUTATION
10_gap_rows,FCG0100.structural_pattern,WEEKEND_PATTERN,WEEKEND_PATTERN,true,MATERIAL,research/results/checkpoint_fr_phase_c2/gap_inventory.csv,GAP_FIELD_RECOMPUTATION
10_gap_rows,FCG0101.delta_hours,4,4,true,MATERIAL,research/results/checkpoint_fr_phase_c2/gap_inventory.csv,GAP_FIELD_RECOMPUTATION
10_gap_rows,FCG0101.evidence_status,NO_EXACT_EFFECTIVE_HISTORICAL_COVERAGE,NO_EXACT_EFFECTIVE_HISTORICAL_COVERAGE,true,MATERIAL,research/results/checkpoint_fr_phase_c2/gap_inventory.csv,GAP_FIELD_RECOMPUTATION
10_gap_rows,FCG0101.final_adjudication,UNVERIFIED_GAP,UNVERIFIED_GAP,true,MATERIAL,research/results/checkpoint_fr_phase_c2/gap_inventory.csv,GAP_FIELD_RECOMPUTATION
10_gap_rows,FCG0101.first_missing_timestamp,2026-05-25T22:00:00,2026-05-25T22:00:00,true,MATERIAL,research/results/checkpoint_fr_phase_c2/gap_inventory.csv,GAP_FIELD_RECOMPUTATION
10_gap_rows,FCG0101.gap_id,FCG0101,FCG0101,true,MATERIAL,research/results/checkpoint_fr_phase_c2/gap_inventory.csv,GAP_FIELD_RECOMPUTATION
10_gap_rows,FCG0101.last_missing_timestamp,2026-05-26T00:00:00,2026-05-26T00:00:00,true,MATERIAL,research/results/checkpoint_fr_phase_c2/gap_inventory.csv,GAP_FIELD_RECOMPUTATION
10_gap_rows,FCG0101.missing_hourly_slot_count,3,3,true,MATERIAL,research/results/checkpoint_fr_phase_c2/gap_inventory.csv,GAP_FIELD_RECOMPUTATION
10_gap_rows,FCG0101.next_timestamp,2026-05-26T01:00:00,2026-05-26T01:00:00,true,MATERIAL,research/results/checkpoint_fr_phase_c2/gap_inventory.csv,GAP_FIELD_RECOMPUTATION
10_gap_rows,FCG0101.next_weekday,TUESDAY,TUESDAY,true,MATERIAL,research/results/checkpoint_fr_phase_c2/gap_inventory.csv,GAP_FIELD_RECOMPUTATION
10_gap_rows,FCG0101.notes_code,CURRENT_HASH_BOUND_SESSION_EVIDENCE_NOT_DATED_HISTORICAL_PROOF,CURRENT_HASH_BOUND_SESSION_EVIDENCE_NOT_DATED_HISTORICAL_PROOF,true,MATERIAL,research/results/checkpoint_fr_phase_c2/gap_inventory.csv,GAP_FIELD_RECOMPUTATION
10_gap_rows,FCG0101.previous_timestamp,2026-05-25T21:00:00,2026-05-25T21:00:00,true,MATERIAL,research/results/checkpoint_fr_phase_c2/gap_inventory.csv,GAP_FIELD_RECOMPUTATION
10_gap_rows,FCG0101.previous_weekday,MONDAY,MONDAY,true,MATERIAL,research/results/checkpoint_fr_phase_c2/gap_inventory.csv,GAP_FIELD_RECOMPUTATION
10_gap_rows,FCG0101.scope,ANALYSIS_WINDOW_INTERNAL,ANALYSIS_WINDOW_INTERNAL,true,MATERIAL,research/results/checkpoint_fr_phase_c2/gap_inventory.csv,GAP_FIELD_RECOMPUTATION
10_gap_rows,FCG0101.structural_pattern,EARLY_CLOSE_OR_EXTENDED_BREAK_PATTERN,EARLY_CLOSE_OR_EXTENDED_BREAK_PATTERN,true,MATERIAL,research/results/checkpoint_fr_phase_c2/gap_inventory.csv,GAP_FIELD_RECOMPUTATION
10_gap_rows,FCG0102.delta_hours,2,2,true,MATERIAL,research/results/checkpoint_fr_phase_c2/gap_inventory.csv,GAP_FIELD_RECOMPUTATION
10_gap_rows,FCG0102.evidence_status,NO_EXACT_EFFECTIVE_HISTORICAL_COVERAGE,NO_EXACT_EFFECTIVE_HISTORICAL_COVERAGE,true,MATERIAL,research/results/checkpoint_fr_phase_c2/gap_inventory.csv,GAP_FIELD_RECOMPUTATION
10_gap_rows,FCG0102.final_adjudication,UNVERIFIED_GAP,UNVERIFIED_GAP,true,MATERIAL,research/results/checkpoint_fr_phase_c2/gap_inventory.csv,GAP_FIELD_RECOMPUTATION
10_gap_rows,FCG0102.first_missing_timestamp,2026-05-27T00:00:00,2026-05-27T00:00:00,true,MATERIAL,research/results/checkpoint_fr_phase_c2/gap_inventory.csv,GAP_FIELD_RECOMPUTATION
10_gap_rows,FCG0102.gap_id,FCG0102,FCG0102,true,MATERIAL,research/results/checkpoint_fr_phase_c2/gap_inventory.csv,GAP_FIELD_RECOMPUTATION
10_gap_rows,FCG0102.last_missing_timestamp,2026-05-27T00:00:00,2026-05-27T00:00:00,true,MATERIAL,research/results/checkpoint_fr_phase_c2/gap_inventory.csv,GAP_FIELD_RECOMPUTATION
10_gap_rows,FCG0102.missing_hourly_slot_count,1,1,true,MATERIAL,research/results/checkpoint_fr_phase_c2/gap_inventory.csv,GAP_FIELD_RECOMPUTATION
10_gap_rows,FCG0102.next_timestamp,2026-05-27T01:00:00,2026-05-27T01:00:00,true,MATERIAL,research/results/checkpoint_fr_phase_c2/gap_inventory.csv,GAP_FIELD_RECOMPUTATION
10_gap_rows,FCG0102.next_weekday,WEDNESDAY,WEDNESDAY,true,MATERIAL,research/results/checkpoint_fr_phase_c2/gap_inventory.csv,GAP_FIELD_RECOMPUTATION
10_gap_rows,FCG0102.notes_code,CURRENT_HASH_BOUND_SESSION_EVIDENCE_NOT_DATED_HISTORICAL_PROOF,CURRENT_HASH_BOUND_SESSION_EVIDENCE_NOT_DATED_HISTORICAL_PROOF,true,MATERIAL,research/results/checkpoint_fr_phase_c2/gap_inventory.csv,GAP_FIELD_RECOMPUTATION
10_gap_rows,FCG0102.previous_timestamp,2026-05-26T23:00:00,2026-05-26T23:00:00,true,MATERIAL,research/results/checkpoint_fr_phase_c2/gap_inventory.csv,GAP_FIELD_RECOMPUTATION
10_gap_rows,FCG0102.previous_weekday,TUESDAY,TUESDAY,true,MATERIAL,research/results/checkpoint_fr_phase_c2/gap_inventory.csv,GAP_FIELD_RECOMPUTATION
10_gap_rows,FCG0102.scope,ANALYSIS_WINDOW_INTERNAL,ANALYSIS_WINDOW_INTERNAL,true,MATERIAL,research/results/checkpoint_fr_phase_c2/gap_inventory.csv,GAP_FIELD_RECOMPUTATION
10_gap_rows,FCG0102.structural_pattern,DAILY_BREAK_PATTERN,DAILY_BREAK_PATTERN,true,MATERIAL,research/results/checkpoint_fr_phase_c2/gap_inventory.csv,GAP_FIELD_RECOMPUTATION
10_gap_rows,FCG0103.delta_hours,2,2,true,MATERIAL,research/results/checkpoint_fr_phase_c2/gap_inventory.csv,GAP_FIELD_RECOMPUTATION
10_gap_rows,FCG0103.evidence_status,NO_EXACT_EFFECTIVE_HISTORICAL_COVERAGE,NO_EXACT_EFFECTIVE_HISTORICAL_COVERAGE,true,MATERIAL,research/results/checkpoint_fr_phase_c2/gap_inventory.csv,GAP_FIELD_RECOMPUTATION
10_gap_rows,FCG0103.final_adjudication,UNVERIFIED_GAP,UNVERIFIED_GAP,true,MATERIAL,research/results/checkpoint_fr_phase_c2/gap_inventory.csv,GAP_FIELD_RECOMPUTATION
10_gap_rows,FCG0103.first_missing_timestamp,2026-05-28T00:00:00,2026-05-28T00:00:00,true,MATERIAL,research/results/checkpoint_fr_phase_c2/gap_inventory.csv,GAP_FIELD_RECOMPUTATION
10_gap_rows,FCG0103.gap_id,FCG0103,FCG0103,true,MATERIAL,research/results/checkpoint_fr_phase_c2/gap_inventory.csv,GAP_FIELD_RECOMPUTATION
10_gap_rows,FCG0103.last_missing_timestamp,2026-05-28T00:00:00,2026-05-28T00:00:00,true,MATERIAL,research/results/checkpoint_fr_phase_c2/gap_inventory.csv,GAP_FIELD_RECOMPUTATION
10_gap_rows,FCG0103.missing_hourly_slot_count,1,1,true,MATERIAL,research/results/checkpoint_fr_phase_c2/gap_inventory.csv,GAP_FIELD_RECOMPUTATION
10_gap_rows,FCG0103.next_timestamp,2026-05-28T01:00:00,2026-05-28T01:00:00,true,MATERIAL,research/results/checkpoint_fr_phase_c2/gap_inventory.csv,GAP_FIELD_RECOMPUTATION
10_gap_rows,FCG0103.next_weekday,THURSDAY,THURSDAY,true,MATERIAL,research/results/checkpoint_fr_phase_c2/gap_inventory.csv,GAP_FIELD_RECOMPUTATION
10_gap_rows,FCG0103.notes_code,CURRENT_HASH_BOUND_SESSION_EVIDENCE_NOT_DATED_HISTORICAL_PROOF,CURRENT_HASH_BOUND_SESSION_EVIDENCE_NOT_DATED_HISTORICAL_PROOF,true,MATERIAL,research/results/checkpoint_fr_phase_c2/gap_inventory.csv,GAP_FIELD_RECOMPUTATION
10_gap_rows,FCG0103.previous_timestamp,2026-05-27T23:00:00,2026-05-27T23:00:00,true,MATERIAL,research/results/checkpoint_fr_phase_c2/gap_inventory.csv,GAP_FIELD_RECOMPUTATION
10_gap_rows,FCG0103.previous_weekday,WEDNESDAY,WEDNESDAY,true,MATERIAL,research/results/checkpoint_fr_phase_c2/gap_inventory.csv,GAP_FIELD_RECOMPUTATION
10_gap_rows,FCG0103.scope,ANALYSIS_WINDOW_INTERNAL,ANALYSIS_WINDOW_INTERNAL,true,MATERIAL,research/results/checkpoint_fr_phase_c2/gap_inventory.csv,GAP_FIELD_RECOMPUTATION
10_gap_rows,FCG0103.structural_pattern,DAILY_BREAK_PATTERN,DAILY_BREAK_PATTERN,true,MATERIAL,research/results/checkpoint_fr_phase_c2/gap_inventory.csv,GAP_FIELD_RECOMPUTATION
10_gap_rows,FCG0104.delta_hours,2,2,true,MATERIAL,research/results/checkpoint_fr_phase_c2/gap_inventory.csv,GAP_FIELD_RECOMPUTATION
10_gap_rows,FCG0104.evidence_status,NO_EXACT_EFFECTIVE_HISTORICAL_COVERAGE,NO_EXACT_EFFECTIVE_HISTORICAL_COVERAGE,true,MATERIAL,research/results/checkpoint_fr_phase_c2/gap_inventory.csv,GAP_FIELD_RECOMPUTATION
10_gap_rows,FCG0104.final_adjudication,UNVERIFIED_GAP,UNVERIFIED_GAP,true,MATERIAL,research/results/checkpoint_fr_phase_c2/gap_inventory.csv,GAP_FIELD_RECOMPUTATION
10_gap_rows,FCG0104.first_missing_timestamp,2026-05-29T00:00:00,2026-05-29T00:00:00,true,MATERIAL,research/results/checkpoint_fr_phase_c2/gap_inventory.csv,GAP_FIELD_RECOMPUTATION
10_gap_rows,FCG0104.gap_id,FCG0104,FCG0104,true,MATERIAL,research/results/checkpoint_fr_phase_c2/gap_inventory.csv,GAP_FIELD_RECOMPUTATION
10_gap_rows,FCG0104.last_missing_timestamp,2026-05-29T00:00:00,2026-05-29T00:00:00,true,MATERIAL,research/results/checkpoint_fr_phase_c2/gap_inventory.csv,GAP_FIELD_RECOMPUTATION
10_gap_rows,FCG0104.missing_hourly_slot_count,1,1,true,MATERIAL,research/results/checkpoint_fr_phase_c2/gap_inventory.csv,GAP_FIELD_RECOMPUTATION
10_gap_rows,FCG0104.next_timestamp,2026-05-29T01:00:00,2026-05-29T01:00:00,true,MATERIAL,research/results/checkpoint_fr_phase_c2/gap_inventory.csv,GAP_FIELD_RECOMPUTATION
10_gap_rows,FCG0104.next_weekday,FRIDAY,FRIDAY,true,MATERIAL,research/results/checkpoint_fr_phase_c2/gap_inventory.csv,GAP_FIELD_RECOMPUTATION
10_gap_rows,FCG0104.notes_code,CURRENT_HASH_BOUND_SESSION_EVIDENCE_NOT_DATED_HISTORICAL_PROOF,CURRENT_HASH_BOUND_SESSION_EVIDENCE_NOT_DATED_HISTORICAL_PROOF,true,MATERIAL,research/results/checkpoint_fr_phase_c2/gap_inventory.csv,GAP_FIELD_RECOMPUTATION
10_gap_rows,FCG0104.previous_timestamp,2026-05-28T23:00:00,2026-05-28T23:00:00,true,MATERIAL,research/results/checkpoint_fr_phase_c2/gap_inventory.csv,GAP_FIELD_RECOMPUTATION
10_gap_rows,FCG0104.previous_weekday,THURSDAY,THURSDAY,true,MATERIAL,research/results/checkpoint_fr_phase_c2/gap_inventory.csv,GAP_FIELD_RECOMPUTATION
10_gap_rows,FCG0104.scope,ANALYSIS_WINDOW_INTERNAL,ANALYSIS_WINDOW_INTERNAL,true,MATERIAL,research/results/checkpoint_fr_phase_c2/gap_inventory.csv,GAP_FIELD_RECOMPUTATION
10_gap_rows,FCG0104.structural_pattern,DAILY_BREAK_PATTERN,DAILY_BREAK_PATTERN,true,MATERIAL,research/results/checkpoint_fr_phase_c2/gap_inventory.csv,GAP_FIELD_RECOMPUTATION
10_gap_rows,FCG0105.delta_hours,50,50,true,MATERIAL,research/results/checkpoint_fr_phase_c2/gap_inventory.csv,GAP_FIELD_RECOMPUTATION
10_gap_rows,FCG0105.evidence_status,NO_EXACT_EFFECTIVE_HISTORICAL_COVERAGE,NO_EXACT_EFFECTIVE_HISTORICAL_COVERAGE,true,MATERIAL,research/results/checkpoint_fr_phase_c2/gap_inventory.csv,GAP_FIELD_RECOMPUTATION
10_gap_rows,FCG0105.final_adjudication,UNVERIFIED_GAP,UNVERIFIED_GAP,true,MATERIAL,research/results/checkpoint_fr_phase_c2/gap_inventory.csv,GAP_FIELD_RECOMPUTATION
10_gap_rows,FCG0105.first_missing_timestamp,2026-05-30T00:00:00,2026-05-30T00:00:00,true,MATERIAL,research/results/checkpoint_fr_phase_c2/gap_inventory.csv,GAP_FIELD_RECOMPUTATION
10_gap_rows,FCG0105.gap_id,FCG0105,FCG0105,true,MATERIAL,research/results/checkpoint_fr_phase_c2/gap_inventory.csv,GAP_FIELD_RECOMPUTATION
10_gap_rows,FCG0105.last_missing_timestamp,2026-06-01T00:00:00,2026-06-01T00:00:00,true,MATERIAL,research/results/checkpoint_fr_phase_c2/gap_inventory.csv,GAP_FIELD_RECOMPUTATION
10_gap_rows,FCG0105.missing_hourly_slot_count,49,49,true,MATERIAL,research/results/checkpoint_fr_phase_c2/gap_inventory.csv,GAP_FIELD_RECOMPUTATION
10_gap_rows,FCG0105.next_timestamp,2026-06-01T01:00:00,2026-06-01T01:00:00,true,MATERIAL,research/results/checkpoint_fr_phase_c2/gap_inventory.csv,GAP_FIELD_RECOMPUTATION
10_gap_rows,FCG0105.next_weekday,MONDAY,MONDAY,true,MATERIAL,research/results/checkpoint_fr_phase_c2/gap_inventory.csv,GAP_FIELD_RECOMPUTATION
10_gap_rows,FCG0105.notes_code,CURRENT_HASH_BOUND_SESSION_EVIDENCE_NOT_DATED_HISTORICAL_PROOF,CURRENT_HASH_BOUND_SESSION_EVIDENCE_NOT_DATED_HISTORICAL_PROOF,true,MATERIAL,research/results/checkpoint_fr_phase_c2/gap_inventory.csv,GAP_FIELD_RECOMPUTATION
10_gap_rows,FCG0105.previous_timestamp,2026-05-29T23:00:00,2026-05-29T23:00:00,true,MATERIAL,research/results/checkpoint_fr_phase_c2/gap_inventory.csv,GAP_FIELD_RECOMPUTATION
10_gap_rows,FCG0105.previous_weekday,FRIDAY,FRIDAY,true,MATERIAL,research/results/checkpoint_fr_phase_c2/gap_inventory.csv,GAP_FIELD_RECOMPUTATION
10_gap_rows,FCG0105.scope,ANALYSIS_WINDOW_INTERNAL,ANALYSIS_WINDOW_INTERNAL,true,MATERIAL,research/results/checkpoint_fr_phase_c2/gap_inventory.csv,GAP_FIELD_RECOMPUTATION
10_gap_rows,FCG0105.structural_pattern,WEEKEND_PATTERN,WEEKEND_PATTERN,true,MATERIAL,research/results/checkpoint_fr_phase_c2/gap_inventory.csv,GAP_FIELD_RECOMPUTATION
10_gap_rows,FCG0106.delta_hours,2,2,true,MATERIAL,research/results/checkpoint_fr_phase_c2/gap_inventory.csv,GAP_FIELD_RECOMPUTATION
10_gap_rows,FCG0106.evidence_status,NO_EXACT_EFFECTIVE_HISTORICAL_COVERAGE,NO_EXACT_EFFECTIVE_HISTORICAL_COVERAGE,true,MATERIAL,research/results/checkpoint_fr_phase_c2/gap_inventory.csv,GAP_FIELD_RECOMPUTATION
10_gap_rows,FCG0106.final_adjudication,UNVERIFIED_GAP,UNVERIFIED_GAP,true,MATERIAL,research/results/checkpoint_fr_phase_c2/gap_inventory.csv,GAP_FIELD_RECOMPUTATION
10_gap_rows,FCG0106.first_missing_timestamp,2026-06-02T00:00:00,2026-06-02T00:00:00,true,MATERIAL,research/results/checkpoint_fr_phase_c2/gap_inventory.csv,GAP_FIELD_RECOMPUTATION
10_gap_rows,FCG0106.gap_id,FCG0106,FCG0106,true,MATERIAL,research/results/checkpoint_fr_phase_c2/gap_inventory.csv,GAP_FIELD_RECOMPUTATION
10_gap_rows,FCG0106.last_missing_timestamp,2026-06-02T00:00:00,2026-06-02T00:00:00,true,MATERIAL,research/results/checkpoint_fr_phase_c2/gap_inventory.csv,GAP_FIELD_RECOMPUTATION
10_gap_rows,FCG0106.missing_hourly_slot_count,1,1,true,MATERIAL,research/results/checkpoint_fr_phase_c2/gap_inventory.csv,GAP_FIELD_RECOMPUTATION
10_gap_rows,FCG0106.next_timestamp,2026-06-02T01:00:00,2026-06-02T01:00:00,true,MATERIAL,research/results/checkpoint_fr_phase_c2/gap_inventory.csv,GAP_FIELD_RECOMPUTATION
10_gap_rows,FCG0106.next_weekday,TUESDAY,TUESDAY,true,MATERIAL,research/results/checkpoint_fr_phase_c2/gap_inventory.csv,GAP_FIELD_RECOMPUTATION
10_gap_rows,FCG0106.notes_code,CURRENT_HASH_BOUND_SESSION_EVIDENCE_NOT_DATED_HISTORICAL_PROOF,CURRENT_HASH_BOUND_SESSION_EVIDENCE_NOT_DATED_HISTORICAL_PROOF,true,MATERIAL,research/results/checkpoint_fr_phase_c2/gap_inventory.csv,GAP_FIELD_RECOMPUTATION
10_gap_rows,FCG0106.previous_timestamp,2026-06-01T23:00:00,2026-06-01T23:00:00,true,MATERIAL,research/results/checkpoint_fr_phase_c2/gap_inventory.csv,GAP_FIELD_RECOMPUTATION
10_gap_rows,FCG0106.previous_weekday,MONDAY,MONDAY,true,MATERIAL,research/results/checkpoint_fr_phase_c2/gap_inventory.csv,GAP_FIELD_RECOMPUTATION
10_gap_rows,FCG0106.scope,ANALYSIS_WINDOW_INTERNAL,ANALYSIS_WINDOW_INTERNAL,true,MATERIAL,research/results/checkpoint_fr_phase_c2/gap_inventory.csv,GAP_FIELD_RECOMPUTATION
10_gap_rows,FCG0106.structural_pattern,DAILY_BREAK_PATTERN,DAILY_BREAK_PATTERN,true,MATERIAL,research/results/checkpoint_fr_phase_c2/gap_inventory.csv,GAP_FIELD_RECOMPUTATION
10_gap_rows,FCG0107.delta_hours,2,2,true,MATERIAL,research/results/checkpoint_fr_phase_c2/gap_inventory.csv,GAP_FIELD_RECOMPUTATION
10_gap_rows,FCG0107.evidence_status,NO_EXACT_EFFECTIVE_HISTORICAL_COVERAGE,NO_EXACT_EFFECTIVE_HISTORICAL_COVERAGE,true,MATERIAL,research/results/checkpoint_fr_phase_c2/gap_inventory.csv,GAP_FIELD_RECOMPUTATION
10_gap_rows,FCG0107.final_adjudication,UNVERIFIED_GAP,UNVERIFIED_GAP,true,MATERIAL,research/results/checkpoint_fr_phase_c2/gap_inventory.csv,GAP_FIELD_RECOMPUTATION
10_gap_rows,FCG0107.first_missing_timestamp,2026-06-03T00:00:00,2026-06-03T00:00:00,true,MATERIAL,research/results/checkpoint_fr_phase_c2/gap_inventory.csv,GAP_FIELD_RECOMPUTATION
10_gap_rows,FCG0107.gap_id,FCG0107,FCG0107,true,MATERIAL,research/results/checkpoint_fr_phase_c2/gap_inventory.csv,GAP_FIELD_RECOMPUTATION
10_gap_rows,FCG0107.last_missing_timestamp,2026-06-03T00:00:00,2026-06-03T00:00:00,true,MATERIAL,research/results/checkpoint_fr_phase_c2/gap_inventory.csv,GAP_FIELD_RECOMPUTATION
10_gap_rows,FCG0107.missing_hourly_slot_count,1,1,true,MATERIAL,research/results/checkpoint_fr_phase_c2/gap_inventory.csv,GAP_FIELD_RECOMPUTATION
10_gap_rows,FCG0107.next_timestamp,2026-06-03T01:00:00,2026-06-03T01:00:00,true,MATERIAL,research/results/checkpoint_fr_phase_c2/gap_inventory.csv,GAP_FIELD_RECOMPUTATION
10_gap_rows,FCG0107.next_weekday,WEDNESDAY,WEDNESDAY,true,MATERIAL,research/results/checkpoint_fr_phase_c2/gap_inventory.csv,GAP_FIELD_RECOMPUTATION
10_gap_rows,FCG0107.notes_code,CURRENT_HASH_BOUND_SESSION_EVIDENCE_NOT_DATED_HISTORICAL_PROOF,CURRENT_HASH_BOUND_SESSION_EVIDENCE_NOT_DATED_HISTORICAL_PROOF,true,MATERIAL,research/results/checkpoint_fr_phase_c2/gap_inventory.csv,GAP_FIELD_RECOMPUTATION
10_gap_rows,FCG0107.previous_timestamp,2026-06-02T23:00:00,2026-06-02T23:00:00,true,MATERIAL,research/results/checkpoint_fr_phase_c2/gap_inventory.csv,GAP_FIELD_RECOMPUTATION
10_gap_rows,FCG0107.previous_weekday,TUESDAY,TUESDAY,true,MATERIAL,research/results/checkpoint_fr_phase_c2/gap_inventory.csv,GAP_FIELD_RECOMPUTATION
10_gap_rows,FCG0107.scope,ANALYSIS_WINDOW_INTERNAL,ANALYSIS_WINDOW_INTERNAL,true,MATERIAL,research/results/checkpoint_fr_phase_c2/gap_inventory.csv,GAP_FIELD_RECOMPUTATION
10_gap_rows,FCG0107.structural_pattern,DAILY_BREAK_PATTERN,DAILY_BREAK_PATTERN,true,MATERIAL,research/results/checkpoint_fr_phase_c2/gap_inventory.csv,GAP_FIELD_RECOMPUTATION
10_gap_rows,FCG0108.delta_hours,2,2,true,MATERIAL,research/results/checkpoint_fr_phase_c2/gap_inventory.csv,GAP_FIELD_RECOMPUTATION
10_gap_rows,FCG0108.evidence_status,NO_EXACT_EFFECTIVE_HISTORICAL_COVERAGE,NO_EXACT_EFFECTIVE_HISTORICAL_COVERAGE,true,MATERIAL,research/results/checkpoint_fr_phase_c2/gap_inventory.csv,GAP_FIELD_RECOMPUTATION
10_gap_rows,FCG0108.final_adjudication,UNVERIFIED_GAP,UNVERIFIED_GAP,true,MATERIAL,research/results/checkpoint_fr_phase_c2/gap_inventory.csv,GAP_FIELD_RECOMPUTATION
10_gap_rows,FCG0108.first_missing_timestamp,2026-06-04T00:00:00,2026-06-04T00:00:00,true,MATERIAL,research/results/checkpoint_fr_phase_c2/gap_inventory.csv,GAP_FIELD_RECOMPUTATION
10_gap_rows,FCG0108.gap_id,FCG0108,FCG0108,true,MATERIAL,research/results/checkpoint_fr_phase_c2/gap_inventory.csv,GAP_FIELD_RECOMPUTATION
10_gap_rows,FCG0108.last_missing_timestamp,2026-06-04T00:00:00,2026-06-04T00:00:00,true,MATERIAL,research/results/checkpoint_fr_phase_c2/gap_inventory.csv,GAP_FIELD_RECOMPUTATION
10_gap_rows,FCG0108.missing_hourly_slot_count,1,1,true,MATERIAL,research/results/checkpoint_fr_phase_c2/gap_inventory.csv,GAP_FIELD_RECOMPUTATION
10_gap_rows,FCG0108.next_timestamp,2026-06-04T01:00:00,2026-06-04T01:00:00,true,MATERIAL,research/results/checkpoint_fr_phase_c2/gap_inventory.csv,GAP_FIELD_RECOMPUTATION
10_gap_rows,FCG0108.next_weekday,THURSDAY,THURSDAY,true,MATERIAL,research/results/checkpoint_fr_phase_c2/gap_inventory.csv,GAP_FIELD_RECOMPUTATION
10_gap_rows,FCG0108.notes_code,CURRENT_HASH_BOUND_SESSION_EVIDENCE_NOT_DATED_HISTORICAL_PROOF,CURRENT_HASH_BOUND_SESSION_EVIDENCE_NOT_DATED_HISTORICAL_PROOF,true,MATERIAL,research/results/checkpoint_fr_phase_c2/gap_inventory.csv,GAP_FIELD_RECOMPUTATION
10_gap_rows,FCG0108.previous_timestamp,2026-06-03T23:00:00,2026-06-03T23:00:00,true,MATERIAL,research/results/checkpoint_fr_phase_c2/gap_inventory.csv,GAP_FIELD_RECOMPUTATION
10_gap_rows,FCG0108.previous_weekday,WEDNESDAY,WEDNESDAY,true,MATERIAL,research/results/checkpoint_fr_phase_c2/gap_inventory.csv,GAP_FIELD_RECOMPUTATION
10_gap_rows,FCG0108.scope,ANALYSIS_WINDOW_INTERNAL,ANALYSIS_WINDOW_INTERNAL,true,MATERIAL,research/results/checkpoint_fr_phase_c2/gap_inventory.csv,GAP_FIELD_RECOMPUTATION
10_gap_rows,FCG0108.structural_pattern,DAILY_BREAK_PATTERN,DAILY_BREAK_PATTERN,true,MATERIAL,research/results/checkpoint_fr_phase_c2/gap_inventory.csv,GAP_FIELD_RECOMPUTATION
10_gap_rows,FCG0109.delta_hours,2,2,true,MATERIAL,research/results/checkpoint_fr_phase_c2/gap_inventory.csv,GAP_FIELD_RECOMPUTATION
10_gap_rows,FCG0109.evidence_status,NO_EXACT_EFFECTIVE_HISTORICAL_COVERAGE,NO_EXACT_EFFECTIVE_HISTORICAL_COVERAGE,true,MATERIAL,research/results/checkpoint_fr_phase_c2/gap_inventory.csv,GAP_FIELD_RECOMPUTATION
10_gap_rows,FCG0109.final_adjudication,UNVERIFIED_GAP,UNVERIFIED_GAP,true,MATERIAL,research/results/checkpoint_fr_phase_c2/gap_inventory.csv,GAP_FIELD_RECOMPUTATION
10_gap_rows,FCG0109.first_missing_timestamp,2026-06-05T00:00:00,2026-06-05T00:00:00,true,MATERIAL,research/results/checkpoint_fr_phase_c2/gap_inventory.csv,GAP_FIELD_RECOMPUTATION
10_gap_rows,FCG0109.gap_id,FCG0109,FCG0109,true,MATERIAL,research/results/checkpoint_fr_phase_c2/gap_inventory.csv,GAP_FIELD_RECOMPUTATION
10_gap_rows,FCG0109.last_missing_timestamp,2026-06-05T00:00:00,2026-06-05T00:00:00,true,MATERIAL,research/results/checkpoint_fr_phase_c2/gap_inventory.csv,GAP_FIELD_RECOMPUTATION
10_gap_rows,FCG0109.missing_hourly_slot_count,1,1,true,MATERIAL,research/results/checkpoint_fr_phase_c2/gap_inventory.csv,GAP_FIELD_RECOMPUTATION
10_gap_rows,FCG0109.next_timestamp,2026-06-05T01:00:00,2026-06-05T01:00:00,true,MATERIAL,research/results/checkpoint_fr_phase_c2/gap_inventory.csv,GAP_FIELD_RECOMPUTATION
10_gap_rows,FCG0109.next_weekday,FRIDAY,FRIDAY,true,MATERIAL,research/results/checkpoint_fr_phase_c2/gap_inventory.csv,GAP_FIELD_RECOMPUTATION
10_gap_rows,FCG0109.notes_code,CURRENT_HASH_BOUND_SESSION_EVIDENCE_NOT_DATED_HISTORICAL_PROOF,CURRENT_HASH_BOUND_SESSION_EVIDENCE_NOT_DATED_HISTORICAL_PROOF,true,MATERIAL,research/results/checkpoint_fr_phase_c2/gap_inventory.csv,GAP_FIELD_RECOMPUTATION
10_gap_rows,FCG0109.previous_timestamp,2026-06-04T23:00:00,2026-06-04T23:00:00,true,MATERIAL,research/results/checkpoint_fr_phase_c2/gap_inventory.csv,GAP_FIELD_RECOMPUTATION
10_gap_rows,FCG0109.previous_weekday,THURSDAY,THURSDAY,true,MATERIAL,research/results/checkpoint_fr_phase_c2/gap_inventory.csv,GAP_FIELD_RECOMPUTATION
10_gap_rows,FCG0109.scope,ANALYSIS_WINDOW_INTERNAL,ANALYSIS_WINDOW_INTERNAL,true,MATERIAL,research/results/checkpoint_fr_phase_c2/gap_inventory.csv,GAP_FIELD_RECOMPUTATION
10_gap_rows,FCG0109.structural_pattern,DAILY_BREAK_PATTERN,DAILY_BREAK_PATTERN,true,MATERIAL,research/results/checkpoint_fr_phase_c2/gap_inventory.csv,GAP_FIELD_RECOMPUTATION
10_gap_rows,FCG0110.delta_hours,50,50,true,MATERIAL,research/results/checkpoint_fr_phase_c2/gap_inventory.csv,GAP_FIELD_RECOMPUTATION
10_gap_rows,FCG0110.evidence_status,NO_EXACT_EFFECTIVE_HISTORICAL_COVERAGE,NO_EXACT_EFFECTIVE_HISTORICAL_COVERAGE,true,MATERIAL,research/results/checkpoint_fr_phase_c2/gap_inventory.csv,GAP_FIELD_RECOMPUTATION
10_gap_rows,FCG0110.final_adjudication,UNVERIFIED_GAP,UNVERIFIED_GAP,true,MATERIAL,research/results/checkpoint_fr_phase_c2/gap_inventory.csv,GAP_FIELD_RECOMPUTATION
10_gap_rows,FCG0110.first_missing_timestamp,2026-06-06T00:00:00,2026-06-06T00:00:00,true,MATERIAL,research/results/checkpoint_fr_phase_c2/gap_inventory.csv,GAP_FIELD_RECOMPUTATION
10_gap_rows,FCG0110.gap_id,FCG0110,FCG0110,true,MATERIAL,research/results/checkpoint_fr_phase_c2/gap_inventory.csv,GAP_FIELD_RECOMPUTATION
10_gap_rows,FCG0110.last_missing_timestamp,2026-06-08T00:00:00,2026-06-08T00:00:00,true,MATERIAL,research/results/checkpoint_fr_phase_c2/gap_inventory.csv,GAP_FIELD_RECOMPUTATION
10_gap_rows,FCG0110.missing_hourly_slot_count,49,49,true,MATERIAL,research/results/checkpoint_fr_phase_c2/gap_inventory.csv,GAP_FIELD_RECOMPUTATION
10_gap_rows,FCG0110.next_timestamp,2026-06-08T01:00:00,2026-06-08T01:00:00,true,MATERIAL,research/results/checkpoint_fr_phase_c2/gap_inventory.csv,GAP_FIELD_RECOMPUTATION
10_gap_rows,FCG0110.next_weekday,MONDAY,MONDAY,true,MATERIAL,research/results/checkpoint_fr_phase_c2/gap_inventory.csv,GAP_FIELD_RECOMPUTATION
10_gap_rows,FCG0110.notes_code,CURRENT_HASH_BOUND_SESSION_EVIDENCE_NOT_DATED_HISTORICAL_PROOF,CURRENT_HASH_BOUND_SESSION_EVIDENCE_NOT_DATED_HISTORICAL_PROOF,true,MATERIAL,research/results/checkpoint_fr_phase_c2/gap_inventory.csv,GAP_FIELD_RECOMPUTATION
10_gap_rows,FCG0110.previous_timestamp,2026-06-05T23:00:00,2026-06-05T23:00:00,true,MATERIAL,research/results/checkpoint_fr_phase_c2/gap_inventory.csv,GAP_FIELD_RECOMPUTATION
10_gap_rows,FCG0110.previous_weekday,FRIDAY,FRIDAY,true,MATERIAL,research/results/checkpoint_fr_phase_c2/gap_inventory.csv,GAP_FIELD_RECOMPUTATION
10_gap_rows,FCG0110.scope,ANALYSIS_WINDOW_INTERNAL,ANALYSIS_WINDOW_INTERNAL,true,MATERIAL,research/results/checkpoint_fr_phase_c2/gap_inventory.csv,GAP_FIELD_RECOMPUTATION
10_gap_rows,FCG0110.structural_pattern,WEEKEND_PATTERN,WEEKEND_PATTERN,true,MATERIAL,research/results/checkpoint_fr_phase_c2/gap_inventory.csv,GAP_FIELD_RECOMPUTATION
10_gap_rows,FCG0111.delta_hours,2,2,true,MATERIAL,research/results/checkpoint_fr_phase_c2/gap_inventory.csv,GAP_FIELD_RECOMPUTATION
10_gap_rows,FCG0111.evidence_status,NO_EXACT_EFFECTIVE_HISTORICAL_COVERAGE,NO_EXACT_EFFECTIVE_HISTORICAL_COVERAGE,true,MATERIAL,research/results/checkpoint_fr_phase_c2/gap_inventory.csv,GAP_FIELD_RECOMPUTATION
10_gap_rows,FCG0111.final_adjudication,UNVERIFIED_GAP,UNVERIFIED_GAP,true,MATERIAL,research/results/checkpoint_fr_phase_c2/gap_inventory.csv,GAP_FIELD_RECOMPUTATION
10_gap_rows,FCG0111.first_missing_timestamp,2026-06-09T00:00:00,2026-06-09T00:00:00,true,MATERIAL,research/results/checkpoint_fr_phase_c2/gap_inventory.csv,GAP_FIELD_RECOMPUTATION
10_gap_rows,FCG0111.gap_id,FCG0111,FCG0111,true,MATERIAL,research/results/checkpoint_fr_phase_c2/gap_inventory.csv,GAP_FIELD_RECOMPUTATION
10_gap_rows,FCG0111.last_missing_timestamp,2026-06-09T00:00:00,2026-06-09T00:00:00,true,MATERIAL,research/results/checkpoint_fr_phase_c2/gap_inventory.csv,GAP_FIELD_RECOMPUTATION
10_gap_rows,FCG0111.missing_hourly_slot_count,1,1,true,MATERIAL,research/results/checkpoint_fr_phase_c2/gap_inventory.csv,GAP_FIELD_RECOMPUTATION
10_gap_rows,FCG0111.next_timestamp,2026-06-09T01:00:00,2026-06-09T01:00:00,true,MATERIAL,research/results/checkpoint_fr_phase_c2/gap_inventory.csv,GAP_FIELD_RECOMPUTATION
10_gap_rows,FCG0111.next_weekday,TUESDAY,TUESDAY,true,MATERIAL,research/results/checkpoint_fr_phase_c2/gap_inventory.csv,GAP_FIELD_RECOMPUTATION
10_gap_rows,FCG0111.notes_code,CURRENT_HASH_BOUND_SESSION_EVIDENCE_NOT_DATED_HISTORICAL_PROOF,CURRENT_HASH_BOUND_SESSION_EVIDENCE_NOT_DATED_HISTORICAL_PROOF,true,MATERIAL,research/results/checkpoint_fr_phase_c2/gap_inventory.csv,GAP_FIELD_RECOMPUTATION
10_gap_rows,FCG0111.previous_timestamp,2026-06-08T23:00:00,2026-06-08T23:00:00,true,MATERIAL,research/results/checkpoint_fr_phase_c2/gap_inventory.csv,GAP_FIELD_RECOMPUTATION
10_gap_rows,FCG0111.previous_weekday,MONDAY,MONDAY,true,MATERIAL,research/results/checkpoint_fr_phase_c2/gap_inventory.csv,GAP_FIELD_RECOMPUTATION
10_gap_rows,FCG0111.scope,ANALYSIS_WINDOW_INTERNAL,ANALYSIS_WINDOW_INTERNAL,true,MATERIAL,research/results/checkpoint_fr_phase_c2/gap_inventory.csv,GAP_FIELD_RECOMPUTATION
10_gap_rows,FCG0111.structural_pattern,DAILY_BREAK_PATTERN,DAILY_BREAK_PATTERN,true,MATERIAL,research/results/checkpoint_fr_phase_c2/gap_inventory.csv,GAP_FIELD_RECOMPUTATION
10_gap_rows,FCG0112.delta_hours,2,2,true,MATERIAL,research/results/checkpoint_fr_phase_c2/gap_inventory.csv,GAP_FIELD_RECOMPUTATION
10_gap_rows,FCG0112.evidence_status,NO_EXACT_EFFECTIVE_HISTORICAL_COVERAGE,NO_EXACT_EFFECTIVE_HISTORICAL_COVERAGE,true,MATERIAL,research/results/checkpoint_fr_phase_c2/gap_inventory.csv,GAP_FIELD_RECOMPUTATION
10_gap_rows,FCG0112.final_adjudication,UNVERIFIED_GAP,UNVERIFIED_GAP,true,MATERIAL,research/results/checkpoint_fr_phase_c2/gap_inventory.csv,GAP_FIELD_RECOMPUTATION
10_gap_rows,FCG0112.first_missing_timestamp,2026-06-10T00:00:00,2026-06-10T00:00:00,true,MATERIAL,research/results/checkpoint_fr_phase_c2/gap_inventory.csv,GAP_FIELD_RECOMPUTATION
10_gap_rows,FCG0112.gap_id,FCG0112,FCG0112,true,MATERIAL,research/results/checkpoint_fr_phase_c2/gap_inventory.csv,GAP_FIELD_RECOMPUTATION
10_gap_rows,FCG0112.last_missing_timestamp,2026-06-10T00:00:00,2026-06-10T00:00:00,true,MATERIAL,research/results/checkpoint_fr_phase_c2/gap_inventory.csv,GAP_FIELD_RECOMPUTATION
10_gap_rows,FCG0112.missing_hourly_slot_count,1,1,true,MATERIAL,research/results/checkpoint_fr_phase_c2/gap_inventory.csv,GAP_FIELD_RECOMPUTATION
10_gap_rows,FCG0112.next_timestamp,2026-06-10T01:00:00,2026-06-10T01:00:00,true,MATERIAL,research/results/checkpoint_fr_phase_c2/gap_inventory.csv,GAP_FIELD_RECOMPUTATION
10_gap_rows,FCG0112.next_weekday,WEDNESDAY,WEDNESDAY,true,MATERIAL,research/results/checkpoint_fr_phase_c2/gap_inventory.csv,GAP_FIELD_RECOMPUTATION
10_gap_rows,FCG0112.notes_code,CURRENT_HASH_BOUND_SESSION_EVIDENCE_NOT_DATED_HISTORICAL_PROOF,CURRENT_HASH_BOUND_SESSION_EVIDENCE_NOT_DATED_HISTORICAL_PROOF,true,MATERIAL,research/results/checkpoint_fr_phase_c2/gap_inventory.csv,GAP_FIELD_RECOMPUTATION
10_gap_rows,FCG0112.previous_timestamp,2026-06-09T23:00:00,2026-06-09T23:00:00,true,MATERIAL,research/results/checkpoint_fr_phase_c2/gap_inventory.csv,GAP_FIELD_RECOMPUTATION
10_gap_rows,FCG0112.previous_weekday,TUESDAY,TUESDAY,true,MATERIAL,research/results/checkpoint_fr_phase_c2/gap_inventory.csv,GAP_FIELD_RECOMPUTATION
10_gap_rows,FCG0112.scope,ANALYSIS_WINDOW_INTERNAL,ANALYSIS_WINDOW_INTERNAL,true,MATERIAL,research/results/checkpoint_fr_phase_c2/gap_inventory.csv,GAP_FIELD_RECOMPUTATION
10_gap_rows,FCG0112.structural_pattern,DAILY_BREAK_PATTERN,DAILY_BREAK_PATTERN,true,MATERIAL,research/results/checkpoint_fr_phase_c2/gap_inventory.csv,GAP_FIELD_RECOMPUTATION
10_gap_rows,FCG0113.delta_hours,2,2,true,MATERIAL,research/results/checkpoint_fr_phase_c2/gap_inventory.csv,GAP_FIELD_RECOMPUTATION
10_gap_rows,FCG0113.evidence_status,NO_EXACT_EFFECTIVE_HISTORICAL_COVERAGE,NO_EXACT_EFFECTIVE_HISTORICAL_COVERAGE,true,MATERIAL,research/results/checkpoint_fr_phase_c2/gap_inventory.csv,GAP_FIELD_RECOMPUTATION
10_gap_rows,FCG0113.final_adjudication,UNVERIFIED_GAP,UNVERIFIED_GAP,true,MATERIAL,research/results/checkpoint_fr_phase_c2/gap_inventory.csv,GAP_FIELD_RECOMPUTATION
10_gap_rows,FCG0113.first_missing_timestamp,2026-06-11T00:00:00,2026-06-11T00:00:00,true,MATERIAL,research/results/checkpoint_fr_phase_c2/gap_inventory.csv,GAP_FIELD_RECOMPUTATION
10_gap_rows,FCG0113.gap_id,FCG0113,FCG0113,true,MATERIAL,research/results/checkpoint_fr_phase_c2/gap_inventory.csv,GAP_FIELD_RECOMPUTATION
10_gap_rows,FCG0113.last_missing_timestamp,2026-06-11T00:00:00,2026-06-11T00:00:00,true,MATERIAL,research/results/checkpoint_fr_phase_c2/gap_inventory.csv,GAP_FIELD_RECOMPUTATION
10_gap_rows,FCG0113.missing_hourly_slot_count,1,1,true,MATERIAL,research/results/checkpoint_fr_phase_c2/gap_inventory.csv,GAP_FIELD_RECOMPUTATION
10_gap_rows,FCG0113.next_timestamp,2026-06-11T01:00:00,2026-06-11T01:00:00,true,MATERIAL,research/results/checkpoint_fr_phase_c2/gap_inventory.csv,GAP_FIELD_RECOMPUTATION
10_gap_rows,FCG0113.next_weekday,THURSDAY,THURSDAY,true,MATERIAL,research/results/checkpoint_fr_phase_c2/gap_inventory.csv,GAP_FIELD_RECOMPUTATION
10_gap_rows,FCG0113.notes_code,CURRENT_HASH_BOUND_SESSION_EVIDENCE_NOT_DATED_HISTORICAL_PROOF,CURRENT_HASH_BOUND_SESSION_EVIDENCE_NOT_DATED_HISTORICAL_PROOF,true,MATERIAL,research/results/checkpoint_fr_phase_c2/gap_inventory.csv,GAP_FIELD_RECOMPUTATION
10_gap_rows,FCG0113.previous_timestamp,2026-06-10T23:00:00,2026-06-10T23:00:00,true,MATERIAL,research/results/checkpoint_fr_phase_c2/gap_inventory.csv,GAP_FIELD_RECOMPUTATION
10_gap_rows,FCG0113.previous_weekday,WEDNESDAY,WEDNESDAY,true,MATERIAL,research/results/checkpoint_fr_phase_c2/gap_inventory.csv,GAP_FIELD_RECOMPUTATION
10_gap_rows,FCG0113.scope,ANALYSIS_WINDOW_INTERNAL,ANALYSIS_WINDOW_INTERNAL,true,MATERIAL,research/results/checkpoint_fr_phase_c2/gap_inventory.csv,GAP_FIELD_RECOMPUTATION
10_gap_rows,FCG0113.structural_pattern,DAILY_BREAK_PATTERN,DAILY_BREAK_PATTERN,true,MATERIAL,research/results/checkpoint_fr_phase_c2/gap_inventory.csv,GAP_FIELD_RECOMPUTATION
10_gap_rows,FCG0114.delta_hours,2,2,true,MATERIAL,research/results/checkpoint_fr_phase_c2/gap_inventory.csv,GAP_FIELD_RECOMPUTATION
10_gap_rows,FCG0114.evidence_status,NO_EXACT_EFFECTIVE_HISTORICAL_COVERAGE,NO_EXACT_EFFECTIVE_HISTORICAL_COVERAGE,true,MATERIAL,research/results/checkpoint_fr_phase_c2/gap_inventory.csv,GAP_FIELD_RECOMPUTATION
10_gap_rows,FCG0114.final_adjudication,UNVERIFIED_GAP,UNVERIFIED_GAP,true,MATERIAL,research/results/checkpoint_fr_phase_c2/gap_inventory.csv,GAP_FIELD_RECOMPUTATION
10_gap_rows,FCG0114.first_missing_timestamp,2026-06-12T00:00:00,2026-06-12T00:00:00,true,MATERIAL,research/results/checkpoint_fr_phase_c2/gap_inventory.csv,GAP_FIELD_RECOMPUTATION
10_gap_rows,FCG0114.gap_id,FCG0114,FCG0114,true,MATERIAL,research/results/checkpoint_fr_phase_c2/gap_inventory.csv,GAP_FIELD_RECOMPUTATION
10_gap_rows,FCG0114.last_missing_timestamp,2026-06-12T00:00:00,2026-06-12T00:00:00,true,MATERIAL,research/results/checkpoint_fr_phase_c2/gap_inventory.csv,GAP_FIELD_RECOMPUTATION
10_gap_rows,FCG0114.missing_hourly_slot_count,1,1,true,MATERIAL,research/results/checkpoint_fr_phase_c2/gap_inventory.csv,GAP_FIELD_RECOMPUTATION
10_gap_rows,FCG0114.next_timestamp,2026-06-12T01:00:00,2026-06-12T01:00:00,true,MATERIAL,research/results/checkpoint_fr_phase_c2/gap_inventory.csv,GAP_FIELD_RECOMPUTATION
10_gap_rows,FCG0114.next_weekday,FRIDAY,FRIDAY,true,MATERIAL,research/results/checkpoint_fr_phase_c2/gap_inventory.csv,GAP_FIELD_RECOMPUTATION
10_gap_rows,FCG0114.notes_code,CURRENT_HASH_BOUND_SESSION_EVIDENCE_NOT_DATED_HISTORICAL_PROOF,CURRENT_HASH_BOUND_SESSION_EVIDENCE_NOT_DATED_HISTORICAL_PROOF,true,MATERIAL,research/results/checkpoint_fr_phase_c2/gap_inventory.csv,GAP_FIELD_RECOMPUTATION
10_gap_rows,FCG0114.previous_timestamp,2026-06-11T23:00:00,2026-06-11T23:00:00,true,MATERIAL,research/results/checkpoint_fr_phase_c2/gap_inventory.csv,GAP_FIELD_RECOMPUTATION
10_gap_rows,FCG0114.previous_weekday,THURSDAY,THURSDAY,true,MATERIAL,research/results/checkpoint_fr_phase_c2/gap_inventory.csv,GAP_FIELD_RECOMPUTATION
10_gap_rows,FCG0114.scope,ANALYSIS_WINDOW_INTERNAL,ANALYSIS_WINDOW_INTERNAL,true,MATERIAL,research/results/checkpoint_fr_phase_c2/gap_inventory.csv,GAP_FIELD_RECOMPUTATION
10_gap_rows,FCG0114.structural_pattern,DAILY_BREAK_PATTERN,DAILY_BREAK_PATTERN,true,MATERIAL,research/results/checkpoint_fr_phase_c2/gap_inventory.csv,GAP_FIELD_RECOMPUTATION
10_gap_rows,FCG0115.delta_hours,50,50,true,MATERIAL,research/results/checkpoint_fr_phase_c2/gap_inventory.csv,GAP_FIELD_RECOMPUTATION
10_gap_rows,FCG0115.evidence_status,NO_EXACT_EFFECTIVE_HISTORICAL_COVERAGE,NO_EXACT_EFFECTIVE_HISTORICAL_COVERAGE,true,MATERIAL,research/results/checkpoint_fr_phase_c2/gap_inventory.csv,GAP_FIELD_RECOMPUTATION
10_gap_rows,FCG0115.final_adjudication,UNVERIFIED_GAP,UNVERIFIED_GAP,true,MATERIAL,research/results/checkpoint_fr_phase_c2/gap_inventory.csv,GAP_FIELD_RECOMPUTATION
10_gap_rows,FCG0115.first_missing_timestamp,2026-06-13T00:00:00,2026-06-13T00:00:00,true,MATERIAL,research/results/checkpoint_fr_phase_c2/gap_inventory.csv,GAP_FIELD_RECOMPUTATION
10_gap_rows,FCG0115.gap_id,FCG0115,FCG0115,true,MATERIAL,research/results/checkpoint_fr_phase_c2/gap_inventory.csv,GAP_FIELD_RECOMPUTATION
10_gap_rows,FCG0115.last_missing_timestamp,2026-06-15T00:00:00,2026-06-15T00:00:00,true,MATERIAL,research/results/checkpoint_fr_phase_c2/gap_inventory.csv,GAP_FIELD_RECOMPUTATION
10_gap_rows,FCG0115.missing_hourly_slot_count,49,49,true,MATERIAL,research/results/checkpoint_fr_phase_c2/gap_inventory.csv,GAP_FIELD_RECOMPUTATION
10_gap_rows,FCG0115.next_timestamp,2026-06-15T01:00:00,2026-06-15T01:00:00,true,MATERIAL,research/results/checkpoint_fr_phase_c2/gap_inventory.csv,GAP_FIELD_RECOMPUTATION
10_gap_rows,FCG0115.next_weekday,MONDAY,MONDAY,true,MATERIAL,research/results/checkpoint_fr_phase_c2/gap_inventory.csv,GAP_FIELD_RECOMPUTATION
10_gap_rows,FCG0115.notes_code,CURRENT_HASH_BOUND_SESSION_EVIDENCE_NOT_DATED_HISTORICAL_PROOF,CURRENT_HASH_BOUND_SESSION_EVIDENCE_NOT_DATED_HISTORICAL_PROOF,true,MATERIAL,research/results/checkpoint_fr_phase_c2/gap_inventory.csv,GAP_FIELD_RECOMPUTATION
10_gap_rows,FCG0115.previous_timestamp,2026-06-12T23:00:00,2026-06-12T23:00:00,true,MATERIAL,research/results/checkpoint_fr_phase_c2/gap_inventory.csv,GAP_FIELD_RECOMPUTATION
10_gap_rows,FCG0115.previous_weekday,FRIDAY,FRIDAY,true,MATERIAL,research/results/checkpoint_fr_phase_c2/gap_inventory.csv,GAP_FIELD_RECOMPUTATION
10_gap_rows,FCG0115.scope,ANALYSIS_WINDOW_INTERNAL,ANALYSIS_WINDOW_INTERNAL,true,MATERIAL,research/results/checkpoint_fr_phase_c2/gap_inventory.csv,GAP_FIELD_RECOMPUTATION
10_gap_rows,FCG0115.structural_pattern,WEEKEND_PATTERN,WEEKEND_PATTERN,true,MATERIAL,research/results/checkpoint_fr_phase_c2/gap_inventory.csv,GAP_FIELD_RECOMPUTATION
10_gap_rows,FCG0116.delta_hours,2,2,true,MATERIAL,research/results/checkpoint_fr_phase_c2/gap_inventory.csv,GAP_FIELD_RECOMPUTATION
10_gap_rows,FCG0116.evidence_status,NO_EXACT_EFFECTIVE_HISTORICAL_COVERAGE,NO_EXACT_EFFECTIVE_HISTORICAL_COVERAGE,true,MATERIAL,research/results/checkpoint_fr_phase_c2/gap_inventory.csv,GAP_FIELD_RECOMPUTATION
10_gap_rows,FCG0116.final_adjudication,UNVERIFIED_GAP,UNVERIFIED_GAP,true,MATERIAL,research/results/checkpoint_fr_phase_c2/gap_inventory.csv,GAP_FIELD_RECOMPUTATION
10_gap_rows,FCG0116.first_missing_timestamp,2026-06-16T00:00:00,2026-06-16T00:00:00,true,MATERIAL,research/results/checkpoint_fr_phase_c2/gap_inventory.csv,GAP_FIELD_RECOMPUTATION
10_gap_rows,FCG0116.gap_id,FCG0116,FCG0116,true,MATERIAL,research/results/checkpoint_fr_phase_c2/gap_inventory.csv,GAP_FIELD_RECOMPUTATION
10_gap_rows,FCG0116.last_missing_timestamp,2026-06-16T00:00:00,2026-06-16T00:00:00,true,MATERIAL,research/results/checkpoint_fr_phase_c2/gap_inventory.csv,GAP_FIELD_RECOMPUTATION
10_gap_rows,FCG0116.missing_hourly_slot_count,1,1,true,MATERIAL,research/results/checkpoint_fr_phase_c2/gap_inventory.csv,GAP_FIELD_RECOMPUTATION
10_gap_rows,FCG0116.next_timestamp,2026-06-16T01:00:00,2026-06-16T01:00:00,true,MATERIAL,research/results/checkpoint_fr_phase_c2/gap_inventory.csv,GAP_FIELD_RECOMPUTATION
10_gap_rows,FCG0116.next_weekday,TUESDAY,TUESDAY,true,MATERIAL,research/results/checkpoint_fr_phase_c2/gap_inventory.csv,GAP_FIELD_RECOMPUTATION
10_gap_rows,FCG0116.notes_code,CURRENT_HASH_BOUND_SESSION_EVIDENCE_NOT_DATED_HISTORICAL_PROOF,CURRENT_HASH_BOUND_SESSION_EVIDENCE_NOT_DATED_HISTORICAL_PROOF,true,MATERIAL,research/results/checkpoint_fr_phase_c2/gap_inventory.csv,GAP_FIELD_RECOMPUTATION
10_gap_rows,FCG0116.previous_timestamp,2026-06-15T23:00:00,2026-06-15T23:00:00,true,MATERIAL,research/results/checkpoint_fr_phase_c2/gap_inventory.csv,GAP_FIELD_RECOMPUTATION
10_gap_rows,FCG0116.previous_weekday,MONDAY,MONDAY,true,MATERIAL,research/results/checkpoint_fr_phase_c2/gap_inventory.csv,GAP_FIELD_RECOMPUTATION
10_gap_rows,FCG0116.scope,ANALYSIS_WINDOW_INTERNAL,ANALYSIS_WINDOW_INTERNAL,true,MATERIAL,research/results/checkpoint_fr_phase_c2/gap_inventory.csv,GAP_FIELD_RECOMPUTATION
10_gap_rows,FCG0116.structural_pattern,DAILY_BREAK_PATTERN,DAILY_BREAK_PATTERN,true,MATERIAL,research/results/checkpoint_fr_phase_c2/gap_inventory.csv,GAP_FIELD_RECOMPUTATION
10_gap_rows,FCG0117.delta_hours,2,2,true,MATERIAL,research/results/checkpoint_fr_phase_c2/gap_inventory.csv,GAP_FIELD_RECOMPUTATION
10_gap_rows,FCG0117.evidence_status,NO_EXACT_EFFECTIVE_HISTORICAL_COVERAGE,NO_EXACT_EFFECTIVE_HISTORICAL_COVERAGE,true,MATERIAL,research/results/checkpoint_fr_phase_c2/gap_inventory.csv,GAP_FIELD_RECOMPUTATION
10_gap_rows,FCG0117.final_adjudication,UNVERIFIED_GAP,UNVERIFIED_GAP,true,MATERIAL,research/results/checkpoint_fr_phase_c2/gap_inventory.csv,GAP_FIELD_RECOMPUTATION
10_gap_rows,FCG0117.first_missing_timestamp,2026-06-17T00:00:00,2026-06-17T00:00:00,true,MATERIAL,research/results/checkpoint_fr_phase_c2/gap_inventory.csv,GAP_FIELD_RECOMPUTATION
10_gap_rows,FCG0117.gap_id,FCG0117,FCG0117,true,MATERIAL,research/results/checkpoint_fr_phase_c2/gap_inventory.csv,GAP_FIELD_RECOMPUTATION
10_gap_rows,FCG0117.last_missing_timestamp,2026-06-17T00:00:00,2026-06-17T00:00:00,true,MATERIAL,research/results/checkpoint_fr_phase_c2/gap_inventory.csv,GAP_FIELD_RECOMPUTATION
10_gap_rows,FCG0117.missing_hourly_slot_count,1,1,true,MATERIAL,research/results/checkpoint_fr_phase_c2/gap_inventory.csv,GAP_FIELD_RECOMPUTATION
10_gap_rows,FCG0117.next_timestamp,2026-06-17T01:00:00,2026-06-17T01:00:00,true,MATERIAL,research/results/checkpoint_fr_phase_c2/gap_inventory.csv,GAP_FIELD_RECOMPUTATION
10_gap_rows,FCG0117.next_weekday,WEDNESDAY,WEDNESDAY,true,MATERIAL,research/results/checkpoint_fr_phase_c2/gap_inventory.csv,GAP_FIELD_RECOMPUTATION
10_gap_rows,FCG0117.notes_code,CURRENT_HASH_BOUND_SESSION_EVIDENCE_NOT_DATED_HISTORICAL_PROOF,CURRENT_HASH_BOUND_SESSION_EVIDENCE_NOT_DATED_HISTORICAL_PROOF,true,MATERIAL,research/results/checkpoint_fr_phase_c2/gap_inventory.csv,GAP_FIELD_RECOMPUTATION
10_gap_rows,FCG0117.previous_timestamp,2026-06-16T23:00:00,2026-06-16T23:00:00,true,MATERIAL,research/results/checkpoint_fr_phase_c2/gap_inventory.csv,GAP_FIELD_RECOMPUTATION
10_gap_rows,FCG0117.previous_weekday,TUESDAY,TUESDAY,true,MATERIAL,research/results/checkpoint_fr_phase_c2/gap_inventory.csv,GAP_FIELD_RECOMPUTATION
10_gap_rows,FCG0117.scope,ANALYSIS_WINDOW_INTERNAL,ANALYSIS_WINDOW_INTERNAL,true,MATERIAL,research/results/checkpoint_fr_phase_c2/gap_inventory.csv,GAP_FIELD_RECOMPUTATION
10_gap_rows,FCG0117.structural_pattern,DAILY_BREAK_PATTERN,DAILY_BREAK_PATTERN,true,MATERIAL,research/results/checkpoint_fr_phase_c2/gap_inventory.csv,GAP_FIELD_RECOMPUTATION
10_gap_rows,FCG0118.delta_hours,2,2,true,MATERIAL,research/results/checkpoint_fr_phase_c2/gap_inventory.csv,GAP_FIELD_RECOMPUTATION
10_gap_rows,FCG0118.evidence_status,NO_EXACT_EFFECTIVE_HISTORICAL_COVERAGE,NO_EXACT_EFFECTIVE_HISTORICAL_COVERAGE,true,MATERIAL,research/results/checkpoint_fr_phase_c2/gap_inventory.csv,GAP_FIELD_RECOMPUTATION
10_gap_rows,FCG0118.final_adjudication,UNVERIFIED_GAP,UNVERIFIED_GAP,true,MATERIAL,research/results/checkpoint_fr_phase_c2/gap_inventory.csv,GAP_FIELD_RECOMPUTATION
10_gap_rows,FCG0118.first_missing_timestamp,2026-06-18T00:00:00,2026-06-18T00:00:00,true,MATERIAL,research/results/checkpoint_fr_phase_c2/gap_inventory.csv,GAP_FIELD_RECOMPUTATION
10_gap_rows,FCG0118.gap_id,FCG0118,FCG0118,true,MATERIAL,research/results/checkpoint_fr_phase_c2/gap_inventory.csv,GAP_FIELD_RECOMPUTATION
10_gap_rows,FCG0118.last_missing_timestamp,2026-06-18T00:00:00,2026-06-18T00:00:00,true,MATERIAL,research/results/checkpoint_fr_phase_c2/gap_inventory.csv,GAP_FIELD_RECOMPUTATION
10_gap_rows,FCG0118.missing_hourly_slot_count,1,1,true,MATERIAL,research/results/checkpoint_fr_phase_c2/gap_inventory.csv,GAP_FIELD_RECOMPUTATION
10_gap_rows,FCG0118.next_timestamp,2026-06-18T01:00:00,2026-06-18T01:00:00,true,MATERIAL,research/results/checkpoint_fr_phase_c2/gap_inventory.csv,GAP_FIELD_RECOMPUTATION
10_gap_rows,FCG0118.next_weekday,THURSDAY,THURSDAY,true,MATERIAL,research/results/checkpoint_fr_phase_c2/gap_inventory.csv,GAP_FIELD_RECOMPUTATION
10_gap_rows,FCG0118.notes_code,CURRENT_HASH_BOUND_SESSION_EVIDENCE_NOT_DATED_HISTORICAL_PROOF,CURRENT_HASH_BOUND_SESSION_EVIDENCE_NOT_DATED_HISTORICAL_PROOF,true,MATERIAL,research/results/checkpoint_fr_phase_c2/gap_inventory.csv,GAP_FIELD_RECOMPUTATION
10_gap_rows,FCG0118.previous_timestamp,2026-06-17T23:00:00,2026-06-17T23:00:00,true,MATERIAL,research/results/checkpoint_fr_phase_c2/gap_inventory.csv,GAP_FIELD_RECOMPUTATION
10_gap_rows,FCG0118.previous_weekday,WEDNESDAY,WEDNESDAY,true,MATERIAL,research/results/checkpoint_fr_phase_c2/gap_inventory.csv,GAP_FIELD_RECOMPUTATION
10_gap_rows,FCG0118.scope,ANALYSIS_WINDOW_INTERNAL,ANALYSIS_WINDOW_INTERNAL,true,MATERIAL,research/results/checkpoint_fr_phase_c2/gap_inventory.csv,GAP_FIELD_RECOMPUTATION
10_gap_rows,FCG0118.structural_pattern,DAILY_BREAK_PATTERN,DAILY_BREAK_PATTERN,true,MATERIAL,research/results/checkpoint_fr_phase_c2/gap_inventory.csv,GAP_FIELD_RECOMPUTATION
10_gap_rows,FCG0119.delta_hours,2,2,true,MATERIAL,research/results/checkpoint_fr_phase_c2/gap_inventory.csv,GAP_FIELD_RECOMPUTATION
10_gap_rows,FCG0119.evidence_status,NO_EXACT_EFFECTIVE_HISTORICAL_COVERAGE,NO_EXACT_EFFECTIVE_HISTORICAL_COVERAGE,true,MATERIAL,research/results/checkpoint_fr_phase_c2/gap_inventory.csv,GAP_FIELD_RECOMPUTATION
10_gap_rows,FCG0119.final_adjudication,UNVERIFIED_GAP,UNVERIFIED_GAP,true,MATERIAL,research/results/checkpoint_fr_phase_c2/gap_inventory.csv,GAP_FIELD_RECOMPUTATION
10_gap_rows,FCG0119.first_missing_timestamp,2026-06-19T00:00:00,2026-06-19T00:00:00,true,MATERIAL,research/results/checkpoint_fr_phase_c2/gap_inventory.csv,GAP_FIELD_RECOMPUTATION
10_gap_rows,FCG0119.gap_id,FCG0119,FCG0119,true,MATERIAL,research/results/checkpoint_fr_phase_c2/gap_inventory.csv,GAP_FIELD_RECOMPUTATION
10_gap_rows,FCG0119.last_missing_timestamp,2026-06-19T00:00:00,2026-06-19T00:00:00,true,MATERIAL,research/results/checkpoint_fr_phase_c2/gap_inventory.csv,GAP_FIELD_RECOMPUTATION
10_gap_rows,FCG0119.missing_hourly_slot_count,1,1,true,MATERIAL,research/results/checkpoint_fr_phase_c2/gap_inventory.csv,GAP_FIELD_RECOMPUTATION
10_gap_rows,FCG0119.next_timestamp,2026-06-19T01:00:00,2026-06-19T01:00:00,true,MATERIAL,research/results/checkpoint_fr_phase_c2/gap_inventory.csv,GAP_FIELD_RECOMPUTATION
10_gap_rows,FCG0119.next_weekday,FRIDAY,FRIDAY,true,MATERIAL,research/results/checkpoint_fr_phase_c2/gap_inventory.csv,GAP_FIELD_RECOMPUTATION
10_gap_rows,FCG0119.notes_code,CURRENT_HASH_BOUND_SESSION_EVIDENCE_NOT_DATED_HISTORICAL_PROOF,CURRENT_HASH_BOUND_SESSION_EVIDENCE_NOT_DATED_HISTORICAL_PROOF,true,MATERIAL,research/results/checkpoint_fr_phase_c2/gap_inventory.csv,GAP_FIELD_RECOMPUTATION
10_gap_rows,FCG0119.previous_timestamp,2026-06-18T23:00:00,2026-06-18T23:00:00,true,MATERIAL,research/results/checkpoint_fr_phase_c2/gap_inventory.csv,GAP_FIELD_RECOMPUTATION
10_gap_rows,FCG0119.previous_weekday,THURSDAY,THURSDAY,true,MATERIAL,research/results/checkpoint_fr_phase_c2/gap_inventory.csv,GAP_FIELD_RECOMPUTATION
10_gap_rows,FCG0119.scope,ANALYSIS_WINDOW_INTERNAL,ANALYSIS_WINDOW_INTERNAL,true,MATERIAL,research/results/checkpoint_fr_phase_c2/gap_inventory.csv,GAP_FIELD_RECOMPUTATION
10_gap_rows,FCG0119.structural_pattern,DAILY_BREAK_PATTERN,DAILY_BREAK_PATTERN,true,MATERIAL,research/results/checkpoint_fr_phase_c2/gap_inventory.csv,GAP_FIELD_RECOMPUTATION
10_gap_rows,FCG0120.delta_hours,54,54,true,MATERIAL,research/results/checkpoint_fr_phase_c2/gap_inventory.csv,GAP_FIELD_RECOMPUTATION
10_gap_rows,FCG0120.evidence_status,NO_EXACT_EFFECTIVE_HISTORICAL_COVERAGE,NO_EXACT_EFFECTIVE_HISTORICAL_COVERAGE,true,MATERIAL,research/results/checkpoint_fr_phase_c2/gap_inventory.csv,GAP_FIELD_RECOMPUTATION
10_gap_rows,FCG0120.final_adjudication,UNVERIFIED_GAP,UNVERIFIED_GAP,true,MATERIAL,research/results/checkpoint_fr_phase_c2/gap_inventory.csv,GAP_FIELD_RECOMPUTATION
10_gap_rows,FCG0120.first_missing_timestamp,2026-06-19T20:00:00,2026-06-19T20:00:00,true,MATERIAL,research/results/checkpoint_fr_phase_c2/gap_inventory.csv,GAP_FIELD_RECOMPUTATION
10_gap_rows,FCG0120.gap_id,FCG0120,FCG0120,true,MATERIAL,research/results/checkpoint_fr_phase_c2/gap_inventory.csv,GAP_FIELD_RECOMPUTATION
10_gap_rows,FCG0120.last_missing_timestamp,2026-06-22T00:00:00,2026-06-22T00:00:00,true,MATERIAL,research/results/checkpoint_fr_phase_c2/gap_inventory.csv,GAP_FIELD_RECOMPUTATION
10_gap_rows,FCG0120.missing_hourly_slot_count,53,53,true,MATERIAL,research/results/checkpoint_fr_phase_c2/gap_inventory.csv,GAP_FIELD_RECOMPUTATION
10_gap_rows,FCG0120.next_timestamp,2026-06-22T01:00:00,2026-06-22T01:00:00,true,MATERIAL,research/results/checkpoint_fr_phase_c2/gap_inventory.csv,GAP_FIELD_RECOMPUTATION
10_gap_rows,FCG0120.next_weekday,MONDAY,MONDAY,true,MATERIAL,research/results/checkpoint_fr_phase_c2/gap_inventory.csv,GAP_FIELD_RECOMPUTATION
10_gap_rows,FCG0120.notes_code,CURRENT_HASH_BOUND_SESSION_EVIDENCE_NOT_DATED_HISTORICAL_PROOF,CURRENT_HASH_BOUND_SESSION_EVIDENCE_NOT_DATED_HISTORICAL_PROOF,true,MATERIAL,research/results/checkpoint_fr_phase_c2/gap_inventory.csv,GAP_FIELD_RECOMPUTATION
10_gap_rows,FCG0120.previous_timestamp,2026-06-19T19:00:00,2026-06-19T19:00:00,true,MATERIAL,research/results/checkpoint_fr_phase_c2/gap_inventory.csv,GAP_FIELD_RECOMPUTATION
10_gap_rows,FCG0120.previous_weekday,FRIDAY,FRIDAY,true,MATERIAL,research/results/checkpoint_fr_phase_c2/gap_inventory.csv,GAP_FIELD_RECOMPUTATION
10_gap_rows,FCG0120.scope,ANALYSIS_WINDOW_INTERNAL,ANALYSIS_WINDOW_INTERNAL,true,MATERIAL,research/results/checkpoint_fr_phase_c2/gap_inventory.csv,GAP_FIELD_RECOMPUTATION
10_gap_rows,FCG0120.structural_pattern,WEEKEND_PATTERN,WEEKEND_PATTERN,true,MATERIAL,research/results/checkpoint_fr_phase_c2/gap_inventory.csv,GAP_FIELD_RECOMPUTATION
10_gap_rows,FCG0121.delta_hours,2,2,true,MATERIAL,research/results/checkpoint_fr_phase_c2/gap_inventory.csv,GAP_FIELD_RECOMPUTATION
10_gap_rows,FCG0121.evidence_status,NO_EXACT_EFFECTIVE_HISTORICAL_COVERAGE,NO_EXACT_EFFECTIVE_HISTORICAL_COVERAGE,true,MATERIAL,research/results/checkpoint_fr_phase_c2/gap_inventory.csv,GAP_FIELD_RECOMPUTATION
10_gap_rows,FCG0121.final_adjudication,UNVERIFIED_GAP,UNVERIFIED_GAP,true,MATERIAL,research/results/checkpoint_fr_phase_c2/gap_inventory.csv,GAP_FIELD_RECOMPUTATION
10_gap_rows,FCG0121.first_missing_timestamp,2026-06-23T00:00:00,2026-06-23T00:00:00,true,MATERIAL,research/results/checkpoint_fr_phase_c2/gap_inventory.csv,GAP_FIELD_RECOMPUTATION
10_gap_rows,FCG0121.gap_id,FCG0121,FCG0121,true,MATERIAL,research/results/checkpoint_fr_phase_c2/gap_inventory.csv,GAP_FIELD_RECOMPUTATION
10_gap_rows,FCG0121.last_missing_timestamp,2026-06-23T00:00:00,2026-06-23T00:00:00,true,MATERIAL,research/results/checkpoint_fr_phase_c2/gap_inventory.csv,GAP_FIELD_RECOMPUTATION
10_gap_rows,FCG0121.missing_hourly_slot_count,1,1,true,MATERIAL,research/results/checkpoint_fr_phase_c2/gap_inventory.csv,GAP_FIELD_RECOMPUTATION
10_gap_rows,FCG0121.next_timestamp,2026-06-23T01:00:00,2026-06-23T01:00:00,true,MATERIAL,research/results/checkpoint_fr_phase_c2/gap_inventory.csv,GAP_FIELD_RECOMPUTATION
10_gap_rows,FCG0121.next_weekday,TUESDAY,TUESDAY,true,MATERIAL,research/results/checkpoint_fr_phase_c2/gap_inventory.csv,GAP_FIELD_RECOMPUTATION
10_gap_rows,FCG0121.notes_code,CURRENT_HASH_BOUND_SESSION_EVIDENCE_NOT_DATED_HISTORICAL_PROOF,CURRENT_HASH_BOUND_SESSION_EVIDENCE_NOT_DATED_HISTORICAL_PROOF,true,MATERIAL,research/results/checkpoint_fr_phase_c2/gap_inventory.csv,GAP_FIELD_RECOMPUTATION
10_gap_rows,FCG0121.previous_timestamp,2026-06-22T23:00:00,2026-06-22T23:00:00,true,MATERIAL,research/results/checkpoint_fr_phase_c2/gap_inventory.csv,GAP_FIELD_RECOMPUTATION
10_gap_rows,FCG0121.previous_weekday,MONDAY,MONDAY,true,MATERIAL,research/results/checkpoint_fr_phase_c2/gap_inventory.csv,GAP_FIELD_RECOMPUTATION
10_gap_rows,FCG0121.scope,ANALYSIS_WINDOW_INTERNAL,ANALYSIS_WINDOW_INTERNAL,true,MATERIAL,research/results/checkpoint_fr_phase_c2/gap_inventory.csv,GAP_FIELD_RECOMPUTATION
10_gap_rows,FCG0121.structural_pattern,DAILY_BREAK_PATTERN,DAILY_BREAK_PATTERN,true,MATERIAL,research/results/checkpoint_fr_phase_c2/gap_inventory.csv,GAP_FIELD_RECOMPUTATION
10_gap_rows,FCG0122.delta_hours,2,2,true,MATERIAL,research/results/checkpoint_fr_phase_c2/gap_inventory.csv,GAP_FIELD_RECOMPUTATION
10_gap_rows,FCG0122.evidence_status,NO_EXACT_EFFECTIVE_HISTORICAL_COVERAGE,NO_EXACT_EFFECTIVE_HISTORICAL_COVERAGE,true,MATERIAL,research/results/checkpoint_fr_phase_c2/gap_inventory.csv,GAP_FIELD_RECOMPUTATION
10_gap_rows,FCG0122.final_adjudication,UNVERIFIED_GAP,UNVERIFIED_GAP,true,MATERIAL,research/results/checkpoint_fr_phase_c2/gap_inventory.csv,GAP_FIELD_RECOMPUTATION
10_gap_rows,FCG0122.first_missing_timestamp,2026-06-24T00:00:00,2026-06-24T00:00:00,true,MATERIAL,research/results/checkpoint_fr_phase_c2/gap_inventory.csv,GAP_FIELD_RECOMPUTATION
10_gap_rows,FCG0122.gap_id,FCG0122,FCG0122,true,MATERIAL,research/results/checkpoint_fr_phase_c2/gap_inventory.csv,GAP_FIELD_RECOMPUTATION
10_gap_rows,FCG0122.last_missing_timestamp,2026-06-24T00:00:00,2026-06-24T00:00:00,true,MATERIAL,research/results/checkpoint_fr_phase_c2/gap_inventory.csv,GAP_FIELD_RECOMPUTATION
10_gap_rows,FCG0122.missing_hourly_slot_count,1,1,true,MATERIAL,research/results/checkpoint_fr_phase_c2/gap_inventory.csv,GAP_FIELD_RECOMPUTATION
10_gap_rows,FCG0122.next_timestamp,2026-06-24T01:00:00,2026-06-24T01:00:00,true,MATERIAL,research/results/checkpoint_fr_phase_c2/gap_inventory.csv,GAP_FIELD_RECOMPUTATION
10_gap_rows,FCG0122.next_weekday,WEDNESDAY,WEDNESDAY,true,MATERIAL,research/results/checkpoint_fr_phase_c2/gap_inventory.csv,GAP_FIELD_RECOMPUTATION
10_gap_rows,FCG0122.notes_code,CURRENT_HASH_BOUND_SESSION_EVIDENCE_NOT_DATED_HISTORICAL_PROOF,CURRENT_HASH_BOUND_SESSION_EVIDENCE_NOT_DATED_HISTORICAL_PROOF,true,MATERIAL,research/results/checkpoint_fr_phase_c2/gap_inventory.csv,GAP_FIELD_RECOMPUTATION
10_gap_rows,FCG0122.previous_timestamp,2026-06-23T23:00:00,2026-06-23T23:00:00,true,MATERIAL,research/results/checkpoint_fr_phase_c2/gap_inventory.csv,GAP_FIELD_RECOMPUTATION
10_gap_rows,FCG0122.previous_weekday,TUESDAY,TUESDAY,true,MATERIAL,research/results/checkpoint_fr_phase_c2/gap_inventory.csv,GAP_FIELD_RECOMPUTATION
10_gap_rows,FCG0122.scope,ANALYSIS_WINDOW_INTERNAL,ANALYSIS_WINDOW_INTERNAL,true,MATERIAL,research/results/checkpoint_fr_phase_c2/gap_inventory.csv,GAP_FIELD_RECOMPUTATION
10_gap_rows,FCG0122.structural_pattern,DAILY_BREAK_PATTERN,DAILY_BREAK_PATTERN,true,MATERIAL,research/results/checkpoint_fr_phase_c2/gap_inventory.csv,GAP_FIELD_RECOMPUTATION
10_gap_rows,FCG0123.delta_hours,2,2,true,MATERIAL,research/results/checkpoint_fr_phase_c2/gap_inventory.csv,GAP_FIELD_RECOMPUTATION
10_gap_rows,FCG0123.evidence_status,NO_EXACT_EFFECTIVE_HISTORICAL_COVERAGE,NO_EXACT_EFFECTIVE_HISTORICAL_COVERAGE,true,MATERIAL,research/results/checkpoint_fr_phase_c2/gap_inventory.csv,GAP_FIELD_RECOMPUTATION
10_gap_rows,FCG0123.final_adjudication,UNVERIFIED_GAP,UNVERIFIED_GAP,true,MATERIAL,research/results/checkpoint_fr_phase_c2/gap_inventory.csv,GAP_FIELD_RECOMPUTATION
10_gap_rows,FCG0123.first_missing_timestamp,2026-06-25T00:00:00,2026-06-25T00:00:00,true,MATERIAL,research/results/checkpoint_fr_phase_c2/gap_inventory.csv,GAP_FIELD_RECOMPUTATION
10_gap_rows,FCG0123.gap_id,FCG0123,FCG0123,true,MATERIAL,research/results/checkpoint_fr_phase_c2/gap_inventory.csv,GAP_FIELD_RECOMPUTATION
10_gap_rows,FCG0123.last_missing_timestamp,2026-06-25T00:00:00,2026-06-25T00:00:00,true,MATERIAL,research/results/checkpoint_fr_phase_c2/gap_inventory.csv,GAP_FIELD_RECOMPUTATION
10_gap_rows,FCG0123.missing_hourly_slot_count,1,1,true,MATERIAL,research/results/checkpoint_fr_phase_c2/gap_inventory.csv,GAP_FIELD_RECOMPUTATION
10_gap_rows,FCG0123.next_timestamp,2026-06-25T01:00:00,2026-06-25T01:00:00,true,MATERIAL,research/results/checkpoint_fr_phase_c2/gap_inventory.csv,GAP_FIELD_RECOMPUTATION
10_gap_rows,FCG0123.next_weekday,THURSDAY,THURSDAY,true,MATERIAL,research/results/checkpoint_fr_phase_c2/gap_inventory.csv,GAP_FIELD_RECOMPUTATION
10_gap_rows,FCG0123.notes_code,CURRENT_HASH_BOUND_SESSION_EVIDENCE_NOT_DATED_HISTORICAL_PROOF,CURRENT_HASH_BOUND_SESSION_EVIDENCE_NOT_DATED_HISTORICAL_PROOF,true,MATERIAL,research/results/checkpoint_fr_phase_c2/gap_inventory.csv,GAP_FIELD_RECOMPUTATION
10_gap_rows,FCG0123.previous_timestamp,2026-06-24T23:00:00,2026-06-24T23:00:00,true,MATERIAL,research/results/checkpoint_fr_phase_c2/gap_inventory.csv,GAP_FIELD_RECOMPUTATION
10_gap_rows,FCG0123.previous_weekday,WEDNESDAY,WEDNESDAY,true,MATERIAL,research/results/checkpoint_fr_phase_c2/gap_inventory.csv,GAP_FIELD_RECOMPUTATION
10_gap_rows,FCG0123.scope,ANALYSIS_WINDOW_INTERNAL,ANALYSIS_WINDOW_INTERNAL,true,MATERIAL,research/results/checkpoint_fr_phase_c2/gap_inventory.csv,GAP_FIELD_RECOMPUTATION
10_gap_rows,FCG0123.structural_pattern,DAILY_BREAK_PATTERN,DAILY_BREAK_PATTERN,true,MATERIAL,research/results/checkpoint_fr_phase_c2/gap_inventory.csv,GAP_FIELD_RECOMPUTATION
10_gap_rows,FCG0124.delta_hours,2,2,true,MATERIAL,research/results/checkpoint_fr_phase_c2/gap_inventory.csv,GAP_FIELD_RECOMPUTATION
10_gap_rows,FCG0124.evidence_status,NO_EXACT_EFFECTIVE_HISTORICAL_COVERAGE,NO_EXACT_EFFECTIVE_HISTORICAL_COVERAGE,true,MATERIAL,research/results/checkpoint_fr_phase_c2/gap_inventory.csv,GAP_FIELD_RECOMPUTATION
10_gap_rows,FCG0124.final_adjudication,UNVERIFIED_GAP,UNVERIFIED_GAP,true,MATERIAL,research/results/checkpoint_fr_phase_c2/gap_inventory.csv,GAP_FIELD_RECOMPUTATION
10_gap_rows,FCG0124.first_missing_timestamp,2026-06-26T00:00:00,2026-06-26T00:00:00,true,MATERIAL,research/results/checkpoint_fr_phase_c2/gap_inventory.csv,GAP_FIELD_RECOMPUTATION
10_gap_rows,FCG0124.gap_id,FCG0124,FCG0124,true,MATERIAL,research/results/checkpoint_fr_phase_c2/gap_inventory.csv,GAP_FIELD_RECOMPUTATION
10_gap_rows,FCG0124.last_missing_timestamp,2026-06-26T00:00:00,2026-06-26T00:00:00,true,MATERIAL,research/results/checkpoint_fr_phase_c2/gap_inventory.csv,GAP_FIELD_RECOMPUTATION
10_gap_rows,FCG0124.missing_hourly_slot_count,1,1,true,MATERIAL,research/results/checkpoint_fr_phase_c2/gap_inventory.csv,GAP_FIELD_RECOMPUTATION
10_gap_rows,FCG0124.next_timestamp,2026-06-26T01:00:00,2026-06-26T01:00:00,true,MATERIAL,research/results/checkpoint_fr_phase_c2/gap_inventory.csv,GAP_FIELD_RECOMPUTATION
10_gap_rows,FCG0124.next_weekday,FRIDAY,FRIDAY,true,MATERIAL,research/results/checkpoint_fr_phase_c2/gap_inventory.csv,GAP_FIELD_RECOMPUTATION
10_gap_rows,FCG0124.notes_code,CURRENT_HASH_BOUND_SESSION_EVIDENCE_NOT_DATED_HISTORICAL_PROOF,CURRENT_HASH_BOUND_SESSION_EVIDENCE_NOT_DATED_HISTORICAL_PROOF,true,MATERIAL,research/results/checkpoint_fr_phase_c2/gap_inventory.csv,GAP_FIELD_RECOMPUTATION
10_gap_rows,FCG0124.previous_timestamp,2026-06-25T23:00:00,2026-06-25T23:00:00,true,MATERIAL,research/results/checkpoint_fr_phase_c2/gap_inventory.csv,GAP_FIELD_RECOMPUTATION
10_gap_rows,FCG0124.previous_weekday,THURSDAY,THURSDAY,true,MATERIAL,research/results/checkpoint_fr_phase_c2/gap_inventory.csv,GAP_FIELD_RECOMPUTATION
10_gap_rows,FCG0124.scope,ANALYSIS_WINDOW_INTERNAL,ANALYSIS_WINDOW_INTERNAL,true,MATERIAL,research/results/checkpoint_fr_phase_c2/gap_inventory.csv,GAP_FIELD_RECOMPUTATION
10_gap_rows,FCG0124.structural_pattern,DAILY_BREAK_PATTERN,DAILY_BREAK_PATTERN,true,MATERIAL,research/results/checkpoint_fr_phase_c2/gap_inventory.csv,GAP_FIELD_RECOMPUTATION
10_gap_rows,FCG0125.delta_hours,50,50,true,MATERIAL,research/results/checkpoint_fr_phase_c2/gap_inventory.csv,GAP_FIELD_RECOMPUTATION
10_gap_rows,FCG0125.evidence_status,NO_EXACT_EFFECTIVE_HISTORICAL_COVERAGE,NO_EXACT_EFFECTIVE_HISTORICAL_COVERAGE,true,MATERIAL,research/results/checkpoint_fr_phase_c2/gap_inventory.csv,GAP_FIELD_RECOMPUTATION
10_gap_rows,FCG0125.final_adjudication,UNVERIFIED_GAP,UNVERIFIED_GAP,true,MATERIAL,research/results/checkpoint_fr_phase_c2/gap_inventory.csv,GAP_FIELD_RECOMPUTATION
10_gap_rows,FCG0125.first_missing_timestamp,2026-06-27T00:00:00,2026-06-27T00:00:00,true,MATERIAL,research/results/checkpoint_fr_phase_c2/gap_inventory.csv,GAP_FIELD_RECOMPUTATION
10_gap_rows,FCG0125.gap_id,FCG0125,FCG0125,true,MATERIAL,research/results/checkpoint_fr_phase_c2/gap_inventory.csv,GAP_FIELD_RECOMPUTATION
10_gap_rows,FCG0125.last_missing_timestamp,2026-06-29T00:00:00,2026-06-29T00:00:00,true,MATERIAL,research/results/checkpoint_fr_phase_c2/gap_inventory.csv,GAP_FIELD_RECOMPUTATION
10_gap_rows,FCG0125.missing_hourly_slot_count,49,49,true,MATERIAL,research/results/checkpoint_fr_phase_c2/gap_inventory.csv,GAP_FIELD_RECOMPUTATION
10_gap_rows,FCG0125.next_timestamp,2026-06-29T01:00:00,2026-06-29T01:00:00,true,MATERIAL,research/results/checkpoint_fr_phase_c2/gap_inventory.csv,GAP_FIELD_RECOMPUTATION
10_gap_rows,FCG0125.next_weekday,MONDAY,MONDAY,true,MATERIAL,research/results/checkpoint_fr_phase_c2/gap_inventory.csv,GAP_FIELD_RECOMPUTATION
10_gap_rows,FCG0125.notes_code,CURRENT_HASH_BOUND_SESSION_EVIDENCE_NOT_DATED_HISTORICAL_PROOF,CURRENT_HASH_BOUND_SESSION_EVIDENCE_NOT_DATED_HISTORICAL_PROOF,true,MATERIAL,research/results/checkpoint_fr_phase_c2/gap_inventory.csv,GAP_FIELD_RECOMPUTATION
10_gap_rows,FCG0125.previous_timestamp,2026-06-26T23:00:00,2026-06-26T23:00:00,true,MATERIAL,research/results/checkpoint_fr_phase_c2/gap_inventory.csv,GAP_FIELD_RECOMPUTATION
10_gap_rows,FCG0125.previous_weekday,FRIDAY,FRIDAY,true,MATERIAL,research/results/checkpoint_fr_phase_c2/gap_inventory.csv,GAP_FIELD_RECOMPUTATION
10_gap_rows,FCG0125.scope,ANALYSIS_WINDOW_INTERNAL,ANALYSIS_WINDOW_INTERNAL,true,MATERIAL,research/results/checkpoint_fr_phase_c2/gap_inventory.csv,GAP_FIELD_RECOMPUTATION
10_gap_rows,FCG0125.structural_pattern,WEEKEND_PATTERN,WEEKEND_PATTERN,true,MATERIAL,research/results/checkpoint_fr_phase_c2/gap_inventory.csv,GAP_FIELD_RECOMPUTATION
10_gap_rows,FCG0126.delta_hours,2,2,true,MATERIAL,research/results/checkpoint_fr_phase_c2/gap_inventory.csv,GAP_FIELD_RECOMPUTATION
10_gap_rows,FCG0126.evidence_status,NO_EXACT_EFFECTIVE_HISTORICAL_COVERAGE,NO_EXACT_EFFECTIVE_HISTORICAL_COVERAGE,true,MATERIAL,research/results/checkpoint_fr_phase_c2/gap_inventory.csv,GAP_FIELD_RECOMPUTATION
10_gap_rows,FCG0126.final_adjudication,UNVERIFIED_GAP,UNVERIFIED_GAP,true,MATERIAL,research/results/checkpoint_fr_phase_c2/gap_inventory.csv,GAP_FIELD_RECOMPUTATION
10_gap_rows,FCG0126.first_missing_timestamp,2026-06-30T00:00:00,2026-06-30T00:00:00,true,MATERIAL,research/results/checkpoint_fr_phase_c2/gap_inventory.csv,GAP_FIELD_RECOMPUTATION
10_gap_rows,FCG0126.gap_id,FCG0126,FCG0126,true,MATERIAL,research/results/checkpoint_fr_phase_c2/gap_inventory.csv,GAP_FIELD_RECOMPUTATION
10_gap_rows,FCG0126.last_missing_timestamp,2026-06-30T00:00:00,2026-06-30T00:00:00,true,MATERIAL,research/results/checkpoint_fr_phase_c2/gap_inventory.csv,GAP_FIELD_RECOMPUTATION
10_gap_rows,FCG0126.missing_hourly_slot_count,1,1,true,MATERIAL,research/results/checkpoint_fr_phase_c2/gap_inventory.csv,GAP_FIELD_RECOMPUTATION
10_gap_rows,FCG0126.next_timestamp,2026-06-30T01:00:00,2026-06-30T01:00:00,true,MATERIAL,research/results/checkpoint_fr_phase_c2/gap_inventory.csv,GAP_FIELD_RECOMPUTATION
10_gap_rows,FCG0126.next_weekday,TUESDAY,TUESDAY,true,MATERIAL,research/results/checkpoint_fr_phase_c2/gap_inventory.csv,GAP_FIELD_RECOMPUTATION
10_gap_rows,FCG0126.notes_code,CURRENT_HASH_BOUND_SESSION_EVIDENCE_NOT_DATED_HISTORICAL_PROOF,CURRENT_HASH_BOUND_SESSION_EVIDENCE_NOT_DATED_HISTORICAL_PROOF,true,MATERIAL,research/results/checkpoint_fr_phase_c2/gap_inventory.csv,GAP_FIELD_RECOMPUTATION
10_gap_rows,FCG0126.previous_timestamp,2026-06-29T23:00:00,2026-06-29T23:00:00,true,MATERIAL,research/results/checkpoint_fr_phase_c2/gap_inventory.csv,GAP_FIELD_RECOMPUTATION
10_gap_rows,FCG0126.previous_weekday,MONDAY,MONDAY,true,MATERIAL,research/results/checkpoint_fr_phase_c2/gap_inventory.csv,GAP_FIELD_RECOMPUTATION
10_gap_rows,FCG0126.scope,ANALYSIS_WINDOW_INTERNAL,ANALYSIS_WINDOW_INTERNAL,true,MATERIAL,research/results/checkpoint_fr_phase_c2/gap_inventory.csv,GAP_FIELD_RECOMPUTATION
10_gap_rows,FCG0126.structural_pattern,DAILY_BREAK_PATTERN,DAILY_BREAK_PATTERN,true,MATERIAL,research/results/checkpoint_fr_phase_c2/gap_inventory.csv,GAP_FIELD_RECOMPUTATION
10_gap_rows,FCG0127.delta_hours,2,2,true,MATERIAL,research/results/checkpoint_fr_phase_c2/gap_inventory.csv,GAP_FIELD_RECOMPUTATION
10_gap_rows,FCG0127.evidence_status,NO_EXACT_EFFECTIVE_HISTORICAL_COVERAGE,NO_EXACT_EFFECTIVE_HISTORICAL_COVERAGE,true,MATERIAL,research/results/checkpoint_fr_phase_c2/gap_inventory.csv,GAP_FIELD_RECOMPUTATION
10_gap_rows,FCG0127.final_adjudication,UNVERIFIED_GAP,UNVERIFIED_GAP,true,MATERIAL,research/results/checkpoint_fr_phase_c2/gap_inventory.csv,GAP_FIELD_RECOMPUTATION
10_gap_rows,FCG0127.first_missing_timestamp,2026-07-01T00:00:00,2026-07-01T00:00:00,true,MATERIAL,research/results/checkpoint_fr_phase_c2/gap_inventory.csv,GAP_FIELD_RECOMPUTATION
10_gap_rows,FCG0127.gap_id,FCG0127,FCG0127,true,MATERIAL,research/results/checkpoint_fr_phase_c2/gap_inventory.csv,GAP_FIELD_RECOMPUTATION
10_gap_rows,FCG0127.last_missing_timestamp,2026-07-01T00:00:00,2026-07-01T00:00:00,true,MATERIAL,research/results/checkpoint_fr_phase_c2/gap_inventory.csv,GAP_FIELD_RECOMPUTATION
10_gap_rows,FCG0127.missing_hourly_slot_count,1,1,true,MATERIAL,research/results/checkpoint_fr_phase_c2/gap_inventory.csv,GAP_FIELD_RECOMPUTATION
10_gap_rows,FCG0127.next_timestamp,2026-07-01T01:00:00,2026-07-01T01:00:00,true,MATERIAL,research/results/checkpoint_fr_phase_c2/gap_inventory.csv,GAP_FIELD_RECOMPUTATION
10_gap_rows,FCG0127.next_weekday,WEDNESDAY,WEDNESDAY,true,MATERIAL,research/results/checkpoint_fr_phase_c2/gap_inventory.csv,GAP_FIELD_RECOMPUTATION
10_gap_rows,FCG0127.notes_code,CURRENT_HASH_BOUND_SESSION_EVIDENCE_NOT_DATED_HISTORICAL_PROOF,CURRENT_HASH_BOUND_SESSION_EVIDENCE_NOT_DATED_HISTORICAL_PROOF,true,MATERIAL,research/results/checkpoint_fr_phase_c2/gap_inventory.csv,GAP_FIELD_RECOMPUTATION
10_gap_rows,FCG0127.previous_timestamp,2026-06-30T23:00:00,2026-06-30T23:00:00,true,MATERIAL,research/results/checkpoint_fr_phase_c2/gap_inventory.csv,GAP_FIELD_RECOMPUTATION
10_gap_rows,FCG0127.previous_weekday,TUESDAY,TUESDAY,true,MATERIAL,research/results/checkpoint_fr_phase_c2/gap_inventory.csv,GAP_FIELD_RECOMPUTATION
10_gap_rows,FCG0127.scope,ANALYSIS_TO_BUFFER_BOUNDARY,ANALYSIS_TO_BUFFER_BOUNDARY,true,MATERIAL,research/results/checkpoint_fr_phase_c2/gap_inventory.csv,GAP_FIELD_RECOMPUTATION
10_gap_rows,FCG0127.structural_pattern,DAILY_BREAK_PATTERN,DAILY_BREAK_PATTERN,true,MATERIAL,research/results/checkpoint_fr_phase_c2/gap_inventory.csv,GAP_FIELD_RECOMPUTATION
10_gap_rows,FCG0128.delta_hours,2,2,true,MATERIAL,research/results/checkpoint_fr_phase_c2/gap_inventory.csv,GAP_FIELD_RECOMPUTATION
10_gap_rows,FCG0128.evidence_status,NO_EXACT_EFFECTIVE_HISTORICAL_COVERAGE,NO_EXACT_EFFECTIVE_HISTORICAL_COVERAGE,true,MATERIAL,research/results/checkpoint_fr_phase_c2/gap_inventory.csv,GAP_FIELD_RECOMPUTATION
10_gap_rows,FCG0128.final_adjudication,UNVERIFIED_GAP,UNVERIFIED_GAP,true,MATERIAL,research/results/checkpoint_fr_phase_c2/gap_inventory.csv,GAP_FIELD_RECOMPUTATION
10_gap_rows,FCG0128.first_missing_timestamp,2026-07-02T00:00:00,2026-07-02T00:00:00,true,MATERIAL,research/results/checkpoint_fr_phase_c2/gap_inventory.csv,GAP_FIELD_RECOMPUTATION
10_gap_rows,FCG0128.gap_id,FCG0128,FCG0128,true,MATERIAL,research/results/checkpoint_fr_phase_c2/gap_inventory.csv,GAP_FIELD_RECOMPUTATION
10_gap_rows,FCG0128.last_missing_timestamp,2026-07-02T00:00:00,2026-07-02T00:00:00,true,MATERIAL,research/results/checkpoint_fr_phase_c2/gap_inventory.csv,GAP_FIELD_RECOMPUTATION
10_gap_rows,FCG0128.missing_hourly_slot_count,1,1,true,MATERIAL,research/results/checkpoint_fr_phase_c2/gap_inventory.csv,GAP_FIELD_RECOMPUTATION
10_gap_rows,FCG0128.next_timestamp,2026-07-02T01:00:00,2026-07-02T01:00:00,true,MATERIAL,research/results/checkpoint_fr_phase_c2/gap_inventory.csv,GAP_FIELD_RECOMPUTATION
10_gap_rows,FCG0128.next_weekday,THURSDAY,THURSDAY,true,MATERIAL,research/results/checkpoint_fr_phase_c2/gap_inventory.csv,GAP_FIELD_RECOMPUTATION
10_gap_rows,FCG0128.notes_code,CURRENT_HASH_BOUND_SESSION_EVIDENCE_NOT_DATED_HISTORICAL_PROOF,CURRENT_HASH_BOUND_SESSION_EVIDENCE_NOT_DATED_HISTORICAL_PROOF,true,MATERIAL,research/results/checkpoint_fr_phase_c2/gap_inventory.csv,GAP_FIELD_RECOMPUTATION
10_gap_rows,FCG0128.previous_timestamp,2026-07-01T23:00:00,2026-07-01T23:00:00,true,MATERIAL,research/results/checkpoint_fr_phase_c2/gap_inventory.csv,GAP_FIELD_RECOMPUTATION
10_gap_rows,FCG0128.previous_weekday,WEDNESDAY,WEDNESDAY,true,MATERIAL,research/results/checkpoint_fr_phase_c2/gap_inventory.csv,GAP_FIELD_RECOMPUTATION
10_gap_rows,FCG0128.scope,CONTRACTED_RIGHT_BUFFER,CONTRACTED_RIGHT_BUFFER,true,MATERIAL,research/results/checkpoint_fr_phase_c2/gap_inventory.csv,GAP_FIELD_RECOMPUTATION
10_gap_rows,FCG0128.structural_pattern,DAILY_BREAK_PATTERN,DAILY_BREAK_PATTERN,true,MATERIAL,research/results/checkpoint_fr_phase_c2/gap_inventory.csv,GAP_FIELD_RECOMPUTATION
10_gap_rows,FCG0129.delta_hours,2,2,true,MATERIAL,research/results/checkpoint_fr_phase_c2/gap_inventory.csv,GAP_FIELD_RECOMPUTATION
10_gap_rows,FCG0129.evidence_status,NO_EXACT_EFFECTIVE_HISTORICAL_COVERAGE,NO_EXACT_EFFECTIVE_HISTORICAL_COVERAGE,true,MATERIAL,research/results/checkpoint_fr_phase_c2/gap_inventory.csv,GAP_FIELD_RECOMPUTATION
10_gap_rows,FCG0129.final_adjudication,UNVERIFIED_GAP,UNVERIFIED_GAP,true,MATERIAL,research/results/checkpoint_fr_phase_c2/gap_inventory.csv,GAP_FIELD_RECOMPUTATION
10_gap_rows,FCG0129.first_missing_timestamp,2026-07-03T00:00:00,2026-07-03T00:00:00,true,MATERIAL,research/results/checkpoint_fr_phase_c2/gap_inventory.csv,GAP_FIELD_RECOMPUTATION
10_gap_rows,FCG0129.gap_id,FCG0129,FCG0129,true,MATERIAL,research/results/checkpoint_fr_phase_c2/gap_inventory.csv,GAP_FIELD_RECOMPUTATION
10_gap_rows,FCG0129.last_missing_timestamp,2026-07-03T00:00:00,2026-07-03T00:00:00,true,MATERIAL,research/results/checkpoint_fr_phase_c2/gap_inventory.csv,GAP_FIELD_RECOMPUTATION
10_gap_rows,FCG0129.missing_hourly_slot_count,1,1,true,MATERIAL,research/results/checkpoint_fr_phase_c2/gap_inventory.csv,GAP_FIELD_RECOMPUTATION
10_gap_rows,FCG0129.next_timestamp,2026-07-03T01:00:00,2026-07-03T01:00:00,true,MATERIAL,research/results/checkpoint_fr_phase_c2/gap_inventory.csv,GAP_FIELD_RECOMPUTATION
10_gap_rows,FCG0129.next_weekday,FRIDAY,FRIDAY,true,MATERIAL,research/results/checkpoint_fr_phase_c2/gap_inventory.csv,GAP_FIELD_RECOMPUTATION
10_gap_rows,FCG0129.notes_code,CURRENT_HASH_BOUND_SESSION_EVIDENCE_NOT_DATED_HISTORICAL_PROOF,CURRENT_HASH_BOUND_SESSION_EVIDENCE_NOT_DATED_HISTORICAL_PROOF,true,MATERIAL,research/results/checkpoint_fr_phase_c2/gap_inventory.csv,GAP_FIELD_RECOMPUTATION
10_gap_rows,FCG0129.previous_timestamp,2026-07-02T23:00:00,2026-07-02T23:00:00,true,MATERIAL,research/results/checkpoint_fr_phase_c2/gap_inventory.csv,GAP_FIELD_RECOMPUTATION
10_gap_rows,FCG0129.previous_weekday,THURSDAY,THURSDAY,true,MATERIAL,research/results/checkpoint_fr_phase_c2/gap_inventory.csv,GAP_FIELD_RECOMPUTATION
10_gap_rows,FCG0129.scope,CONTRACTED_RIGHT_BUFFER,CONTRACTED_RIGHT_BUFFER,true,MATERIAL,research/results/checkpoint_fr_phase_c2/gap_inventory.csv,GAP_FIELD_RECOMPUTATION
10_gap_rows,FCG0129.structural_pattern,DAILY_BREAK_PATTERN,DAILY_BREAK_PATTERN,true,MATERIAL,research/results/checkpoint_fr_phase_c2/gap_inventory.csv,GAP_FIELD_RECOMPUTATION
10_gap_rows,FCG0130.delta_hours,54,54,true,MATERIAL,research/results/checkpoint_fr_phase_c2/gap_inventory.csv,GAP_FIELD_RECOMPUTATION
10_gap_rows,FCG0130.evidence_status,NO_EXACT_EFFECTIVE_HISTORICAL_COVERAGE,NO_EXACT_EFFECTIVE_HISTORICAL_COVERAGE,true,MATERIAL,research/results/checkpoint_fr_phase_c2/gap_inventory.csv,GAP_FIELD_RECOMPUTATION
10_gap_rows,FCG0130.final_adjudication,UNVERIFIED_GAP,UNVERIFIED_GAP,true,MATERIAL,research/results/checkpoint_fr_phase_c2/gap_inventory.csv,GAP_FIELD_RECOMPUTATION
10_gap_rows,FCG0130.first_missing_timestamp,2026-07-03T20:00:00,2026-07-03T20:00:00,true,MATERIAL,research/results/checkpoint_fr_phase_c2/gap_inventory.csv,GAP_FIELD_RECOMPUTATION
10_gap_rows,FCG0130.gap_id,FCG0130,FCG0130,true,MATERIAL,research/results/checkpoint_fr_phase_c2/gap_inventory.csv,GAP_FIELD_RECOMPUTATION
10_gap_rows,FCG0130.last_missing_timestamp,2026-07-06T00:00:00,2026-07-06T00:00:00,true,MATERIAL,research/results/checkpoint_fr_phase_c2/gap_inventory.csv,GAP_FIELD_RECOMPUTATION
10_gap_rows,FCG0130.missing_hourly_slot_count,53,53,true,MATERIAL,research/results/checkpoint_fr_phase_c2/gap_inventory.csv,GAP_FIELD_RECOMPUTATION
10_gap_rows,FCG0130.next_timestamp,2026-07-06T01:00:00,2026-07-06T01:00:00,true,MATERIAL,research/results/checkpoint_fr_phase_c2/gap_inventory.csv,GAP_FIELD_RECOMPUTATION
10_gap_rows,FCG0130.next_weekday,MONDAY,MONDAY,true,MATERIAL,research/results/checkpoint_fr_phase_c2/gap_inventory.csv,GAP_FIELD_RECOMPUTATION
10_gap_rows,FCG0130.notes_code,CURRENT_HASH_BOUND_SESSION_EVIDENCE_NOT_DATED_HISTORICAL_PROOF,CURRENT_HASH_BOUND_SESSION_EVIDENCE_NOT_DATED_HISTORICAL_PROOF,true,MATERIAL,research/results/checkpoint_fr_phase_c2/gap_inventory.csv,GAP_FIELD_RECOMPUTATION
10_gap_rows,FCG0130.previous_timestamp,2026-07-03T19:00:00,2026-07-03T19:00:00,true,MATERIAL,research/results/checkpoint_fr_phase_c2/gap_inventory.csv,GAP_FIELD_RECOMPUTATION
10_gap_rows,FCG0130.previous_weekday,FRIDAY,FRIDAY,true,MATERIAL,research/results/checkpoint_fr_phase_c2/gap_inventory.csv,GAP_FIELD_RECOMPUTATION
10_gap_rows,FCG0130.scope,CONTRACTED_RIGHT_BUFFER,CONTRACTED_RIGHT_BUFFER,true,MATERIAL,research/results/checkpoint_fr_phase_c2/gap_inventory.csv,GAP_FIELD_RECOMPUTATION
10_gap_rows,FCG0130.structural_pattern,WEEKEND_PATTERN,WEEKEND_PATTERN,true,MATERIAL,research/results/checkpoint_fr_phase_c2/gap_inventory.csv,GAP_FIELD_RECOMPUTATION
10_gap_rows,FCG0131.delta_hours,2,2,true,MATERIAL,research/results/checkpoint_fr_phase_c2/gap_inventory.csv,GAP_FIELD_RECOMPUTATION
10_gap_rows,FCG0131.evidence_status,NO_EXACT_EFFECTIVE_HISTORICAL_COVERAGE,NO_EXACT_EFFECTIVE_HISTORICAL_COVERAGE,true,MATERIAL,research/results/checkpoint_fr_phase_c2/gap_inventory.csv,GAP_FIELD_RECOMPUTATION
10_gap_rows,FCG0131.final_adjudication,UNVERIFIED_GAP,UNVERIFIED_GAP,true,MATERIAL,research/results/checkpoint_fr_phase_c2/gap_inventory.csv,GAP_FIELD_RECOMPUTATION
10_gap_rows,FCG0131.first_missing_timestamp,2026-07-07T00:00:00,2026-07-07T00:00:00,true,MATERIAL,research/results/checkpoint_fr_phase_c2/gap_inventory.csv,GAP_FIELD_RECOMPUTATION
10_gap_rows,FCG0131.gap_id,FCG0131,FCG0131,true,MATERIAL,research/results/checkpoint_fr_phase_c2/gap_inventory.csv,GAP_FIELD_RECOMPUTATION
10_gap_rows,FCG0131.last_missing_timestamp,2026-07-07T00:00:00,2026-07-07T00:00:00,true,MATERIAL,research/results/checkpoint_fr_phase_c2/gap_inventory.csv,GAP_FIELD_RECOMPUTATION
10_gap_rows,FCG0131.missing_hourly_slot_count,1,1,true,MATERIAL,research/results/checkpoint_fr_phase_c2/gap_inventory.csv,GAP_FIELD_RECOMPUTATION
10_gap_rows,FCG0131.next_timestamp,2026-07-07T01:00:00,2026-07-07T01:00:00,true,MATERIAL,research/results/checkpoint_fr_phase_c2/gap_inventory.csv,GAP_FIELD_RECOMPUTATION
10_gap_rows,FCG0131.next_weekday,TUESDAY,TUESDAY,true,MATERIAL,research/results/checkpoint_fr_phase_c2/gap_inventory.csv,GAP_FIELD_RECOMPUTATION
10_gap_rows,FCG0131.notes_code,CURRENT_HASH_BOUND_SESSION_EVIDENCE_NOT_DATED_HISTORICAL_PROOF,CURRENT_HASH_BOUND_SESSION_EVIDENCE_NOT_DATED_HISTORICAL_PROOF,true,MATERIAL,research/results/checkpoint_fr_phase_c2/gap_inventory.csv,GAP_FIELD_RECOMPUTATION
10_gap_rows,FCG0131.previous_timestamp,2026-07-06T23:00:00,2026-07-06T23:00:00,true,MATERIAL,research/results/checkpoint_fr_phase_c2/gap_inventory.csv,GAP_FIELD_RECOMPUTATION
10_gap_rows,FCG0131.previous_weekday,MONDAY,MONDAY,true,MATERIAL,research/results/checkpoint_fr_phase_c2/gap_inventory.csv,GAP_FIELD_RECOMPUTATION
10_gap_rows,FCG0131.scope,CONTRACTED_RIGHT_BUFFER,CONTRACTED_RIGHT_BUFFER,true,MATERIAL,research/results/checkpoint_fr_phase_c2/gap_inventory.csv,GAP_FIELD_RECOMPUTATION
10_gap_rows,FCG0131.structural_pattern,DAILY_BREAK_PATTERN,DAILY_BREAK_PATTERN,true,MATERIAL,research/results/checkpoint_fr_phase_c2/gap_inventory.csv,GAP_FIELD_RECOMPUTATION
10_gap_rows,FCG0132.delta_hours,2,2,true,MATERIAL,research/results/checkpoint_fr_phase_c2/gap_inventory.csv,GAP_FIELD_RECOMPUTATION
10_gap_rows,FCG0132.evidence_status,NO_EXACT_EFFECTIVE_HISTORICAL_COVERAGE,NO_EXACT_EFFECTIVE_HISTORICAL_COVERAGE,true,MATERIAL,research/results/checkpoint_fr_phase_c2/gap_inventory.csv,GAP_FIELD_RECOMPUTATION
10_gap_rows,FCG0132.final_adjudication,UNVERIFIED_GAP,UNVERIFIED_GAP,true,MATERIAL,research/results/checkpoint_fr_phase_c2/gap_inventory.csv,GAP_FIELD_RECOMPUTATION
10_gap_rows,FCG0132.first_missing_timestamp,2026-07-08T00:00:00,2026-07-08T00:00:00,true,MATERIAL,research/results/checkpoint_fr_phase_c2/gap_inventory.csv,GAP_FIELD_RECOMPUTATION
10_gap_rows,FCG0132.gap_id,FCG0132,FCG0132,true,MATERIAL,research/results/checkpoint_fr_phase_c2/gap_inventory.csv,GAP_FIELD_RECOMPUTATION
10_gap_rows,FCG0132.last_missing_timestamp,2026-07-08T00:00:00,2026-07-08T00:00:00,true,MATERIAL,research/results/checkpoint_fr_phase_c2/gap_inventory.csv,GAP_FIELD_RECOMPUTATION
10_gap_rows,FCG0132.missing_hourly_slot_count,1,1,true,MATERIAL,research/results/checkpoint_fr_phase_c2/gap_inventory.csv,GAP_FIELD_RECOMPUTATION
10_gap_rows,FCG0132.next_timestamp,2026-07-08T01:00:00,2026-07-08T01:00:00,true,MATERIAL,research/results/checkpoint_fr_phase_c2/gap_inventory.csv,GAP_FIELD_RECOMPUTATION
10_gap_rows,FCG0132.next_weekday,WEDNESDAY,WEDNESDAY,true,MATERIAL,research/results/checkpoint_fr_phase_c2/gap_inventory.csv,GAP_FIELD_RECOMPUTATION
10_gap_rows,FCG0132.notes_code,CURRENT_HASH_BOUND_SESSION_EVIDENCE_NOT_DATED_HISTORICAL_PROOF,CURRENT_HASH_BOUND_SESSION_EVIDENCE_NOT_DATED_HISTORICAL_PROOF,true,MATERIAL,research/results/checkpoint_fr_phase_c2/gap_inventory.csv,GAP_FIELD_RECOMPUTATION
10_gap_rows,FCG0132.previous_timestamp,2026-07-07T23:00:00,2026-07-07T23:00:00,true,MATERIAL,research/results/checkpoint_fr_phase_c2/gap_inventory.csv,GAP_FIELD_RECOMPUTATION
10_gap_rows,FCG0132.previous_weekday,TUESDAY,TUESDAY,true,MATERIAL,research/results/checkpoint_fr_phase_c2/gap_inventory.csv,GAP_FIELD_RECOMPUTATION
10_gap_rows,FCG0132.scope,SURPLUS_POST_CONTRACT_BUFFER,SURPLUS_POST_CONTRACT_BUFFER,true,MATERIAL,research/results/checkpoint_fr_phase_c2/gap_inventory.csv,GAP_FIELD_RECOMPUTATION
10_gap_rows,FCG0132.structural_pattern,DAILY_BREAK_PATTERN,DAILY_BREAK_PATTERN,true,MATERIAL,research/results/checkpoint_fr_phase_c2/gap_inventory.csv,GAP_FIELD_RECOMPUTATION
10_gap_rows,FCG0133.delta_hours,2,2,true,MATERIAL,research/results/checkpoint_fr_phase_c2/gap_inventory.csv,GAP_FIELD_RECOMPUTATION
10_gap_rows,FCG0133.evidence_status,NO_EXACT_EFFECTIVE_HISTORICAL_COVERAGE,NO_EXACT_EFFECTIVE_HISTORICAL_COVERAGE,true,MATERIAL,research/results/checkpoint_fr_phase_c2/gap_inventory.csv,GAP_FIELD_RECOMPUTATION
10_gap_rows,FCG0133.final_adjudication,UNVERIFIED_GAP,UNVERIFIED_GAP,true,MATERIAL,research/results/checkpoint_fr_phase_c2/gap_inventory.csv,GAP_FIELD_RECOMPUTATION
10_gap_rows,FCG0133.first_missing_timestamp,2026-07-09T00:00:00,2026-07-09T00:00:00,true,MATERIAL,research/results/checkpoint_fr_phase_c2/gap_inventory.csv,GAP_FIELD_RECOMPUTATION
10_gap_rows,FCG0133.gap_id,FCG0133,FCG0133,true,MATERIAL,research/results/checkpoint_fr_phase_c2/gap_inventory.csv,GAP_FIELD_RECOMPUTATION
10_gap_rows,FCG0133.last_missing_timestamp,2026-07-09T00:00:00,2026-07-09T00:00:00,true,MATERIAL,research/results/checkpoint_fr_phase_c2/gap_inventory.csv,GAP_FIELD_RECOMPUTATION
10_gap_rows,FCG0133.missing_hourly_slot_count,1,1,true,MATERIAL,research/results/checkpoint_fr_phase_c2/gap_inventory.csv,GAP_FIELD_RECOMPUTATION
10_gap_rows,FCG0133.next_timestamp,2026-07-09T01:00:00,2026-07-09T01:00:00,true,MATERIAL,research/results/checkpoint_fr_phase_c2/gap_inventory.csv,GAP_FIELD_RECOMPUTATION
10_gap_rows,FCG0133.next_weekday,THURSDAY,THURSDAY,true,MATERIAL,research/results/checkpoint_fr_phase_c2/gap_inventory.csv,GAP_FIELD_RECOMPUTATION
10_gap_rows,FCG0133.notes_code,CURRENT_HASH_BOUND_SESSION_EVIDENCE_NOT_DATED_HISTORICAL_PROOF,CURRENT_HASH_BOUND_SESSION_EVIDENCE_NOT_DATED_HISTORICAL_PROOF,true,MATERIAL,research/results/checkpoint_fr_phase_c2/gap_inventory.csv,GAP_FIELD_RECOMPUTATION
10_gap_rows,FCG0133.previous_timestamp,2026-07-08T23:00:00,2026-07-08T23:00:00,true,MATERIAL,research/results/checkpoint_fr_phase_c2/gap_inventory.csv,GAP_FIELD_RECOMPUTATION
10_gap_rows,FCG0133.previous_weekday,WEDNESDAY,WEDNESDAY,true,MATERIAL,research/results/checkpoint_fr_phase_c2/gap_inventory.csv,GAP_FIELD_RECOMPUTATION
10_gap_rows,FCG0133.scope,SURPLUS_POST_CONTRACT_BUFFER,SURPLUS_POST_CONTRACT_BUFFER,true,MATERIAL,research/results/checkpoint_fr_phase_c2/gap_inventory.csv,GAP_FIELD_RECOMPUTATION
10_gap_rows,FCG0133.structural_pattern,DAILY_BREAK_PATTERN,DAILY_BREAK_PATTERN,true,MATERIAL,research/results/checkpoint_fr_phase_c2/gap_inventory.csv,GAP_FIELD_RECOMPUTATION
10_gap_rows,FCG0134.delta_hours,2,2,true,MATERIAL,research/results/checkpoint_fr_phase_c2/gap_inventory.csv,GAP_FIELD_RECOMPUTATION
10_gap_rows,FCG0134.evidence_status,NO_EXACT_EFFECTIVE_HISTORICAL_COVERAGE,NO_EXACT_EFFECTIVE_HISTORICAL_COVERAGE,true,MATERIAL,research/results/checkpoint_fr_phase_c2/gap_inventory.csv,GAP_FIELD_RECOMPUTATION
10_gap_rows,FCG0134.final_adjudication,UNVERIFIED_GAP,UNVERIFIED_GAP,true,MATERIAL,research/results/checkpoint_fr_phase_c2/gap_inventory.csv,GAP_FIELD_RECOMPUTATION
10_gap_rows,FCG0134.first_missing_timestamp,2026-07-10T00:00:00,2026-07-10T00:00:00,true,MATERIAL,research/results/checkpoint_fr_phase_c2/gap_inventory.csv,GAP_FIELD_RECOMPUTATION
10_gap_rows,FCG0134.gap_id,FCG0134,FCG0134,true,MATERIAL,research/results/checkpoint_fr_phase_c2/gap_inventory.csv,GAP_FIELD_RECOMPUTATION
10_gap_rows,FCG0134.last_missing_timestamp,2026-07-10T00:00:00,2026-07-10T00:00:00,true,MATERIAL,research/results/checkpoint_fr_phase_c2/gap_inventory.csv,GAP_FIELD_RECOMPUTATION
10_gap_rows,FCG0134.missing_hourly_slot_count,1,1,true,MATERIAL,research/results/checkpoint_fr_phase_c2/gap_inventory.csv,GAP_FIELD_RECOMPUTATION
10_gap_rows,FCG0134.next_timestamp,2026-07-10T01:00:00,2026-07-10T01:00:00,true,MATERIAL,research/results/checkpoint_fr_phase_c2/gap_inventory.csv,GAP_FIELD_RECOMPUTATION
10_gap_rows,FCG0134.next_weekday,FRIDAY,FRIDAY,true,MATERIAL,research/results/checkpoint_fr_phase_c2/gap_inventory.csv,GAP_FIELD_RECOMPUTATION
10_gap_rows,FCG0134.notes_code,CURRENT_HASH_BOUND_SESSION_EVIDENCE_NOT_DATED_HISTORICAL_PROOF,CURRENT_HASH_BOUND_SESSION_EVIDENCE_NOT_DATED_HISTORICAL_PROOF,true,MATERIAL,research/results/checkpoint_fr_phase_c2/gap_inventory.csv,GAP_FIELD_RECOMPUTATION
10_gap_rows,FCG0134.previous_timestamp,2026-07-09T23:00:00,2026-07-09T23:00:00,true,MATERIAL,research/results/checkpoint_fr_phase_c2/gap_inventory.csv,GAP_FIELD_RECOMPUTATION
10_gap_rows,FCG0134.previous_weekday,THURSDAY,THURSDAY,true,MATERIAL,research/results/checkpoint_fr_phase_c2/gap_inventory.csv,GAP_FIELD_RECOMPUTATION
10_gap_rows,FCG0134.scope,SURPLUS_POST_CONTRACT_BUFFER,SURPLUS_POST_CONTRACT_BUFFER,true,MATERIAL,research/results/checkpoint_fr_phase_c2/gap_inventory.csv,GAP_FIELD_RECOMPUTATION
10_gap_rows,FCG0134.structural_pattern,DAILY_BREAK_PATTERN,DAILY_BREAK_PATTERN,true,MATERIAL,research/results/checkpoint_fr_phase_c2/gap_inventory.csv,GAP_FIELD_RECOMPUTATION
10_gap_rows,FCG0135.delta_hours,50,50,true,MATERIAL,research/results/checkpoint_fr_phase_c2/gap_inventory.csv,GAP_FIELD_RECOMPUTATION
10_gap_rows,FCG0135.evidence_status,NO_EXACT_EFFECTIVE_HISTORICAL_COVERAGE,NO_EXACT_EFFECTIVE_HISTORICAL_COVERAGE,true,MATERIAL,research/results/checkpoint_fr_phase_c2/gap_inventory.csv,GAP_FIELD_RECOMPUTATION
10_gap_rows,FCG0135.final_adjudication,UNVERIFIED_GAP,UNVERIFIED_GAP,true,MATERIAL,research/results/checkpoint_fr_phase_c2/gap_inventory.csv,GAP_FIELD_RECOMPUTATION
10_gap_rows,FCG0135.first_missing_timestamp,2026-07-11T00:00:00,2026-07-11T00:00:00,true,MATERIAL,research/results/checkpoint_fr_phase_c2/gap_inventory.csv,GAP_FIELD_RECOMPUTATION
10_gap_rows,FCG0135.gap_id,FCG0135,FCG0135,true,MATERIAL,research/results/checkpoint_fr_phase_c2/gap_inventory.csv,GAP_FIELD_RECOMPUTATION
10_gap_rows,FCG0135.last_missing_timestamp,2026-07-13T00:00:00,2026-07-13T00:00:00,true,MATERIAL,research/results/checkpoint_fr_phase_c2/gap_inventory.csv,GAP_FIELD_RECOMPUTATION
10_gap_rows,FCG0135.missing_hourly_slot_count,49,49,true,MATERIAL,research/results/checkpoint_fr_phase_c2/gap_inventory.csv,GAP_FIELD_RECOMPUTATION
10_gap_rows,FCG0135.next_timestamp,2026-07-13T01:00:00,2026-07-13T01:00:00,true,MATERIAL,research/results/checkpoint_fr_phase_c2/gap_inventory.csv,GAP_FIELD_RECOMPUTATION
10_gap_rows,FCG0135.next_weekday,MONDAY,MONDAY,true,MATERIAL,research/results/checkpoint_fr_phase_c2/gap_inventory.csv,GAP_FIELD_RECOMPUTATION
10_gap_rows,FCG0135.notes_code,CURRENT_HASH_BOUND_SESSION_EVIDENCE_NOT_DATED_HISTORICAL_PROOF,CURRENT_HASH_BOUND_SESSION_EVIDENCE_NOT_DATED_HISTORICAL_PROOF,true,MATERIAL,research/results/checkpoint_fr_phase_c2/gap_inventory.csv,GAP_FIELD_RECOMPUTATION
10_gap_rows,FCG0135.previous_timestamp,2026-07-10T23:00:00,2026-07-10T23:00:00,true,MATERIAL,research/results/checkpoint_fr_phase_c2/gap_inventory.csv,GAP_FIELD_RECOMPUTATION
10_gap_rows,FCG0135.previous_weekday,FRIDAY,FRIDAY,true,MATERIAL,research/results/checkpoint_fr_phase_c2/gap_inventory.csv,GAP_FIELD_RECOMPUTATION
10_gap_rows,FCG0135.scope,SURPLUS_POST_CONTRACT_BUFFER,SURPLUS_POST_CONTRACT_BUFFER,true,MATERIAL,research/results/checkpoint_fr_phase_c2/gap_inventory.csv,GAP_FIELD_RECOMPUTATION
10_gap_rows,FCG0135.structural_pattern,WEEKEND_PATTERN,WEEKEND_PATTERN,true,MATERIAL,research/results/checkpoint_fr_phase_c2/gap_inventory.csv,GAP_FIELD_RECOMPUTATION
10_gap_rows,FCG0136.delta_hours,2,2,true,MATERIAL,research/results/checkpoint_fr_phase_c2/gap_inventory.csv,GAP_FIELD_RECOMPUTATION
10_gap_rows,FCG0136.evidence_status,NO_EXACT_EFFECTIVE_HISTORICAL_COVERAGE,NO_EXACT_EFFECTIVE_HISTORICAL_COVERAGE,true,MATERIAL,research/results/checkpoint_fr_phase_c2/gap_inventory.csv,GAP_FIELD_RECOMPUTATION
10_gap_rows,FCG0136.final_adjudication,UNVERIFIED_GAP,UNVERIFIED_GAP,true,MATERIAL,research/results/checkpoint_fr_phase_c2/gap_inventory.csv,GAP_FIELD_RECOMPUTATION
10_gap_rows,FCG0136.first_missing_timestamp,2026-07-14T00:00:00,2026-07-14T00:00:00,true,MATERIAL,research/results/checkpoint_fr_phase_c2/gap_inventory.csv,GAP_FIELD_RECOMPUTATION
10_gap_rows,FCG0136.gap_id,FCG0136,FCG0136,true,MATERIAL,research/results/checkpoint_fr_phase_c2/gap_inventory.csv,GAP_FIELD_RECOMPUTATION
10_gap_rows,FCG0136.last_missing_timestamp,2026-07-14T00:00:00,2026-07-14T00:00:00,true,MATERIAL,research/results/checkpoint_fr_phase_c2/gap_inventory.csv,GAP_FIELD_RECOMPUTATION
10_gap_rows,FCG0136.missing_hourly_slot_count,1,1,true,MATERIAL,research/results/checkpoint_fr_phase_c2/gap_inventory.csv,GAP_FIELD_RECOMPUTATION
10_gap_rows,FCG0136.next_timestamp,2026-07-14T01:00:00,2026-07-14T01:00:00,true,MATERIAL,research/results/checkpoint_fr_phase_c2/gap_inventory.csv,GAP_FIELD_RECOMPUTATION
10_gap_rows,FCG0136.next_weekday,TUESDAY,TUESDAY,true,MATERIAL,research/results/checkpoint_fr_phase_c2/gap_inventory.csv,GAP_FIELD_RECOMPUTATION
10_gap_rows,FCG0136.notes_code,CURRENT_HASH_BOUND_SESSION_EVIDENCE_NOT_DATED_HISTORICAL_PROOF,CURRENT_HASH_BOUND_SESSION_EVIDENCE_NOT_DATED_HISTORICAL_PROOF,true,MATERIAL,research/results/checkpoint_fr_phase_c2/gap_inventory.csv,GAP_FIELD_RECOMPUTATION
10_gap_rows,FCG0136.previous_timestamp,2026-07-13T23:00:00,2026-07-13T23:00:00,true,MATERIAL,research/results/checkpoint_fr_phase_c2/gap_inventory.csv,GAP_FIELD_RECOMPUTATION
10_gap_rows,FCG0136.previous_weekday,MONDAY,MONDAY,true,MATERIAL,research/results/checkpoint_fr_phase_c2/gap_inventory.csv,GAP_FIELD_RECOMPUTATION
10_gap_rows,FCG0136.scope,SURPLUS_POST_CONTRACT_BUFFER,SURPLUS_POST_CONTRACT_BUFFER,true,MATERIAL,research/results/checkpoint_fr_phase_c2/gap_inventory.csv,GAP_FIELD_RECOMPUTATION
10_gap_rows,FCG0136.structural_pattern,DAILY_BREAK_PATTERN,DAILY_BREAK_PATTERN,true,MATERIAL,research/results/checkpoint_fr_phase_c2/gap_inventory.csv,GAP_FIELD_RECOMPUTATION
10_gap_rows,FCG0137.delta_hours,2,2,true,MATERIAL,research/results/checkpoint_fr_phase_c2/gap_inventory.csv,GAP_FIELD_RECOMPUTATION
10_gap_rows,FCG0137.evidence_status,NO_EXACT_EFFECTIVE_HISTORICAL_COVERAGE,NO_EXACT_EFFECTIVE_HISTORICAL_COVERAGE,true,MATERIAL,research/results/checkpoint_fr_phase_c2/gap_inventory.csv,GAP_FIELD_RECOMPUTATION
10_gap_rows,FCG0137.final_adjudication,UNVERIFIED_GAP,UNVERIFIED_GAP,true,MATERIAL,research/results/checkpoint_fr_phase_c2/gap_inventory.csv,GAP_FIELD_RECOMPUTATION
10_gap_rows,FCG0137.first_missing_timestamp,2026-07-15T00:00:00,2026-07-15T00:00:00,true,MATERIAL,research/results/checkpoint_fr_phase_c2/gap_inventory.csv,GAP_FIELD_RECOMPUTATION
10_gap_rows,FCG0137.gap_id,FCG0137,FCG0137,true,MATERIAL,research/results/checkpoint_fr_phase_c2/gap_inventory.csv,GAP_FIELD_RECOMPUTATION
10_gap_rows,FCG0137.last_missing_timestamp,2026-07-15T00:00:00,2026-07-15T00:00:00,true,MATERIAL,research/results/checkpoint_fr_phase_c2/gap_inventory.csv,GAP_FIELD_RECOMPUTATION
10_gap_rows,FCG0137.missing_hourly_slot_count,1,1,true,MATERIAL,research/results/checkpoint_fr_phase_c2/gap_inventory.csv,GAP_FIELD_RECOMPUTATION
10_gap_rows,FCG0137.next_timestamp,2026-07-15T01:00:00,2026-07-15T01:00:00,true,MATERIAL,research/results/checkpoint_fr_phase_c2/gap_inventory.csv,GAP_FIELD_RECOMPUTATION
10_gap_rows,FCG0137.next_weekday,WEDNESDAY,WEDNESDAY,true,MATERIAL,research/results/checkpoint_fr_phase_c2/gap_inventory.csv,GAP_FIELD_RECOMPUTATION
10_gap_rows,FCG0137.notes_code,CURRENT_HASH_BOUND_SESSION_EVIDENCE_NOT_DATED_HISTORICAL_PROOF,CURRENT_HASH_BOUND_SESSION_EVIDENCE_NOT_DATED_HISTORICAL_PROOF,true,MATERIAL,research/results/checkpoint_fr_phase_c2/gap_inventory.csv,GAP_FIELD_RECOMPUTATION
10_gap_rows,FCG0137.previous_timestamp,2026-07-14T23:00:00,2026-07-14T23:00:00,true,MATERIAL,research/results/checkpoint_fr_phase_c2/gap_inventory.csv,GAP_FIELD_RECOMPUTATION
10_gap_rows,FCG0137.previous_weekday,TUESDAY,TUESDAY,true,MATERIAL,research/results/checkpoint_fr_phase_c2/gap_inventory.csv,GAP_FIELD_RECOMPUTATION
10_gap_rows,FCG0137.scope,SURPLUS_POST_CONTRACT_BUFFER,SURPLUS_POST_CONTRACT_BUFFER,true,MATERIAL,research/results/checkpoint_fr_phase_c2/gap_inventory.csv,GAP_FIELD_RECOMPUTATION
10_gap_rows,FCG0137.structural_pattern,DAILY_BREAK_PATTERN,DAILY_BREAK_PATTERN,true,MATERIAL,research/results/checkpoint_fr_phase_c2/gap_inventory.csv,GAP_FIELD_RECOMPUTATION
10_gap_rows,FCG0138.delta_hours,2,2,true,MATERIAL,research/results/checkpoint_fr_phase_c2/gap_inventory.csv,GAP_FIELD_RECOMPUTATION
10_gap_rows,FCG0138.evidence_status,NO_EXACT_EFFECTIVE_HISTORICAL_COVERAGE,NO_EXACT_EFFECTIVE_HISTORICAL_COVERAGE,true,MATERIAL,research/results/checkpoint_fr_phase_c2/gap_inventory.csv,GAP_FIELD_RECOMPUTATION
10_gap_rows,FCG0138.final_adjudication,UNVERIFIED_GAP,UNVERIFIED_GAP,true,MATERIAL,research/results/checkpoint_fr_phase_c2/gap_inventory.csv,GAP_FIELD_RECOMPUTATION
10_gap_rows,FCG0138.first_missing_timestamp,2026-07-16T00:00:00,2026-07-16T00:00:00,true,MATERIAL,research/results/checkpoint_fr_phase_c2/gap_inventory.csv,GAP_FIELD_RECOMPUTATION
10_gap_rows,FCG0138.gap_id,FCG0138,FCG0138,true,MATERIAL,research/results/checkpoint_fr_phase_c2/gap_inventory.csv,GAP_FIELD_RECOMPUTATION
10_gap_rows,FCG0138.last_missing_timestamp,2026-07-16T00:00:00,2026-07-16T00:00:00,true,MATERIAL,research/results/checkpoint_fr_phase_c2/gap_inventory.csv,GAP_FIELD_RECOMPUTATION
10_gap_rows,FCG0138.missing_hourly_slot_count,1,1,true,MATERIAL,research/results/checkpoint_fr_phase_c2/gap_inventory.csv,GAP_FIELD_RECOMPUTATION
10_gap_rows,FCG0138.next_timestamp,2026-07-16T01:00:00,2026-07-16T01:00:00,true,MATERIAL,research/results/checkpoint_fr_phase_c2/gap_inventory.csv,GAP_FIELD_RECOMPUTATION
10_gap_rows,FCG0138.next_weekday,THURSDAY,THURSDAY,true,MATERIAL,research/results/checkpoint_fr_phase_c2/gap_inventory.csv,GAP_FIELD_RECOMPUTATION
10_gap_rows,FCG0138.notes_code,CURRENT_HASH_BOUND_SESSION_EVIDENCE_NOT_DATED_HISTORICAL_PROOF,CURRENT_HASH_BOUND_SESSION_EVIDENCE_NOT_DATED_HISTORICAL_PROOF,true,MATERIAL,research/results/checkpoint_fr_phase_c2/gap_inventory.csv,GAP_FIELD_RECOMPUTATION
10_gap_rows,FCG0138.previous_timestamp,2026-07-15T23:00:00,2026-07-15T23:00:00,true,MATERIAL,research/results/checkpoint_fr_phase_c2/gap_inventory.csv,GAP_FIELD_RECOMPUTATION
10_gap_rows,FCG0138.previous_weekday,WEDNESDAY,WEDNESDAY,true,MATERIAL,research/results/checkpoint_fr_phase_c2/gap_inventory.csv,GAP_FIELD_RECOMPUTATION
10_gap_rows,FCG0138.scope,SURPLUS_POST_CONTRACT_BUFFER,SURPLUS_POST_CONTRACT_BUFFER,true,MATERIAL,research/results/checkpoint_fr_phase_c2/gap_inventory.csv,GAP_FIELD_RECOMPUTATION
10_gap_rows,FCG0138.structural_pattern,DAILY_BREAK_PATTERN,DAILY_BREAK_PATTERN,true,MATERIAL,research/results/checkpoint_fr_phase_c2/gap_inventory.csv,GAP_FIELD_RECOMPUTATION
10_gap_rows,FCG0139.delta_hours,2,2,true,MATERIAL,research/results/checkpoint_fr_phase_c2/gap_inventory.csv,GAP_FIELD_RECOMPUTATION
10_gap_rows,FCG0139.evidence_status,NO_EXACT_EFFECTIVE_HISTORICAL_COVERAGE,NO_EXACT_EFFECTIVE_HISTORICAL_COVERAGE,true,MATERIAL,research/results/checkpoint_fr_phase_c2/gap_inventory.csv,GAP_FIELD_RECOMPUTATION
10_gap_rows,FCG0139.final_adjudication,UNVERIFIED_GAP,UNVERIFIED_GAP,true,MATERIAL,research/results/checkpoint_fr_phase_c2/gap_inventory.csv,GAP_FIELD_RECOMPUTATION
10_gap_rows,FCG0139.first_missing_timestamp,2026-07-17T00:00:00,2026-07-17T00:00:00,true,MATERIAL,research/results/checkpoint_fr_phase_c2/gap_inventory.csv,GAP_FIELD_RECOMPUTATION
10_gap_rows,FCG0139.gap_id,FCG0139,FCG0139,true,MATERIAL,research/results/checkpoint_fr_phase_c2/gap_inventory.csv,GAP_FIELD_RECOMPUTATION
10_gap_rows,FCG0139.last_missing_timestamp,2026-07-17T00:00:00,2026-07-17T00:00:00,true,MATERIAL,research/results/checkpoint_fr_phase_c2/gap_inventory.csv,GAP_FIELD_RECOMPUTATION
10_gap_rows,FCG0139.missing_hourly_slot_count,1,1,true,MATERIAL,research/results/checkpoint_fr_phase_c2/gap_inventory.csv,GAP_FIELD_RECOMPUTATION
10_gap_rows,FCG0139.next_timestamp,2026-07-17T01:00:00,2026-07-17T01:00:00,true,MATERIAL,research/results/checkpoint_fr_phase_c2/gap_inventory.csv,GAP_FIELD_RECOMPUTATION
10_gap_rows,FCG0139.next_weekday,FRIDAY,FRIDAY,true,MATERIAL,research/results/checkpoint_fr_phase_c2/gap_inventory.csv,GAP_FIELD_RECOMPUTATION
10_gap_rows,FCG0139.notes_code,CURRENT_HASH_BOUND_SESSION_EVIDENCE_NOT_DATED_HISTORICAL_PROOF,CURRENT_HASH_BOUND_SESSION_EVIDENCE_NOT_DATED_HISTORICAL_PROOF,true,MATERIAL,research/results/checkpoint_fr_phase_c2/gap_inventory.csv,GAP_FIELD_RECOMPUTATION
10_gap_rows,FCG0139.previous_timestamp,2026-07-16T23:00:00,2026-07-16T23:00:00,true,MATERIAL,research/results/checkpoint_fr_phase_c2/gap_inventory.csv,GAP_FIELD_RECOMPUTATION
10_gap_rows,FCG0139.previous_weekday,THURSDAY,THURSDAY,true,MATERIAL,research/results/checkpoint_fr_phase_c2/gap_inventory.csv,GAP_FIELD_RECOMPUTATION
10_gap_rows,FCG0139.scope,SURPLUS_POST_CONTRACT_BUFFER,SURPLUS_POST_CONTRACT_BUFFER,true,MATERIAL,research/results/checkpoint_fr_phase_c2/gap_inventory.csv,GAP_FIELD_RECOMPUTATION
10_gap_rows,FCG0139.structural_pattern,DAILY_BREAK_PATTERN,DAILY_BREAK_PATTERN,true,MATERIAL,research/results/checkpoint_fr_phase_c2/gap_inventory.csv,GAP_FIELD_RECOMPUTATION
10_gap_rows,FCG0140.delta_hours,50,50,true,MATERIAL,research/results/checkpoint_fr_phase_c2/gap_inventory.csv,GAP_FIELD_RECOMPUTATION
10_gap_rows,FCG0140.evidence_status,NO_EXACT_EFFECTIVE_HISTORICAL_COVERAGE,NO_EXACT_EFFECTIVE_HISTORICAL_COVERAGE,true,MATERIAL,research/results/checkpoint_fr_phase_c2/gap_inventory.csv,GAP_FIELD_RECOMPUTATION
10_gap_rows,FCG0140.final_adjudication,UNVERIFIED_GAP,UNVERIFIED_GAP,true,MATERIAL,research/results/checkpoint_fr_phase_c2/gap_inventory.csv,GAP_FIELD_RECOMPUTATION
10_gap_rows,FCG0140.first_missing_timestamp,2026-07-18T00:00:00,2026-07-18T00:00:00,true,MATERIAL,research/results/checkpoint_fr_phase_c2/gap_inventory.csv,GAP_FIELD_RECOMPUTATION
10_gap_rows,FCG0140.gap_id,FCG0140,FCG0140,true,MATERIAL,research/results/checkpoint_fr_phase_c2/gap_inventory.csv,GAP_FIELD_RECOMPUTATION
10_gap_rows,FCG0140.last_missing_timestamp,2026-07-20T00:00:00,2026-07-20T00:00:00,true,MATERIAL,research/results/checkpoint_fr_phase_c2/gap_inventory.csv,GAP_FIELD_RECOMPUTATION
10_gap_rows,FCG0140.missing_hourly_slot_count,49,49,true,MATERIAL,research/results/checkpoint_fr_phase_c2/gap_inventory.csv,GAP_FIELD_RECOMPUTATION
10_gap_rows,FCG0140.next_timestamp,2026-07-20T01:00:00,2026-07-20T01:00:00,true,MATERIAL,research/results/checkpoint_fr_phase_c2/gap_inventory.csv,GAP_FIELD_RECOMPUTATION
10_gap_rows,FCG0140.next_weekday,MONDAY,MONDAY,true,MATERIAL,research/results/checkpoint_fr_phase_c2/gap_inventory.csv,GAP_FIELD_RECOMPUTATION
10_gap_rows,FCG0140.notes_code,CURRENT_HASH_BOUND_SESSION_EVIDENCE_NOT_DATED_HISTORICAL_PROOF,CURRENT_HASH_BOUND_SESSION_EVIDENCE_NOT_DATED_HISTORICAL_PROOF,true,MATERIAL,research/results/checkpoint_fr_phase_c2/gap_inventory.csv,GAP_FIELD_RECOMPUTATION
10_gap_rows,FCG0140.previous_timestamp,2026-07-17T23:00:00,2026-07-17T23:00:00,true,MATERIAL,research/results/checkpoint_fr_phase_c2/gap_inventory.csv,GAP_FIELD_RECOMPUTATION
10_gap_rows,FCG0140.previous_weekday,FRIDAY,FRIDAY,true,MATERIAL,research/results/checkpoint_fr_phase_c2/gap_inventory.csv,GAP_FIELD_RECOMPUTATION
10_gap_rows,FCG0140.scope,SURPLUS_POST_CONTRACT_BUFFER,SURPLUS_POST_CONTRACT_BUFFER,true,MATERIAL,research/results/checkpoint_fr_phase_c2/gap_inventory.csv,GAP_FIELD_RECOMPUTATION
10_gap_rows,FCG0140.structural_pattern,WEEKEND_PATTERN,WEEKEND_PATTERN,true,MATERIAL,research/results/checkpoint_fr_phase_c2/gap_inventory.csv,GAP_FIELD_RECOMPUTATION
10_gap_rows,FCG0141.delta_hours,2,2,true,MATERIAL,research/results/checkpoint_fr_phase_c2/gap_inventory.csv,GAP_FIELD_RECOMPUTATION
10_gap_rows,FCG0141.evidence_status,NO_EXACT_EFFECTIVE_HISTORICAL_COVERAGE,NO_EXACT_EFFECTIVE_HISTORICAL_COVERAGE,true,MATERIAL,research/results/checkpoint_fr_phase_c2/gap_inventory.csv,GAP_FIELD_RECOMPUTATION
10_gap_rows,FCG0141.final_adjudication,UNVERIFIED_GAP,UNVERIFIED_GAP,true,MATERIAL,research/results/checkpoint_fr_phase_c2/gap_inventory.csv,GAP_FIELD_RECOMPUTATION
10_gap_rows,FCG0141.first_missing_timestamp,2026-07-21T00:00:00,2026-07-21T00:00:00,true,MATERIAL,research/results/checkpoint_fr_phase_c2/gap_inventory.csv,GAP_FIELD_RECOMPUTATION
10_gap_rows,FCG0141.gap_id,FCG0141,FCG0141,true,MATERIAL,research/results/checkpoint_fr_phase_c2/gap_inventory.csv,GAP_FIELD_RECOMPUTATION
10_gap_rows,FCG0141.last_missing_timestamp,2026-07-21T00:00:00,2026-07-21T00:00:00,true,MATERIAL,research/results/checkpoint_fr_phase_c2/gap_inventory.csv,GAP_FIELD_RECOMPUTATION
10_gap_rows,FCG0141.missing_hourly_slot_count,1,1,true,MATERIAL,research/results/checkpoint_fr_phase_c2/gap_inventory.csv,GAP_FIELD_RECOMPUTATION
10_gap_rows,FCG0141.next_timestamp,2026-07-21T01:00:00,2026-07-21T01:00:00,true,MATERIAL,research/results/checkpoint_fr_phase_c2/gap_inventory.csv,GAP_FIELD_RECOMPUTATION
10_gap_rows,FCG0141.next_weekday,TUESDAY,TUESDAY,true,MATERIAL,research/results/checkpoint_fr_phase_c2/gap_inventory.csv,GAP_FIELD_RECOMPUTATION
10_gap_rows,FCG0141.notes_code,CURRENT_HASH_BOUND_SESSION_EVIDENCE_NOT_DATED_HISTORICAL_PROOF,CURRENT_HASH_BOUND_SESSION_EVIDENCE_NOT_DATED_HISTORICAL_PROOF,true,MATERIAL,research/results/checkpoint_fr_phase_c2/gap_inventory.csv,GAP_FIELD_RECOMPUTATION
10_gap_rows,FCG0141.previous_timestamp,2026-07-20T23:00:00,2026-07-20T23:00:00,true,MATERIAL,research/results/checkpoint_fr_phase_c2/gap_inventory.csv,GAP_FIELD_RECOMPUTATION
10_gap_rows,FCG0141.previous_weekday,MONDAY,MONDAY,true,MATERIAL,research/results/checkpoint_fr_phase_c2/gap_inventory.csv,GAP_FIELD_RECOMPUTATION
10_gap_rows,FCG0141.scope,SURPLUS_POST_CONTRACT_BUFFER,SURPLUS_POST_CONTRACT_BUFFER,true,MATERIAL,research/results/checkpoint_fr_phase_c2/gap_inventory.csv,GAP_FIELD_RECOMPUTATION
10_gap_rows,FCG0141.structural_pattern,DAILY_BREAK_PATTERN,DAILY_BREAK_PATTERN,true,MATERIAL,research/results/checkpoint_fr_phase_c2/gap_inventory.csv,GAP_FIELD_RECOMPUTATION
10_gap_rows,FCG0142.delta_hours,2,2,true,MATERIAL,research/results/checkpoint_fr_phase_c2/gap_inventory.csv,GAP_FIELD_RECOMPUTATION
10_gap_rows,FCG0142.evidence_status,NO_EXACT_EFFECTIVE_HISTORICAL_COVERAGE,NO_EXACT_EFFECTIVE_HISTORICAL_COVERAGE,true,MATERIAL,research/results/checkpoint_fr_phase_c2/gap_inventory.csv,GAP_FIELD_RECOMPUTATION
10_gap_rows,FCG0142.final_adjudication,UNVERIFIED_GAP,UNVERIFIED_GAP,true,MATERIAL,research/results/checkpoint_fr_phase_c2/gap_inventory.csv,GAP_FIELD_RECOMPUTATION
10_gap_rows,FCG0142.first_missing_timestamp,2026-07-22T00:00:00,2026-07-22T00:00:00,true,MATERIAL,research/results/checkpoint_fr_phase_c2/gap_inventory.csv,GAP_FIELD_RECOMPUTATION
10_gap_rows,FCG0142.gap_id,FCG0142,FCG0142,true,MATERIAL,research/results/checkpoint_fr_phase_c2/gap_inventory.csv,GAP_FIELD_RECOMPUTATION
10_gap_rows,FCG0142.last_missing_timestamp,2026-07-22T00:00:00,2026-07-22T00:00:00,true,MATERIAL,research/results/checkpoint_fr_phase_c2/gap_inventory.csv,GAP_FIELD_RECOMPUTATION
10_gap_rows,FCG0142.missing_hourly_slot_count,1,1,true,MATERIAL,research/results/checkpoint_fr_phase_c2/gap_inventory.csv,GAP_FIELD_RECOMPUTATION
10_gap_rows,FCG0142.next_timestamp,2026-07-22T01:00:00,2026-07-22T01:00:00,true,MATERIAL,research/results/checkpoint_fr_phase_c2/gap_inventory.csv,GAP_FIELD_RECOMPUTATION
10_gap_rows,FCG0142.next_weekday,WEDNESDAY,WEDNESDAY,true,MATERIAL,research/results/checkpoint_fr_phase_c2/gap_inventory.csv,GAP_FIELD_RECOMPUTATION
10_gap_rows,FCG0142.notes_code,CURRENT_HASH_BOUND_SESSION_EVIDENCE_NOT_DATED_HISTORICAL_PROOF,CURRENT_HASH_BOUND_SESSION_EVIDENCE_NOT_DATED_HISTORICAL_PROOF,true,MATERIAL,research/results/checkpoint_fr_phase_c2/gap_inventory.csv,GAP_FIELD_RECOMPUTATION
10_gap_rows,FCG0142.previous_timestamp,2026-07-21T23:00:00,2026-07-21T23:00:00,true,MATERIAL,research/results/checkpoint_fr_phase_c2/gap_inventory.csv,GAP_FIELD_RECOMPUTATION
10_gap_rows,FCG0142.previous_weekday,TUESDAY,TUESDAY,true,MATERIAL,research/results/checkpoint_fr_phase_c2/gap_inventory.csv,GAP_FIELD_RECOMPUTATION
10_gap_rows,FCG0142.scope,SURPLUS_POST_CONTRACT_BUFFER,SURPLUS_POST_CONTRACT_BUFFER,true,MATERIAL,research/results/checkpoint_fr_phase_c2/gap_inventory.csv,GAP_FIELD_RECOMPUTATION
10_gap_rows,FCG0142.structural_pattern,DAILY_BREAK_PATTERN,DAILY_BREAK_PATTERN,true,MATERIAL,research/results/checkpoint_fr_phase_c2/gap_inventory.csv,GAP_FIELD_RECOMPUTATION
10_gap_rows,FCG0143.delta_hours,2,2,true,MATERIAL,research/results/checkpoint_fr_phase_c2/gap_inventory.csv,GAP_FIELD_RECOMPUTATION
10_gap_rows,FCG0143.evidence_status,NO_EXACT_EFFECTIVE_HISTORICAL_COVERAGE,NO_EXACT_EFFECTIVE_HISTORICAL_COVERAGE,true,MATERIAL,research/results/checkpoint_fr_phase_c2/gap_inventory.csv,GAP_FIELD_RECOMPUTATION
10_gap_rows,FCG0143.final_adjudication,UNVERIFIED_GAP,UNVERIFIED_GAP,true,MATERIAL,research/results/checkpoint_fr_phase_c2/gap_inventory.csv,GAP_FIELD_RECOMPUTATION
10_gap_rows,FCG0143.first_missing_timestamp,2026-07-23T00:00:00,2026-07-23T00:00:00,true,MATERIAL,research/results/checkpoint_fr_phase_c2/gap_inventory.csv,GAP_FIELD_RECOMPUTATION
10_gap_rows,FCG0143.gap_id,FCG0143,FCG0143,true,MATERIAL,research/results/checkpoint_fr_phase_c2/gap_inventory.csv,GAP_FIELD_RECOMPUTATION
10_gap_rows,FCG0143.last_missing_timestamp,2026-07-23T00:00:00,2026-07-23T00:00:00,true,MATERIAL,research/results/checkpoint_fr_phase_c2/gap_inventory.csv,GAP_FIELD_RECOMPUTATION
10_gap_rows,FCG0143.missing_hourly_slot_count,1,1,true,MATERIAL,research/results/checkpoint_fr_phase_c2/gap_inventory.csv,GAP_FIELD_RECOMPUTATION
10_gap_rows,FCG0143.next_timestamp,2026-07-23T01:00:00,2026-07-23T01:00:00,true,MATERIAL,research/results/checkpoint_fr_phase_c2/gap_inventory.csv,GAP_FIELD_RECOMPUTATION
10_gap_rows,FCG0143.next_weekday,THURSDAY,THURSDAY,true,MATERIAL,research/results/checkpoint_fr_phase_c2/gap_inventory.csv,GAP_FIELD_RECOMPUTATION
10_gap_rows,FCG0143.notes_code,CURRENT_HASH_BOUND_SESSION_EVIDENCE_NOT_DATED_HISTORICAL_PROOF,CURRENT_HASH_BOUND_SESSION_EVIDENCE_NOT_DATED_HISTORICAL_PROOF,true,MATERIAL,research/results/checkpoint_fr_phase_c2/gap_inventory.csv,GAP_FIELD_RECOMPUTATION
10_gap_rows,FCG0143.previous_timestamp,2026-07-22T23:00:00,2026-07-22T23:00:00,true,MATERIAL,research/results/checkpoint_fr_phase_c2/gap_inventory.csv,GAP_FIELD_RECOMPUTATION
10_gap_rows,FCG0143.previous_weekday,WEDNESDAY,WEDNESDAY,true,MATERIAL,research/results/checkpoint_fr_phase_c2/gap_inventory.csv,GAP_FIELD_RECOMPUTATION
10_gap_rows,FCG0143.scope,SURPLUS_POST_CONTRACT_BUFFER,SURPLUS_POST_CONTRACT_BUFFER,true,MATERIAL,research/results/checkpoint_fr_phase_c2/gap_inventory.csv,GAP_FIELD_RECOMPUTATION
10_gap_rows,FCG0143.structural_pattern,DAILY_BREAK_PATTERN,DAILY_BREAK_PATTERN,true,MATERIAL,research/results/checkpoint_fr_phase_c2/gap_inventory.csv,GAP_FIELD_RECOMPUTATION
10_gap_rows,FCG0144.delta_hours,2,2,true,MATERIAL,research/results/checkpoint_fr_phase_c2/gap_inventory.csv,GAP_FIELD_RECOMPUTATION
10_gap_rows,FCG0144.evidence_status,NO_EXACT_EFFECTIVE_HISTORICAL_COVERAGE,NO_EXACT_EFFECTIVE_HISTORICAL_COVERAGE,true,MATERIAL,research/results/checkpoint_fr_phase_c2/gap_inventory.csv,GAP_FIELD_RECOMPUTATION
10_gap_rows,FCG0144.final_adjudication,UNVERIFIED_GAP,UNVERIFIED_GAP,true,MATERIAL,research/results/checkpoint_fr_phase_c2/gap_inventory.csv,GAP_FIELD_RECOMPUTATION
10_gap_rows,FCG0144.first_missing_timestamp,2026-07-24T00:00:00,2026-07-24T00:00:00,true,MATERIAL,research/results/checkpoint_fr_phase_c2/gap_inventory.csv,GAP_FIELD_RECOMPUTATION
10_gap_rows,FCG0144.gap_id,FCG0144,FCG0144,true,MATERIAL,research/results/checkpoint_fr_phase_c2/gap_inventory.csv,GAP_FIELD_RECOMPUTATION
10_gap_rows,FCG0144.last_missing_timestamp,2026-07-24T00:00:00,2026-07-24T00:00:00,true,MATERIAL,research/results/checkpoint_fr_phase_c2/gap_inventory.csv,GAP_FIELD_RECOMPUTATION
10_gap_rows,FCG0144.missing_hourly_slot_count,1,1,true,MATERIAL,research/results/checkpoint_fr_phase_c2/gap_inventory.csv,GAP_FIELD_RECOMPUTATION
10_gap_rows,FCG0144.next_timestamp,2026-07-24T01:00:00,2026-07-24T01:00:00,true,MATERIAL,research/results/checkpoint_fr_phase_c2/gap_inventory.csv,GAP_FIELD_RECOMPUTATION
10_gap_rows,FCG0144.next_weekday,FRIDAY,FRIDAY,true,MATERIAL,research/results/checkpoint_fr_phase_c2/gap_inventory.csv,GAP_FIELD_RECOMPUTATION
10_gap_rows,FCG0144.notes_code,CURRENT_HASH_BOUND_SESSION_EVIDENCE_NOT_DATED_HISTORICAL_PROOF,CURRENT_HASH_BOUND_SESSION_EVIDENCE_NOT_DATED_HISTORICAL_PROOF,true,MATERIAL,research/results/checkpoint_fr_phase_c2/gap_inventory.csv,GAP_FIELD_RECOMPUTATION
10_gap_rows,FCG0144.previous_timestamp,2026-07-23T23:00:00,2026-07-23T23:00:00,true,MATERIAL,research/results/checkpoint_fr_phase_c2/gap_inventory.csv,GAP_FIELD_RECOMPUTATION
10_gap_rows,FCG0144.previous_weekday,THURSDAY,THURSDAY,true,MATERIAL,research/results/checkpoint_fr_phase_c2/gap_inventory.csv,GAP_FIELD_RECOMPUTATION
10_gap_rows,FCG0144.scope,SURPLUS_POST_CONTRACT_BUFFER,SURPLUS_POST_CONTRACT_BUFFER,true,MATERIAL,research/results/checkpoint_fr_phase_c2/gap_inventory.csv,GAP_FIELD_RECOMPUTATION
10_gap_rows,FCG0144.structural_pattern,DAILY_BREAK_PATTERN,DAILY_BREAK_PATTERN,true,MATERIAL,research/results/checkpoint_fr_phase_c2/gap_inventory.csv,GAP_FIELD_RECOMPUTATION
10_gap_rows,FCG0145.delta_hours,50,50,true,MATERIAL,research/results/checkpoint_fr_phase_c2/gap_inventory.csv,GAP_FIELD_RECOMPUTATION
10_gap_rows,FCG0145.evidence_status,NO_EXACT_EFFECTIVE_HISTORICAL_COVERAGE,NO_EXACT_EFFECTIVE_HISTORICAL_COVERAGE,true,MATERIAL,research/results/checkpoint_fr_phase_c2/gap_inventory.csv,GAP_FIELD_RECOMPUTATION
10_gap_rows,FCG0145.final_adjudication,UNVERIFIED_GAP,UNVERIFIED_GAP,true,MATERIAL,research/results/checkpoint_fr_phase_c2/gap_inventory.csv,GAP_FIELD_RECOMPUTATION
10_gap_rows,FCG0145.first_missing_timestamp,2026-07-25T00:00:00,2026-07-25T00:00:00,true,MATERIAL,research/results/checkpoint_fr_phase_c2/gap_inventory.csv,GAP_FIELD_RECOMPUTATION
10_gap_rows,FCG0145.gap_id,FCG0145,FCG0145,true,MATERIAL,research/results/checkpoint_fr_phase_c2/gap_inventory.csv,GAP_FIELD_RECOMPUTATION
10_gap_rows,FCG0145.last_missing_timestamp,2026-07-27T00:00:00,2026-07-27T00:00:00,true,MATERIAL,research/results/checkpoint_fr_phase_c2/gap_inventory.csv,GAP_FIELD_RECOMPUTATION
10_gap_rows,FCG0145.missing_hourly_slot_count,49,49,true,MATERIAL,research/results/checkpoint_fr_phase_c2/gap_inventory.csv,GAP_FIELD_RECOMPUTATION
10_gap_rows,FCG0145.next_timestamp,2026-07-27T01:00:00,2026-07-27T01:00:00,true,MATERIAL,research/results/checkpoint_fr_phase_c2/gap_inventory.csv,GAP_FIELD_RECOMPUTATION
10_gap_rows,FCG0145.next_weekday,MONDAY,MONDAY,true,MATERIAL,research/results/checkpoint_fr_phase_c2/gap_inventory.csv,GAP_FIELD_RECOMPUTATION
10_gap_rows,FCG0145.notes_code,CURRENT_HASH_BOUND_SESSION_EVIDENCE_NOT_DATED_HISTORICAL_PROOF,CURRENT_HASH_BOUND_SESSION_EVIDENCE_NOT_DATED_HISTORICAL_PROOF,true,MATERIAL,research/results/checkpoint_fr_phase_c2/gap_inventory.csv,GAP_FIELD_RECOMPUTATION
10_gap_rows,FCG0145.previous_timestamp,2026-07-24T23:00:00,2026-07-24T23:00:00,true,MATERIAL,research/results/checkpoint_fr_phase_c2/gap_inventory.csv,GAP_FIELD_RECOMPUTATION
10_gap_rows,FCG0145.previous_weekday,FRIDAY,FRIDAY,true,MATERIAL,research/results/checkpoint_fr_phase_c2/gap_inventory.csv,GAP_FIELD_RECOMPUTATION
10_gap_rows,FCG0145.scope,SURPLUS_POST_CONTRACT_BUFFER,SURPLUS_POST_CONTRACT_BUFFER,true,MATERIAL,research/results/checkpoint_fr_phase_c2/gap_inventory.csv,GAP_FIELD_RECOMPUTATION
10_gap_rows,FCG0145.structural_pattern,WEEKEND_PATTERN,WEEKEND_PATTERN,true,MATERIAL,research/results/checkpoint_fr_phase_c2/gap_inventory.csv,GAP_FIELD_RECOMPUTATION
10_gap_rows,FCG0146.delta_hours,2,2,true,MATERIAL,research/results/checkpoint_fr_phase_c2/gap_inventory.csv,GAP_FIELD_RECOMPUTATION
10_gap_rows,FCG0146.evidence_status,NO_EXACT_EFFECTIVE_HISTORICAL_COVERAGE,NO_EXACT_EFFECTIVE_HISTORICAL_COVERAGE,true,MATERIAL,research/results/checkpoint_fr_phase_c2/gap_inventory.csv,GAP_FIELD_RECOMPUTATION
10_gap_rows,FCG0146.final_adjudication,UNVERIFIED_GAP,UNVERIFIED_GAP,true,MATERIAL,research/results/checkpoint_fr_phase_c2/gap_inventory.csv,GAP_FIELD_RECOMPUTATION
10_gap_rows,FCG0146.first_missing_timestamp,2026-07-28T00:00:00,2026-07-28T00:00:00,true,MATERIAL,research/results/checkpoint_fr_phase_c2/gap_inventory.csv,GAP_FIELD_RECOMPUTATION
10_gap_rows,FCG0146.gap_id,FCG0146,FCG0146,true,MATERIAL,research/results/checkpoint_fr_phase_c2/gap_inventory.csv,GAP_FIELD_RECOMPUTATION
10_gap_rows,FCG0146.last_missing_timestamp,2026-07-28T00:00:00,2026-07-28T00:00:00,true,MATERIAL,research/results/checkpoint_fr_phase_c2/gap_inventory.csv,GAP_FIELD_RECOMPUTATION
10_gap_rows,FCG0146.missing_hourly_slot_count,1,1,true,MATERIAL,research/results/checkpoint_fr_phase_c2/gap_inventory.csv,GAP_FIELD_RECOMPUTATION
10_gap_rows,FCG0146.next_timestamp,2026-07-28T01:00:00,2026-07-28T01:00:00,true,MATERIAL,research/results/checkpoint_fr_phase_c2/gap_inventory.csv,GAP_FIELD_RECOMPUTATION
10_gap_rows,FCG0146.next_weekday,TUESDAY,TUESDAY,true,MATERIAL,research/results/checkpoint_fr_phase_c2/gap_inventory.csv,GAP_FIELD_RECOMPUTATION
10_gap_rows,FCG0146.notes_code,CURRENT_HASH_BOUND_SESSION_EVIDENCE_NOT_DATED_HISTORICAL_PROOF,CURRENT_HASH_BOUND_SESSION_EVIDENCE_NOT_DATED_HISTORICAL_PROOF,true,MATERIAL,research/results/checkpoint_fr_phase_c2/gap_inventory.csv,GAP_FIELD_RECOMPUTATION
10_gap_rows,FCG0146.previous_timestamp,2026-07-27T23:00:00,2026-07-27T23:00:00,true,MATERIAL,research/results/checkpoint_fr_phase_c2/gap_inventory.csv,GAP_FIELD_RECOMPUTATION
10_gap_rows,FCG0146.previous_weekday,MONDAY,MONDAY,true,MATERIAL,research/results/checkpoint_fr_phase_c2/gap_inventory.csv,GAP_FIELD_RECOMPUTATION
10_gap_rows,FCG0146.scope,SURPLUS_POST_CONTRACT_BUFFER,SURPLUS_POST_CONTRACT_BUFFER,true,MATERIAL,research/results/checkpoint_fr_phase_c2/gap_inventory.csv,GAP_FIELD_RECOMPUTATION
10_gap_rows,FCG0146.structural_pattern,DAILY_BREAK_PATTERN,DAILY_BREAK_PATTERN,true,MATERIAL,research/results/checkpoint_fr_phase_c2/gap_inventory.csv,GAP_FIELD_RECOMPUTATION
10_gap_rows,FCG0147.delta_hours,2,2,true,MATERIAL,research/results/checkpoint_fr_phase_c2/gap_inventory.csv,GAP_FIELD_RECOMPUTATION
10_gap_rows,FCG0147.evidence_status,NO_EXACT_EFFECTIVE_HISTORICAL_COVERAGE,NO_EXACT_EFFECTIVE_HISTORICAL_COVERAGE,true,MATERIAL,research/results/checkpoint_fr_phase_c2/gap_inventory.csv,GAP_FIELD_RECOMPUTATION
10_gap_rows,FCG0147.final_adjudication,UNVERIFIED_GAP,UNVERIFIED_GAP,true,MATERIAL,research/results/checkpoint_fr_phase_c2/gap_inventory.csv,GAP_FIELD_RECOMPUTATION
10_gap_rows,FCG0147.first_missing_timestamp,2026-07-29T00:00:00,2026-07-29T00:00:00,true,MATERIAL,research/results/checkpoint_fr_phase_c2/gap_inventory.csv,GAP_FIELD_RECOMPUTATION
10_gap_rows,FCG0147.gap_id,FCG0147,FCG0147,true,MATERIAL,research/results/checkpoint_fr_phase_c2/gap_inventory.csv,GAP_FIELD_RECOMPUTATION
10_gap_rows,FCG0147.last_missing_timestamp,2026-07-29T00:00:00,2026-07-29T00:00:00,true,MATERIAL,research/results/checkpoint_fr_phase_c2/gap_inventory.csv,GAP_FIELD_RECOMPUTATION
10_gap_rows,FCG0147.missing_hourly_slot_count,1,1,true,MATERIAL,research/results/checkpoint_fr_phase_c2/gap_inventory.csv,GAP_FIELD_RECOMPUTATION
10_gap_rows,FCG0147.next_timestamp,2026-07-29T01:00:00,2026-07-29T01:00:00,true,MATERIAL,research/results/checkpoint_fr_phase_c2/gap_inventory.csv,GAP_FIELD_RECOMPUTATION
10_gap_rows,FCG0147.next_weekday,WEDNESDAY,WEDNESDAY,true,MATERIAL,research/results/checkpoint_fr_phase_c2/gap_inventory.csv,GAP_FIELD_RECOMPUTATION
10_gap_rows,FCG0147.notes_code,CURRENT_HASH_BOUND_SESSION_EVIDENCE_NOT_DATED_HISTORICAL_PROOF,CURRENT_HASH_BOUND_SESSION_EVIDENCE_NOT_DATED_HISTORICAL_PROOF,true,MATERIAL,research/results/checkpoint_fr_phase_c2/gap_inventory.csv,GAP_FIELD_RECOMPUTATION
10_gap_rows,FCG0147.previous_timestamp,2026-07-28T23:00:00,2026-07-28T23:00:00,true,MATERIAL,research/results/checkpoint_fr_phase_c2/gap_inventory.csv,GAP_FIELD_RECOMPUTATION
10_gap_rows,FCG0147.previous_weekday,TUESDAY,TUESDAY,true,MATERIAL,research/results/checkpoint_fr_phase_c2/gap_inventory.csv,GAP_FIELD_RECOMPUTATION
10_gap_rows,FCG0147.scope,SURPLUS_POST_CONTRACT_BUFFER,SURPLUS_POST_CONTRACT_BUFFER,true,MATERIAL,research/results/checkpoint_fr_phase_c2/gap_inventory.csv,GAP_FIELD_RECOMPUTATION
10_gap_rows,FCG0147.structural_pattern,DAILY_BREAK_PATTERN,DAILY_BREAK_PATTERN,true,MATERIAL,research/results/checkpoint_fr_phase_c2/gap_inventory.csv,GAP_FIELD_RECOMPUTATION
10_gap_rows,FCG0148.delta_hours,2,2,true,MATERIAL,research/results/checkpoint_fr_phase_c2/gap_inventory.csv,GAP_FIELD_RECOMPUTATION
10_gap_rows,FCG0148.evidence_status,NO_EXACT_EFFECTIVE_HISTORICAL_COVERAGE,NO_EXACT_EFFECTIVE_HISTORICAL_COVERAGE,true,MATERIAL,research/results/checkpoint_fr_phase_c2/gap_inventory.csv,GAP_FIELD_RECOMPUTATION
10_gap_rows,FCG0148.final_adjudication,UNVERIFIED_GAP,UNVERIFIED_GAP,true,MATERIAL,research/results/checkpoint_fr_phase_c2/gap_inventory.csv,GAP_FIELD_RECOMPUTATION
10_gap_rows,FCG0148.first_missing_timestamp,2026-07-30T00:00:00,2026-07-30T00:00:00,true,MATERIAL,research/results/checkpoint_fr_phase_c2/gap_inventory.csv,GAP_FIELD_RECOMPUTATION
10_gap_rows,FCG0148.gap_id,FCG0148,FCG0148,true,MATERIAL,research/results/checkpoint_fr_phase_c2/gap_inventory.csv,GAP_FIELD_RECOMPUTATION
10_gap_rows,FCG0148.last_missing_timestamp,2026-07-30T00:00:00,2026-07-30T00:00:00,true,MATERIAL,research/results/checkpoint_fr_phase_c2/gap_inventory.csv,GAP_FIELD_RECOMPUTATION
10_gap_rows,FCG0148.missing_hourly_slot_count,1,1,true,MATERIAL,research/results/checkpoint_fr_phase_c2/gap_inventory.csv,GAP_FIELD_RECOMPUTATION
10_gap_rows,FCG0148.next_timestamp,2026-07-30T01:00:00,2026-07-30T01:00:00,true,MATERIAL,research/results/checkpoint_fr_phase_c2/gap_inventory.csv,GAP_FIELD_RECOMPUTATION
10_gap_rows,FCG0148.next_weekday,THURSDAY,THURSDAY,true,MATERIAL,research/results/checkpoint_fr_phase_c2/gap_inventory.csv,GAP_FIELD_RECOMPUTATION
10_gap_rows,FCG0148.notes_code,CURRENT_HASH_BOUND_SESSION_EVIDENCE_NOT_DATED_HISTORICAL_PROOF,CURRENT_HASH_BOUND_SESSION_EVIDENCE_NOT_DATED_HISTORICAL_PROOF,true,MATERIAL,research/results/checkpoint_fr_phase_c2/gap_inventory.csv,GAP_FIELD_RECOMPUTATION
10_gap_rows,FCG0148.previous_timestamp,2026-07-29T23:00:00,2026-07-29T23:00:00,true,MATERIAL,research/results/checkpoint_fr_phase_c2/gap_inventory.csv,GAP_FIELD_RECOMPUTATION
10_gap_rows,FCG0148.previous_weekday,WEDNESDAY,WEDNESDAY,true,MATERIAL,research/results/checkpoint_fr_phase_c2/gap_inventory.csv,GAP_FIELD_RECOMPUTATION
10_gap_rows,FCG0148.scope,SURPLUS_POST_CONTRACT_BUFFER,SURPLUS_POST_CONTRACT_BUFFER,true,MATERIAL,research/results/checkpoint_fr_phase_c2/gap_inventory.csv,GAP_FIELD_RECOMPUTATION
10_gap_rows,FCG0148.structural_pattern,DAILY_BREAK_PATTERN,DAILY_BREAK_PATTERN,true,MATERIAL,research/results/checkpoint_fr_phase_c2/gap_inventory.csv,GAP_FIELD_RECOMPUTATION
11_dataset_separation,broker_history_completeness_established,false,false,true,MATERIAL,research/contracts/fr_phase_c2_structural_timeline_gap_validation.v1.json,SEPARATION_RECOMPUTATION
11_dataset_separation,comparison_basis,IMMUTABLE_SHA256_ONLY,IMMUTABLE_SHA256_ONLY,true,MATERIAL,research/contracts/fr_phase_c2_structural_timeline_gap_validation.v1.json,SEPARATION_RECOMPUTATION
11_dataset_separation,fj_source_sha256,"[""bbe0c3b83439dbd223ff64f4e6fa75af84981befff3482cb00161936b56bd468"",""883f5076cdc6ef6c30caf8e995dd7e33f63e7f50e9e2a9f91f77d206ffbd4f0a"",""368ce15fa4225c14bc1513d108ec75d1ab49274b82208b36de03b1cbdc92195b""]","[""bbe0c3b83439dbd223ff64f4e6fa75af84981befff3482cb00161936b56bd468"",""883f5076cdc6ef6c30caf8e995dd7e33f63e7f50e9e2a9f91f77d206ffbd4f0a"",""368ce15fa4225c14bc1513d108ec75d1ab49274b82208b36de03b1cbdc92195b""]",true,MATERIAL,research/contracts/fr_phase_c2_structural_timeline_gap_validation.v1.json,SEPARATION_RECOMPUTATION
11_dataset_separation,fq_source_sha256,"[""7864a86a927a44b87fdba0ac088a2e24576a64a73e99079fa5660fd7df5efccc"",""3aa00fbe2804a60ab88ab1e450027ee7b724de2463c576e0ed511658521fd2a5"",""dc6193712acf45e4830c63705262df3605713514f5a76dd989e14f9d4dc2213a""]","[""7864a86a927a44b87fdba0ac088a2e24576a64a73e99079fa5660fd7df5efccc"",""3aa00fbe2804a60ab88ab1e450027ee7b724de2463c576e0ed511658521fd2a5"",""dc6193712acf45e4830c63705262df3605713514f5a76dd989e14f9d4dc2213a""]",true,MATERIAL,research/contracts/fr_phase_c2_structural_timeline_gap_validation.v1.json,SEPARATION_RECOMPUTATION
11_dataset_separation,holdout_status_established,false,false,true,MATERIAL,research/contracts/fr_phase_c2_structural_timeline_gap_validation.v1.json,SEPARATION_RECOMPUTATION
11_dataset_separation,out_of_sample_status_established,false,false,true,MATERIAL,research/contracts/fr_phase_c2_structural_timeline_gap_validation.v1.json,SEPARATION_RECOMPUTATION
11_dataset_separation,performance_independence_established,false,false,true,MATERIAL,research/contracts/fr_phase_c2_structural_timeline_gap_validation.v1.json,SEPARATION_RECOMPUTATION
11_dataset_separation,phase_c_raw_sha256,69aa7e16d4d3e54bfe8e0aa3ce4c5d61bbd0fcaefb45050341304681b3766f92,69aa7e16d4d3e54bfe8e0aa3ce4c5d61bbd0fcaefb45050341304681b3766f92,true,MATERIAL,research/contracts/fr_phase_c2_structural_timeline_gap_validation.v1.json,SEPARATION_RECOMPUTATION
11_dataset_separation,status,DISTINCT_RAW_ARTIFACT_IDENTITY,DISTINCT_RAW_ARTIFACT_IDENTITY,true,MATERIAL,research/contracts/fr_phase_c2_structural_timeline_gap_validation.v1.json,SEPARATION_RECOMPUTATION
11_dataset_separation,strategy_independence_established,false,false,true,MATERIAL,research/contracts/fr_phase_c2_structural_timeline_gap_validation.v1.json,SEPARATION_RECOMPUTATION
12_decision,canonical_summary_sha256,a6dea767d6f04d6917d07bc22be44d26bb1a32a587662119cf9eb7e6aa4bd6b2,a6dea767d6f04d6917d07bc22be44d26bb1a32a587662119cf9eb7e6aa4bd6b2,true,MATERIAL,research/contracts/fr_phase_c2_structural_timeline_gap_validation.v1.json,C2_CANONICAL_BINDING
12_decision,dataset_validation_identity_sha256,44445d40461a1590d1e990116ddf7fa7c624483eef85eec8caf4e0fc6f949271,44445d40461a1590d1e990116ddf7fa7c624483eef85eec8caf4e0fc6f949271,true,MATERIAL,research/contracts/fr_phase_c2_structural_timeline_gap_validation.v1.json,C2_IDENTITY_RECOMPUTATION
12_decision,decision_class,PASS_DATASET_VALIDATED_WITH_LIMITATIONS,PASS_DATASET_VALIDATED_WITH_LIMITATIONS,true,MATERIAL,research/results/checkpoint_fr_phase_c2/dataset_validation_decision.json,DECISION_CLASS_RECOMPUTATION
12_decision,decision_record_sha256,a9c42e6d1a5fd17fd485e230bcb3cd1bc46141c1d0d7c5a1ec1082760e689c4c,a9c42e6d1a5fd17fd485e230bcb3cd1bc46141c1d0d7c5a1ec1082760e689c4c,true,MATERIAL,research/results/checkpoint_fr_phase_c2/dataset_validation_decision.json,C2_DECISION_RECORD_BINDING
12_decision,gap_inventory_canonical_sha256,5ee7f77c18ee6fac5a8793e2f667a7f0c44ddea20f3fa750d31122d528cc1688,5ee7f77c18ee6fac5a8793e2f667a7f0c44ddea20f3fa750d31122d528cc1688,true,MATERIAL,research/results/checkpoint_fr_phase_c2/gap_inventory.csv,C2_GAP_BINDING
12_decision,limitations,"[""REQUESTED_LEADING_BOUNDARY_INCOMPLETE"",""ANALYSIS_LEADING_BOUNDARY_INCOMPLETE"",""ANALYSIS_INTERNAL_UNVERIFIED_GAPS"",""HISTORICAL_SESSION_EVIDENCE_EFFECTIVE_RANGE_MISSING"",""BROKER_HISTORY_COMPLETENESS_NOT_PROVEN"",""SURPLUS_POST_CONTRACT_BUFFER_PRESENT""]","[""REQUESTED_LEADING_BOUNDARY_INCOMPLETE"",""ANALYSIS_LEADING_BOUNDARY_INCOMPLETE"",""ANALYSIS_INTERNAL_UNVERIFIED_GAPS"",""HISTORICAL_SESSION_EVIDENCE_EFFECTIVE_RANGE_MISSING"",""BROKER_HISTORY_COMPLETENESS_NOT_PROVEN"",""SURPLUS_POST_CONTRACT_BUFFER_PRESENT""]",true,MATERIAL,research/results/checkpoint_fr_phase_c2/dataset_validation_decision.json,LIMITATION_RECOMPUTATION
